time,flow,h_waist_nm,Surface_mum2,flow_fl/s
180.53146666666666,2.020469351539933,60.295553056499045,99.11416322057936,0.45610202893464546
181.00663333333333,2.0209214393930592,60.25245535534934,99.17322887288894,2.438227329329716
181.46656666666667,2.019354253476745,60.197302579751586,99.2207983679696,3.101689087014078
181.92666666666665,2.018111462727381,60.14361324007555,99.2192181892128,1.102436577988409
182.38669999999996,2.0183632793975907,60.082970488834206,99.22743043437261,0.17032029524402098
182.84656666666663,2.0179937068990883,60.024316745359826,99.24444458147732,1.6413427382729808
183.3063333333333,2.016895628974343,59.97441833574203,99.24850760023877,2.0870120081471524
183.766,2.0161069885340313,59.93257812298874,99.2340424979414,0.79983772718452
184.22563333333332,2.016185241177604,59.893402731088884,99.15689839502718,1.4330479745400473
184.68526666666665,2.014792380016983,59.86391771090427,99.09018055492226,1.7439812718080674
185.14496666666665,2.014532920865013,59.80935836729213,99.03711029331733,1.904350780921475
185.60456666666664,2.0129617193444016,59.77733435849379,98.93646070433944,3.2059547814229816
186.06419999999997,2.011504410433091,59.73062762526918,98.865090724044,2.9880745322819364
186.52376666666666,2.0101384360367267,59.67829602141347,98.796558676484,3.364087018561878
186.98343333333332,2.0083504175180216,59.64620193568382,98.6901717844375,3.09245566631029
187.44286666666665,2.0072604078004037,59.59206837729085,98.65639688114734,1.6191231297947677
187.9021333333333,2.0068379562121623,59.541461329880406,98.63244840282053,1.732703088786547
188.36146666666662,2.0056479918272494,59.500518996038906,98.58721830080948,2.6797207301711685
188.82073333333327,2.004355635992943,59.465574585848664,98.55853843091396,3.5026569635478126
189.2800666666666,2.002406556981032,59.43284662802698,98.48303682032257,2.2602462154549015
189.73949999999994,2.0022420676438353,59.38121296875873,98.44478422399362,0.640166829366695
190.19886666666662,2.0017750140859056,59.33927046174327,98.35291119623162,1.4209735270895862
190.65803333333326,2.0008877980119673,59.29892341244241,98.36172553676673,2.616715325747402
191.11723333333327,1.9993103200341027,59.24870733803882,98.3711673109982,2.51155661665791
191.57666666666663,1.9985144689979255,59.213308424230775,98.34039108681331,2.9434500280658713
192.03596666666664,1.996532153110271,59.168748567178156,98.33402544195458,2.752539540421465
192.49656666666664,1.9958204106441493,59.109450941238144,98.3674954883346,1.3085024935932075
192.95556666666667,1.995216748861277,59.05618521702713,98.34488796419728,1.460427920695458
193.41466666666668,1.9945073416544843,59.008400108932285,98.36684520960706,2.1270630904235723
193.87373333333338,1.9932974992215873,58.96821518454952,98.43147056238445,2.8767585363876695
194.33263333333338,1.9918959517239547,58.91768333793134,98.4219796958001,3.4446990709042637
194.79143333333337,1.9901638461841573,58.870887330749134,98.42514253410907,2.716080415813786
195.25026666666668,1.9894307669016167,58.84543263811862,98.4341907423876,1.546550598897619
195.7089333333333,1.9887811304121448,58.793804028769955,98.47307654189123,1.966806392449927
196.16759999999996,1.9876796700992676,58.76303181380236,98.495172594083,1.8471034223763576
196.62626666666665,1.9871309044289525,58.715941323414945,98.4817168214574,1.1672007627872756
197.08486666666667,1.9866462709728132,58.66987075364057,98.48278800877924,2.779459863066143
197.54353333333333,1.9846121422771923,58.633536516485414,98.52504089444292,4.765777448723825
198.0022333333333,1.982302654731792,58.6003729502792,98.55229014866865,4.135295570364584
198.46079999999992,1.9808510539575765,58.55136566721193,98.55058297638408,2.6413966043760038
198.91939999999994,1.9799131440552482,58.50807076142021,98.59425765519887,3.1409558272755738
199.37796666666662,1.9780103057017508,58.45615381245484,98.61276433511621,3.8640818631454037
199.83646666666664,1.976417834059686,58.41978853345662,98.62365759080492,3.4902607025523094
200.2952333333333,1.9748339561702566,58.38317916319854,98.61334478713759,4.113123652209008
200.75396666666666,1.9726439706708092,58.33923625332782,98.63124767742306,4.4707621075687
201.21276666666665,1.9707237690947716,58.309491028340275,98.60887139152153,4.375190028304235
201.6715333333333,1.9686176732798581,58.28217172662293,98.56733617851414,3.8139206033538824
202.1302333333333,1.9672153840812845,58.238242838038,98.54709921589549,2.9527902745752233
202.58889999999997,1.965903243356987,58.19812621125441,98.51624650972725,1.846577346822216
203.04739999999998,1.965519771445537,58.148287290373005,98.54715877680384,1.162483281484213
203.50586666666663,1.9648407163315635,58.10761655243741,98.56650154240415,1.7986958162137094
203.9645,1.9638577906863395,58.072141104692236,98.60283816226845,2.5459847015810646
204.42323333333331,1.9624893888762933,58.04082501065896,98.60322163381139,2.4898197619303013
204.8819333333333,1.9615696717479507,57.994982162265416,98.60793245711956,2.4164243760192172
205.34046666666663,1.9602672663776035,57.95737575009976,98.62419999049378,2.578451105457402
205.79899999999998,1.9591923521064576,57.915887280941995,98.60204509537066,3.22240376627804
206.2575,1.957296674078912,57.88322089962199,98.62463661704699,3.9388796364799195
206.716,1.9555591352443527,57.85489795924455,98.61260224061971,4.2030006747063515
207.17443333333335,1.9534175069395732,57.82745801928149,98.55356808455917,3.5740239486564613
207.63276666666664,1.9522591363583666,57.78733630962794,98.52950053237034,2.144848157268697
208.09116666666665,1.9514295667435348,57.74385313594093,98.52929599241321,1.9101736965917957
208.54956666666664,1.950488251124518,57.69810907443762,98.46521104506162,2.3654142123072783
209.00786666666664,1.94924161432903,57.653974017926664,98.44986088918239,1.822914477429623
209.4662,1.9487970537239676,57.62560222132304,98.44063210676183,2.6700084869930882
209.92446666666666,1.9467680607370756,57.592959713130696,98.42874725223317,4.548665759168308
210.3829333333333,1.9445926550520956,57.549313490518315,98.39519463763261,4.507394615302991
210.84146666666663,1.9425973156819962,57.52878767210783,98.374796204548,3.7437822162261094
211.29996666666665,1.941130032738598,57.495525740641035,98.34444612185852,2.4355474545591607
211.75839999999997,1.94033520314739,57.45867069229134,98.36123892379672,2.6558674237515225
212.2168333333333,1.9386627357472577,57.416739086610356,98.34810443827273,4.150660686596019
212.6753333333333,1.936495704854174,57.388547828238956,98.31309364059932,3.61575411352201
213.1341,1.9353094633980088,57.35563517571343,98.29689163637296,3.370513084145664
213.59289999999996,1.933364797426592,57.31086091758666,98.28273516869346,3.236213807053588
214.05149999999995,1.9323157509507334,57.276471479600744,98.3048930136822,2.3901804575893415
214.5101666666666,1.9311528292113211,57.23706703930898,98.29119802003757,2.909669516825912
214.9687333333333,1.92962944179904,57.18877198285647,98.27460475417293,3.415225435173719
215.42726666666664,1.9280051264148985,57.146380800511395,98.26494140165828,3.918335400847523
215.88586666666666,1.9260176915122684,57.10547377750814,98.22378045032927,4.131480527351452
216.34456666666668,1.924196389956167,57.06410842052224,98.21283874252113,3.8908196701151376
216.80333333333334,1.9224303978928052,57.03229250302193,98.18686337307375,4.358463022917721
217.2622333333333,1.9201800882667586,57.00848395580271,98.18602848222687,5.102162902862487
217.72089999999997,1.9177531718761534,56.969485410240814,98.15586473027889,5.049717432218854
218.17959999999997,1.9155633922563682,56.92293193287084,98.13819116445373,4.490077028578197
218.63829999999996,1.9136499919978354,56.88244900051176,98.10499819792237,3.809783216055325
219.0969333333333,1.9120833172966423,56.83963351448,98.11664758366021,3.385958799814315
219.55563333333333,1.910554109287913,56.79690664990893,98.16196680869965,3.5482276000518156
220.01426666666666,1.9088377987723024,56.763067509495805,98.10303671079873,2.814290439373253
220.47286666666665,1.9079751263998035,56.7123095334909,98.205042239828,2.3062854482800286
220.9315333333333,1.9067181275910632,56.66830798898168,98.21462873029944,2.1693104644528267
221.39026666666666,1.9059859404948756,56.637425285736484,98.25069108464413,3.4321891741617994
221.84903333333332,1.9035665460021833,56.61230302426698,98.23386191852397,4.622932391031782
222.3079,1.9017367816697057,56.581432189607604,98.29248316891528,4.44148730188605
222.76693333333336,1.899475957726849,56.54486445075362,98.29408435088469,5.130363465148916
223.22603333333336,1.8970065008657382,56.51306168046422,98.28555860369488,4.693543230985141
223.6850666666667,1.8951441636690582,56.467288859170495,98.29745063061473,3.097088368183305
224.1441666666667,1.8941511435539355,56.44250306507279,98.31655237003726,3.436780238390609
224.60320000000004,1.8920004569911624,56.399309548866405,98.2829199971773,4.211683189987947
225.0622,1.8902998725742637,56.3562427579783,98.25306989047864,3.8888326805374867
225.52133333333333,1.8884498276381552,56.31266183554974,98.25001783941815,4.159153200297087
225.98043333333334,1.886507704781855,56.273245155071066,98.27457815352118,4.303415638478388
226.43953333333334,1.8845261930804633,56.22706420093897,98.27148830776005,3.84006625410623
226.89853333333335,1.8830082726794217,56.187026528243386,98.33006708433493,3.1148437212821825
227.3575,1.8816919861575616,56.18030566970277,98.31499411639807,3.652230997314554
227.81656666666663,1.879680094254249,56.136168135952076,98.28734949363933,4.4918207841603195
228.2756333333333,1.877594782137016,56.11110046150484,98.30366251378192,3.291645991551295
228.73486666666662,1.876681404151368,56.07680287759328,98.33897372357988,2.4138020633006034
229.19413333333327,1.875403135681512,56.05254659842071,98.3512431098232,2.4164383323891596
229.6533333333333,1.8744895301427011,56.02486412614511,98.3805678096794,2.862552322055441
230.11246666666665,1.8728001189686994,55.985842242732815,98.38567678114995,3.9714206371036065
230.57156666666663,1.8708663121470213,55.96771998719496,98.39201850550359,4.539146057145641
231.03043333333332,1.8686576165979913,55.93230441268864,98.39026141053583,3.4017266357098634
231.48933333333332,1.867760080826122,55.91568688027332,98.40216116293965,2.761936202238835
231.94816666666665,1.8661404499539938,55.88386466057236,98.37556608316055,3.5688858217675157
232.40696666666665,1.8645087041650168,55.845704752185966,98.39190108915396,3.487410097303911
232.86586666666665,1.86296529059052,55.82776580655446,98.38624415272477,3.3451090725631643
233.32466666666667,1.8614701138726226,55.79942051628585,98.35413374732614,2.6635440514019666
233.78346666666667,1.8605498253043462,55.75898920612121,98.3848757041501,3.013568868240579
234.24246666666667,1.8587266702431247,55.73093464995931,98.32201144551192,4.010514871660709
234.70146666666665,1.8568940609161075,55.70029487799119,98.2984831342577,5.109663199646363
235.16046666666665,1.8540608274716548,55.66576078192137,98.2448996932862,4.1344521501363545
235.61946666666665,1.8531307544132956,55.64168926702312,98.26123417820055,2.8642290435236815
236.07843333333332,1.8514679491337893,55.61639637793395,98.21215855078349,3.3089620612381565
236.53726666666662,1.8501362019406933,55.58429060335814,98.21804896090829,2.9271718345879636
236.99599999999998,1.848830138514046,55.55115011839827,98.24479086389117,2.41914116204438
237.45486666666665,1.8479669744499074,55.531276850017576,98.2368986540026,2.012891634860722
237.9137333333333,1.8470286463285368,55.510224755825426,98.25647575990337,1.657305816718532
238.37266666666665,1.846482644834708,55.48008225245003,98.29501407509531,1.8068450002485472
238.83156666666662,1.8454057017770746,55.443362376009134,98.29999039054054,2.88039385177683
239.29053333333326,1.8438742648231885,55.42653147827578,98.28737076265915,2.355918807224499
239.7494666666666,1.8432655209780526,55.3990709653579,98.27696717379624,1.8963490922697075
240.20846666666662,1.842143062410605,55.369567191665354,98.26936982607735,2.8357494687377245
240.66746666666663,1.8406651430612933,55.35054798990173,98.2322049338969,2.9851768083419303
241.12646666666666,1.8394019319377495,55.29900584152712,98.25220284739551,1.7847530867324488
241.58543333333333,1.839027932086122,55.26926268785806,98.29796052515755,0.8403978089363218
242.0443333333333,1.8386319529885486,55.236292541989606,98.31450580474646,1.7697189267569984
242.50323333333327,1.8374061103012906,55.20422574884123,98.30757561373504,3.3776636082872478
242.9621333333333,1.8355320382545086,55.167542830821475,98.30673442131351,3.3662347308275926
243.42106666666663,1.834320304410238,55.13920929086278,98.31629749255269,2.1626791608903377
243.87993333333333,1.8335592598846602,55.10373594315435,98.35671590155175,1.3467847517582603
244.339,1.8331109670295431,55.05946734522178,98.38465229693672,0.28095506917964513
244.79816666666665,1.8333305530265436,55.03158626861732,98.41565900977447,1.6613110305597385
245.25740000000002,1.831608457054565,54.985521603964465,98.40590661638328,2.4016880849936584
245.71680000000003,1.8311444140883941,54.94733779881316,98.43529757622439,1.675375703105971
246.17610000000005,1.8300937246923366,54.92750524390924,98.4559095412987,2.9873420281855947
246.6355,1.8284272768059262,54.89908956685175,98.44207926441217,3.0865193763032504
247.0949,1.8272767024321719,54.87108159710889,98.45961405203423,2.7417172125563973
247.5545,1.8259292958122917,54.845085979777465,98.43365129751935,2.494368417233798
248.01403333333332,1.8250183448282034,54.80922027288713,98.47716013512681,1.7288755328418668
248.47373333333329,1.8243767823857935,54.78112924835592,98.53279145241368,2.321236523828829
248.93339999999998,1.8229278824777182,54.74818072928671,98.53731455433685,2.8792547816226537
249.39306666666667,1.8217794342919906,54.713276582371954,98.54777877491111,1.8291960765983348
249.8528,1.821294782995677,54.676915837303476,98.61296452400835,1.4047125089459673
250.31263333333334,1.820533803905515,54.64404294950844,98.60584618383136,1.7482359162085035
250.77236666666664,1.8197276288499524,54.606201207526716,98.59367949054305,2.205715190931149
251.2320666666666,1.8185460988005706,54.570691435654716,98.59694020006685,3.218054943755814
251.6916666666666,1.8168033035139715,54.52982920255271,98.56650032234658,3.472928466219679
252.1512666666666,1.8153774428828942,54.49917454664298,98.58044032717287,3.13066970393967
252.61099999999993,1.8139432092158527,54.46932655760756,98.58495158152307,1.8381285280887931
253.0705666666666,1.8136939411186168,54.43459141609969,98.61999770580957,1.4881984432153192
253.53016666666662,1.8125892625742397,54.406701431914044,98.63580825864521,1.8606940986954852
253.98966666666664,1.8120114560056224,54.36631679519587,98.68130471860525,1.266337516400514
254.4492,1.8114609197498648,54.32945308162289,98.68437421165899,1.9053209853640085
254.90883333333332,1.8102965144285703,54.30801816222676,98.65439434133339,2.2509516603973783
255.36849999999998,1.8094285097297258,54.273640662201906,98.66125735519884,2.368427720235007
255.82816666666662,1.8081575469571534,54.23274346411157,98.66227081732654,3.4568332717838612
256.2878666666666,1.806287398253072,54.20914582585086,98.64831541063741,2.270188694471634
256.7476333333332,1.8061056427522397,54.18167917340836,98.64240729363837,1.9896363694066623
257.2073333333332,1.804498614966572,54.14337451635823,98.62806120939628,2.6811760468945214
257.6669666666666,1.8036734478546024,54.11499879335883,98.60028627678237,2.641191102286829
258.12653333333327,1.802083002370248,54.090718281671926,98.55938832448594,4.319552026559661
258.58599999999996,1.7997124288206963,54.048883180103665,98.50118448342964,3.0108298928677835
259.0455666666666,1.7993427516691116,54.02048025753602,98.52011144204333,1.3929275983506055
259.50496666666663,1.7984643862537846,53.99444698009184,98.52588130854129,2.8139287517692013
259.9645333333333,1.7967650118673884,53.96567774163817,98.4609028412785,2.2873617490376525
260.42409999999995,1.796371346582247,53.91323454349887,98.46424631077332,1.8438593397011478
260.8836666666666,1.795103249053293,53.88894757707709,98.44491447733387,2.7639475373101146
261.3432333333333,1.7938740103570698,53.85457931182922,98.44902938143264,3.3241604861422434
261.80286666666666,1.7920892769790921,53.83504723051389,98.35824698286739,3.8055971111294142
262.2624333333333,1.7904153997249994,53.802639622883326,98.27847438782868,2.0390548966019657
262.72206666666665,1.7902473205713734,53.767837070861795,98.28570440936004,1.701484792970601
263.1816666666667,1.7888789578664042,53.74183002024618,98.24779073653546,3.946700692272676
263.6411333333334,1.7866503250036552,53.700626349094506,98.16075485600808,3.3972813624358444
264.10060000000004,1.7857994123608956,53.6710663644799,98.12061466241822,2.936496406125211
264.56006666666667,1.784022994268287,53.64811747523138,98.05055797243735,3.463115854177578
265.01963333333333,1.7827110129513657,53.61581011231454,98.00504448709803,3.3355459922315362
265.47923333333335,1.7810526954744497,53.59292303448132,97.9846434920372,3.943286584883683
265.9388333333333,1.7791799975156173,53.56356345038927,97.92324799470245,2.2544091591254474
266.3985,1.7790929651242555,53.54228150718575,97.92091578903278,2.2569332058333926
266.85819999999995,1.777247114176383,53.50415858730462,97.85379709403904,4.3875802295619595
267.31800000000004,1.7752037211012095,53.47507548460775,97.78095672140715,4.946353429788922
267.7778,1.7728428881743976,53.45794279015254,97.68098439957832,5.45504658503851
268.2376,1.7703331161550124,53.42251755127334,97.60413493272877,4.929559183324399
268.6973,1.7684543460454072,53.3817771028146,97.55412521727895,3.7702720304218245
269.1569,1.767003195334905,53.35504859178869,97.51647602516482,3.5935218500158754
269.6165,1.7652730841970543,53.323580562641666,97.42597674834802,3.964407072863118
270.0758666666666,1.7634858260454052,53.28423600216337,97.35866312137671,4.908613211862985
270.53516666666656,1.760895585653818,53.25484770698061,97.29636304747629,4.445172514870961
270.99459999999993,1.7595305496847962,53.231275574240954,97.23173520288033,3.9961621316318223
271.4541333333333,1.757363061383296,53.20127331947051,97.17750242840906,4.722736562786227
271.91356666666667,1.7553407873002207,53.16799486397964,97.11565474884733,4.8063154136421815
272.3732333333333,1.7530916059338009,53.12973195097289,97.02326437189514,4.817460918816577
272.8328333333333,1.751040898963894,53.09501152568973,96.94924364182957,5.681795933826724
273.29253333333327,1.7479968128737315,53.068780815550674,96.81687992068862,4.750306452609579
273.7520666666666,1.7468063648661043,53.02128725304082,96.74756488963193,3.8260996901092965
274.2114333333333,1.7446031210264494,53.00673365912349,96.64724141763818,5.384749472726053
274.6709666666666,1.7419527757673663,52.97599496135631,96.51721406112796,4.8403527929943655
275.13053333333323,1.7402468427337798,52.94343682899533,96.42252310359387,3.4363247407726374
275.5900999999999,1.738897914621789,52.906345292098194,96.37855584222223,3.1765675084573988
276.0494,1.7374285643536271,52.87163850299277,96.36400067212014,3.7573900687251656
276.5087333333333,1.7355481220936144,52.8527406653129,96.28599970474322,3.731820742286891
276.96813333333336,1.7341010904212522,52.81929934787845,96.24024038014258,3.7454099180271343
277.42763333333335,1.7322044017255633,52.81187382192133,96.18465249191141,5.45261430375985
277.88703333333336,1.7291757403953545,52.792962907325084,96.06779684648114,5.046024184773785
278.34666666666664,1.7276359137513395,52.7561698908309,96.00828414513771,4.502857562272911
278.80609999999996,1.7250949205279638,52.72504025648684,95.91318980823104,4.813157673313169
279.2655,1.7232790321250748,52.68696022618653,95.81113694303042,3.504395348734658
279.7249666666666,1.7219452213826572,52.661341978375674,95.76404599540582,5.456505418185504
280.1843666666666,1.7183164381673994,52.61321831713343,95.63006877971965,6.8644130631139815
280.64386666666667,1.7156675558783108,52.58879223724826,95.53520667694724,4.928504349597803
281.10336666666666,1.7138195584167837,52.55753288142896,95.43240052959484,4.181219636366032
281.5627666666667,1.7118716098592468,52.52830509426953,95.35602576595223,3.6629099102311637
282.02206666666666,1.7105045344492966,52.50098636337518,95.27604157583332,3.537508700928053
282.48136666666664,1.7086722718223488,52.47325277523351,95.19033240067354,5.578462778556109
282.94066666666663,1.7054397643854466,52.45345271490189,95.02109801066592,5.589255113186087
283.39993333333337,1.7036138889987604,52.4269026527715,94.96759554734518,4.465067317166975
283.8595,1.70139815537358,52.3945574563751,94.87359248575991,3.830278456456034
284.31910000000005,1.7001354544354865,52.35872388330267,94.79785846443838,3.704392070731677
284.77843333333334,1.6980413450371528,52.31785750036247,94.71190517013324,4.604628356112018
285.23786666666666,1.695943125638246,52.294421592865014,94.5811254698673,4.570537858469067
285.69719999999995,1.693877254971429,52.26414494870939,94.52171157557767,4.836861125017636
286.1563666666666,1.6915420182381522,52.24600120558332,94.42463886547696,4.878884589719065
286.6154999999999,1.6894495200691084,52.22553530042033,94.32841777455691,4.3919163883727
287.0746999999999,1.6875513674630565,52.19304378534612,94.26109394543434,4.2354267483107515
287.5338999999999,1.6855980252903533,52.167122339170696,94.21902634189084,4.328390187840732
287.99309999999997,1.683615053258183,52.12299499757117,94.14027342395917,3.7130542555970627
288.4523,1.6822340437308283,52.09032549245018,94.09354274299292,3.466784003752488
288.9114666666667,1.6804735657618182,52.055324911997744,94.0324758299436,4.253643041349557
289.3706666666667,1.6783591304618266,52.02769407466524,93.95222679395344,4.843216811612972
289.83003333333335,1.6760558234576157,51.99936602119351,93.81915281751485,5.88468121629744
290.2893333333333,1.6729820766834431,51.95826161726929,93.67272186673283,6.5078411156363085
290.7485666666666,1.6701051504314315,51.92386965022968,93.50824618848971,4.45459190515803
291.2078666666665,1.668922713689111,51.873115787179245,93.44416710418525,3.3604256359725704
291.6673333333332,1.667046247738328,51.823578855891334,93.40988406073839,3.6953729290829367
292.1267333333332,1.6655351914008691,51.803158890032,93.31879174292288,3.324232168945928
292.58619999999996,1.663992630921589,51.76942766148782,93.26216834335115,3.029798344436137
293.04583333333335,1.6627636232261123,51.72479273656076,93.23714167778158,4.578327180495199
293.50523333333336,1.659849190058648,51.682338161791776,93.11831795379868,4.944710220790512
293.9647,1.6583237792399514,51.66840012142445,93.07857328569357,3.7142223861122607
294.4240999999999,1.6565458837197513,51.64709389891831,92.9675854431071,3.8298246281752495
294.8834999999999,1.6549145080255887,51.61481669441349,92.9333777723571,3.3593380206682344
295.3431666666666,1.6535498349239264,51.578770645309426,92.87405534586463,3.7281679884186842
295.80299999999994,1.6515668984938128,51.54092740058283,92.80353471096934,4.654512744801169
296.2629333333333,1.6493526787935862,51.504719312869184,92.74118763260796,4.208903095060338
296.72296666666665,1.647775380388556,51.45799537662898,92.7245571712,4.332249873803606
297.1831,1.645443188897574,51.426823663997105,92.64112626719123,3.9878876739176663
297.6432333333333,1.6441967041637526,51.39138778343756,92.60384442185631,3.8406452969638476
298.10336666666655,1.6420135608466344,51.35438636864438,92.54300379821336,5.0297594414740505
298.5637333333332,1.6396612381549693,51.328876198844846,92.4434199331798,4.342202888570345
299.0240666666665,1.6381110497242088,51.29554297025623,92.4003886642342,3.5996343682226
299.4844333333332,1.6364493480809514,51.27193859039615,92.28102218698996,2.227286966234066
299.94469999999995,1.636151695426286,51.249497955393444,92.2661126536166,1.5571603698259096
300.4049999999999,1.6350915791032878,51.22019530359641,92.215508206737,2.248016221097945
300.8653,1.6341611992417493,51.21120296938461,92.17832123487058,2.24056516068667
301.3256999999999,1.6331163901533252,51.18993119235037,92.10551351686605,3.5675837273124515
301.78619999999995,1.63096736343651,51.18326678059945,92.02595472521988,4.027488427345794
302.24666666666667,1.6295049244586954,51.14737465498323,91.95820503107053,4.034523464737495
302.70696666666663,1.627347691743391,51.13207961243561,91.86435918888384,4.435472837267774
303.167,1.625519346142543,51.114608863085735,91.77602973118671,3.629915327391756
303.6270333333334,1.6241118584892618,51.090609393169956,91.73429915614527,2.0257099733568116
304.0870333333334,1.6237543359037265,51.06324237414476,91.73314281999595,1.9502642965008699
304.5469333333334,1.6224223958508188,51.031159522649446,91.70259019905544,4.4045061957598275
305.0067000000001,1.6198125132193044,51.00988862585112,91.59594885597319,4.438889494011715
305.4661666666667,1.6184517281360078,50.99526016686311,91.50473361263631,3.832031018039683
305.92563333333334,1.6164107635426932,50.965226066419,91.45581200599305,4.120071019352811
306.38519999999994,1.6147790135994529,50.943000074715314,91.3897908008407,4.897960221912623
306.8445666666666,1.6120014675794754,50.92742033187898,91.2418042613385,5.087978660482487
307.3039333333333,1.6101472738204543,50.92131350476652,91.13905513173762,1.752826009927618
307.76326666666665,1.6104428869535363,50.882321431571214,91.0961464276952,1.4100931527020781
308.22256666666664,1.6089295328527715,50.842901157849234,91.04276199705197,3.546067742636882
308.6818666666666,1.6072680908306989,50.82385119513722,90.9420026085983,3.3788936277316792
309.1409333333333,1.6059171253498081,50.794747624762714,90.88206439590597,2.8866905023122067
309.59993333333324,1.6047153692213754,50.76746973650597,90.84022494003362,2.3031183435352927
310.0590666666666,1.6038949250856607,50.741081551000796,90.79606267058483,3.2115613283580773
310.518,1.6018729809209546,50.720376354668346,90.6796148631034,3.1610012147162743
310.97689999999994,1.601129183900656,50.689730558802374,90.6197238744952,2.1904801881771276
311.4358,1.5999976614831724,50.66570930493969,90.54022080872934,2.424274941661878
311.89476666666667,1.5990358127821587,50.657419524911504,90.47553268585567,-0.13894546989377793
312.3537999999999,1.6002778236943158,50.64798804317089,90.52256961538463,-1.1953660876002996
312.81283333333323,1.6003034924812487,50.655485608645975,90.52420547037262,-0.181080998311615
313.27196666666663,1.6006039191001422,50.60727649948473,90.5617190285875,0.3742703647995555
313.73119999999994,1.6001261996094682,50.56446234832648,90.56025755589772,0.788761100298308
314.1903666666667,1.6000530661453671,50.51312057028394,90.5414486627971,-0.23143169614032696
314.6495333333334,1.6005112391060623,50.47324220516049,90.5508694661378,2.03741403456242
315.1085666666667,1.5983929748908738,50.434258578970194,90.48608400948225,3.779794361126054
315.5676333333334,1.5972878032799096,50.39406860628877,90.44450714166763,2.5155068458147927
316.0266666666667,1.59632958160017,50.367726823335786,90.40481861499373,2.923877837667092
316.4856666666667,1.5948552145948534,50.34400897870846,90.36042339282785,2.8063480440644843
316.94486666666666,1.5940074508753064,50.31016829315607,90.30077496819108,3.279537023225394
317.40413333333333,1.5920929226186091,50.280923072196,90.2029970843242,5.050620998856366
317.8635333333333,1.5896212918431962,50.263694347505165,90.10851615965022,4.109128273903884
318.32313333333326,1.5885694658003122,50.23963224932751,90.07964242215486,2.149780271946669
318.78279999999995,1.58789632866184,50.207754009538505,90.06029910984812,2.2518740358680405
319.2426,1.5867551236724655,50.16978092801498,90.0526353371951,3.0185146037605763
319.7024333333333,1.5853809779851806,50.13376528436079,89.95406806744445,2.8488282714309876
320.16206666666665,1.584391356090858,50.10555190601062,89.88637435327038,2.40092700396161
320.62163333333336,1.583426079813164,50.08074197083152,89.82497361238116,1.3672588353396955
321.08136666666667,1.5833830622805176,50.04518433827657,89.81479044138491,3.5459542052498634
321.54113333333333,1.5803619480516762,50.018231512632376,89.72764821741491,4.540796428182695
322.00076666666666,1.579365298934679,49.99440450500398,89.68076737040873,2.927992336459048
322.4601666666667,1.5778215583803836,49.968924173560985,89.63807177427702,3.1175385663738013
322.9196,1.5766502098133983,49.92872828081529,89.61371014660837,3.482340033818621
323.37899999999996,1.5747628851989086,49.90384771335607,89.52972192020425,3.5483233777555845
323.83826666666664,1.5735339565432154,49.87618043622326,89.45954480473752,2.322593467766059
324.29776666666663,1.572757026619314,49.84651744431568,89.41452967836408,2.713169912187331
324.7572333333333,1.571139269220098,49.81915229025962,89.35414776196195,3.8823402551540607
325.21659999999997,1.5692883426251028,49.79187628205009,89.30470626142157,4.693305006329534
325.6757333333333,1.5669291492736181,49.76378210472224,89.18704402495553,6.978308832802719
326.1348,1.5629700941697628,49.71340935853307,89.02213554099728,8.517905591514879
326.5936666666667,1.5591923015387747,49.6451719482114,88.86094384211539,8.012328723999744
327.0525,1.5557118482144232,49.62417090164783,88.72018501806778,7.607730784240116
327.5114,1.5523039474710265,49.6013359563355,88.57968328398019,7.8433485630246
327.97026666666665,1.5486033441434344,49.58447059043616,88.4367407673725,8.35885130554317
328.4291,1.5447212371043304,49.55267667230675,88.28752805375711,6.19569138538604
328.8881333333333,1.5429728592887453,49.52570780100549,88.17704885030884,3.64595269820848
329.3470666666666,1.541398972634867,49.488790241964836,88.10892959923302,3.57321506547305
329.8059666666667,1.5397179437629671,49.45434228140232,88.03565863803486,3.8888006837602447
330.2649333333334,1.5378497170731156,49.42129582201045,87.96793044783301,4.3328876788224875
330.72396666666674,1.5357597395636942,49.38728827082501,87.90101878051027,3.539064511580355
331.1830666666667,1.5346230362733035,49.35723984133275,87.82998639426957,3.0508678546029793
331.6419666666667,1.5329892488735142,49.32280220649587,87.73958839921417,4.8074816300880245
332.1007,1.5302402881544686,49.28577269491508,87.62065104023972,5.210641914926194
332.5593333333333,1.5282298939240435,49.26196647539043,87.51937690159637,3.9343178906771596
333.0179666666666,1.526649416998018,49.23712395569687,87.43236049368672,3.8031651529690786
333.4765666666666,1.5247561271495078,49.206586239357776,87.35967579545559,3.969560470004681
333.93536666666665,1.5230294801637048,49.17754298908878,87.31099598770088,2.8785787290508766
334.3942333333333,1.5221439463135658,49.149933371285385,87.29389232855986,3.2098928617582345
334.8531666666666,1.5201076533264657,49.10531432421931,87.23524388822257,4.3487002900025375
335.31203333333326,1.5181796693983953,49.07746151476544,87.1182885326732,4.831089262174489
335.7710666666666,1.5157076668228242,49.04376454849132,87.03255841396037,4.999646578480887
336.2302333333333,1.5136199424569767,49.00325826294971,86.94410657246004,3.987803775400059
336.6894333333333,1.5120710739690317,48.99064257527245,86.86886531538254,3.4486308358627458
337.1485666666666,1.5104816793066869,48.95746759564021,86.81919432162083,3.13329821275005
337.60773333333333,1.50923070760377,48.92954631054013,86.79106193654992,2.696581494669011
338.06700000000006,1.5080401765744618,48.89890117169233,86.71268577877986,2.772980556511147
338.5260666666667,1.5067118768998067,48.867151196875035,86.65132423010965,2.8835310118534423
338.98513333333335,1.5054151830177778,48.8453438968683,86.5482652645274,2.875261050146083
339.4444666666667,1.504088269427978,48.80077081233279,86.46702036305402,2.6824754137517504
339.9038333333333,1.5029591018993933,48.77304299934916,86.41632461518329,1.5582311020550774
340.3632,1.5026548009397593,48.74369555070361,86.41614281185,1.1545858184286064
340.82259999999997,1.5018824189228794,48.7104984362502,86.35097775221381,1.4761594722351234
341.28209999999996,1.5012843282390556,48.68162717236385,86.30695521028838,1.886199510568298
341.7417333333333,1.5001375963643175,48.65139141618252,86.2805810209017,2.778518590769888
342.2012666666666,1.4987263636919383,48.6120577538466,86.20239665903735,2.414294883635721
342.66083333333324,1.497926018992562,48.581054348080144,86.17279374912579,2.814406472823145
343.12026666666657,1.496174868810511,48.5505878302248,86.08982301799833,3.5504903274123767
343.5797666666666,1.4947232220718494,48.52034667106679,86.01516944392499,2.797297675115058
344.03943333333325,1.4936609399194494,48.48253810938206,85.9573227375199,3.0549003840053093
344.49913333333325,1.4919620079760791,48.44562707674291,85.89644532260486,4.095879955371009
344.9587666666666,1.4899365047769932,48.41252727856316,85.85145999993927,3.343510801048443
345.4186666666666,1.4889285788778432,48.37224732810612,85.81354363635529,2.220793182568507
345.8786999999999,1.4879358288964752,48.35141464111929,85.77287983822522,2.8777501271472827
346.3388,1.4863229081649123,48.31765007075006,85.6969863574843,3.886823915631635
346.7991333333333,1.4844042621783338,48.284087501769285,85.60197095881466,3.8897655518216623
347.2595,1.4827880828183027,48.248012132281396,85.55930774911344,3.96720651429571
347.7198333333333,1.4807960635262654,48.21289674858368,85.48935141518858,4.427911804295618
348.1802333333333,1.4787570860782353,48.16894411387839,85.4557642120361,3.6239574714544895
348.64043333333336,1.4775099158489593,48.151640490729456,85.41821563251878,1.935130293759808
349.10060000000004,1.4770280992265126,48.12350381323237,85.41101726899115,1.4428165819915828
349.5607666666667,1.4762344437147406,48.09091609354259,85.36348670435564,1.6350357828479227
350.02096666666677,1.4755757999661894,48.04970817922301,85.37047844274107,2.9915353948316414
350.48123333333336,1.4735363594567081,48.005179231870265,85.27201138438679,4.332014988096085
350.94160000000005,1.471645214700065,47.98802920089031,85.18549173504638,4.371439575232139
351.40200000000004,1.4695644220644368,47.950718929016794,85.08956302061758,4.4940926348237795
351.86210000000005,1.467576108673025,47.91891983345193,85.02766083199961,3.586523579437021
352.3221666666667,1.4663260890128895,47.89297648612163,84.96085791743982,2.673034868303836
352.78223333333335,1.465160927668064,47.85361343448578,84.94611179094146,2.370699427296181
353.24219999999997,1.4641915998078645,47.82709719761469,84.924874792313,3.447458259201674
353.70203333333325,1.4620421596491457,47.80260669923056,84.82645398352022,4.089123791180004
354.162,1.4604842357478502,47.76525365302776,84.73974695295743,3.664393318037044
354.62203333333326,1.4587222004595337,47.736669715015104,84.68543200189815,4.241226631019002
355.0819999999999,1.4566300867952247,47.70313623989447,84.58907195244386,3.9267537617736554
355.5419999999999,1.4551617333109303,47.682468559067644,84.50196357091377,3.4955603090412275
356.0019666666666,1.4534801704789801,47.66127729565083,84.47894942487751,3.4957531954309617
356.46176666666656,1.4520029465072866,47.64503455343212,84.41956092623747,2.5157918653792244
356.9217666666666,1.451186763145515,47.6141516329835,84.38969108611244,3.2292842584206025
357.38059999999996,1.4490971336185663,47.589746222938466,84.33239403234232,4.918939317130248
357.8457333333333,1.4467364086919892,47.562034759620175,84.24309113912892,2.9208015203689834
358.31066666666663,1.4460863883514454,47.53590671764266,84.22344873364776,1.9908331208455732
358.77563333333336,1.4445654918041169,47.508056640421835,84.13707808693742,3.3492075789382842
359.24046666666663,1.4426544338023986,47.487212007179856,84.05905840755885,3.172149312377222
359.7050666666667,1.441287648409666,47.45926296827897,84.00299693281943,3.1049916185864164
360.16976666666665,1.439428414331707,47.43091503517968,83.9307066290609,2.9854155064359253
360.6341666666666,1.4381604282288714,47.40820990200053,83.86682485083578,1.999631275583417
361.09846666666664,1.4372052950388807,47.39004026948004,83.8193994979759,2.2223976722830128
361.5628,1.4357284044234073,47.36150044303878,83.76053291407479,3.1556436875745644
362.02703333333324,1.4339106714255645,47.33943771313755,83.67339068477725,3.6150645622826367
362.4912999999999,1.43200874239596,47.30213188686297,83.5490274938243,4.286707033139239
362.95563333333325,1.4295710284309837,47.27669545582852,83.4535742205871,4.12673636433983
363.41979999999995,1.4278163717139303,47.247239452065195,83.3881341993597,2.9668774435474
363.88399999999996,1.4264518069007441,47.230285652688416,83.30391750713322,1.821014657930609
364.3483333333333,1.4257503867640697,47.21227617693515,83.27433132483159,1.3841832705902442
364.8127333333333,1.42478507489419,47.17634888043044,83.24603688909208,2.2157975612065037
365.2771333333333,1.4233115464541712,47.153627851617635,83.16748962944622,1.9977054476479534
365.7417666666667,1.4225381185207482,47.12940844584367,83.14499217560237,2.8609847926169985
366.20660000000004,1.4202901592129336,47.10298497955949,83.05107537199682,4.533568614801039
366.67140000000006,1.41800182501678,47.08626664556956,82.94140948044115,3.952809028064527
367.13620000000003,1.416289715125767,47.0532393847525,82.8711993535948,2.8015632068785283
367.60140000000007,1.4150417832067375,47.019897435018954,82.834151506691,2.783645258933516
368.0667333333334,1.4133334385739804,47.001379229733544,82.78628932875482,3.1137104301880805
368.5307000000001,1.4118327577697374,46.97140502733915,82.71373139245988,3.1487815557839522
368.99890000000005,1.4098945964489487,46.94242504863842,82.63529250137925,3.5787500571583966
369.46700000000004,1.4077333802095655,46.90367915607277,82.52939585548407,2.816064070316907
369.93493333333333,1.4064750415008234,46.8684925321403,82.45553056259216,2.782942045588902
370.40316666666666,1.404330876221144,46.82988854851254,82.37407386630787,3.532971316249329
370.87146666666666,1.4023890107529826,46.81004012492594,82.28909329787803,3.190652093721469
371.34069999999997,1.4005028419926306,46.7835800936458,82.20652245239742,2.6832766672307384
371.80339999999995,1.3990286169913788,46.757639032187136,82.11246467956313,3.2549516264307092
372.26599999999996,1.3970094433646778,46.73139556336665,82.05384324408897,3.5276462998189055
372.72866666666664,1.3952766746126108,46.70550294337639,81.99421629297494,3.002922515849201
373.19179999999994,1.3937628870434744,46.678885340954075,81.953056719365,2.874871001493484
373.6551666666667,1.3921650099169711,46.65054436260187,81.89915343133212,2.2317432338705276
374.1184333333333,1.3912540103198252,46.61763043179489,81.86066175854738,1.9167255775364154
374.58213333333333,1.3899591966464802,46.59072628136419,81.8365338625671,2.830600895475125
375.04569999999995,1.3882205659553197,46.55799905217464,81.80148498596073,2.482017976797953
375.5091333333333,1.387253470362188,46.52504962051755,81.74314798784341,1.6945866927775115
375.97266666666667,1.386237118037058,46.49901422208762,81.68923765158523,2.352465880041773
376.4364,1.384661919493656,46.48461651816256,81.65335899621941,2.8923196017290587
376.9001333333334,1.3831471759529241,46.44916687962018,81.59918807960578,2.3705601725995495
377.36393333333336,1.3820473534142923,46.42153403412192,81.55132067657283,3.177060641028814
377.8278666666667,1.3797722354954505,46.394305663075826,81.44746414913199,4.374585214075248
378.2916333333333,1.3775646781083122,46.36421256334519,81.34637879095234,3.747594075973004
378.75519999999995,1.375870145694176,46.338226490110124,81.23871234899228,3.6062698295964726
379.2185666666667,1.373800492935899,46.3080060568872,81.15553168409485,4.459510409785657
379.6818666666667,1.3713231130432122,46.28077271922137,81.08541378205264,4.639819569813748
380.1452,1.3690805154826378,46.24973597791516,81.01263444029088,3.192074897609532
380.60846666666663,1.3679242967937355,46.22142093240058,80.98296923033668,2.6682003246103485
381.0715666666666,1.3661619024351979,46.19167913714316,80.92259661389942,3.0073850146122036
381.5343666666666,1.364711692343789,46.17287947956285,80.85801424008402,3.0898786220943557
381.99709999999993,1.3628825084042826,46.143053355571936,80.77569205581375,3.363049163697215
382.46109999999993,1.361137336988683,46.13106501639407,80.73309214146606,3.0922352927179304
382.92063333333334,1.3597636620618216,46.1097809163234,80.68944313375101,3.0627911612420253
383.3802333333333,1.358316708572858,46.09067183536221,80.65396609913986,3.7808425067959854
383.84009999999995,1.3562893769179931,46.066165202462265,80.5593454774484,4.009560745186317
384.2997333333333,1.3546429586170348,46.04472177244814,80.49670514281475,3.716614252719408
384.75909999999993,1.3528910538970285,46.012476612837474,80.42100942317657,2.63137321647043
385.21853333333326,1.3522299053220057,45.98159724845393,80.38336196401238,2.1947989693559413
385.67806666666667,1.3508635087753817,45.95329111555101,80.33020655877758,3.973792884422152
386.13776666666666,1.3485778984619121,45.92427866270462,80.188260587116,3.8242404803224748
386.5976,1.3473873760281685,45.89203243823229,80.1665702718187,2.6142374082721425
387.0570666666667,1.346203092667881,45.86553838109745,80.09157913611138,2.444041123045407
387.5164333333333,1.3451565029953954,45.83282447899951,80.0593656728577,2.756335971715798
387.9758333333333,1.3436828971828028,45.8108931406523,79.99339058712106,3.7437250683825343
388.43499999999995,1.3417256275643834,45.769136111758556,79.89960669321823,3.816296554195071
388.89433333333324,1.3401729072039614,45.73394820039152,79.81099150620554,3.4619775915000344
389.35376666666656,1.3385385208306464,45.707589457380124,79.76194657538635,3.761443417648406
389.8131333333333,1.336714455689306,45.677958101106476,79.64977849240564,3.0480659252387183
390.27253333333323,1.3357427114313578,45.638872657697576,79.590633550014,2.7974818064838853
390.7317333333333,1.3341663354151905,45.611594569257335,79.49257083856178,4.184809615836523
391.1908333333333,1.3319317887228896,45.58174141003963,79.44010410919759,3.9201418839705036
391.6498666666666,1.3306245102727097,45.5482313268292,79.39803957395625,2.8589824152910777
392.1087666666666,1.3293763383726687,45.52179918145901,79.34447742446264,3.4349900820054655
392.5678333333333,1.3275274579422367,45.49621773184559,79.30247263505632,3.2298639314529765
393.02709999999996,1.3264634991390616,45.474693800127106,79.2636303034264,2.4047143450609245
393.4863666666666,1.3253722927420788,45.43921490511495,79.21981685113394,2.1854792826215164
393.94573333333324,1.3245081666261245,45.41638878868007,79.19721027492152,2.4592633491653455
394.40533333333326,1.32317532365033,45.384611447414464,79.13871451863542,3.0694180191345914
394.86516666666665,1.321752272750252,45.36807149657256,79.06351073458292,3.228107385875341
395.32506666666666,1.3202679340349976,45.34026075393898,79.02027423489253,3.234832491857069
395.78506666666664,1.318838267140541,45.31388346326067,78.95226935653265,3.1827056888586855
396.2449333333333,1.3174036329720387,45.28797866647687,78.8939608643405,2.455595356659549
396.70503333333323,1.3166413291967014,45.25784275017343,78.85841098711883,2.6013607351960486
397.16506666666663,1.315063892815687,45.22540153595445,78.7732714839083,2.796333600458374
397.62506666666667,1.3141156845140352,45.19924006605872,78.74236847600355,2.017665281732897
398.0851,1.3132535042568756,45.17581629414424,78.6873278431518,2.161073583607131
398.54523333333333,1.3121743113170732,45.14588410269834,78.6304504047419,2.9537354045634356
399.0053,1.3105851165056313,45.11977966986493,78.58925777250137,2.9426385224651233
399.46549999999996,1.3095200049383962,45.09240439617443,78.5810071917817,1.8687624048843319
399.9257666666667,1.3089148782384223,45.06505213372811,78.56351641010939,1.9963958454555086
400.38573333333335,1.307724819360725,45.03496345109734,78.50656524269299,3.106077737467812
400.84563333333335,1.3060931856382212,44.99700940716411,78.45629046488288,4.014424779398662
401.30543333333344,1.3040677745612634,44.97290780741638,78.33329944863803,4.185057932014283
401.7652666666667,1.3022836952019823,44.947423317289264,78.26782426440757,3.1257535676822914
402.225,1.3012332468834813,44.92109445663738,78.21792836973822,2.749675129683516
402.68486666666666,1.2997954107118812,44.89883619807062,78.15912576075273,2.798915026941007
403.14456666666666,1.2986862625133795,44.877871304635114,78.1164858211484,2.488594827673171
403.60433333333333,1.2975201020477762,44.8489912284852,78.1140176122697,3.32188073591894
404.0641,1.2956364490000147,44.82230316999057,78.04721140997232,3.53315948239185
404.52396666666664,1.294257587042675,44.798253659090655,77.98297383515816,2.2356533352741423
404.9838666666667,1.2935527382225918,44.77580549649423,77.92964202726886,2.378314746479034
405.44373333333334,1.2920205592533291,44.7510021562493,77.86528508306351,3.524656697438888
405.9038333333333,1.2902584569437994,44.72683351048698,77.80702959269809,3.2389770555496447
406.36396666666667,1.288998398807015,44.69903358926447,77.75558837909152,2.9928496110628307
406.8241333333333,1.2874637452462587,44.667994015502636,77.69094525277346,3.2794895132513955
407.28433333333334,1.2859386929507377,44.64906145544505,77.58008776131017,2.8773068071264114
407.74423333333334,1.2847726039749012,44.62045803364556,77.51000715640012,2.5907029840186224
408.20413333333335,1.2835085745197536,44.59540242535068,77.45375033910035,2.8356094789171964
408.66386666666665,1.2821239655260717,44.56460618269997,77.43995781896562,2.465746007043649
409.1234333333333,1.2812037733000228,44.53320371490713,77.42819410591173,2.704913972013585
409.5827,1.279609360783956,44.50929543811163,77.35179644884872,2.9075373405691662
410.04196666666667,1.2785044741156197,44.46968991989197,77.31419201925118,2.7763528295737507
410.50123333333335,1.277018815508733,44.438645751881204,77.26199020984787,2.757774767270963
410.96046666666666,1.27593001244674,44.41220385720168,77.24941849706207,2.561367563877651
411.4198333333333,1.274629557189943,44.383852967446096,77.18240995158014,3.6314837310860595
411.8792333333333,1.2725568773914593,44.34764168009085,77.10411971085189,3.723858280408294
412.33883333333324,1.2711691494746284,44.3149205050259,77.08068955934691,2.65466369799628
412.7984666666665,1.2700776878908258,44.2841887836155,76.98578130445148,2.544384689635744
413.25799999999987,1.2687875032280223,44.259105396197874,76.92070173339317,3.2998222465443554
413.7173333333332,1.2670053832305939,44.23190221631092,76.85947492317632,3.591646933562886
414.1767666666666,1.2654485335636092,44.20443028561958,76.78279754423882,3.3888945307273706
414.63623333333334,1.2638507494566271,44.18189749699375,76.69944646050922,2.922784318061766
415.0957333333333,1.2627146122931998,44.147422043029096,76.63548666581453,2.5312848721978845
415.5552,1.26147005907971,44.11018565540041,76.59537334620691,2.93715487040016
416.0148,1.259963210039644,44.08857665498363,76.51649641221503,3.2369948416250955
416.47436666666664,1.258446418958671,44.07274558050685,76.45084651605683,3.8297109700158907
416.9341,1.2564066125739608,44.04340285934159,76.33875757118145,3.9329233319031225
417.3938,1.2548090874613018,44.01800688640614,76.24419977368437,2.6261462726437848
417.85333333333335,1.2539740042806686,43.98486806974798,76.21375473351816,1.8184095885862268
418.31303333333335,1.2531174329410553,43.956098833782534,76.20297605240307,2.3389166828589047
418.77273333333335,1.2518083527267507,43.92408037980913,76.12662029335259,2.829602133322099
419.2322666666667,1.2505151356931048,43.8830994861103,76.0910030209439,2.372467252070809
419.69169999999997,1.2496332088248276,43.86027858242667,76.03019514785784,1.7932337702156225
420.1511333333333,1.24887170970985,43.82743464684959,75.98175508039981,2.666044095970651
420.6104999999999,1.247186173957143,43.7984600317856,75.92917082447892,3.0796529967014092
421.0698999999999,1.2460448687288503,43.76308713134213,75.90069467292908,2.471182250547454
421.5293333333332,1.2449257065244526,43.73629941309646,75.85555284782895,2.835233705592895
421.98859999999996,1.2434469714921692,43.70087610238203,75.7861147032219,3.3565953257623566
422.44806666666665,1.241834208026348,43.679036619559405,75.69607038235053,3.446847793817246
422.9076666666666,1.2402675217290482,43.65562314865175,75.59417919898911,2.9323666548981993
423.36740000000003,1.2391233679297637,43.62065067257556,75.53126679354322,3.03322032574805
423.8272666666667,1.2374612319633485,43.594844401034486,75.44635374542526,3.506026569290428
424.28709999999995,1.235889774570381,43.56763576616207,75.37459865410052,3.0120660437028763
424.7468666666666,1.2346801117253698,43.537617869532724,75.28566619172842,3.5381420094798757
425.2064333333333,1.2326303082842074,43.51299951351987,75.19454464507983,2.711080028332714
425.66586666666666,1.232183236409995,43.49247831800604,75.19421118161705,1.4127803449570362
426.12510000000003,1.2313182283948307,43.47882930104064,75.13470076929096,2.7885556167557426
426.58436666666665,1.2296125226136223,43.44972044101699,75.06181781204795,3.7888971803748803
427.04373333333336,1.2278366154159917,43.42129192293901,74.9998780451306,3.693920991513637
427.50336666666664,1.226211735635631,43.40128925065118,74.89655436136071,2.6404899919232117
427.96293333333335,1.2253935562186387,43.373840033684246,74.85860111964594,2.5362769555883125
428.42223333333334,1.223882751590112,43.35043583668404,74.78473047534537,2.906007598638143
428.8817666666667,1.2227589278851438,43.331695548391785,74.74325424336568,2.762751073866455
429.3412333333334,1.2213966546812114,43.309846845467106,74.68989414656446,2.5900080550524067
429.80066666666676,1.2204384790226623,43.28441266015079,74.65292789168791,2.5426119532826923
430.2601333333334,1.2191173401383733,43.25455337614017,74.59971256516613,3.304092212968139
430.7196666666667,1.2174546080414033,43.22008438828611,74.5307393134438,3.271882181594133
431.17923333333334,1.2161634575447131,43.188254201702534,74.49145728494231,3.4194470399265535
431.6389333333334,1.2143681816749834,43.163090046517134,74.38621546097237,4.080832974959522
432.09856666666667,1.2124726360278983,43.137651704023526,74.31612252612499,4.266517274139811
432.55830000000003,1.2105067229778173,43.111607854032506,74.24738568842788,3.3519695600480035
433.01796666666667,1.2094399770503335,43.09408647028617,74.15776267011938,2.880801628030342
433.4777333333333,1.2078897011549228,43.05874083533684,74.10968423761298,3.4672109517447662
433.9374333333333,1.2062853209139501,43.03303835908862,74.06590552772745,2.5031905393616243
434.39689999999996,1.2056170069842853,43.00603241486233,74.03992215102029,3.065136060283468
434.8560999999999,1.203501828161642,42.98115766346218,73.94280229180438,4.831894774455374
435.31533333333323,1.2012178425763627,42.95212219220369,73.83965329529929,4.72413100637908
435.7746333333332,1.1992054960509255,42.93664540298569,73.75556875397963,3.0972978063002508
436.23386666666653,1.1984247560465928,42.90156328501002,73.70361520067972,2.8412451228189797
436.69309999999984,1.1966485990686593,42.864219206243405,73.63605069241167,3.3497268646474874
437.1524333333332,1.1953938234596482,42.84369282765792,73.59881961302584,2.909747066081388
437.61179999999985,1.1940236579358814,42.8135991013474,73.53937014379963,3.024740591617865
438.07106666666647,1.192661421021885,42.782885803381,73.47486612374513,3.1897845133042715
438.53029999999984,1.1911407087602646,42.758964048250334,73.43470778506742,2.4219121168753164
438.9895666666665,1.1904776487340452,42.7347530414625,73.43188704708746,3.3263196843146265
439.44876666666653,1.1881298094748656,42.70140402496103,73.32169487647806,5.112277295055759
439.9081333333332,1.1858393975452381,42.67528430226214,73.22271603869113,4.188561241313999
440.36773333333315,1.1843367114625247,42.65086295576089,73.17935962355008,2.470499726544932
440.8272666666665,1.1836262295722852,42.6249693689136,73.13965284062485,1.5840256621064845
441.2865666666665,1.182947031946436,42.592700595953424,73.1488946436391,2.6566800372964883
441.7457333333332,1.1812598945118813,42.57174498583586,73.0713194051803,2.7550996331479283
442.20519999999993,1.1804787276028397,42.54274693807888,73.06561080464925,2.625584252155192
442.6646666666666,1.1788812045478907,42.51798782685109,73.01675408945837,3.2904082202572424
443.1242666666666,1.1774741018151862,42.48894149304878,72.95937283104648,3.2880151931272104
443.58376666666663,1.1758678388189323,42.463603701346884,72.90936981527665,2.917962054867037
444.0432666666666,1.1748022244229726,42.43062452259769,72.86462096915106,2.1503022756793535
444.50253333333325,1.1739100847782247,42.414302247708015,72.837321529211,2.3225508986956784
444.9615333333333,1.1726843529271467,42.39390766259348,72.77093037561565,2.6041999517331553
445.4203,1.1715303243357886,42.37372645796748,72.73359004620842,2.405048807562649
445.87909999999994,1.170489558859677,42.34763568328467,72.69972135504865,2.253972244446722
446.338,1.1694741132954403,42.32103094387558,72.64883086252182,2.715822403736867
446.7969666666667,1.16801532280491,42.293433703855364,72.56309751250097,3.0151261331855523
447.2559333333334,1.166736709845563,42.26690826933491,72.51376532071063,2.5156593996062733
447.71430000000004,1.1657296970476914,42.23994381125006,72.43783776423243,2.6531554861007813
448.1763000000001,1.1642226963761209,42.22229220258281,72.35547566872464,2.1107753685883166
448.6394,1.163634360537174,42.203080669784214,72.35254928793756,1.8413717803631513
449.10273333333333,1.1623789088638883,42.18395388399867,72.27736576938334,1.7414283162970818
449.56610000000006,1.1618802881208592,42.15243315053041,72.26093294826399,1.5158684892706993
450.02993333333336,1.160827499198303,42.12895182063272,72.23562954906204,1.7803277748763697
450.49350000000004,1.160101450981097,42.115935397290094,72.17581817532503,1.9247303330010603
450.95683333333335,1.1589224008009638,42.08598789904997,72.12548171708053,3.0071505342621703
451.4201333333333,1.1571998832606873,42.06262867028071,72.0293880639971,2.415011572676495
451.8836333333333,1.1565843106258493,42.043640774890385,71.98256799979504,1.5748729907263312
452.34706666666665,1.1556608203649095,42.0284701166593,71.93909747568496,1.8881881613123832
452.8105,1.154762274301043,42.0038110727546,71.87340265263066,1.8433879314674702
453.27419999999995,1.153866083650824,41.98165860577235,71.84246829614997,1.085930590400356
453.73786666666666,1.153651387072635,41.95629910291629,71.8176988446761,0.8844915746431204
454.20146666666665,1.1529397709022924,41.94134365134001,71.78966778477854,2.133418393338286
454.66509999999994,1.1515720046631357,41.915595542655055,71.72767220085069,2.2061956042564397
455.1286666666666,1.1507748688942445,41.88983660711644,71.68597844673565,2.1115469565518246
455.59243333333325,1.1494736618031283,41.85571455749604,71.60522777946352,2.71530443293743
456.05606666666654,1.1481115238037725,41.836035075519355,71.51124810905009,2.256291756342469
456.5196333333333,1.147234170361806,41.81297139792741,71.4796709248101,2.1744957607760997
456.9831666666666,1.1459485921828907,41.79374795039475,71.40445735805561,2.563064054610538
457.44676666666663,1.1447161734454856,41.77024687082082,71.36753544542664,1.9185849804377832
457.9089666666666,1.1439744609771203,41.75503619209709,71.33563332576333,1.7134418008796
458.3739666666666,1.142637319807659,41.7254651086665,71.25329524923787,1.6827274755235668
458.83923333333325,1.141723448018579,41.69711943537618,71.2160206187311,1.3609408093419852
459.3047666666666,1.1406839005761293,41.66725052264533,71.17537354447923,1.3087597962814446
459.7700333333332,1.1398141929224754,41.63221299069721,71.10790940347984,1.2798770293440305
460.2352999999999,1.1387996013326545,41.609717247370654,71.07143193777547,1.1611068163581038
460.7006666666665,1.1380380474798903,41.590300234722605,71.09288592382758,1.1802789704564718
461.1660666666665,1.1370013549693738,41.56680315533244,71.04769254862371,2.0553354197236025
461.6318666666665,1.135446847228558,41.54422474664589,70.99909314150169,2.0625239041959156
462.0942333333332,1.1345187178847154,41.51447538773683,70.96550367991163,1.49594041489256
462.5556333333333,1.1335577279495386,41.490241975755886,70.90091456700395,1.1392578564738634
463.0168999999999,1.1329411862078933,41.46090393052974,70.90012958476626,1.5419714009792322
463.4779333333333,1.1316091950760883,41.43493194896678,70.83444422091381,2.5231842137865597
463.9383666666667,1.1300918792385162,41.40908361249514,70.75424126039825,2.971159841353218
464.3988666666667,1.1283390783286031,41.373982408596454,70.70159751579205,2.5741909389034454
464.85933333333344,1.1271788177024706,41.352258403608644,70.66499996881699,1.6177134003014941
465.31966666666676,1.12630411353595,41.32960706178458,70.63686632387504,2.4849866004507635
465.7798000000001,1.12433503019543,41.30099052491228,70.5660738818661,3.091543052519392
466.2473333333334,1.1230087559658815,41.27159865134103,70.51036199027179,2.0113121512562677
466.71503333333345,1.122081238464746,41.23590408149284,70.48181800228605,1.6124906115749384
467.1826000000001,1.1211358711059989,41.213946071780676,70.42169856896263,2.187133091932639
467.65016666666673,1.1196867639708992,41.18516607089072,70.3724412034513,2.5394159151377798
468.1175,1.1184196085183287,41.16397439472674,70.3006887646361,2.475264353507249
468.5847666666666,1.1170304164442943,41.13597488251,70.22452822395027,3.054627889078831
469.0523333333333,1.1152469940296244,41.1118292264079,70.11398780873833,2.5338382064430807
469.51966666666664,1.1143513957816282,41.09293410153159,70.1012233518374,2.290550979476469
469.98699999999997,1.11279024647236,41.06771400033975,70.0568387801173,2.1871137494156736
470.4542333333333,1.111983370417887,41.038379002666254,70.00572997512295,1.0424272149987315
470.9214333333333,1.111468178002972,41.0106720386125,69.9730158942136,1.4778783334388166
471.3884,1.1102669818953077,40.977330408494474,69.8918325462151,2.625476244476077
471.85653333333335,1.108752228322997,40.94628429623526,69.80001706442447,2.0494224301822057
472.3218666666667,1.1083663124642347,40.921773513484524,69.79738845316383,2.603950731725898
472.7870333333334,1.1065413636120789,40.89355152679531,69.72774366567963,3.366919659513453
473.25206666666674,1.1054607735326705,40.864649347605834,69.68847634562977,3.215134552139935
473.71706666666677,1.1037917167875224,40.8462960152266,69.61815959592786,3.642667189116037
474.1818666666668,1.1023294502758658,40.82346059010453,69.55029260514469,3.578342398747817
474.6466333333335,1.1007228584564142,40.79504312823077,69.45436171533784,3.3981194587516996
475.11123333333353,1.09943001440792,40.770093222526306,69.38894031815529,2.833639403337122
475.57590000000016,1.0983403446772637,40.742568118845185,69.34307778577491,2.4630933251798703
476.04043333333345,1.0973769266385536,40.72381253451588,69.29305836222642,2.7628768050460737
476.50513333333345,1.0959979239954545,40.6935125890593,69.25150899398768,3.0904733278256273
476.9697000000001,1.0947306410418332,40.66433605359339,69.21657727590231,3.4243575860956392
477.43443333333346,1.0930483926800252,40.64080787920689,69.15782076748958,3.27896501989529
477.89913333333345,1.0919088104957728,40.61913518657171,69.1181606627871,2.450145768274932
478.36356666666677,1.090992582489082,40.59875072751108,69.08680670383268,2.7778047369353294
478.83643333333345,1.0895357449311684,40.56883473269129,69.04064914507367,2.655383292693018
479.3113000000001,1.0886585022311512,40.53766977111903,68.97792455712465,2.825383165038179
479.7860333333334,1.0871002876243996,40.51508953084306,68.91567234417974,3.6515041022291785
480.2532666666667,1.0853363978525843,40.48754143771277,68.820957937414,4.0385449600053756
480.7203333333334,1.0833663007576781,40.47406888079397,68.72490660837292,3.7915318606199357
481.1904,1.0817594676639923,40.43885184227275,68.67166559798409,3.4082967848587553
481.66873333333336,1.0802066960300187,40.41045086373663,68.61542524400393,3.1547739135352213
482.14733333333345,1.0788863461284919,40.37275622285998,68.56876713764694,2.816198785486723
482.6260333333334,1.0776438723721828,40.346695584038535,68.51560024109665,2.657552843095179
483.1044333333334,1.0764582421948092,40.319904959458505,68.49034289070525,3.370336741924525
483.58310000000006,1.0745522917459007,40.29710716388849,68.39685981199366,2.85275650650626
484.06190000000004,1.0738503316524874,40.260902297694,68.36743697023611,3.521144045057008
484.54060000000004,1.071357597837379,40.23361197916147,68.25161197432901,4.725224673796039
485.01913333333334,1.0695601174823148,40.206563254938935,68.1643571181493,3.1328462968413437
485.4979333333333,1.0685253101204413,40.18434928088708,68.10588044433591,2.6923035810700173
485.9769333333333,1.067128482902983,40.1549089809156,68.05790469335297,3.477835049449818
486.4561666666666,1.0653758251048298,40.130045130588236,67.98800743894923,2.7742588950056613
486.93543333333326,1.0646264945162982,40.11234668821387,67.92785169196092,2.661960901847748
487.41466666666656,1.062970745273117,40.09280165421785,67.8444774406812,2.743431765975982
487.8938999999999,1.0621297327432402,40.058744311894856,67.79761148257941,2.505702281306232
488.3733333333332,1.0606718872176115,40.02369828497828,67.70958589235843,3.1943810620469137
488.8528333333332,1.0591940381398897,39.98990920185065,67.64262987584804,2.9493630879977766
489.3324999999999,1.05796514595024,39.955843223323356,67.55977039228301,2.642380262579432
489.81209999999993,1.0567758322851701,39.93077220004274,67.45591580748732,2.9510271991241193
490.29186666666664,1.0552700081237822,39.893856092168434,67.38875411205676,3.4117513942817403
490.77139999999997,1.053677666182384,39.86718377096969,67.29019446786029,2.6782634738767888
491.25089999999994,1.0528431254193393,39.845128068072064,67.23124102389647,1.7731892154857374
491.73026666666664,1.052074611981428,39.81387159001425,67.15969394490284,2.474116224904717
492.2096333333333,1.0506066232209808,39.78267246583855,67.06095287482727,3.0610513304989544
492.6895,1.04929244536234,39.75206535514611,66.96829361186748,2.996487789299296
493.1610333333333,1.047904577660156,39.72687473978304,66.85956958620801,3.3879584681837054
493.63056666666665,1.046307198663618,39.70484877719372,66.79627341606407,2.742076576949644
494.10016666666667,1.0454523266913565,39.67374086528427,66.74718273265667,1.6771138611018717
494.56989999999996,1.0448238810900692,39.64323999282718,66.70305358947319,1.9085620680288182
495.0395333333333,1.0437579891276285,39.61071373752581,66.6617488403197,2.3703204909783278
495.5062333333333,1.0427711623147784,39.59307739435077,66.62694987845181,2.600348030017126
495.9647333333333,1.0414245242955407,39.564634739404205,66.53357524700031,2.9820624053199296
496.4232666666666,1.0400296148126364,39.53276552893272,66.47215476565601,2.424731380012083
496.8816,1.039196958871258,39.50749028187606,66.41301973123615,2.5959431346280244
497.3399333333333,1.0376625587499844,39.48641765530579,66.30916111440965,2.5510784288642245
497.79806666666667,1.0368889590195962,39.45330681809538,66.28417444975842,2.4477756216063544
498.2561666666667,1.035443091975736,39.434156479234964,66.19259870331688,2.06452620621916
498.7142333333333,1.0349917594089928,39.40751400775565,66.17837971771473,2.006286050092528
499.17233333333326,1.0335948844045297,39.37600892433051,66.14038127108692,2.991978244207537
499.63036666666665,1.032248403323636,39.343196959649305,66.08157941301901,3.3342397722838344
500.0882,1.0305454596154504,39.31829191422361,66.00961836691489,3.4171505988247683
500.5457666666666,1.0291226218466296,39.289530692782485,65.9410650907979,3.1268701583757004
501.00319999999994,1.0276820200226615,39.25607090992147,65.89648621801594,2.3908863391453106
501.4607666666667,1.0269361771418117,39.231093200432845,65.87084709279743,2.570513258743001
501.9184,1.025347148388338,39.2094758489453,65.81765448612457,2.8481854931601274
502.3759333333334,1.024364545948317,39.18577168657596,65.79124834958857,1.8421403830825767
502.83336666666673,1.0237004457578591,39.16658980991944,65.75784686390179,2.003348228363012
503.29080000000005,1.0225591324814414,39.143561721091075,65.73603282985074,3.050967605038557
503.7481666666667,1.0209372020070573,39.11532154477086,65.6810318882343,3.212393196158026
504.2055666666667,1.0196662734478412,39.0848200097985,65.60928664321834,2.646268024172768
504.663,1.0185657966115873,39.05704339036642,65.55378772474658,2.932079976689162
505.1204666666667,1.0170370894245615,39.03278235625826,65.48656097250742,3.5564201908650617
505.5780666666667,1.0153651953873415,39.00550573789961,65.40969072182467,3.131211167375707
506.0357333333334,1.0142209308164083,38.98269340149703,65.37338260670664,3.0334054331441944
506.4931333333334,1.0126432791794455,38.953650359673446,65.31961801993138,2.4718145341177555
506.95066666666673,1.012029061146222,38.92607336873198,65.31013684014397,1.6300686426687396
507.40846666666675,1.011219954997812,38.89676016437068,65.2747188185598,1.9913056472698143
507.8665333333334,1.0102705744351526,38.87191963929492,65.22552877735113,2.687903229686232
508.32463333333334,1.0088276174405615,38.84693272516335,65.19580839177223,2.9836600235529773
508.7830333333334,1.007610595022517,38.812585181901014,65.1139658607868,2.869270410652333
509.2415333333334,1.0062685873345871,38.78543812030576,65.01348875643716,2.6816352387834055
509.7000000000001,1.0052238782686804,38.756202601799856,64.96071557441357,2.5672410375193526
510.1583000000001,1.0039895106715704,38.730139342129156,64.90213127041835,2.7390345587045974
510.6165333333334,1.002784991996162,38.697409691253426,64.88498287796148,2.8225751342536065
511.07490000000007,1.0014625290971095,38.666083726186386,64.82819926565931,2.873781402126248
511.5333333333334,1.0002051739211042,38.6406249585034,64.76873538442027,2.65902004012244
511.99180000000007,0.9990822314222101,38.610787649325545,64.73793292438637,2.9157053659523156
512.4502666666667,0.9975986641219556,38.583099336793815,64.66373421645955,2.429194665203408
512.9087666666667,0.9969242585123095,38.5616351957909,64.62442578528426,1.2389484835064524
513.3672,0.9965220058733733,38.539256735968955,64.61683640801118,1.3818399518986961
513.8257666666667,0.9957000518814842,38.505506771957194,64.55743560441533,1.8643199250491473
514.2844,0.994846874123209,38.48100241107695,64.52143127234741,2.5519308574565227
514.7432333333334,0.9933925223755816,38.457298355486785,64.43815192605066,3.078626634929616
515.2021333333333,0.9920613709251342,38.42330635824252,64.35281159950397,2.603333951276128
515.6612333333333,0.9910358731816035,38.39564327642041,64.29257492092643,2.758529836866167
516.1203333333333,0.9895574610073241,38.370546062167385,64.21870176075008,3.348594609406574
516.5796333333332,0.9880014770442983,38.34537952636717,64.16004627279638,3.1494635184211655
517.0388999999999,0.9867169420448831,38.31685066972961,64.09355920231634,2.9113034087794234
517.4982333333332,0.9853804560816906,38.29175587288701,64.04947177914528,3.0372011320805243
517.9575666666666,0.9839751199059019,38.263704572176884,63.969355774329586,2.5599553333880936
518.4169999999999,0.983071566845126,38.235906912209,63.93541246722859,1.9179576661177082
518.8764666666666,0.982255273332372,38.20199867956146,63.87313643700221,1.3682774499314871
519.3357999999998,0.981859370823687,38.176548615128596,63.841524347061906,1.5490943774357109
519.7949999999998,0.9808835505624901,38.14431811401588,63.809362575112445,2.010160710633209
520.2542999999998,0.9800615254225975,38.11852253601274,63.767044585915876,2.448631896058284
520.7133666666666,0.9786641536423349,38.08135881758801,63.710405505783044,2.8642327142287165
521.1722,0.9774612610554586,38.05549557535912,63.65770580521972,2.757992391194134
521.6307666666665,0.976166662168576,38.027598540023135,63.608383588914066,2.8329263186470883
522.0894666666666,0.9748939864708013,37.99712954817962,63.51310426362386,2.9661433931294536
522.5478999999999,0.97347399885714,37.97389683647006,63.462332083001726,2.8366320086699917
523.0062999999999,0.9723248242247104,37.94289409508373,63.42552491408547,2.9548109999921373
523.4647333333332,0.9707967522943505,37.913306069005415,63.38502725465251,2.8958357965822796
523.9232666666666,0.9696977301888821,37.88963471647704,63.3180594472317,3.081699455941411
524.3818333333332,0.9680095167551374,37.86842242069988,63.20312145652592,2.4052070464366078
524.8403,0.9675318042506481,37.83947124672128,63.19978014312577,1.2745447742272673
525.2989666666666,0.9668725331604123,37.813423128060265,63.15880303313092,1.619974700233835
525.7575666666668,0.966080038071918,37.79299519654368,63.132225022003276,1.8222843072022445
526.2164333333334,0.9652313003843151,37.76352638105043,63.074652239568316,1.8241432863313438
526.6752333333333,0.9644305413859144,37.73244436066001,63.01679767596986,2.9140404231658232
527.1341666666667,0.9625740287214272,37.701379250141244,62.91452550091891,3.020865988360651
527.5931666666667,0.9616798986180151,37.686079984797495,62.86668615311596,2.498573143739409
528.0521666666667,0.9603145091702225,37.66140404950719,62.78923045005882,2.7307986713769474
528.5112,0.9592136644256375,37.63411086387363,62.73066125311407,2.6585824140337753
528.97,0.9579035255904945,37.61416414405757,62.66524945311805,2.557658368712652
529.4288,0.9568890498102206,37.59132193005115,62.63341364574556,1.6365967011642804
529.8874999999999,0.9564239405532665,37.57214319538721,62.61298026023116,1.030431457876032
530.3462,0.955962797210025,37.553107671477036,62.56109268218652,1.5626493322927022
530.8047666666666,0.9550129818079688,37.533427555411755,62.5300023801177,1.2422580689422411
531.2636,0.9548383058109602,37.505678309570555,62.50915693294101,1.477365089449349
531.7224333333332,0.9536539459960812,37.48045402574658,62.47105254551575,2.732871466595873
532.1813333333332,0.9523195587134582,37.45985613286025,62.41371381749793,3.1135762307318653
532.6401333333332,0.950786895122031,37.43483626857088,62.34342125739089,3.04624041432048
533.0989999999999,0.9495165327327205,37.405049645597245,62.32788793344348,2.5047008326104803
533.5581666666667,0.9484741390087579,37.37824189227237,62.27096984727672,1.917268808748119
534.0175333333334,0.9477382711539469,37.3533679262378,62.24909619271567,1.8188678936008327
534.4771333333334,0.9467885957772408,37.335012035489356,62.19723953503545,1.8970985960834836
534.937,0.9459822336533417,37.311186331072385,62.15235480195091,2.0764141133516065
535.3969000000001,0.944872430987391,37.28350863707689,62.09748561925336,2.814533907875364
535.8567333333334,0.9433914889316646,37.262289269044786,62.031819491055515,2.3175236002459556
536.3166,0.9427313011828407,37.2395864281485,62.01059671307513,1.7378700668571758
536.7762666666667,0.9417748465932599,37.22024785484549,61.95301452960241,1.8553363599122001
537.2357,0.9410098192753226,37.19743684548495,61.89032850697652,1.8857268404994243
537.6951666666668,0.9400301316529611,37.17186729655451,61.85758100629522,1.7508846455644214
538.1545666666667,0.9393837544315274,37.14558305298475,61.853098731521804,1.9542395870517462
538.6139666666668,0.9382209664812611,37.12311496426558,61.77445635460804,2.731401186221286
539.0730666666668,0.9368701825328364,37.10073322201919,61.71859197489237,2.577321123503155
539.5319333333334,0.935845807967896,37.07522165754709,61.634115218209914,2.2237045920950322
539.9906666666668,0.9348169461039744,37.05301044519426,61.62573315269608,3.1384073715975696
540.4494000000001,0.9329655579622258,37.0381576044865,61.5560941565218,3.2556046167524273
540.9079000000002,0.9318401891953774,37.02313420104882,61.530868464633855,3.1052701623873005
541.3661666666667,0.9301317564483601,36.999506827879024,61.464085216911926,2.6086393728853574
541.8243666666667,0.9294547963399215,36.973928595202196,61.41885353090407,1.2608865833634992
542.2825666666666,0.9289674078894675,36.957850069240166,61.41156033278675,1.0666222706871742
542.7409999999999,0.9284753692250552,36.931544698731294,61.407249559932005,1.9264421737932371
543.1993666666666,0.9272055314419546,36.90297114275574,61.33438592525557,2.604292293576319
543.6578333333332,0.9260872612542702,36.87727577265228,61.27348755858028,2.4218844447881946
544.1162999999999,0.9249829078504237,36.85014243247829,61.244139209353825,2.252391969985445
544.5747666666666,0.9240193534146364,36.822378753449364,61.16912951017289,2.4646145314356414
545.0330666666666,0.9227165499908719,36.79372008717872,61.09928867716948,1.9526819474770558
545.4911666666666,0.9222229465282031,36.775061287007546,61.064541474991834,1.540499195057976
545.9492,0.9212970327215809,36.74873361028139,61.02923826047636,2.0662906279014384
546.4074666666666,0.9203200278650688,36.73109147320878,61.006212761576975,2.5398871712521824
546.8658,0.9189588861807907,36.71482852697883,60.91961568735055,3.3199287543758995
547.3239000000001,0.9172728595146472,36.699041684616965,60.833602778545945,2.9127689094215063
547.7817666666667,0.9162874301434912,36.67676084728014,60.77204891018088,2.8396387009523845
548.2394,0.9146784358230683,36.65394459987431,60.688402264994025,3.21158861077551
548.6967000000001,0.9133560354168803,36.63158686543691,60.61125202082025,2.135206367627299
549.1540000000001,0.9127237409947957,36.614747136610184,60.57477788636214,0.9951095348095683
549.6113000000001,0.9124418926453658,36.58701812305241,60.551162963302474,1.394487616423412
550.0688000000001,0.9114507535987746,36.56867768386924,60.49184814409167,2.4364396765380447
550.5265,0.9102128716812234,36.54110411883848,60.448564130018326,2.3110285435235927
550.9843,0.9093282340596072,36.527848213512826,60.41514407430419,1.915618944021535
551.4421333333333,0.9084512411486801,36.50709962678046,60.360414138821575,2.349005263611943
551.9001,0.9071712607794031,36.485860485400316,60.28371148797946,2.990937739250287
552.358,0.9057064348801006,36.454921745884434,60.22837389774577,2.6991534057658337
552.8159333333333,0.9046952899737867,36.43061290337893,60.16697774381253,2.7746661261121566
553.2741,0.9031562240010799,36.40314865598839,60.11405200179417,3.1979477291011245
553.7323333333334,0.9017589367806293,36.38723862910059,60.01914850559513,2.1826834985823127
554.1907,0.9011446515062449,36.35667647749859,60.00906706089729,1.6141842907206065
554.6492666666667,0.9002673400983786,36.33276528359845,59.94585568045576,1.3900091115212472
555.1079666666666,0.8998574654411647,36.29874083942757,59.93044717127862,1.5526623503202994
555.5667999999998,0.8988353130538328,36.27596611761085,59.87863714713384,2.6617326521272537
556.0256333333333,0.8974187967153506,36.2459476320861,59.80423344815096,3.441705925692569
556.4843666666666,0.8956754204495393,36.22400780600306,59.70571391216245,2.8639106305875037
556.9431999999999,0.8947851397124211,36.2091547012154,59.6614228403323,2.2762915601070683
557.4022333333334,0.8935841845930713,36.17811284671907,59.614100115376544,3.121244004822502
557.8610666666667,0.8919129791894896,36.15073874507449,59.50275788565015,2.821072362766778
558.3201000000001,0.8909912104944943,36.13624893346633,59.47086245062157,2.103733677824163
558.779,0.889994915747356,36.11467621233438,59.4223089450227,2.845921137726411
559.2378666666667,0.8884001915765183,36.09575971595323,59.35579060636363,2.6865920938332915
559.6966,0.8875568148082303,36.06987151492473,59.303038308233496,1.9284775949441484
560.1553333333333,0.8866543999286254,36.03919691292008,59.23674799094084,1.6970382893760738
560.6139,0.8860202684245017,36.012205576382264,59.20967978714147,1.0970860863260343
561.0726666666667,0.8856599441274684,35.99220377524408,59.20335216926308,1.1431281184205258
561.5313666666667,0.8849757794516374,35.96984882910199,59.159255915928235,1.0624911272459459
561.9903,0.8846721296495402,35.94517803005427,59.15939077758035,1.7357121267570128
562.4493333333334,0.8833692079595329,35.924555389308594,59.1125700766671,2.5483347772679688
562.9083333333333,0.882320349149441,35.89725747411632,59.068126850728106,2.252541855738488
563.3672333333334,0.8812879662810399,35.87688780921816,59.03542609035535,2.5299892188911377
563.8260666666666,0.8799832317017086,35.84786157366938,58.97906813368711,2.393983890014909
564.2846666666666,0.8790793153300007,35.82272340610409,58.943224282814974,2.038087346573022
564.7434,0.878113125005917,35.78729798192462,58.91182960284086,2.3824424707126384
565.2018666666665,0.8768985458192551,35.76313790955666,58.8690625853223,2.1271639918462224
565.6604,0.8761635131532505,35.7440429336791,58.84420972090421,1.27972376533075
566.1191999999999,0.8757255331088256,35.73427462512565,58.846612588861596,1.920252891456468
566.5782333333333,0.8743948633647676,35.71097623854203,58.78851602908315,2.7322651258649335
567.0371,0.873211544583475,35.686545119563554,58.71713075389154,1.7675557316866433
567.4958,0.8727615195971934,35.65571990032529,58.70330154941121,1.7173112673393902
567.9543333333331,0.8716248896991363,35.63890634917858,58.624093208986224,2.2431298823873256
568.4128999999998,0.8707065632715547,35.60990421504622,58.59938002084348,2.0008949009712245
568.8714666666665,0.8697948696953508,35.59458564439116,58.56384340734232,2.4922273602354474
569.3301333333333,0.8684251738824627,35.57045718007297,58.49952072402254,2.4152449008756642
569.7887999999999,0.8675879647481483,35.54349754972167,58.4369536065794,1.6898389120729385
570.2475666666667,0.86688688606423,35.52173728417817,58.41085842085172,2.011826743612229
570.7062,0.8657556462794078,35.492084631708856,58.329421572271926,1.933478765807158
571.1646999999999,0.8651291163012695,35.47926929663017,58.266458096591414,1.479535858856995
571.6231333333333,0.8644213946818363,35.46158970821104,58.26364055559392,2.1150696817335684
572.0812666666667,0.8632025110053836,35.437035819172706,58.20931199320048,2.593215342847014
572.5394666666666,0.8620397618553227,35.42580140890754,58.16887113767077,1.9227951317601093
572.9978333333333,0.8614336989118243,35.4005298450676,58.1160790101042,1.6996378287890206
573.4564333333334,0.8604741013835907,35.38152706998609,58.06688388257766,1.9806883892031255
573.9151333333333,0.8596149187897166,35.356234697398754,58.02990083515037,2.1465591382664644
574.3738666666666,0.8585076237577135,35.33577620456589,57.979163175531646,2.2335592222550287
574.8323666666666,0.8575731185638212,35.308635354198266,57.93783992132243,2.8266599349985206
575.2911666666666,0.8559190496523855,35.28693978984146,57.84342893778329,3.2618071183460233
575.7497999999999,0.8545853781157521,35.266261312820944,57.77840101145603,1.836147013336172
576.2084666666667,0.8542362612586086,35.24117470692402,57.754664718640264,1.5128794045811762
576.6671333333333,0.8532057733200249,35.21795347000998,57.699441395665346,2.6312707733678926
577.1259333333333,0.851833343684837,35.20541490564236,57.64303058473122,2.417178380686972
577.5847333333331,0.8510007395794587,35.18155699847351,57.591713670546056,1.2483115654952743
578.0434999999999,0.8506978375774247,35.162900938697646,57.55357524701158,1.7142455608877392
578.5021999999997,0.849417664409863,35.14854037956013,57.481318961545,2.8074605316979584
578.9608333333331,0.8480989256361622,35.12426038126059,57.41086824389597,2.4279448590057777
579.4193333333332,0.8471664535150635,35.09562138566834,57.360165486709796,1.9860726035666871
579.8778333333332,0.8462488967429893,35.06484813574926,57.28270636806894,1.732390753782009
580.3361333333332,0.845558907221877,35.04070848411639,57.23505373536261,1.4056867816889378
580.7946333333333,0.8449505944145143,35.01517323851697,57.20746700946343,2.1462074372717552
581.2530999999999,0.8435867782641063,34.99349032075506,57.13529450369165,2.4034680664668286
581.7118666666665,0.8427427158863604,34.97371175554279,57.08842177338214,2.236581895464843
582.1704999999998,0.8415183494326356,34.960439592161556,57.0214454569584,2.4859842908503396
582.629,0.8404417243256137,34.94004274131826,56.972288647811396,2.188983107186356
583.0875333333333,0.8394896038327396,34.92335605563859,56.93177762280235,2.243079217660685
583.5459999999999,0.8383628560064783,34.902501173031006,56.90968583059498,2.4078668537441783
584.0041666666666,0.837258239027583,34.88099887139927,56.85693516422842,2.2796317706167115
584.4622666666666,0.8362470621817921,34.865566295552576,56.842764238619424,2.104040107762676
584.9201666666667,0.8352963346534379,34.83507464688589,56.7996794958453,2.228591696748623
585.3780666666667,0.8341631533118474,34.808174434404094,56.709798536758136,2.06640395855389
585.8361666666667,0.8333690045413389,34.77985592567627,56.66769462525283,1.617634819946312
586.2942999999999,0.8326508114157439,34.75637714392742,56.614636736447366,1.9857521132107814
586.7524333333333,0.8315148998388081,34.730946445730986,56.57409186526759,2.604184836984358
587.2105666666666,0.830227636881449,34.70601392834773,56.5022043262568,2.6584611746038913
587.6684,0.8290363539001054,34.68699919113502,56.439485337079816,2.5685135277944653
588.1261999999999,0.8278294413256371,34.66160448373404,56.393006610471694,2.535891398306407
588.5841999999999,0.8266706019496299,34.64062272131262,56.305490591295445,2.8093622711573407
589.0421999999999,0.8252122667185583,34.61415493688942,56.24823262426243,2.6911740482894873
589.5001999999998,0.8241500473842529,34.58667827812903,56.182494846321276,2.624774113132429
589.9581666666666,0.8227498667948642,34.561550548476404,56.111928097187956,2.5040704045473015
590.4161999999999,0.8217952303336561,34.53930408594818,56.065445408333254,1.6679456074204146
590.8740666666666,0.8211645218269031,34.509983411188465,56.01118605895907,1.381991210097566
591.3317666666666,0.8204710520439745,34.490566724289074,55.95838438425837,2.363750649598528
591.7895666666666,0.8189401822907648,34.459248549617136,55.912684035587795,2.07434451222767
592.2472333333333,0.818526176674117,34.43944304475523,55.86863950861906,1.3072786162095134
592.7051999999999,0.8176954852736729,34.41297580755532,55.818574115373956,2.278817111226783
593.1633999999999,0.8163845851855386,34.390745157886776,55.74202632501498,2.5966464728650207
593.6214333333332,0.8152604750319975,34.369728803202385,55.6911664287954,2.266385653746817
594.0795333333332,0.8142450334532828,34.358670274106906,55.65380377174404,2.403412950458206
594.5373999999999,0.812995629873853,34.33505165202228,55.59138163687462,2.435109641130647
594.9952999999999,0.811952572738436,34.30915800360073,55.548519118659286,2.307498020289152
595.4531333333331,0.8108158552044717,34.283382913992284,55.50795063507806,2.314068631060765
595.9108999999997,0.8097650299319163,34.25331918582847,55.42696235799861,2.2391522767229324
596.3686666666665,0.8086972480630752,34.22821467097747,55.36403686731808,2.118605444496971
596.8264333333333,0.8077591906281085,34.201457388075525,55.31976776198667,1.9947776171707656
597.2842333333333,0.8068061721889015,34.18241437918807,55.24133758179173,2.382639623586143
597.7422333333334,0.8055111526051568,34.16470083587614,55.156211604001,2.2003952899726085
598.2001666666666,0.8047182733723843,34.146892541241606,55.10253459480766,2.131282451754083
598.6582999999999,0.8034887508763845,34.13011139286129,55.049938778374745,2.3310823417675723
599.1165666666668,0.8025147878009169,34.11054569941505,55.004092032252224,2.4545279848419472
599.5746666666668,0.8011626355655208,34.09491834365754,54.942028212995666,2.649283797062054
600.0328666666668,0.8000062570187697,34.07902067848597,54.89819155031926,1.8931872087885713
600.4910000000001,0.7993472749061206,34.05718184529054,54.87657457714451,1.2511629123924084
600.9490333333334,0.7987803044276872,34.03476753009453,54.86240319797986,1.5870268784594563
601.4072,0.7978191321200848,34.009095582321756,54.829703420738205,1.7957455025732727
601.8656666666667,0.7970664128597261,33.98574904297772,54.78250953165753,2.1551312259537143
602.3240333333333,0.7957793514164101,33.96570499656596,54.7315740363777,1.7422277134292266
602.7822333333335,0.7954169276688232,33.94155221269513,54.72116514648299,1.3824309381040103
603.2406000000002,0.7944784506459889,33.91928201838922,54.66021797150673,1.810389332784057
603.6989000000002,0.7937226151513901,33.894331805707154,54.618551855333244,2.257635082627844
604.1571666666669,0.7923750672698824,33.86996604360556,54.540840386864154,2.6826009789207057
604.6155333333335,0.7912293856767548,33.83829005497368,54.50846783306013,2.4753293088966863
605.0740000000001,0.7900714929163093,33.809232371362455,54.447400388678346,2.0537906884196624
605.5326000000001,0.789314814669997,33.79501687649053,54.36782758769116,2.4335682822673332
605.9912000000002,0.7878139102764496,33.7619135851669,54.29499841512403,2.48500074223648
606.4496000000001,0.7870206578300507,33.73417721806605,54.25430139097683,1.4335448933443886
606.9078000000001,0.7864870617987881,33.708501310320635,54.24238177919311,1.7996548869348055
607.3661000000001,0.7853612746370692,33.681766749307805,54.171254070004544,2.4127339289980156
607.8243333333334,0.7842692439906054,33.64712717039644,54.11099032773294,1.7293290944398723
608.2826,0.783766195138126,33.62845843363127,54.07438914839159,1.5720454115950686
608.7410333333333,0.7828126689721854,33.60429905782259,54.00052013842744,1.9644993592477435
609.1993000000001,0.7819510844348911,33.57222282198312,53.96848544838767,2.269063489487059
609.6578,0.7807127414258828,33.55157731077924,53.91225460829397,2.021047136722794
610.1165666666666,0.780080797480928,33.521238289594514,53.881724360352116,2.169737410323121
610.5752333333334,0.7787162392698126,33.49080072574936,53.80397994575081,2.0798380341874716
611.0338999999999,0.7781699070712517,33.456919929507215,53.7952487501169,1.1949999913109224
611.4924,0.7776274882300617,33.42680283392373,53.761608450370936,1.718625165367867
611.9509333333333,0.7766109719385953,33.39320382821084,53.69795184118152,2.4349625647091715
612.4094666666666,0.7754158426380653,33.36065383975857,53.63693708377612,1.8736012052448938
612.8680333333333,0.7749154279208881,33.327016451851975,53.63009576029519,1.6883717219043022
613.3267999999998,0.7738853805090465,33.300415637171,53.574473810902184,2.2014340717989316
613.7854333333332,0.7729047422312127,33.26386149038108,53.506358637306185,2.243137373832601
614.2440333333333,0.7718361608193137,33.24621026342002,53.45894446162997,2.6179475878999714
614.7025333333333,0.7705133326844885,33.21829772960495,53.375995870752284,2.3235667271354767
615.1610333333334,0.7697153753223217,33.196304958486586,53.307913518026076,1.5961106805946716
615.6194333333334,0.7690562829353244,33.17718053202981,53.25664100377395,1.5056851735237184
616.0780333333333,0.7683285418227838,33.14708594175308,53.215084402208454,1.864569982013631
616.5364333333334,0.7673282494792779,33.128328438582464,53.14061863432745,1.9161156840126796
616.9948333333334,0.7665565746232263,33.10589037611969,53.1016572625449,1.7189788549667613
617.4533333333333,0.7657408919212864,33.083325362116675,53.05249959486352,1.5562617709760012
617.9119,0.7651181243705122,33.05992428017943,53.040527279220186,1.7129354692414462
618.3703666666665,0.7641606095310668,33.03979844671505,52.967784092924155,1.9626894448210863
618.8288333333331,0.7633142763241076,33.01550461969233,52.93914492979793,2.006755097029733
619.2873333333332,0.7623131252601857,32.985571545379734,52.89100946534557,1.8857148659786156
619.7458666666665,0.761572933614861,32.95808053647206,52.8583757366845,1.9269716358725169
620.2045999999998,0.7605326372558971,32.94118286784554,52.814815315861246,2.1167423424114116
620.6635333333332,0.7596221550572432,32.91970176679742,52.77177181479593,1.772620343774104
621.1226666666665,0.758900461146509,32.90066675493006,52.732897280874404,1.6927665231777946
621.5817333333333,0.7580663648990791,32.87797520691675,52.68316893105602,2.446619582705563
622.0408666666666,0.7566575344760612,32.849410166796694,52.62801107778569,2.2808882926616203
622.4998666666665,0.7559764403637264,32.828254469804,52.6066292053519,1.9373949649967446
622.9589333333331,0.7548807835531367,32.81022774530122,52.511432365154626,1.5285816843733866
623.4179333333332,0.754586602140862,32.78079347846545,52.52142167248493,1.75488243521978
623.8766999999998,0.7532904411467518,32.75272991405519,52.461363644776135,1.980124966757849
624.3353666666665,0.7527809345271226,32.72939464987091,52.434495632065385,1.7812990480542297
624.7938999999998,0.7516626035894216,32.708513570418944,52.38259207945261,1.976015538523664
625.2524666666666,0.7509646267382795,32.67288182954443,52.33469783345963,1.5769440302612625
625.7109999999999,0.7502120243404599,32.64685915989243,52.29571759471018,1.4989994164695153
626.1694,0.7495875422800287,32.62378873184169,52.25107179165533,1.983925148619492
626.6277666666667,0.7483896276434755,32.60619995466936,52.172287234583216,2.385327724163707
627.0859000000002,0.7474063192835692,32.5728638343416,52.095703767675616,2.0514809126965607
627.5439666666668,0.7465238811042136,32.54427137854739,52.06798447871909,2.034170663364095
628.0020333333334,0.7455549193530367,32.52005238828995,51.99157075696704,2.0925433033900487
628.4603000000002,0.744613282383794,32.49422881443508,51.94014483542637,1.9629422133798846
628.9186666666667,0.7437597599343776,32.46880837632141,51.8870303542355,2.496640305357437
629.3768,0.7423369314936723,32.44288979622267,51.81612210573174,2.115232010002203
629.8346666666666,0.7418420390874858,32.41992407572475,51.777922380052885,1.7858541515349826
630.2925666666667,0.7407384156452383,32.3951061705914,51.72819465945502,2.494154488646553
630.7502333333334,0.7395983043919989,32.37181336032094,51.67734903835212,2.567809416952752
631.2080333333334,0.7384269123988841,32.340239549988524,51.62585842880748,2.5213758620434623
631.6659666666668,0.7373292883391557,32.31332159270008,51.551593140338895,2.1701426765160035
632.1239,0.7364763440203058,32.28922508682644,51.51366693353103,2.3482686767040533
632.5818333333334,0.7352105072319954,32.269739926566075,51.46579236329187,2.838809085989069
633.0396666666667,0.7339112614563356,32.239762202486524,51.40591918625468,2.6081587303870224
633.4974,0.7328551263271024,32.21780721774755,51.345748963636126,2.2412895404234745
633.9549666666667,0.731892559169936,32.189325702249484,51.292988580126256,2.654118109617354
634.4123333333334,0.7304561509723224,32.16065824407682,51.19356897732784,2.77326340118708
634.8696666666667,0.7293903119507965,32.13550896475323,51.15767225651184,2.1273606265433695
635.3272,0.7285470437150301,32.11166990391135,51.125983880261906,1.7419125592103535
635.7847999999999,0.7278312801835759,32.088393977438656,51.07752690679463,2.071220960829164
636.2425666666667,0.7266898447813878,32.061172615603816,51.019422055169194,2.251000641714844
636.7003,0.72581459858686,32.03277563460416,50.98467234081074,2.5632680506925434
637.1578000000001,0.7243827964408142,32.00977914152277,50.895174543187835,2.2770076823796987
637.6152666666667,0.7237594237385201,31.98993517344751,50.848911145911195,1.6625377593652424
638.0727333333334,0.7228865074236638,31.966537145011653,50.82077230786335,2.083146978204172
638.5302,0.7218795391137885,31.941736840706817,50.76703000738834,2.688505146746574
638.9876,0.7204552613617768,31.922517227928743,50.73914369062055,2.7303632210990787
639.4452,0.7194126833587623,31.896861048722133,50.708038059522615,2.003671532067834
639.9029666666667,0.7186537706710515,31.875191694348487,50.7006558694709,1.9728525781395467
640.3607333333334,0.7176407368912778,31.843313402035406,50.68272289387919,1.6880727512192681
640.8186666666667,0.7171392932035534,31.823346558513663,50.68344713629266,2.007574069734789
641.2768,0.7158314892933236,31.794263625484863,50.60681945679517,2.5725437871479
641.7351333333334,0.714819401037415,31.76526587819726,50.56891769920625,1.8286332936079324
642.1933,0.7142040072646332,31.745672479427103,50.563816324370094,2.1515888961212295
642.6512333333334,0.71290315682235,31.71855331920622,50.523202704000916,2.762684897313346
643.1093666666667,0.7117218402248692,31.687135337518377,50.469225699598034,2.7198735368432208
643.5675,0.7104535069758002,31.65884226049341,50.402676911470955,2.4189834382702133
644.0257666666668,0.7095386254703949,31.632439086882993,50.37176662609489,1.8295910417013612
644.4841333333333,0.7088036847570018,31.606735524536735,50.32674201036929,1.8909026835570382
644.9424333333333,0.7078298397401631,31.585277267873217,50.29563579909027,2.0418500217003492
645.4005,0.7069540689038784,31.555607693495116,50.25411750134545,1.7198445571166487
645.8588,0.7062763831455116,31.53247207850152,50.21377864382251,1.4281799532795731
646.3171666666666,0.7056686271379881,31.507821098113748,50.167475495143066,1.3260725696340994
646.7754,0.7050864930217916,31.48721498407797,50.152156709907096,1.3021087572218792
647.2336333333333,0.7045032882515629,31.466960165053525,50.13578347439238,1.4510324279910352
647.6921666666667,0.7037772977653265,31.442174531201875,50.10218428702626,1.3204920658182608
648.1507,0.7033060244096333,31.41780491307024,50.083663068185,1.4141784950073304
648.6091,0.7024859344816059,31.392005977462905,50.032008111867654,2.0014680015743536
649.0674000000001,0.7014725286431822,31.365100112826852,49.979552439330746,1.8767115310199218
649.5256333333335,0.7007677396252144,31.342722452594113,49.95459514055135,1.4941107835687473
649.9838666666668,0.7001052822784022,31.31838221010705,49.904904505231116,1.6662501714302616
650.4423333333334,0.6992364184296852,31.290725426192807,49.862366986857324,1.2745060325986473
650.9008666666667,0.6989186297590734,31.268887825899768,49.83029778960733,1.450774164684998
651.3594333333334,0.6978888104285952,31.246353523567077,49.78260288611077,2.45630611334852
651.8180333333333,0.6966545784665628,31.21079374859135,49.702197309828186,2.4590075756166674
652.2766,0.6956196896698371,31.188851013911652,49.618257650883145,2.0496302815518215
652.7351666666667,0.6947576261160411,31.173138340014667,49.5583550171402,1.9869013319397353
653.1936666666667,0.6937762101713937,31.153881996000404,49.490241019277164,2.1764114089042446
653.6522000000001,0.692740420767293,31.134506893938696,49.39921471814486,2.028367588182005
654.1106333333333,0.6918957907083774,31.122015022764845,49.33007159226135,1.891648872027137
654.5689666666666,0.6909848589294375,31.09915408772092,49.26027518814848,1.4744795172532277
655.0272333333332,0.6905238907991963,31.08436596073445,49.237207777534884,1.5401895858898875
655.4852333333332,0.6895488080503358,31.05766753295859,49.18742600019479,2.404111701202938
655.9431999999998,0.6882921003618611,31.032599358073522,49.1051718276995,2.2693793415787877
656.4012666666665,0.6874355916337606,31.0105891590083,49.04291344112189,1.5573799167254212
656.8591666666665,0.6868269217549389,30.990502322081028,49.01791037384441,1.34944122511507
657.3172999999999,0.6861699099180857,30.964917903743554,48.99282034471278,1.5211192894662993
657.7752999999999,0.6854203466373133,30.932633629323206,48.933983756284306,1.918778627222369
658.2334666666665,0.6844060591195197,30.91087808618263,48.895999048466784,2.2445499866466747
658.6914333333331,0.6833638474083031,30.88495198442783,48.832526769358445,1.9122239062954665
659.1494999999998,0.6826613209273883,30.868972820104993,48.788319775051875,2.0841435012233123
659.6073666666664,0.6814650541854266,30.83576980778723,48.73100901797088,2.2175327241195752
660.0650666666664,0.680639134518876,30.80219732686492,48.688509876674786,2.2434466338652164
660.5228333333331,0.6794126908536037,30.781237396237938,48.61121630308459,2.6422009679261373
660.9806333333332,0.6782197760027479,30.755132797395312,48.54194291188945,2.1863102950558484
661.4380333333332,0.6774171766635773,30.73795236581609,48.495669124322596,1.908228982290498
661.8953666666667,0.6764845569222919,30.71555603198689,48.45940549559597,1.7429899732320855
662.3526333333334,0.6758353445196746,30.695163391016198,48.41806568099758,1.5895143858984861
662.8100666666667,0.675035321130888,30.66796154333665,48.38114369889657,1.8792827412125954
663.2673666666667,0.6741115916888113,30.64208908814376,48.32450136688608,1.8286154923750002
663.7244333333334,0.6733552062761612,30.617580480417654,48.30914338136444,1.5005759161272518
664.1811666666667,0.6727366227074218,30.59741207163134,48.27474630414971,2.140630637603669
664.638,0.6714075761716025,30.57939235120068,48.2307801303596,2.568828898621634
665.0949333333332,0.670396714237182,30.552730194669103,48.16707861643086,1.5854546210869347
665.5518,0.6699641756441578,30.54497155276273,48.151546335219315,1.326716641175522
666.0088999999999,0.6691872539256773,30.52941658332915,48.140618029505205,1.3042486726898745
666.4660666666666,0.6687722138992637,30.502109047182266,48.11074214651723,1.3022532603392258
666.9234333333332,0.6679840855720397,30.481242836779973,48.081419105452085,1.9392394116094096
667.3807333333331,0.6669757463710166,30.452142656918756,48.040483243641845,1.9734670244312447
667.8380666666665,0.6661520604052897,30.433835983881522,48.00483441063486,2.213929597519463
668.2953333333331,0.6649260100270725,30.410775870054046,47.95813392057954,2.0409649295217043
668.7524666666665,0.6642590851900932,30.392405034469665,47.93155460625663,1.1865377795260643
669.2096999999998,0.663810180623323,30.37557382078181,47.906622937408194,1.0021726832567783
669.6668666666664,0.6633133054048149,30.354550659592032,47.88324365495405,0.9486921528840082
670.1241333333331,0.6629172244308644,30.33372151284872,47.88278241894647,1.4977817141831773
670.5813999999998,0.6619258865716433,30.316948973593448,47.82334036018381,2.5081787020433177
671.0386333333331,0.6606065960475858,30.301364333925942,47.77265666726685,2.3764953612697406
671.4961333333331,0.6597225723051408,30.284700885679815,47.73257326960882,2.002033220041192
671.9535333333331,0.6587410142259295,30.267201026046433,47.67026196358579,1.4825297919644265
672.4111333333332,0.6583314750810969,30.251975324137714,47.64034549602615,1.1865622057792995
672.8685999999999,0.6576186345483624,30.23683719137861,47.60933370427911,1.3950982888475147
673.3262666666665,0.6570085207590591,30.226515481266773,47.56701053952092,1.800532134952208
673.7841333333331,0.6559220733251633,30.216549217289696,47.50498040697938,1.5907394366132828
674.2419999999998,0.6555078637902116,30.19700585194159,47.478985144424215,1.2796811186894204
674.6997999999998,0.6547121686619259,30.175964323291055,47.43582470989402,2.0264341790854385
675.1576333333331,0.6536191511858601,30.148960021609337,47.373796544831215,2.227943607091791
675.6155333333331,0.6526415676451081,30.128700331932972,47.30441884932483,2.486494046013576
676.0734999999997,0.6513092270808843,30.102927953141634,47.24860696559054,2.068474402347975
676.5311999999998,0.6507170932072291,30.08540976403342,47.19540074458109,1.6828899052370465
676.9891999999999,0.6497350782416486,30.068289920299108,47.13914075495257,2.4806973244677657
677.4472999999999,0.6484092963318202,30.05334075483311,47.075039210670404,2.2618675837137205
677.9055666666667,0.6476301319153849,30.03575432613037,47.036508173907954,1.5488660492064392
678.3638000000001,0.6469580672902374,30.00854302691842,46.973484527637005,1.4664569930589217
678.8220333333335,0.6462550760080671,29.9975670514271,46.92769852137132,1.9201919105081249
679.2805333333334,0.645166731457778,29.97591463558132,46.87125835344237,2.281293386661368
679.7387666666666,0.6441354385474971,29.947172966117613,46.81717234144714,2.3620961474056528
680.1969333333333,0.6429768839565838,29.937329487729315,46.741844660355795,2.1753658267349163
680.6548,0.6421278411898884,29.910926803339674,46.689711368802854,1.7810699164756751
681.1126333333333,0.6413389605821661,29.890293323133307,46.6500775676373,1.5642739715029093
681.5705666666665,0.6406911304854851,29.85648034048874,46.607833273660155,1.370599642398359
682.0286666666666,0.6400768666572201,29.840821129118336,46.557138944784796,2.037310179855401
682.4869,0.6388192154706531,29.81648851474005,46.489944279837765,2.995015658212537
682.9451333333334,0.6373324701730811,29.79225977787851,46.408585969075546,3.028522929859756
683.4034666666668,0.6360418114873939,29.769777763237578,46.32730024951617,2.510990189581512
683.8619000000001,0.6350322683325972,29.757278815432997,46.286777551061256,1.9214104043590292
684.3206000000001,0.6342758287058404,29.73857401368738,46.24709382217519,1.623067325274171
684.7793333333334,0.6335296851469707,29.712873190775145,46.183257595797386,1.757195913976121
685.2378666666667,0.6326509654917383,29.693635099816703,46.1427649898593,1.7658819137365702
685.6963000000001,0.6318966850508172,29.668558525561455,46.10656166503805,1.7547450456534426
686.1546333333332,0.6310263618296318,29.641044904231343,46.06727281706687,2.23278622684201
686.6129999999998,0.6298338858715457,29.6098721330314,46.00266213018971,2.238081310530075
687.0712999999998,0.6289666961713977,29.58580980928327,45.95899048421882,1.7911042744405803
687.5296,0.6281857028327944,29.5585393513835,45.93262121858432,1.6796198592988456
687.9878666666666,0.6274208992435245,29.533838550218192,45.883166148448275,1.6085697459488955
688.4462333333333,0.6267014121266997,29.51071096147051,45.84900548690083,1.6985706226399684
688.9047333333333,0.6258508665124546,29.489525541328874,45.80889133882752,1.5683293939096028
689.3631333333333,0.6252427789270731,29.467411445166835,45.77146394449384,1.5487553141269075
689.8216333333334,0.6243977210755912,29.44160747094966,45.71991947532769,2.1364438208963903
690.2802333333334,0.6232504098130025,29.418946555814248,45.67625675418632,2.594213016333287
690.7387000000001,0.621996452057364,29.396129637994466,45.603995850403116,1.7242703673418331
691.1971333333335,0.6216426326149906,29.366733317953443,45.578321668325195,1.4844757641100903
691.6555333333333,0.6206003432228572,29.33904867810267,45.51799436007948,2.1904152195828086
692.1138,0.6195987537274728,29.316373022866863,45.45817621994727,2.0784164367686784
692.5719666666666,0.6186602751726857,29.282189197966996,45.4082304969548,2.0811604000112323
693.0299333333334,0.6176590297126112,29.25370711532379,45.34200265361185,2.103584162251774
693.4879333333333,0.6167027417871901,29.226829469922542,45.27663887168986,1.8431477467575939
693.9460333333334,0.6159412669229919,29.19235513020354,45.250692141457435,1.9476345077815151
694.4042333333334,0.6148883479781414,29.166696699456192,45.1928617229607,1.929623927629017
694.8624666666668,0.6141440280411886,29.14509073500892,45.144185583698786,1.7749030272055846
695.3207000000003,0.6132331643676558,29.124797257822166,45.103566097145155,2.1462227439532007
695.7788666666669,0.6121504151958893,29.094188558291954,45.04373491815048,2.040578724607907
696.2369333333335,0.611335958876169,29.068467825482692,44.98174224420663,1.5434508742777187
696.695,0.6107085815937804,29.043945547897106,44.95189043324487,0.6186065222063556
697.1530666666666,0.6107412827005572,29.0200669367326,44.95320126891939,0.7914691587101302
697.6109666666666,0.6099483738394139,28.987503294734775,44.895534635195176,1.4770253317341344
698.0687333333333,0.609351358677621,28.962812293006316,44.850401559408176,1.3698378723057345
698.5263666666666,0.6086592720247551,28.940457792370555,44.813998393378036,1.4670728399746737
698.9840666666664,0.607972201658267,28.913786108633747,44.767095983324246,1.708667404855609
699.4416999999997,0.607061261181553,28.889194928361395,44.70992473144955,2.0273158479488513
699.8994333333331,0.6060880850815863,28.871728687286556,44.645185345536156,1.713091047600249
700.3571999999998,0.6054633513232726,28.850283011287807,44.61460089404278,1.4555132873043553
700.8148666666665,0.6047226273557397,28.82966514494625,44.594017214840676,1.6863300555003107
701.2722999999999,0.6038882008675465,28.811301844200617,44.53784237437845,2.2104695235926433
701.7296666666666,0.6026712223850252,28.791514626873415,44.475674168915276,2.500503975746671
702.1870666666666,0.6015731346189269,28.77462219701934,44.42301014610715,2.0752596985038507
702.6443666666665,0.6007457354481627,28.757846642717006,44.381241605541916,2.0361951872879516
703.1018666666666,0.5996910557937559,28.739349062427966,44.32786911777594,1.684122015763467
703.5592666666665,0.599201470167302,28.72746790061227,44.289270664793364,1.2819305711136133
704.0166666666665,0.5985230018174775,28.712797076867144,44.23100058220042,1.0948375432566515
704.4740666666664,0.5982061808079635,28.693790577692102,44.225276540786574,1.6316885235674872
704.9315666666664,0.5970443643127602,28.678276105722013,44.14552521995972,2.0107449757981692
705.3891333333331,0.5963872326100224,28.656636635952022,44.105514655883,1.4372949180515717
705.8466999999998,0.5957539016516118,28.640422200608402,44.08349507640891,1.4603087653712061
706.3044333333333,0.5950759762601927,28.628523902631127,44.05757449793557,1.3131702712682902
706.7620999999999,0.5945782011541737,28.613097560292964,44.03570485582805,1.2969411060944998
707.2197666666667,0.5939166280643535,28.599150847414258,43.981353388067426,1.894786159281992
707.6775666666668,0.5928714918522465,28.576415200714802,43.906994950217275,2.11610850193148
708.1353000000003,0.5920091567068296,28.563455644579776,43.84517504321279,2.0090072157104015
708.592966666667,0.5910617086077836,28.54480771270607,43.781326276117284,1.6796773856227651
709.0506333333336,0.5905019502808677,28.520896259665502,43.746712701775124,1.3370415697386697
709.5084333333334,0.5898620270078704,28.502526205453066,43.736773677142665,1.4162502573465667
709.9663666666667,0.5892250094396645,28.48795694113905,43.72383232268656,1.1123638627719292
710.4243666666666,0.5888652177387521,28.473029014347304,43.69200343389027,1.5562942564920117
710.8824333333333,0.5878228297302479,28.455363842890772,43.64184547327792,2.45923567928561
711.3406333333332,0.5866301020100833,28.43865726162812,43.56433974794939,2.363944069483719
711.7989333333331,0.5856716352157127,28.413886955974505,43.51485402633061,2.26391775867052
712.2570666666663,0.5845782531328224,28.39846889709007,43.45930786874862,2.325502085612286
712.7151999999998,0.5835669572729594,28.38719952050828,43.39889869268806,1.9911698795355814
713.1733666666664,0.582777155948229,28.36745927162962,43.35478957259158,1.517272925160081
713.6313666666665,0.5821920246052602,28.351340540291336,43.319055915486544,1.9701189764316012
714.0893333333331,0.5809878663643223,28.332729497311107,43.243300752826464,2.4470857879266394
714.5472666666666,0.5799685063724229,28.314248658476842,43.190372786488155,2.076609638974954
715.0053999999999,0.5791006299075918,28.291853442940713,43.13202071582829,1.6629977799356563
715.4638,0.5784574868952902,28.272299705308736,43.11446724758009,1.4981794429554536
715.9222333333333,0.5777386448849112,28.25051614452223,43.07867366090663,1.7483792016753137
716.3808333333335,0.576865339691521,28.23256851250732,43.007244398240886,1.6778510036586223
716.8392333333335,0.5762029863683571,28.21319122439515,42.994024770493056,1.4193619261072654
717.2977000000002,0.5755631736375973,28.19184691610591,42.97090598568577,1.625714484338433
717.7562,0.5747131275003163,28.166260262450468,42.93750369173223,1.656662771070661
718.2147666666667,0.5740458145044605,28.142876705565588,42.904051137020886,1.6321511561434099
718.6732000000001,0.5732221557436236,28.122702686770733,42.86591893517702,2.252722249725396
719.1315,0.5719878485878714,28.107077585262743,42.809837236178176,2.6254792434648127
719.5898666666666,0.5708205734106166,28.079704311930882,42.75639581737238,2.8422793500496817
720.0480333333333,0.5693882847914051,28.054813089018513,42.66776045680286,2.46714132959253
720.5061666666666,0.56855999699592,28.03011000885575,42.616992746443984,1.87048831350131
720.9642999999999,0.5676686193931424,28.006915798321874,42.582933112145085,1.859202060993681
721.4223666666664,0.5668522134300473,27.991305650842037,42.53246768040386,1.2932667609132071
721.8805333333332,0.5664799362077765,27.972357045201647,42.51137566575983,1.3523803729279198
722.3386999999999,0.5656107736815551,27.944971882060866,42.49553548551463,2.3159838778906927
722.7967,0.5643512183907751,27.937238917673863,42.44183316168632,2.3434620445810648
723.2545666666667,0.5634600061904105,27.921317689751767,42.37495038751915,1.5906758046564982
723.7125000000001,0.5629002755592791,27.895384427029008,42.34784302823078,2.3142138883730925
724.1703333333334,0.5613526711653584,27.869627308829397,42.262191966460804,3.0349291927267172
724.6280666666668,0.5601323020455247,27.84701816007692,42.2072654694238,1.9969123299836877
725.0855333333335,0.5595405465044017,27.8298347607119,42.177979663864924,1.650000253613904
725.5430333333334,0.5586364060792759,27.80983451895573,42.13297237030339,1.9220504565594951
726.0007666666668,0.5577854140729925,27.78825772623484,42.09140364098816,1.8605595628817544
726.4585000000001,0.5569323958910752,27.77076360146617,42.06443369756407,1.8742768760358035
726.9162666666667,0.5560688084233534,27.752275024406536,42.02045067459345,1.950215547636092
727.3741000000001,0.5551483569732149,27.72588643371883,41.973646354530615,1.8554300802181938
727.8319666666667,0.5543723450873848,27.71053568308488,41.940875508624714,1.4354422720868023
728.2900333333334,0.5538426170447674,27.69400128147379,41.907783661131575,1.370727753484368
728.7481,0.5531300276022029,27.67512122224479,41.87244386820628,1.9465803770808154
729.2061,0.5520697028222535,27.65349471814054,41.79689292787179,2.1741857703153693
729.6642333333333,0.5511468147234213,27.63945767571575,41.72374369615525,2.109292904658851
730.1223333333332,0.5501468086657879,27.62184432836416,41.68427549526386,2.3158857669900295
730.5806333333333,0.5490419552382719,27.599221029645626,41.60772239519507,2.6008358804316956
731.0387666666664,0.547784239820267,27.5771479751748,41.54589076943629,2.299778225004408
731.4968999999999,0.546952204657946,27.558467538649452,41.49690416529217,1.8184045719852913
731.9549999999999,0.5461353088085094,27.539646831951504,41.44149316370705,1.9090979490575177
732.4132666666666,0.5452156905566035,27.516953581501248,41.37212999484143,1.5672294127767608
732.8716999999999,0.5447099482567984,27.497785472821835,41.33143293733851,1.1165067256237784
733.3301999999998,0.5442037326826041,27.48257678783945,41.28617910750549,0.9043500524157327
733.7888333333331,0.5438898917858457,27.46743125967785,41.27906480532965,1.4120713582336835
734.2477999999999,0.5429204111554341,27.456377291299123,41.22229173448963,1.8008501307663367
734.7068333333333,0.5422513882652056,27.440633059766316,41.19027614358033,1.1428376096644417
735.1659333333332,0.541885478869607,27.42314786603768,41.19001163939434,1.4557841247054875
735.6248333333333,0.5409396760501338,27.396816366192663,41.14951537677817,1.6383261190546008
736.0836666666665,0.5404075664544993,27.382069507332492,41.11925322999883,1.5072165694872244
736.5426666666666,0.5395808350778977,27.357000946640163,41.054341380190195,1.4323420047844038
737.0017666666665,0.5391197637142309,27.33364460951464,41.03922961952769,1.7688514673880293
737.4606999999999,0.5379864537570904,27.321429766771278,40.95763650830712,1.5341827851998187
737.9196000000001,0.5377326700913992,27.307323059975637,40.93895797943022,0.8657366620123582
738.3786,0.537209196667001,27.289028417735548,40.90899658018776,1.2971184320407705
738.8377333333333,0.5365613214891184,27.270800261179314,40.863809553851645,1.6974903147635239
739.2966333333334,0.5356782353292695,27.249578902839392,40.82547960335234,1.6840045518563889
739.7554333333334,0.5350480360698957,27.228876838950995,40.78913144030626,1.4047699738676036
740.2144666666666,0.5344222288134669,27.203950012216957,40.74028326335106,1.230522042469192
740.6738333333333,0.5339535371781509,27.18564073373905,40.71708547379122,1.263774371452986
741.1327666666667,0.5332951921002601,27.169604516532633,40.67714030069416,1.299590105885705
741.5936333333334,0.532733268984768,27.141202043193687,40.652502466695246,1.625168985314942
742.0542666666666,0.5317284349426366,27.114665240832622,40.587555495588134,1.6971396216638326
742.5147333333333,0.5310972933454421,27.09784307174728,40.56567122262757,1.221194514730767
742.9749666666667,0.5305333502601629,27.07965404985725,40.55293699969766,1.1453686569869133
743.435,0.5299768444240011,27.05749806918944,40.53243313391859,0.6969107514705383
743.8951333333332,0.5298272940410537,27.036963864013625,40.52711362843006,0.36515224224535725
744.3552333333332,0.5295772946746173,27.016269955447736,40.51329811596518,0.8686171838321187
744.8152666666665,0.5289692972655696,26.995016702188103,40.489902212246214,1.617295321928563
745.2754,0.5280333229237919,26.97942791407048,40.44907646575107,1.9398343916941676
745.7355333333333,0.5271265845464185,26.957705808339416,40.40205771712948,1.5534862840246166
746.1955666666667,0.5265461827949736,26.937127860032582,40.37271056363777,1.359478069798964
746.6556333333334,0.5258169202977662,26.91984757870371,40.337536537347326,1.225150199064197
747.1157000000001,0.5253570459880478,26.89851051273604,40.318510065094124,0.9910757457812576
747.5757333333335,0.5248424161627785,26.869661519656287,40.29695811163363,0.8615727525498461
748.0357666666669,0.5245050839065284,26.848415236142102,40.28524055847719,0.9492789464213781
748.4960000000001,0.5239117593022936,26.82603132605726,40.25261684446563,1.7882214064781166
748.9561333333335,0.5227992676309929,26.799307728120404,40.19443686234332,1.5865212635028618
749.4165000000002,0.5223829216295603,26.781888227274848,40.170726786575415,0.982455380435615
749.8768666666668,0.5218249158849608,26.76290358514515,40.133070494388,1.3992256581589846
750.3373333333334,0.5210216953708664,26.74522109018896,40.101626690073765,1.7820264403679469
750.7978333333334,0.5201076354332289,26.725439656498462,40.04049438678695,1.5814214191023486
751.2584333333333,0.5194836944616251,26.697390939478638,40.01551637132818,1.395064143416837
751.7189999999999,0.5187386190986784,26.676645164833054,39.98440835172103,1.6053813459276827
752.1798,0.5179203405307328,26.661933024741852,39.93586456683494,1.4766760191746586
752.6406333333332,0.5172906037312711,26.634388219248727,39.91361267463166,1.037609709400657
753.1015666666665,0.5168720657675306,26.625318189984263,39.886905177090405,0.5736064763398663
753.5625333333331,0.5166649608427671,26.606203529328024,39.87443507465321,0.6609520949730385
754.0234333333332,0.5161617907180532,26.586545819810112,39.86412352962688,0.8797784265911176
754.4839999999999,0.5157442376090475,26.569122747716502,39.84788828027137,1.2720282537368468
754.9450666666667,0.5148806556818503,26.552079515419575,39.822537614346494,1.3520722794362228
755.4042,0.5144455480567605,26.545115128397462,39.80196455111993,1.2181664871789952
755.8635333333332,0.5137403942015897,26.526875567653804,39.75541582292914,1.8107194081210938
756.3231333333332,0.512762132382799,26.50799816459851,39.7026286073426,1.494184392396488
756.7829999999999,0.5123466181119576,26.48408588746846,39.69199644532372,1.1971179374726875
757.2429999999999,0.5116380003844073,26.466264523459863,39.64221337126421,1.812580507939502
757.7029,0.5106529536899178,26.44241068026456,39.593131463851066,2.237416507952336
758.1629333333333,0.5095524801492218,26.419671745237405,39.532113850447196,2.1013646613512798
758.6231333333333,0.5086879374580384,26.400109577170205,39.47727427667958,1.2706018507712689
759.0831666666666,0.5083468333705479,26.374058065070756,39.449794618906466,1.0657993372730916
759.5431,0.5076725269459672,26.356733346829312,39.41793787555586,1.4859892483163586
760.0033666666667,0.506947778448936,26.3387417839149,39.39805088474943,1.6235302345712022
760.4635999999998,0.5061468297769806,26.316179708749786,39.34801900900713,2.115696160072015
760.9239333333333,0.5049707133672084,26.290093622115783,39.28807743681908,2.1310541158378564
761.3842666666666,0.504153574934596,26.277910631943957,39.21506773376517,2.106711335540534
761.8444,0.5029978253406848,26.25089845357311,39.14186074629763,2.0029587656025134
762.3044,0.5022780638679445,26.23388933273274,39.10645908635205,1.2264844418075107
762.7642333333333,0.5018370837835208,26.218661847613053,39.0820729745328,1.3810005663641434
763.2241333333334,0.5009702428859821,26.197085313226136,39.02841592561517,1.9220958950013523
763.6841000000001,0.500028721243614,26.178604875742124,38.97938552662611,1.5375453110432091
764.1439333333334,0.4995222381349042,26.153467897482074,38.942778535531936,1.34370144023848
764.6036666666668,0.49876241963017887,26.12803335712984,38.89180772864449,1.6131636186712062
765.0634000000001,0.49800756929477863,26.104392609699996,38.84821306843022,1.6995905924661237
765.5233,0.4971698561669247,26.084135210046302,38.805581254886896,1.5212466172034314
765.9830333333332,0.4965839498028348,26.05962405241479,38.75841005733255,1.2205848973285582
766.4427999999999,0.4960265865184024,26.041637711433342,38.718652398213294,1.294754471164742
766.9025666666665,0.49537348846961937,26.01623285764391,38.671206397031284,1.7382164851623991
767.3623999999999,0.4944093171996273,25.99845420105004,38.61623472292325,1.9646601054291317
767.8220333333333,0.49355457342612274,25.9771718213463,38.57165753698904,1.7945729195934363
768.2816666666666,0.49275285238109756,25.951997251503528,38.526754823700756,1.413866766469041
768.7412333333333,0.4922487711955581,25.925274960590514,38.49112911166125,1.157872501998884
769.2009666666665,0.49168590735330736,25.90214961451065,38.444921839113,0.7676486704414824
769.6607333333334,0.49154486569896205,25.882623332473063,38.43807050592256,0.6047948200268918
770.1204333333335,0.49113088651588127,25.863525493939285,38.40892459413015,1.0112257624334473
770.5798666666668,0.4906088007834466,25.846643063229106,38.36130229333846,0.7817918362911683
771.0390333333335,0.4904023866632256,25.827066633690016,38.37410121604626,0.4092212981888145
771.4980666666668,0.49022381978524115,25.802844038838842,38.36814764440196,0.47576069673694127
771.9568666666667,0.48995720283672267,25.78118869093393,38.35319323717014,0.5195455248116005
772.4156666666668,0.48973924794459334,25.76255038715866,38.33300036155734,0.8671642322664372
772.8745333333334,0.48915583179770444,25.737955161972742,38.313330408008184,0.8254585934219052
773.3335333333334,0.4889778692504499,25.70960103288203,38.31821595004071,0.5188497238300283
773.7924000000002,0.48867217641133387,25.691919513528372,38.301824734043905,0.49088628400791856
774.2511666666669,0.4885174621971389,25.66928673659552,38.30446645022609,0.5236174687801688
774.7098000000001,0.4881842348190679,25.66317733281763,38.2899810041313,0.9537208196683282
775.1684666666667,0.4876391274294236,25.640094901445003,38.26387871221377,0.44467660823199023
775.6271333333334,0.48777179638231666,25.622806881756983,38.28778291287747,0.2399019923315852
776.0858666666667,0.4874092929802048,25.606582589523892,38.263457834010794,1.0430439654941097
776.5450000000001,0.4868011284878558,25.58441582879944,38.23233325610671,1.235158907950144
777.0040333333335,0.48626068620102675,25.5596804572504,38.21764105276093,0.7481877377978267
777.4629000000002,0.48609359657389617,25.53976806891274,38.196049004715476,0.45293677440612073
777.9218000000001,0.4858165541584197,25.519641978536615,38.17678900554184,0.3979488000300568
778.3807333333334,0.4856996955129355,25.499931229944004,38.17304875550403,-0.004662778647213
778.8395666666668,0.48579027113453094,25.484417148337386,38.1730637216193,0.060729735366349534
779.2983,0.4856127800493938,25.46745869174629,38.14600504373191,0.35743067747959395
779.7569333333333,0.48543133980826275,25.447491655728797,38.12959151908427,0.9000244781191472
780.2155666666667,0.4847527425748019,25.429118004125037,38.111331765572515,1.1129425317416306
780.6743000000001,0.48437527534780217,25.405013745802748,38.094256620490604,0.6758276986948346
781.1328666666668,0.4840974146674169,25.383704142335006,38.076271851480826,0.4789519376206234
781.5915333333334,0.48389811228892454,25.362980974735336,38.05249898479088,0.6325999469131113
782.0504333333333,0.4834811285797832,25.34499342482446,38.01747836685596,0.8707107524716854
782.5094,0.48306572035196615,25.329691175623694,37.9883439408261,0.9412398129102735
782.9682666666668,0.48258268301774393,25.30790850906188,37.95892704116128,1.3779169273367866
783.4270333333335,0.48176586257125703,25.291067961025597,37.92934546986716,1.2742679220550022
783.8857666666668,0.4813803509625435,25.2676324034003,37.924508061384635,0.7331592034640657
784.3447666666667,0.48106934977090743,25.24943343496816,37.89874316210296,0.9402045355593746
784.8041,0.4804946736792385,25.231031029676586,37.854460476371656,1.2078656262425214
785.2636333333332,0.4799355657248478,25.21547003799576,37.81411601036302,1.107778193980106
785.7232666666665,0.4794514147471015,25.1982426051592,37.78598782070349,1.1174838604452786
786.1829666666665,0.4788815912571184,25.176636053647876,37.75151550803104,0.7732030684133936
786.6426666666665,0.47871151715987903,25.15718646886247,37.72458833648325,0.7836444536568583
787.1022999999998,0.47813056849511565,25.144819494930026,37.676221636251306,0.9674391253672013
787.5617666666665,0.4777924237754587,25.12966507985657,37.6519704749014,1.1556374327234071
788.0211333333331,0.47704543970701135,25.10948241195385,37.60310275939252,1.1192379167620616
788.480533333333,0.47674298887843813,25.0885874626337,37.580777461204754,0.498072379957837
788.9397999999998,0.4765626054037846,25.072063494034726,37.56890479621639,0.8527832525149733
789.3989333333332,0.47593541532190764,25.054683780290453,37.530365233318214,0.9929526716243584
789.8579666666665,0.4756314959808116,25.029412427353964,37.515767455144754,0.7065418827900904
790.3165999999998,0.47527435648074123,25.0166878832597,37.4953590324501,0.9178723556677629
790.7751333333332,0.47478384684183506,25.004106115209183,37.46074262891253,1.151103359530566
791.2339333333332,0.4742217838650142,24.986280313579762,37.44378643144256,1.368515881749795
791.6926333333331,0.47354307729460915,24.966025383381034,37.42762676358017,1.4589209969780024
792.1513666666664,0.47290058216138786,24.953654750461325,37.40955521768582,1.5579122372231815
792.6102666666665,0.4721333708804684,24.941196418801034,37.37660993130112,1.1489405422181482
793.0691666666664,0.4718652088998651,24.92035640072767,37.365342808700476,1.0131862812142676
793.5279333333332,0.4712218799504792,24.904552419383787,37.337082765922595,1.1506704027333794
793.9865999999998,0.4708307776486955,24.884301422010083,37.30962670239472,0.8734491528786303
794.4449999999998,0.47044110294830316,24.871542966370694,37.292181304464584,1.046518598385491
794.9035999999999,0.4698889706906252,24.853613682611766,37.26801485247303,0.9871853900006128
795.3620333333332,0.46955180837141347,24.839080478151963,37.23987778635475,1.063789007272862
795.8201999999998,0.46893000348625224,24.821964314810803,37.208470810797856,1.1422597102987393
796.2784999999999,0.4685279463104154,24.802428774218352,37.17520623948664,1.2583414263413564
796.737,0.46779781954002436,24.783380614161622,37.13757158882537,1.240219443385776
797.1955333333333,0.4674067334887319,24.760202734101178,37.09921704448907,0.941182759794207
797.654,0.46694971031156046,24.74231174823796,37.05971301539374,1.1699574765361114
798.1124666666666,0.4663473196284621,24.723790943424124,37.0332237814175,0.9874616559582731
798.5708999999999,0.46605996075188033,24.69677803178605,37.01853108085186,0.9741509950429421
799.0293666666666,0.4654693978437107,24.679879446661154,36.963426141784566,1.1746411887446684
799.4878,0.4649927389224482,24.66582694084452,36.946915579049346,1.2520242348985577
799.9461000000001,0.46433247241349007,24.649959873277204,36.91008929250922,1.3123329689868308
800.4042999999999,0.46379876187609315,24.64103361391775,36.871249530132395,1.2878671719455892
800.8624333333333,0.46315887459129323,24.62289343324262,36.82805918696079,1.4190747084440163
801.3205,0.4625056912923602,24.600323482260773,36.785553218836554,0.8706806450024531
801.7787666666666,0.46236633100923397,24.58209240659773,36.77715059790531,0.6888148865964707
802.2370999999999,0.4618770068127454,24.556722104253456,36.75257892221135,1.1152418988835326
802.6955333333332,0.4613462881319385,24.537327310927566,36.73098131719166,1.1698644146514354
803.1541,0.46080714197175987,24.52136505676756,36.699866983154216,1.3648704623312524
803.6126666666665,0.4600968657724573,24.51009938585648,36.65610599487503,1.3628082104624903
804.0712333333331,0.45955660784217106,24.489325935541345,36.63502916523017,1.1903718018871672
804.5299666666665,0.45900035659324356,24.47351774054746,36.60287558313419,1.2266035076943256
804.9887666666665,0.4584251074963929,24.455245390038485,36.57878192505537,1.183824513325954
805.4476333333332,0.45790758991344405,24.4459385798397,36.529766302461354,1.3315216372104053
805.9063666666666,0.457195119187538,24.431937465240217,36.480968855147566,1.371636675124797
806.3650999999999,0.45664365995941336,24.40855015664711,36.44405038550487,1.4380284503158087
806.8238666666665,0.45587339452158177,24.38967717480883,36.40891048945482,1.5613305253403855
807.2828333333332,0.45520669475866776,24.37280717735497,36.372340378088516,1.365686228759144
807.7418999999999,0.45461362559427715,24.358606418449636,36.33609096690647,1.3018404929377483
808.1999,0.45400369011923725,24.342027842328623,36.29438828193774,1.428300843018158
808.6601666666666,0.4532292810044797,24.326442458609637,36.252729958462396,1.7140818297190181
809.1276333333333,0.4523545222169122,24.300779515680247,36.2052519019078,1.504762958071376
809.5953333333332,0.45176713911728317,24.280308904963174,36.17332324000756,1.249254793714229
810.0627333333333,0.4511171576285295,24.268919790956286,36.15384622880753,1.1734826753924636
810.5298666666666,0.4506001469093526,24.254344345707995,36.12898991296549,1.2177321257703488
810.9969666666666,0.4499161659464351,24.241352322222667,36.08948196750342,1.346576699267717
811.4640999999999,0.44928113042456985,24.22258995258314,36.048870395989965,1.3612740635961404
811.9311666666667,0.4485828884358705,24.206660899680475,36.004413555700246,1.7021737410867488
812.3980666666668,0.4476353264335212,24.193482866181345,35.93850691727636,1.2163958715893857
812.8647000000001,0.4473825523127738,24.18014939470533,35.929179894075574,0.8171674075453106
813.3315333333334,0.44679584960815305,24.162860621922377,35.876252207673105,1.0654708099788521
813.7984666666666,0.4463112683261972,24.14194579808576,35.85487074841046,1.4116699613988017
814.2655666666667,0.44540950254195916,24.1235462063249,35.819386668086466,1.3812988741641494
814.7326666666667,0.4449536943545617,24.108079059307546,35.790499324934714,1.209630415537484
815.1997999999999,0.4442094450835923,24.09063448200232,35.73846409396117,1.5803665229001855
815.6666999999998,0.44341043765470295,24.080143307759414,35.67104414099605,1.5102079199862448
816.1336666666664,0.44272515763405684,24.064474327496956,35.61529927187826,1.5854428533414282
816.6005666666665,0.44185817636113167,24.052633296734395,35.55489666241235,1.681100285107909
817.0674999999999,0.4410861353047554,24.03308142692361,35.50245382631513,1.4865882582320147
817.5343999999998,0.440397627141175,24.009573850940324,35.46080381793423,1.2047611970636805
818.0013666666665,0.4398828506723889,23.9880103933924,35.40392115597175,1.0820883870114615
818.4682999999999,0.439304473895709,23.968097055167718,35.37094276469103,1.2930823856535358
818.935,0.43859186377056053,23.951802396263563,35.313454961655964,1.1972221806507015
819.4016666666665,0.43809738243328283,23.92863389339364,35.28815606769065,0.7672866399500692
819.8684333333332,0.4377786429029819,23.906248807919827,35.27311704570158,1.0277092539608512
820.3351999999999,0.43704073543473043,23.891320180739637,35.23332410926308,1.2094333751580626
820.8020666666666,0.4365539671152013,23.877066921830558,35.197430293166974,1.0834820085815824
821.2688666666667,0.4359345666959199,23.864165665294195,35.15225281484346,1.332625551689167
821.7356666666666,0.435219409610323,23.846116707149072,35.10309328707637,1.360901497090306
822.2037,0.4345760415331624,23.822853167429923,35.05330932029879,1.162412592758627
822.6692666666667,0.434111955727498,23.79765801847593,35.021265968608105,1.0424707974154253
823.1277666666666,0.43358516495237587,23.78435791274133,34.99181480074455,0.9861068258981918
823.5860999999999,0.43317557275522905,23.77197847583127,34.955617485880765,1.1349938162726299
824.0446333333333,0.43251228674239556,23.751188709377065,34.89334725562504,1.1633583863157437
824.5031666666666,0.4320761834410459,23.736800009781604,34.85697881906388,0.8556584890890783
824.9616,0.4316935976020561,23.715636300307274,34.84722852758524,0.9853242023536564
825.4200333333333,0.431137792008118,23.701928614941885,34.8191816756898,1.2860685272789807
825.8783333333333,0.4304795426199853,23.69037070109977,34.768819716350876,1.0127666065553003
826.3366333333333,0.4301731009087056,23.677617915253457,34.749677365533095,1.1803800874480683
826.7950666666667,0.42936292678771315,23.659400800776208,34.70650179142419,1.6244218984026741
827.2533000000001,0.4286603624500561,23.64536612269517,34.66819773004811,0.9229253138289986
827.7114000000001,0.42849581374600093,23.633241583656144,34.63819169673131,0.7373376055512824
828.1693666666666,0.42796454034924414,23.61489157092679,34.588973276950284,1.3381176228803733
828.6275333333334,0.4272529572107098,23.59716662225218,34.553093122574744,1.2668100631181902
829.0856666666668,0.4267854026211242,23.579855288051398,34.535586812564645,1.1793271672561927
829.5440666666669,0.4261553131237269,23.56251857845384,34.51550441549081,1.2876887472625203
830.002266666667,0.42559324723511766,23.547600281305343,34.49428677000771,0.9493423122929648
830.4605000000001,0.42527389706652724,23.52989740705186,34.483586704085944,0.8043737289232376
830.9186666666668,0.42484359322974435,23.516298582491075,34.46046105970971,1.0434717349174896
831.3769666666667,0.4243038692470959,23.50329663165561,34.42588863106979,1.2405173584743505
831.8353333333334,0.423692101239811,23.49364064350678,34.400492706268516,0.9937798745868771
832.2936333333333,0.423382140971087,23.482470258864403,34.370217094448755,0.8718357799842443
832.7519000000001,0.4228870718190849,23.466232261539268,34.33034876412923,1.2226618740256767
833.2103000000001,0.4222562719996833,23.444685578422867,34.285607207267205,1.2631953769849213
833.6687333333335,0.4217238229199909,23.42898442256874,34.23653856302503,1.0690998820991358
834.1272333333335,0.42127120509876126,23.411641923542515,34.19388586521917,1.325192611534402
834.5855333333334,0.4205019708556914,23.39191433409712,34.158178028144974,1.2837155623256473
835.0439000000001,0.4200875073509596,23.36614007317841,34.133628094973055,0.73629512737818
835.5022000000001,0.41982162133232714,23.346808345557545,34.106428632391705,0.9484054341117543
835.9605666666668,0.41921052784163615,23.335194822053992,34.07835855160886,1.0516671116972391
836.4192333333335,0.41885138373827707,23.319901584627154,34.04845998491773,0.8522162596680037
836.8777666666667,0.41842880438323865,23.304489268958772,34.02019292558063,1.2636951554471385
837.3362666666668,0.4176950934840294,23.284682052280086,33.9756715495793,1.2182482179963725
837.7949000000001,0.41732313779697394,23.26285519127301,33.97239003904,1.1088252349165364
838.2537,0.4166946377868884,23.241171438862587,33.9257258525712,1.408404442783921
838.7125999999998,0.4160467800250278,23.224549175441656,33.866119009285036,1.2589652102169075
839.1714333333332,0.415555519047887,23.204855646510257,33.83119894024689,1.240556669505079
839.6304999999999,0.41492012065157297,23.182700788019147,33.81146580641025,1.6407910124533278
840.0896333333332,0.4140588768696244,23.15795473219892,33.77482367245794,1.6879765091727263
840.5487333333331,0.4133815178669362,23.138132110684865,33.73168252965941,1.411908080526473
841.0080666666665,0.41277201137850744,23.121906021317496,33.69112067848951,1.5047416873320931
841.4674333333332,0.4120080910147391,23.101367673665568,33.6610565216124,1.30474430313842
841.9269666666667,0.41158033615975786,23.082106270940876,33.639365833316305,1.2242461272562437
842.3864,0.4108866668347477,23.067024995838196,33.60209333578062,1.221454442038485
842.8459999999999,0.4104641618165545,23.051430280764453,33.58867912652947,1.0028347142115719
843.3054,0.4099758537151809,23.03260374156527,33.564543037400064,1.2410265665087958
843.7647999999999,0.4093361558744617,23.01756236902896,33.52243100626009,1.4485071454340266
844.223,0.40863812093054247,23.003805997810357,33.48281810751935,1.4648585947676003
844.6853333333332,0.40792839232692446,22.98336683795569,33.44165375301818,1.258504439933272
845.1477,0.4073906743386416,22.961143978775006,33.41070026654485,0.8033047506382933
845.6101333333334,0.4071003618995113,22.942219282170633,33.37505698003993,1.0171697803148212
846.0726333333333,0.4063647815131426,22.92024076891045,33.335543237410164,1.3698863326986515
846.5353333333333,0.40574731500649347,22.90254601621845,33.301772357456215,1.064080250586876
846.9978333333332,0.4052911086268585,22.89337238380842,33.278000096542414,1.381170231888366
847.4602999999998,0.40437984156271595,22.87563129557977,33.232872705586935,1.5550555997699798
847.9226666666665,0.4037647247101928,22.860253618400094,33.19677730736643,0.9289086057820178
848.3851999999998,0.403430539090318,22.842673780006905,33.16923091465467,0.8950815515488101
848.8475999999998,0.4028462240948826,22.828305343653856,33.132071557502094,1.0809008794963806
849.3101333333333,0.40234343521697097,22.811313979597173,33.10624144719089,0.985901840898094
849.7724666666667,0.4018546221476682,22.789081864166068,33.07425347321046,0.9871192231352652
850.2347,0.4013539647728826,22.773630046149357,33.043806782204136,0.8597210301635501
850.6971666666667,0.4009769628139003,22.756719789519387,33.01459677397941,0.7999462601001152
851.1596666666668,0.4005314073791382,22.737941317445923,32.989141333143145,1.2746740889299837
851.6219666666668,0.399712917534884,22.72443959080897,32.93369316322029,1.2494619734179
852.0842666666667,0.3992896355096561,22.704873423697233,32.909824205391146,0.6939674760638838
852.5465333333334,0.3989833537140257,22.692026665489813,32.9070250743396,0.8198755939794024
853.0088000000001,0.39844512480636474,22.672464015624556,32.87083855910506,1.1920500960271565
853.4708333333334,0.39780419135629475,22.650678311115335,32.81974388131534,1.1380217901699945
853.9326666666669,0.39731744919648593,22.64346634380639,32.771937300632636,0.8284063119897784
854.3944666666669,0.39695903664775967,22.626235058444017,32.745359122652914,0.8001668068425226
854.8560666666668,0.39649829442947604,22.601664671906068,32.72308249599307,0.9740918458948682
855.3177000000002,0.3959833714970167,22.590469321144152,32.6834079942189,0.9768068528856366
855.7791333333333,0.3955222449065598,22.58142574591786,32.64852662700643,0.8258426357296492
856.2404333333334,0.39514770915275604,22.562230640497454,32.62001287424631,1.0364895776518297
856.7017999999999,0.39449569125188927,22.545770615112833,32.56586147982935,1.2521506396558042
857.1632666666666,0.393919589976542,22.528814613942515,32.53974459757237,0.9576147943864854
857.6249666666666,0.3935361071982986,22.51353337425805,32.514534356352364,1.0393559959439247
858.0878,0.3929069627705413,22.489081126098025,32.47807571944501,1.1615624294496696
858.5465333333334,0.3924685755655247,22.470847194616944,32.432237538894334,0.9716317215742492
859.0050666666667,0.3920431282930004,22.456984179269877,32.393253658307835,1.1911638734516468
859.4635666666668,0.39140280454788096,22.439759190755808,32.36654670176459,1.1307555821556736
859.9219666666667,0.3910346656695239,22.42414125804759,32.33771373184667,0.7208867316075211
860.3802666666667,0.39077196151874793,22.40370017743273,32.31887262716577,0.6954032179094627
860.8385999999999,0.3904279375238697,22.38021676253502,32.295664602550836,0.7351518329774875
861.2969333333332,0.3901302299976995,22.367707428407478,32.27623269346778,0.731919183933777
861.7551666666665,0.38978696253969225,22.345271009050443,32.26181719102892,0.9787922604059437
862.2134666666665,0.3892611448739713,22.336434910080165,32.208466896811096,0.8984206884505408
862.6718333333332,0.3889896433566238,22.318981234641434,32.194466068547655,1.1455362040970325
863.1301666666664,0.38823169240005195,22.306018689543528,32.15586940365974,1.1937457503824633
863.5885999999996,0.3879062972679205,22.29262958867103,32.1371435217156,1.0814823036341699
864.0470999999997,0.38724040142934896,22.278819034099502,32.0931616466191,1.6214189665250585
864.5054999999998,0.3864160831435449,22.26605988328528,32.048471109366936,1.415576910976211
864.9640666666664,0.3859386296169128,22.250209118433016,32.0177546501883,0.8304863215344274
865.4227666666665,0.38565127070983635,22.23648166573908,31.992080325108613,1.222538479125536
865.8814333333331,0.3848121109033478,22.231160330406873,31.956254622033576,1.8267405492873958
866.3402999999998,0.3839706403364977,22.212383695835044,31.900952128756828,1.7880436504176942
866.7991999999999,0.383169022298422,22.202246460686283,31.85921935756978,0.9446980791666225
867.2583,0.38310407763524956,22.185245137936224,31.851689823605266,0.5071473109261242
867.7176333333334,0.38270843920455666,22.16472988974658,31.841061694833492,1.2991446028742657
868.1770666666667,0.3819172810800213,22.15582225485189,31.798785754927415,1.4179730005581337
868.6365666666667,0.3814143671035064,22.143558365423928,31.75402888891095,1.3288483782842775
869.0960666666666,0.3807059842044102,22.13471357930015,31.703179712090282,1.5975732347481972
869.5555333333334,0.3799561465021865,22.1166547996952,31.66863240937734,1.3218305662078529
870.0151333333333,0.37950030755852304,22.108740532859038,31.624669766069687,1.0072376969353536
870.4747333333332,0.37903564403872786,22.091659567297533,31.59794547945669,1.4182091435695083
870.9342999999999,0.3782052514043401,22.0788962439473,31.53755211928548,1.40298083908841
871.3936666666666,0.3777529364642639,22.06553523588775,31.502033010235206,1.0403879208404
871.8531666666664,0.3772499323041532,22.055413786696647,31.44972357815923,1.3662813642225524
872.3125999999999,0.37649732792199886,22.043912107614116,31.419139168382564,1.436938212429415
872.7721999999998,0.37593384014384873,22.027736173591677,31.388699016142578,1.48286892692458
873.2318999999997,0.37513876505948623,22.013884694381545,31.340967046524764,1.6080422713933196
873.6916666666664,0.3744586659013129,21.999333567103605,31.299925890701488,1.5314412792866423
874.1515333333331,0.3737344261621702,21.993335446558742,31.265558762657168,1.865044883605747
874.6115666666666,0.372746306869407,21.977037728543035,31.197934885258093,1.6325390588294053
875.0715333333333,0.3722329051702598,21.960196406188278,31.155840644620767,1.4606635111981772
875.5314999999999,0.37140596863676284,21.9481463013734,31.095666299415342,1.7420340242017733
875.9914,0.37063690214059325,21.92076341825037,31.054435362015592,1.8970024099470482
876.4511666666667,0.3696691487300352,21.907654607541517,30.993519769265433,1.6403602934684678
876.9109333333333,0.36913997567959833,21.901462288162545,30.96089177377002,1.3955700488842775
877.3709,0.36840047222581207,21.881998913181835,30.919083017535666,1.292766954487595
877.8307666666667,0.36797060692939304,21.872809226117287,30.900282776114185,1.0063994806553604
878.2908,0.36749357762826157,21.855294170587996,30.875534290709165,0.884011016838254
878.7507,0.36716847998327673,21.847833024666677,30.859043913904927,1.1338963316691375
879.2104999999999,0.366459593117591,21.837378510884392,30.809533983002435,1.1268517182274582
879.6701666666665,0.3661389176621373,21.8177595064643,30.781051353260043,0.8267462357281077
880.1297666666666,0.3657032639756039,21.804561388584446,30.745035823492696,0.6944778878322564
880.5892999999999,0.3655002211558098,21.787493780961267,30.721354264944956,1.2349235900793103
881.0486,0.3645656298904345,21.77546386057867,30.64979597711442,1.8875239289047587
881.5077666666666,0.3637635134366155,21.7595234974241,30.58782821356544,1.234619688873863
881.9668333333333,0.36342926715420404,21.73934315168175,30.575271750557523,1.1772890598932995
882.4258999999998,0.36267481194360185,21.72378889895164,30.537523855683705,1.514371630929173
882.8847999999999,0.36202578215546594,21.694403240544588,30.49701095972719,1.2241518194890204
883.3437333333333,0.3615364282924485,21.669729579669013,30.46988723511768,1.3541284611531923
883.8027666666667,0.3607616997304164,21.641059549618863,30.42750740245305,1.4917485795683785
884.2616999999999,0.36014298302172054,21.631738675273745,30.379585579782226,0.9449379429620394
884.7205333333332,0.35986884993884255,21.60236988154245,30.355919590658623,0.8893093260653516
885.1795666666666,0.3593048024740866,21.582882426692894,30.318119537064337,1.0098878448230486
885.6385666666666,0.35892419456387453,21.558794914363343,30.304216375853468,0.7294617051488022
886.0976999999999,0.35861651999424177,21.53753613986257,30.281224578547437,0.8215926380011673
886.5568666666667,0.35814789995585056,21.522485012789364,30.260482815799303,0.7258696023526597
887.0158666666666,0.3579285214205669,21.507807798951596,30.237019793299634,0.665384325682374
887.4748666666666,0.35751533591832985,21.495516504692908,30.211510713351426,0.9426972138221376
887.9336,0.35703936431306726,21.475665577089384,30.176241189029064,0.8715420044483133
888.3924,0.3566898612374933,21.471835040246276,30.15189711890237,0.8034381722255255
888.8511,0.3562753885136176,21.455758287764038,30.125389988754293,1.0113794778447205
889.3089,0.35576407879249433,21.43711933711476,30.101265284344457,1.0671538878286222
889.7682333333333,0.35538015880768953,21.423381436756692,30.082357384059343,0.7894392861755678
890.2277666666666,0.35515021660659263,21.40841160189498,30.060908889187402,0.7394793621496404
890.6872666666666,0.35481098432566194,21.37871948114674,30.021634657202544,1.2734166402082083
891.1466333333332,0.35409009963560456,21.360809821989232,29.97446888816388,1.5675251181000958
891.6059666666666,0.35348058405479155,21.340025028083186,29.91794109893555,1.4506219094370538
892.0650333333333,0.3528733631592042,21.319110837548124,29.87236415674339,1.820653416389386
892.5240333333333,0.3519317045236451,21.29369181468437,29.806976049295454,1.7209054625951756
892.9831666666665,0.3514198376159302,21.271766678989675,29.772474983320166,1.4086206054027886
893.4424333333333,0.35076774058642324,21.251016272812876,29.719351688780765,1.3854330173499743
893.9015666666666,0.35027631719515145,21.230394577691136,29.685222611053067,1.652007948040794
894.3607999999999,0.3493794075896547,21.20917201849316,29.630249311652552,1.396247124937346
894.8200999999999,0.3491175001392688,21.195019311051254,29.63297071669247,0.8970347849425427
895.2795999999998,0.34866875650982376,21.168755657210202,29.609657112946703,1.0434791318985244
895.7392333333331,0.3482712367531424,21.14767633429015,29.57196432123372,0.8846414683123657
896.1987666666665,0.3479759999189662,21.121534556346614,29.542932872066178,0.7866386775161107
896.6584999999999,0.3476738349918721,21.107226978741647,29.530635857527983,1.2324573879046306
897.1183666666667,0.3469700409011919,21.08173093717154,29.488328489474956,1.4684774358567374
897.5779333333334,0.3464550130086763,21.067079580340934,29.458842012406347,1.6383264748434732
898.0374333333334,0.34559834886065677,21.03593128897133,29.409536774657262,1.636547873240015
898.4971666666668,0.34508773635898143,21.024820696013286,29.373258044053266,1.313426551316227
898.9567000000001,0.34452916327453115,21.004454589991276,29.34654769077428,1.4137149824420676
899.4162333333334,0.3439250351879537,20.985826849948673,29.302713673457387,1.307822490501622
899.8756333333334,0.34346333243273874,20.97849488763588,29.268130480477033,1.4433184426330257
900.3350333333335,0.34273071266134697,20.96284652040938,29.22199489419694,1.82194325603248
900.7943666666669,0.34191849544988956,20.942534081277877,29.180211940086526,1.855937318752952
901.2537333333336,0.3411549334841031,20.912820167422126,29.127230963467916,1.6054882790588958
901.7132333333335,0.3405717196310486,20.888104743216537,29.082902028422758,1.4463808022440665
902.1725666666669,0.3399560831989181,20.859000460351076,29.039938665677692,1.7469488910780966
902.6321000000002,0.3391016864906828,20.84525862617155,28.989276168596472,1.1990335800236527
903.0926333333334,0.3389589256433133,20.83003871001559,28.966785173254152,0.9074671079915276
903.5517000000001,0.3382858900271459,20.817708190024792,28.924709732096478,1.750611721738343
904.0109000000001,0.33733762800370287,20.802952632842832,28.87440353935347,1.9339514450605257
904.4700000000001,0.3364909315395686,20.779626683880142,28.83925290938026,1.1598463276540205
904.9289000000001,0.3362510505751313,20.771052544845908,28.813874304209662,1.1074084020596457
905.3877333333334,0.3354488625529502,20.74348343143105,28.774547006544324,1.5252264754179072
905.8466666666666,0.33482281834594607,20.740030283597008,28.734927975372326,1.2129746012978726
906.3055666666666,0.3343048284132256,20.73206383922353,28.696465056727565,1.1380329824166018
906.7642,0.3337440578120107,20.729484019490585,28.6599833254563,1.1558793598330213
907.2226333333333,0.33320866733414095,20.713912730550646,28.632223627437938,1.0186327463596287
907.6812333333335,0.33278060800738324,20.68636016473924,28.6125750870422,0.7501767678276261
908.1397000000001,0.33249923917347163,20.67050834064781,28.59349757851446,1.2520237920712718
908.5982666666667,0.33161322606526517,20.65810426561532,28.522068388693285,1.229046360430075
909.0567333333333,0.33135813369177103,20.64063983929748,28.500408348317357,1.004193809536976
909.5150333333333,0.33068228677994466,20.618121042451286,28.463052646950896,1.0487363725838899
909.9732333333333,0.33038207836982286,20.603260606678056,28.460129075417637,1.090839458185309
910.4313666666666,0.3296639074911479,20.575082362657312,28.414619650952513,1.3243416521908729
910.8895,0.3291512102675175,20.564651810573018,28.38167177854607,0.7662831954692807
911.3479,0.3289494266683724,20.55758051977739,28.357619871087785,0.5834826051865527
911.8064999999999,0.3286015120593163,20.545219858294637,28.329206339523793,1.0832168960181745
912.2651333333332,0.32793273235681664,20.529561446288348,28.28793162987978,1.05962524688075
912.7236999999999,0.32759650985151545,20.510102783005923,28.263250842271955,0.9685499517299613
913.1823666666666,0.3270023025352862,20.4962912672522,28.222616124490887,1.1303496794220174
913.6409999999998,0.326512022161254,20.470735980558548,28.186185563608866,1.1211218368771758
914.0995333333332,0.3259262359950628,20.448454562594094,28.14285209467399,1.0815348346493339
914.5581999999999,0.3254752845705381,20.42867474785145,28.098156411935474,0.7230144391831099
915.0166999999999,0.3252193782701112,20.416503192536133,28.081955921484436,0.7190468538982755
915.4753999999999,0.3247731699724659,20.415865917971,28.048425530159182,0.8997573718161976
915.9342,0.32435211702604766,20.40024597794171,28.022993225579793,0.6364055020130154
916.3928000000001,0.3241444318249341,20.385681159724694,28.006075306930914,0.9679299617339469
916.8512666666668,0.3234188441436951,20.369038990953097,27.958422091692928,1.274881349572486
917.3097333333334,0.3229324020498408,20.35386575108015,27.933905932426548,0.6707625243993468
917.7680333333334,0.3227645534164075,20.340753227773494,27.909387992807513,0.23875787464601347
918.2264333333335,0.3226801747513553,20.333980028782534,27.898000641425014,0.5633347238060712
918.6848333333334,0.3222219207340745,20.318441621483817,27.866874141811238,0.8150796868456415
919.1431,0.32191423809591724,20.32059787844473,27.8418009841775,0.6644815364276709
919.6014666666666,0.32159629546592955,20.308670239517216,27.805708418838297,0.6807370111428439
920.0600333333332,0.32127436728740416,20.287147722947335,27.781178356065446,0.7240744918122674
920.5187999999998,0.3209179667332173,20.263661149231414,27.762766507534792,0.5707377236689922
920.9775999999998,0.3207351389329136,20.240824884644816,27.749543568886907,0.7991169288825613
921.4363999999998,0.320160205403451,20.243553659239566,27.709476320048616,1.0221438021082923
921.8953333333333,0.3197651623453064,20.232280313965447,27.681426147070407,0.7025421251303549
922.3543666666665,0.3194812745629571,20.214118160671863,27.67211965002446,0.9019284663377924
922.8135333333332,0.3189035015474667,20.207669811001495,27.62395599667378,0.8335674703275656
923.2728999999998,0.3186815430772464,20.19605501241398,27.594181233690797,1.1225071379091085
923.732233333333,0.3178512346297653,20.194713251069434,27.523499279612853,1.1303647250106907
924.1917666666666,0.3176392301950358,20.19178579279513,27.500077514756214,0.5635009133611665
924.6514333333332,0.31732877473734245,20.18353406362367,27.458086123430625,1.047281111954231
925.1108666666665,0.31666835661957915,20.166094698987816,27.41166787051728,1.0031495615087018
925.5700333333333,0.3164015474449056,20.140835559284145,27.403291891544637,0.7582087273615312
926.0291333333333,0.31596705078914666,20.114710976860557,27.37298136254522,1.2048376143239465
926.4884666666668,0.3152972376920726,20.100006324430073,27.32587059258242,1.243548140653574
926.9477666666667,0.31483753093860134,20.080187120981495,27.30773704140211,1.2346441968728825
927.4072666666667,0.31418175395945447,20.064183678757036,27.273276685491737,1.1651092095778248
927.8669333333333,0.31378892795595714,20.04596803873687,27.239657191083584,0.9254969276931109
928.3265333333333,0.31335129248018384,20.024234358753407,27.21399217776617,1.1619331420598513
928.7861999999999,0.3127414275033994,20.000770202517128,27.174228306809777,1.30910683061737
929.2456,0.3121695904729435,19.972291513404766,27.130562741880837,1.1221871891274144
929.7048333333332,0.31173185515044427,19.95709548225803,27.114843557016897,1.3301352179156642
930.1642999999998,0.31097017969711077,19.947009235375862,27.063857846153276,1.6774640296862635
930.6237333333331,0.3102121134152295,19.929766523735946,27.018142426551787,1.349568823211302
931.0830666666664,0.3097531420710196,19.90037060565158,26.963318731431965,1.1092400449097986
931.5422333333331,0.3092162077435067,19.8719686565091,26.931862071522204,1.3355766335297004
932.0013666666665,0.30854792973400497,19.843148809193824,26.882727723600553,1.5597389227267815
932.4607666666665,0.307798250639365,19.81305881592088,26.84453131648289,1.2670460097395884
932.9203666666665,0.30739274559528607,19.795472831542007,26.829355156599284,0.9376043003240758
933.3798999999999,0.30694254889125416,19.76026692017442,26.806400259124583,1.0820490059670154
933.8393333333332,0.3064043798643998,19.739344818292604,26.773579053431103,1.3535644487710976
934.2987333333333,0.30570420357882194,19.70617707672551,26.73287409750975,1.5194839832342342
934.7582666666666,0.30501448666407466,19.706195142468275,26.68565472367246,1.473550963213414
935.2177333333334,0.30435975685408145,19.687035686558215,26.63429149374954,1.5658403386312358
935.6772666666667,0.3035861988352501,19.66249897286749,26.594125538523215,1.2723580347176893
936.1367666666667,0.30320461752602895,19.642503495630514,26.570018143776593,0.9915113128263597
936.5962666666667,0.30269032939896773,19.627207675235322,26.542342054369296,1.3352451107995138
937.0556666666668,0.30199037621018376,19.6158448174548,26.502619246671234,1.0581705017368972
937.5153,0.3017187729366731,19.592750681324542,26.48661399987088,1.190771441265041
937.9746666666666,0.30088650794424265,19.575189768618685,26.440058746552957,1.3153867232487326
938.4338666666666,0.30050376683702296,19.55091402010808,26.427447364596095,0.8149366343002599
938.8933333333333,0.30013075189528127,19.521533001641583,26.40620511106417,1.0399016426784442
939.3529666666667,0.2995401894325142,19.517588498423315,26.357795316017917,1.12838639211972
939.8126333333335,0.2990879088785446,19.508103755065974,26.32924490276939,0.9596955527381453
940.2723333333334,0.29865304183035934,19.484387210100554,26.308697852987112,0.8356569604726214
940.7320666666668,0.2983150744542523,19.46885973923025,26.278030005473735,1.0769578243989921
941.1916000000001,0.2976640057987048,19.4437519803613,26.23693626528423,0.9479541103252165
941.6509666666668,0.29745120915438944,19.417703355098226,26.23540543296247,0.7842638951617665
942.1104666666668,0.2969501189821923,19.394361061421193,26.207724925199745,1.0049664706908006
942.5699666666667,0.2965336924369408,19.37684468612499,26.201552460471774,1.022971179148694
943.0295666666667,0.2960167051789513,19.35153251035642,26.18113488679273,1.2577797306998963
943.4893666666667,0.2953836562103573,19.32451290995062,26.126218496340922,0.9827202509593049
943.9492333333333,0.2951223630992499,19.27928734138931,26.127224804310682,0.6026780179601159
944.4091666666668,0.29484382848373825,19.2505559588579,26.10063149039066,0.9809918419426708
944.8692666666667,0.2942327302287512,19.234409511232837,26.092093315985856,1.3399175953608624
945.3293666666668,0.29362148756308315,19.208474075943073,26.065501024645794,1.1494282216854277
945.7893333333335,0.2931834602605766,19.190878989398445,26.046000069300664,0.8950468027326706
946.2490333333335,0.2928087788274514,19.169970481158575,26.032084532195086,0.9432100979417382
946.7086666666669,0.2923315808502938,19.134803275520834,26.00203169355873,1.0669321128270108
947.1681333333336,0.2918442594733726,19.116044680360623,25.984730228843436,1.2405035514751863
947.6275000000002,0.2912102950197801,19.091873566799862,25.943522227649403,1.2004321093568358
948.0866666666667,0.29076098508086207,19.075453416727658,25.89880724603772,1.1208080332114843
948.5458666666667,0.29019982149010076,19.035009050679086,25.860497467611317,1.1706071991974207
949.0049,0.2897058847517297,19.003011243426588,25.83428662554759,0.9592051297170038
949.4637333333334,0.28933940675866016,18.987748768803538,25.805152102431332,0.9130133616881938
949.9225000000001,0.2888869759797569,18.960056115748248,25.7960150505773,1.239809373300832
950.3811,0.2882218862510117,18.934183115406338,25.770830298374204,1.4076599048014542
950.8397333333334,0.2876181291287462,18.910023438625892,25.74268628477837,1.2676760870028523
951.2983666666667,0.2870820672257222,18.879860460461146,25.724397166070652,0.7997540664943846
951.7570333333333,0.2869042480887213,18.855419181554094,25.70995675524005,0.7924551744862338
952.2158333333332,0.28636930111157227,18.83952516581616,25.676855564320057,1.2545489578589013
952.6745666666666,0.28576832301690785,18.81865820770863,25.651604760449064,1.0462042493992998
953.1330999999998,0.2854223770364149,18.79497898884142,25.638296902382223,0.558640108855087
953.5916666666665,0.28527036977707626,18.77306765368089,25.62025827161449,0.5579983339694023
954.0502333333333,0.2849247496957853,18.755515967098432,25.599479063699732,0.8719175472976237
954.5088666666667,0.28448163764192813,18.73614323696398,25.584484905870305,0.7353854112248221
954.9675999999998,0.2842556615202778,18.72964789266507,25.560100990076023,0.9135119401630161
955.4264666666664,0.2836439681965553,18.722151663534152,25.510624251763353,0.9111595011225806
955.8851999999997,0.283420362533856,18.70674467546963,25.501442594075144,0.798183316401189
956.3439999999997,0.28291082388151273,18.696582826228955,25.460935095912124,0.9044772163000628
956.8027666666663,0.28258707700481744,18.6808035437128,25.436908283297846,0.8218260137248578
957.2614999999996,0.2821506790042974,18.675254924389428,25.403596607057672,0.9336443170375666
957.719933333333,0.281717856090174,18.660159994125532,25.35902680747707,0.7569284961940036
958.1784999999996,0.28143830094708794,18.647834903781447,25.345342323663786,0.6558635704046301
958.6368666666663,0.28109970293653186,18.623448458006028,25.30451161594534,0.8476500699328352
959.095533333333,0.28064782931462584,18.609020500464506,25.255508237966858,1.176356410944242
959.5543999999996,0.280009605671012,18.605380590771336,25.200184959190768,1.2104794196814501
960.0132999999996,0.27952666268604165,18.592765933687172,25.16270641377703,1.1261696730803312
960.4721666666662,0.27896323677086204,18.576837651197025,25.120706621345235,0.9463908996993656
960.9311666666663,0.2786446937290578,18.554617777882072,25.092423313712192,0.41015999945231957
961.3904666666664,0.27857118213788734,18.54207815060138,25.100450088019304,0.5365928443777238
961.8500666666663,0.2781340622311339,18.529171823499265,25.08721682715186,0.8049139467808348
962.3095666666665,0.2778090875607483,18.517511742186148,25.070005782574313,0.6196025036537655
962.7693666666664,0.27754036052338676,18.508218327367796,25.06864157451881,0.7728711439745923
963.2291666666664,0.27707790121533565,18.490119286289566,25.037977515080076,0.8804324663715297
963.6887999999999,0.2767093319918781,18.477970796802474,24.988932721052905,0.8149477184031306
964.1484999999999,0.27629938266504533,18.46190181680985,24.955635316084706,0.9265533880748467
964.6080999999999,0.2758247150727396,18.44441038020891,24.913754887642593,0.8985290666070215
965.0678,0.27544272540860354,18.42918122888995,24.880189961369158,0.81343698127704
965.5277000000001,0.27504803461218474,18.405130564418105,24.854965088530626,0.762102572331963
965.9875666666668,0.274714858097716,18.38424308610238,24.832410339211272,0.7047083057953727
966.4474333333335,0.2743733791630907,18.36906087712867,24.804151980091664,0.6874334017636691
966.9073000000001,0.2740556058022132,18.35515696868147,24.791023079936416,0.9170915430805467
967.3671666666668,0.27349875292906733,18.343324457979524,24.75851739095192,1.2595922634701757
967.8267666666667,0.2728662657547959,18.325245723636975,24.72745645340296,1.3103584140828761
968.2863333333333,0.2722649521407242,18.309700010890595,24.685411814256884,1.1901803384125038
968.7460333333333,0.2717426336894628,18.285039860730517,24.658666827080168,1.0433816521063897
969.2055999999999,0.2712742752461099,18.263047285432705,24.63815675064836,1.1944985040361218
969.6650666666666,0.27061539738516144,18.24513888767172,24.591219338982803,1.2199696038275016
970.1245999999999,0.27012486091135035,18.225779784095646,24.536636214179943,1.1288829172958812
970.5841333333333,0.26955036638642776,18.21328919544606,24.51415997155154,1.004069527892735
971.0434333333332,0.26917896810110165,18.18847793597393,24.489770671576807,0.8385343200525752
971.5027333333331,0.268761825198303,18.176654357021082,24.469435205479403,0.9544091972930121
971.961933333333,0.2682845163208269,18.15979836012637,24.44791171972404,0.9419482165645031
972.4210666666663,0.2678782818293667,18.15383498004178,24.42167118148193,0.8694000133570541
972.8801999999997,0.26746725435139096,18.13922463332465,24.408828653433368,0.8237692889942249
973.3390999999997,0.26710076920113507,18.11184968264226,24.394068351170624,0.6871105281627469
973.7981666666664,0.26681351794273533,18.092511305229046,24.378936900705224,0.7142187916772327
974.2572999999996,0.266422126422481,18.073268411127646,24.3417454078267,0.9973443298402328
974.716533333333,0.265874908740025,18.064228474150163,24.306521576017815,1.09095774344267
975.1756999999998,0.2653983527728938,18.045394435033867,24.263191689963296,0.9249918667752081
975.6345999999999,0.2650106717670808,18.02257795829627,24.22743696083152,0.9439089145355609
976.0935,0.2645251716398673,18.000892444122357,24.197389073009596,1.0147409629702175
976.5522,0.2640734187318436,17.980181206274494,24.14506516572164,0.9027464692112462
977.0111333333333,0.26368618572872854,17.959839737823568,24.121308004522184,1.0979648300375768
977.4703333333333,0.26305519850031417,17.941092089371832,24.101192852128964,1.0253323718417102
977.9294000000001,0.26274033548684306,17.92075721452901,24.074782054262684,0.7182896843532941
978.3886666666668,0.2623932964593616,17.90089412293421,24.061998645297965,0.8627560550324874
978.8478000000001,0.261942939945664,17.88382927425221,24.037588536903254,1.154765252533348
979.3066333333335,0.2613286599094781,17.873463928970178,24.00942854124033,1.4894689744449203
979.765466666667,0.26057127646746914,17.85828354738698,23.95931195432658,1.1484644262194492
980.2241333333335,0.2602644994898096,17.844209483995947,23.94668422390698,1.106624624555315
980.6829666666669,0.2595440659287682,17.82352000018431,23.888145134067084,1.2105765241961497
981.1417333333336,0.25914674538859933,17.8047934253044,23.860134777624342,0.7881305119995794
981.6009000000004,0.25881155931698874,17.78674821033453,23.83781274453094,0.86024822235235
982.0601000000003,0.2583451026277528,17.763118489850545,23.80603903297878,0.8138412039005968
982.5190666666668,0.258047428442478,17.745183625930185,23.799066994916554,0.9151015013225369
982.9779000000001,0.257489200562924,17.729581071969704,23.763126374512723,1.059068654170614
983.4368000000002,0.257060221942338,17.71858241442895,23.73664528823674,0.6889683367537093
983.8956333333334,0.25684273354199944,17.705080554036833,23.7371946850092,0.7656472721220832
984.3546333333335,0.2563428981186786,17.68608885754856,23.693431691197095,1.1771863051293021
984.8138666666667,0.25574465506108507,17.670479319220043,23.66170146663538,1.1518363032751944
985.2732000000001,0.2552655684063243,17.653090052127244,23.631425363079327,0.9778288186040743
985.7324666666667,0.25482795538151315,17.641673519769675,23.595549296392612,0.6204202276012724
986.1917666666667,0.25467540083235196,17.621280855118744,23.588705596259672,0.34528359533831765
986.6508666666666,0.2544889876971327,17.605601493659968,23.574998987353485,0.7679944219818288
987.1100666666665,0.2539525730859097,17.591950236842447,23.534734778003116,1.3457302394275208
987.5692999999999,0.25323800850141015,17.57786484043441,23.46613478555509,1.3014742823014034
988.0286,0.25274177220793287,17.56154395519304,23.450218670799853,1.079831480077931
988.4879,0.25223045190362964,17.54119685455208,23.409469649150505,1.128439195208686
988.9472333333333,0.2516896353533508,17.529298629801772,23.384419276276677,0.8630969685622586
989.4068000000001,0.2514176073997162,17.51353961388098,23.376890053162143,0.6361903510687603
989.8663333333334,0.25108381517015843,17.503547992248258,23.358076889417166,0.9934118698573486
990.3259666666667,0.25048240355101775,17.49176939060042,23.320934787211,0.9379222504344047
990.7855333333333,0.25019992935171653,17.47898071779176,23.28821902313863,0.7046540091293978
991.2448999999999,0.24981545942740604,17.465350879823603,23.25311368210959,0.7898518063840562
991.7044999999999,0.24945631644362654,17.45240900625704,23.225222860784353,0.6693907902011259
992.1641666666666,0.24918361663337038,17.4360679530151,23.196403441789425,0.7863167503701323
992.6239333333332,0.24871763363014557,17.424462673697082,23.167337895166355,0.7698105698728805
993.0838999999999,0.2484554825924382,17.41167511397105,23.1386379654205,0.34802196439159266
993.5438666666664,0.24837653813670488,17.39832859040898,23.136929127586153,0.5919250919340794
994.0039999999998,0.2478964880780334,17.380401909089418,23.10705039324174,0.5178178809367532
994.464133333333,0.2478904836182422,17.36577974554141,23.098271637657767,0.5244910156861774
994.9243666666664,0.24739922864434027,17.353222309491596,23.080894736793265,0.6616186378711102
995.3841999999997,0.24725875350485402,17.343069317264824,23.055633632958607,0.3435794309400699
995.8439666666665,0.24705403684120936,17.333506057133896,23.037345396929513,0.6437896165525497
996.3037666666664,0.24664212723786447,17.31942708360498,22.99855950279329,0.35151415971817285
996.7638666666664,0.2467120763902998,17.30405671223848,22.99823896033668,0.09513565209628043
997.224133333333,0.2465383753965169,17.282398561758317,22.988204713768944,0.5978571463846298
997.6843999999999,0.24614696428999006,17.26291463423961,22.957048531577904,0.5316000949041091
998.1445333333332,0.24603556697280043,17.241478116158607,22.954604616105144,0.061772793139769286
998.6043999999999,0.24607791767182605,17.22658153818138,22.95809204364105,0.10441643962016399
999.0643333333333,0.24593037618991076,17.211578597665024,22.93980363483271,0.4580241736439117
999.5243333333333,0.24564894360238115,17.192161168097698,22.92562395492305,0.8020261103694563
999.9843666666666,0.2451867019325048,17.177548762617285,22.89458321209041,0.854871838181753
1000.4443333333332,0.24485734058392902,17.16044732303516,22.8705819245633,0.5757224549868469
1000.9044666666666,0.24464704773425103,17.143076321452916,22.86510523500062,0.2324865200063826
1001.3643999999999,0.24462822935280526,17.128087552940475,22.877120497102702,0.024942069103672825
1001.8242999999999,0.24460834791090166,17.113961602277513,22.870087080465286,-0.0012750168510045515
1002.2839999999999,0.24461385993318238,17.097496917666028,22.868078089546675,0.1840524818176388
1002.7436333333333,0.24442184844857606,17.078711597932788,22.858446681498656,0.3006933023555499
1003.2032666666665,0.24431978254640332,17.064282816329236,22.846016304978345,0.4441367821961418
1003.6630333333334,0.24399611012330544,17.04520280916975,22.832981222792466,0.388350017601045
1004.1229,0.2439483116091121,17.02737063486107,22.84958645522073,-0.03032624073626516
1004.5828666666665,0.24401318171460978,17.010573789314833,22.863927901641002,-0.036886178777946955
1005.0428666666664,0.24397571672663354,16.993140896323673,22.856888628016257,0.341805652443683
1005.5027666666665,0.24369141897897972,16.972164680615297,22.839480541898162,0.5316003514700907
1005.9623333333332,0.24347454063993829,16.959004284979162,22.827097160598136,0.289254351005234
1006.4216333333333,0.24341086508787826,16.94553252492041,22.823363970857258,0.16650043003215334
1006.8809666666665,0.24330823203931762,16.930102324352447,22.81832507287598,0.15792040950171984
1007.3400666666665,0.24325127375228672,16.911460236191324,22.822287348857763,0.15854837227659752
1007.7991666666665,0.24314543038342926,16.895862735529455,22.811718836978777,0.3910748219694431
1008.2580999999998,0.24287320122925482,16.881009160902984,22.78597379362339,0.20611935767273135
1008.7167666666664,0.24294027872605847,16.861884940685503,22.79132357380364,0.21598140888072956
1009.1753999999999,0.24266953663177782,16.84300973448198,22.778313675465586,0.4384183527732455
1009.6340999999999,0.2425383518301007,16.828135837451935,22.77890277270889,0.21560641279542714
1010.0926999999997,0.2424716134704564,16.81346762751257,22.783348317799078,0.4293325548664407
1010.5511999999998,0.24213801195492832,16.800038047786767,22.770808438078014,0.5873189347650891
1011.0096666666664,0.2419224190963433,16.788817775556723,22.754957180482116,0.3205844853856425
1011.468033333333,0.24183436621561677,16.774315835076752,22.7639093620079,0.3002949629948126
1011.9264999999997,0.24163730286547888,16.76422566951259,22.7493073350775,0.42551182869431936
1012.3852666666663,0.24143425327835105,16.744806266187908,22.744065005768057,0.3609099120748693
1012.8440666666664,0.24129668924048686,16.73113316772161,22.750499360759676,0.12637871263302405
1013.3027333333331,0.2413085804492472,16.720549739975688,22.753068501027858,0.08873326412591011
1013.7613999999998,0.241204512340707,16.70426877492909,22.74019887446289,0.23133861169779932
1014.2200999999998,0.24108585165183552,16.69121075450658,22.73622382703244,0.30910447100876054
1014.6787333333332,0.2409116733595085,16.676776144572763,22.72329655614533,0.4414076530432779
1015.1375999999998,0.24067484174301143,16.664054104270516,22.715976130911013,0.44446195153812024
1015.596433333333,0.2404976577508341,16.649109412586757,22.700418052144197,0.4009731712440587
1016.0554999999997,0.2402995119522486,16.635541357295295,22.70331010615564,0.3962063574988776
1016.5146333333331,0.2401271094588804,16.621403159804988,22.685706713271745,0.43124958593986534
1016.9737666666665,0.2398957956501503,16.603601083922708,22.68006342468853,0.175445128515017
1017.4328999999998,0.23995771491279133,16.590319558632835,22.67755156883907,0.1450799369733191
1017.8919999999998,0.2397502980471972,16.576126708209035,22.651770642821013,0.8469459627392113
1018.3508333333332,0.23916170227272296,16.563652304239643,22.6163819992993,0.9207497710264568
1018.8098666666666,0.2388826474330003,16.55150083312067,22.588607648840476,0.5523142173421489
1019.2686666666666,0.23863940643609305,16.542705728470583,22.580837425406973,0.41668920750622956
1019.7277333333334,0.23849846629970675,16.522577089707806,22.565730913833878,0.3643480105646079
1020.1870333333334,0.23830704632276448,16.505940263686856,22.552212883806654,0.47131327874880447
1020.6463000000001,0.23806773241369097,16.492735869210588,22.534263758481348,0.703343769073809
1021.1055333333335,0.23766553579145872,16.48069577911187,22.504916671728292,0.46241633188611914
1021.5646333333335,0.2376510581794992,16.468889000955443,22.504550774804727,0.47294498896343895
1022.0239666666669,0.23723448577750916,16.448566936600418,22.488844741021502,0.9904374333076975
1022.4832666666667,0.23674035188225956,16.438008313677322,22.44687873419317,0.7307779992803863
1022.9428333333334,0.23656554453684703,16.42202896384392,22.433626648949094,0.2724334988717648
1023.4021333333334,0.236498132156575,16.41043205273185,22.425436681070124,0.20959713407824973
1023.8617,0.23638301452905505,16.393913530041342,22.402121590624247,0.3403150621724814
1024.3212333333333,0.2361945202813077,16.377071073535145,22.383171241622662,0.3945908404889591
1024.7805333333333,0.23602825520213255,16.361702666055102,22.38085707506906,0.40087740976840475
1025.2397333333333,0.23583370449351135,16.347682025942483,22.359148295787495,0.313447273245222
1025.6987,0.23574827828151565,16.332313969532432,22.350367188042483,0.17985617690365055
1026.1574666666666,0.2356759927326085,16.329092457392942,22.34232407272911,0.2903957698858438
1026.6159999999998,0.23548918589936446,16.3152223642084,22.3251716413226,0.4784940574000943
1027.0746333333332,0.23524439255227608,16.293840802223528,22.307518311782385,0.36360746315292525
1027.5331333333331,0.2351628256432721,16.28436534290793,22.310750766354182,0.4213708372844283
1027.9914999999999,0.2348668221355741,16.267842160853768,22.301333122755782,0.21903579329614156
1028.4498666666666,0.2349780203990348,16.256141025827,22.306745993273278,-0.09796449296387474
1028.9081666666666,0.23497317924613492,16.247024246116023,22.305053124159482,0.12973761148145171
1029.3664333333331,0.2348750601617277,16.240912276976445,22.30269625552652,0.29833179132302645
1029.8243999999997,0.23471740420804235,16.22598788999711,22.278369218384825,0.2699022230192777
1030.2823666666666,0.2346477934770509,16.21352310983631,22.27069563960097,0.29981105712210404
1030.7403666666664,0.23446276816844636,16.20395864183431,22.266099503787306,0.5863048575381862
1031.1981999999998,0.23413088887237982,16.1900788812816,22.22874333613486,0.4043074897981753
1031.655833333333,0.23411653898960796,16.18154170196146,22.23360101042044,0.06912167113531846
1032.1137999999999,0.23409283232901854,16.165980926766707,22.23090854079829,-0.0023144650731831817
1032.5714666666665,0.23413720985054096,16.15227412040127,22.2412994512756,-0.011980232844560578
1033.0293333333332,0.23411205645141173,16.13821909877935,22.233915181113673,-0.0412525439133004
1033.4871333333333,0.2341763889296615,16.13325897124282,22.24772747611333,0.03366847557074814
1033.9449,0.23408084069536897,16.11995925932518,22.238377202304356,0.22259314982533698
1034.4026333333331,0.23397083772979696,16.103553822094117,22.237026383173045,0.012200425592735325
1034.8605666666665,0.23406752460749872,16.094094448577398,22.232848597885283,0.2532035850621432
1035.3185999999998,0.233735179040012,16.081795610048268,22.205125690918074,0.4435154974699263
1035.7764666666665,0.23366376730811225,16.076367532182175,22.205166037435482,0.012751641402743676
1036.2346,0.23373601798625632,16.06386192734946,22.206444279625217,0.24314831949839305
1036.6926666666666,0.23345162831768082,16.057808057065998,22.18299548403479,0.7741388194738852
1037.1509333333333,0.23303108910538164,16.04361788755567,22.152115837491476,0.5623965052828509
1037.609,0.2329355183087839,16.035377669686003,22.147970515907463,0.23921036331525097
1038.0670333333333,0.23280826015482137,16.029769291489277,22.13603295016575,0.515384061089802
1038.5253666666667,0.23245875262897092,16.023279037299655,22.10520057718988,0.6392461713179078
1038.983866666667,0.232215967557777,16.01072660273573,22.089394759218184,0.5450359694424469
1039.4425333333336,0.23195311697595414,15.996108667149109,22.069969426840892,0.5604600001656421
1039.9011,0.2316963609119875,15.979592571326807,22.049008169736776,0.6690534701113832
1040.3599333333334,0.23133101522391583,15.96845137889549,22.024282561413333,0.8154397326344431
1040.8187333333333,0.2309382916835578,15.958143930862844,22.002572040330683,0.7754974660384143
1041.2777,0.23061160719325421,15.94411270288105,21.98338371605345,0.5579195895214819
1041.7368000000001,0.23041752277763358,15.933130995467085,21.955104170584796,0.6179552297152918
1042.1957000000002,0.23003012715430074,15.92475786578085,21.916396849591738,0.5040652674607524
1042.6544666666668,0.22993952496223286,15.911102448795843,21.899456065467046,0.3762119112977903
1043.1134000000002,0.2296655826470055,15.889410628320702,21.87272456394978,0.5692382770612773
1043.5724333333333,0.22939541374332836,15.880441949193647,21.85637247299708,0.6722936193752277
1044.0312000000001,0.2290262326715632,15.86651388790942,21.843853392683027,0.45293873238617394
1044.4897333333333,0.22895705123860877,15.857617237151718,21.836944400146095,0.2516467616106586
1044.9485333333332,0.22876363402922245,15.84899541705696,21.83508397422553,0.6652598723097933
1045.4075333333333,0.22831027231688095,15.831001215792678,21.80031392188514,0.6236683295459233
1045.8664666666666,0.22815834508659097,15.821763088269686,21.775945934036233,0.6340446324968673
1046.3254666666667,0.2277051135641658,15.810421848057917,21.7377324083329,0.5269495909840761
1046.7846,0.22765840433362794,15.800685141704022,21.741739898579166,0.5541800247219482
1047.2438333333334,0.22717729924275945,15.79049977358132,21.70527881795045,0.8607018400851346
1047.7031333333332,0.2268471408154268,15.787669642642138,21.687196067064153,0.7192711231247779
1048.1623,0.22649734976123187,15.77626991512409,21.653683823168933,0.7483531371751507
1048.6215666666665,0.22614303763781113,15.761517136467132,21.63397059273351,0.7896636897624681
1049.0809,0.2257554209048693,15.747317079593508,21.610898006603474,0.6458381049719936
1049.5400999999997,0.2255285346372308,15.739127880035365,21.58830726321878,0.6420579902489897
1049.9990999999998,0.22513974416819246,15.729640838716971,21.56693156430708,0.8567117915679842
1050.4579999999999,0.22471424565310802,15.716652824044791,21.545921579246073,0.615537131903085
1050.9166999999998,0.22454705405281317,15.710338661234744,21.529514420162055,0.6747610207646665
1051.3755999999998,0.22407104285679078,15.697353980912993,21.497521683621265,0.8260433611814146
1051.8346,0.22376933964693216,15.683334271646737,21.4718658511206,0.3644150819141775
1052.2933999999998,0.2237190931442471,15.671561732264637,21.458122923576425,0.36865223305973627
1052.7521333333334,0.22341568335187767,15.6652959477837,21.445222933339195,0.5237125700694695
1053.2107666666666,0.2232226792625993,15.658986061939729,21.431866036770987,0.5532615151031113
1053.6696333333334,0.2228898176894303,15.64531542640671,21.411950944444843,0.3899042673450647
1054.1284,0.22284814599002647,15.631630291371053,21.394110584109647,0.25249124018582964
1054.5873333333334,0.22264098329144963,15.62226488618706,21.376708745711962,0.57512072839687
1055.0461333333335,0.22229987935022547,15.610710431104259,21.35505662246464,0.6824743840024803
1055.5050000000003,0.22199341051011162,15.599343657853815,21.328910898945814,0.48901350876388583
1055.963866666667,0.22182749922086784,15.583858278864263,21.324912408687936,0.689287475097781
1056.4227000000003,0.22133735883603842,15.573908804370541,21.29651719598649,0.9882050447647376
1056.8813666666667,0.22090331063706814,15.566328592161618,21.2725148447877,0.8436191967281199
1057.34,0.2205469682764875,15.551185049449177,21.256009448589012,0.5361751144314069
1057.7989,0.2203958575833349,15.536043231430535,21.237450886996722,0.593523057041903
1058.2577333333334,0.21998957075136338,15.523138511185945,21.195090406110044,0.6474202862979532
1058.7164666666667,0.21979626412709594,15.50821417362994,21.188446387695205,0.2642419253903516
1059.1752333333334,0.21974504136858397,15.490736941897843,21.17683251193159,0.49989390430172553
1059.6339999999998,0.21933360089663656,15.478631320286128,21.159515541290826,0.5968210153758453
1060.0927000000001,0.21918407851674876,15.469969351393845,21.160359065084716,0.4309397978746115
1060.5511666666666,0.21891997165667373,15.464709185050845,21.132836691917134,0.5792434137976596
1061.0093666666664,0.21863500370755465,15.45466469221752,21.117498901655566,0.4237534356687492
1061.4673333333333,0.21851496015595417,15.43737199634749,21.095747660321397,0.323010622647471
1061.9253999999999,0.21832100826121267,15.429497888437966,21.0862968145353,0.5978356283184051
1062.3832333333332,0.21794626828084518,15.418797854274741,21.053110347490264,0.36393577776150654
1062.8408999999997,0.2179669731662437,15.404132035096797,21.0467461175181,0.23421549608212877
1063.2988333333333,0.2177126194919067,15.393112499988401,21.034891948203665,0.44606692956895566
1063.7567333333334,0.21753671188122767,15.380459932760715,21.01929833929724,0.2787504808343249
1064.2146333333335,0.21743496751108668,15.368067525432764,21.006554907283657,0.2938095953785746
1064.6728,0.21724658724869056,15.35191507649888,20.99171230713735,0.4840748573065277
1065.1309333333334,0.21697236508873943,15.345936167971534,20.973084894309448,0.6740541387735796
1065.5891333333334,0.21660940005968038,15.337291241315887,20.952785183464055,0.8880850782961321
1066.0475999999999,0.21613786087375428,15.32997197235149,20.93054638328032,0.8893458704043936
1066.5062666666668,0.21577270096371196,15.311840427359058,20.883924683067658,0.6941707648373402
1066.9649,0.215476361581905,15.302481891681008,20.852344327157144,0.4466846936968435
1067.4234333333332,0.21533874377660053,15.292144008544692,20.835734369209163,0.4312238402928437
1067.8817666666666,0.215057565072306,15.288473688305128,20.824534726984357,0.6637953905890623
1068.3399666666667,0.21470784656380076,15.284141668703995,20.7909800168258,0.5603201499402853
1068.7981,0.2145209514267988,15.27430022635649,20.7786736653534,0.22970248930278364
1069.2561333333333,0.2144715835812838,15.268379447473569,20.783075828843174,0.452258122503472
1069.7142000000001,0.21408399761035438,15.257664427104755,20.76121645201703,0.7489922757945576
1070.1724000000002,0.21376515554207415,15.244742305479361,20.73115136123853,0.45686725095178865
1070.6306,0.21364363093264838,15.232637844637589,20.714250034384865,0.24653459355399407
1071.0888333333332,0.21351780243603333,15.228096407796759,20.68796753086375,0.4499632650623559
1071.546833333333,0.2132082123382549,15.21820771800952,20.66322310948098,0.551416524588849
1072.0050999999999,0.21298921504823773,15.212709154873615,20.65259208464099,0.26855581184829214
1072.4632333333332,0.2129390488308922,15.206437624915791,20.63441868899442,0.2922903270109837
1072.9211666666667,0.21269714583090857,15.200123862466823,20.628295431731093,0.2644024604776436
1073.3789333333334,0.2126737453893662,15.191167298419433,20.63261905400517,0.20406245570181067
1073.8369000000002,0.21249025459604984,15.179027621638198,20.620305087114527,0.4420500483111155
1074.2950333333335,0.21224933469138255,15.159124368913572,20.61385616479854,0.6092439880641481
1074.7531333333336,0.21191460508191978,15.138688258555783,20.587614887284406,0.5532132103829522
1075.2112666666667,0.21172691238558877,15.125440776585029,20.575535647108797,0.5104848053196932
1075.6692666666668,0.2114355797637834,15.109091891296973,20.546209600218493,0.4744467070460417
1076.1272333333336,0.21128265951322234,15.096176123642545,20.53184130982305,0.6233604357203556
1076.585366666667,0.21085215435123528,15.085030789434501,20.504924331134994,0.4632659775596339
1077.0435666666667,0.2108512139152666,15.073492510818019,20.495411305242406,0.18967472904017624
1077.5018333333333,0.2106786332803562,15.063663497686413,20.480948694579407,0.5120816530563326
1077.9600666666668,0.21038366485934556,15.061897586625728,20.4640455967645,0.5910626252442088
1078.4180666666668,0.21013871548090196,15.054817475592424,20.454799814534418,0.3354443409026594
1078.8761666666667,0.21007819253841073,15.038674514738853,20.45227364793233,0.2558896953062264
1079.3339666666668,0.2099085831428303,15.026382768034189,20.4356875858743,0.22482264911944017
1079.7917000000002,0.20988003851763454,15.008490080347736,20.425522403367168,0.12491068412973373
1080.2491666666667,0.2098061695348106,14.997585570639123,20.429221656873118,0.465097989159762
1080.7068666666667,0.20947044022164044,14.987542842947919,20.40520922443355,0.6200254070245593
1081.1644666666668,0.20925301392011048,14.982962580700002,20.391371507055947,0.8064260811121068
1081.6221666666665,0.20874622341231241,14.968049146883253,20.355424449681834,0.6914345807772486
1082.0798333333332,0.20863562145461848,14.95013001196751,20.348753234206008,0.49122190407766747
1082.5378333333335,0.20831337590944482,14.933244393415887,20.322099943826363,0.8377360879892446
1082.9960666666668,0.2078879519460407,14.914577285698849,20.29327811017888,0.7653844512513063
1083.4543333333334,0.20763176262092403,14.90765217366152,20.263554976635117,0.7084654498706332
1083.9127666666666,0.20725296711258184,14.894859413781342,20.229055502004837,0.83390499729455
1084.371133333333,0.20687637439308282,14.889430636094996,20.194598326116594,0.7107908083952852
1084.8294999999998,0.206609395212283,14.88368251980342,20.186540057266605,0.4514869744882459
1085.2878333333333,0.20646942591044418,14.887761922050133,20.177287157933886,0.575888710850504
1085.7459333333331,0.20608689580523318,14.87157301638271,20.13375515580962,1.1555933545707533
1086.2041000000002,0.20541695941963437,14.861238668024983,20.09658715504843,1.2896956013626095
1086.6622333333332,0.20491291847123635,14.850967375491253,20.057618034980766,1.1622917199422824
1087.1203999999998,0.2043601135602884,14.842219950170426,20.009616388418642,1.1810615958675608
1087.5784333333334,0.20383996389307205,14.826492929620732,19.970290704358252,1.1300616760643063
1088.0365,0.20333417172860108,14.815033831195683,19.92749969949788,0.8714861218421024
1088.4947,0.20304830912951474,14.807060767499815,19.889038360604882,0.9068771015685579
1088.9528,0.20250802740633797,14.80145258698635,19.838192516319914,0.858821634295403
1089.4111666666668,0.2022637798613117,14.792608842481007,19.828486574524767,0.6869688500962267
1089.869566666667,0.2018806814932149,14.789033974163758,19.807989369486144,0.736870258401278
1090.3277666666668,0.20159362060275518,14.7826932777257,19.785547413023355,0.8622195312643116
1090.7857000000001,0.2010939417736602,14.769332965232287,19.751862135195637,0.8922594477867207
1091.2436333333335,0.2007757905300817,14.75053297679143,19.72167770721805,0.8654118099086376
1091.7017000000003,0.20029749337345604,14.737806428955189,19.68874504154287,1.0602605915558172
1092.1598000000004,0.19979772025651057,14.7217473155442,19.650886784291583,0.9724094682590113
1092.6179000000002,0.19940201109547745,14.717690082357763,19.630045130823415,0.8747935243655821
1093.0760000000002,0.1989938661475363,14.709362035898748,19.61026205725906,0.9644793977686343
1093.5338666666669,0.1985136016691353,14.70246886937908,19.580446300744324,0.9388660371834131
1093.9917333333333,0.19812582044471355,14.695755113044644,19.549283035738164,0.6763760553115616
1094.4494,0.19788547545621954,14.684762184295227,19.536050643470144,0.5910704840274249
1094.9071666666669,0.19757893791513131,14.667639623520829,19.51548354769718,0.6115930466438445
1095.3648666666668,0.19732349735325985,14.656657992302472,19.49955305172193,0.46024435680466214
1095.8228,0.19716361724301068,14.650563471210338,19.489188924097267,0.39605897264948886
1096.2807666666665,0.1969702869407792,14.645258111221297,19.471947163439562,0.7504284745467448
1096.7385333333332,0.19648699423764146,14.643574242975289,19.43357026195249,0.9308277916317055
1097.1962666666664,0.19612671040678348,14.625178667949807,19.408011455026728,0.44936968603171523
1097.6539666666665,0.19608926909109337,14.61902127864682,19.415331485485957,0.6300571893192377
1098.1118666666664,0.19556820545746154,14.605254903575556,19.38791465894825,1.0573280750453504
1098.5699333333332,0.19513899303386265,14.584342707320522,19.351852257418347,0.9326028616287279
1099.0282333333332,0.19473534043138277,14.56754512647631,19.3192136879145,1.0537196898680408
1099.486733333333,0.19419397272930478,14.556581313436377,19.290800454464755,0.934128157261597
1099.9450999999997,0.1938933512642725,14.548442664255889,19.266812045405082,0.48491740208140094
1100.4033999999995,0.19376185264461876,14.543209895920093,19.24857519569263,0.5854995590975436
1100.8617999999997,0.193363446937579,14.530954687099786,19.213882031519574,0.6797791382648882
1101.3202666666664,0.193142651124986,14.528012120203991,19.185675686232866,0.37169560959481873
1101.7787666666666,0.19302758752136132,14.520401554587279,19.168260521489948,0.42709232904551614
1102.2371333333333,0.1927601472046736,14.511294985008647,19.166351701606487,0.4725739396982492
1102.6955666666668,0.19260430482512197,14.498805697116545,19.158223447317816,0.4376397950289851
1103.153833333333,0.19236742987148547,14.484094506317476,19.14273574432594,0.7083288024375282
1103.6120333333329,0.1919647481378673,14.466435509605716,19.10794076133193,0.6851535304201527
1104.0701999999997,0.19175007642016126,14.459148028731557,19.083250899377035,0.40481638553843136
1104.5284,0.1916025084598455,14.445293493490516,19.06309047719333,0.5979028398945596
1104.9866,0.19120988445658554,14.435661857798571,19.042193097572,0.4398207272013724
1105.4446333333333,0.19120828511033616,14.419204618650648,19.02957213338276,0.2044313431178308
1105.9027666666668,0.1910317856828795,14.411846533647092,19.001304664605204,0.48188305344231236
1106.3609333333334,0.19077495761648816,14.392608923824389,18.973386782885687,0.3924291662396237
1106.8192,0.19067678095446355,14.378097513040784,18.96216871361489,0.1522794782824152
1107.2774,0.19063819125337753,14.363798995446734,18.952112110851147,0.2639489099164579
1107.7356,0.19043746724184835,14.351187718670335,18.93067130637996,0.41935924842152283
1108.1938666666665,0.19025873554796338,14.337295732487709,18.914337901107768,0.37653276044313067
1108.6522333333332,0.19009831726380005,14.328347449465152,18.895364302689437,0.2691396870789444
1109.1109333333332,0.19001255084329513,14.308994432246209,18.884232319736643,0.5414532856885738
1109.5693999999999,0.1895923137897579,14.291201770123376,18.86104187708997,0.6985303422873506
1110.0277999999998,0.1893646245077973,14.27680326808809,18.850498921028073,0.20381897387356354
1110.4860999999999,0.1893985188183355,14.264857363035922,18.84352258526412,0.051267641467590455
1110.944433333333,0.18931147850221608,14.257424552643066,18.84026659312058,0.42577554254142613
1111.4025666666666,0.18900156305597562,14.243880008018582,18.818109792122588,0.29202269939374587
1111.8607,0.1890388119614405,14.234724310871124,18.81776323886197,0.0849360587887733
1112.3188,0.1889200612530631,14.219882695650986,18.813295092970044,0.44015805090535576
1112.7769333333335,0.18862849065354986,14.204154346539775,18.791922394110095,0.38892590733647553
1113.2350666666669,0.18855598008522445,14.190957211090721,18.790173035265028,0.2868978058417082
1113.6933333333334,0.18836287066221533,14.168413384437404,18.77102839647817,0.4256614595269299
1114.1516333333334,0.18816400969665062,14.158446305508749,18.7530095901399,0.178703935990419
1114.6097333333335,0.18820164831359454,14.140798412294773,18.757520099535423,0.44168977664175535
1115.0678333333333,0.18776260001540865,14.120021317566609,18.733463103310523,0.9694266199228104
1115.5258999999999,0.1873171729838259,14.106771338495651,18.703766161833617,0.8949641818311789
1115.9839999999997,0.1869444447193147,14.096411947808829,18.670543043443647,0.8052200619154544
1116.4420666666667,0.1865797100498305,14.088349776012159,18.64946844558921,0.6303693896937764
1116.9002666666668,0.18636775678068793,14.087920050720838,18.631894949644646,0.4303480114726866
1117.3585333333333,0.18618703852520338,14.080308724353802,18.6199823983914,0.6871585486688778
1117.8167999999998,0.18573984626101153,14.065491296002623,18.597576645150014,1.1438847547254791
1118.2750333333333,0.1851434984857732,14.058338416792736,18.562213228585694,1.176486437957841
1118.7333333333333,0.1846679079858506,14.047399293533566,18.528293203432337,0.9087403991605191
1119.1915999999999,0.18431471586706882,14.030185762109637,18.510454501598435,0.3774622083247425
1119.6497666666667,0.1843259015886898,14.011897782669134,18.505639126202524,0.3496799273392092
1120.1076333333333,0.18399918923496267,14.003244855072298,18.487297406372733,0.9475158869170444
1120.5655333333334,0.1834633972751523,13.990486313092788,18.434611308580024,1.2354624940265724
1121.0235333333333,0.18287294045794805,13.97735001855498,18.392902520299124,1.2335785813390123
1121.4814999999996,0.1823404195325825,13.965107510011117,18.361911530564885,1.2752163254379818
1121.9396333333332,0.18171201772867296,13.952469534645692,18.323013003125673,1.556958016659727
1122.3978,0.18092031591541374,13.939839674799863,18.273624665942357,1.352317926419007
1122.8559333333333,0.1804834552562973,13.936553245754455,18.237852669242727,0.8318752927573881
1123.3140666666666,0.18017380255180807,13.92627619283926,18.2051151739539,1.1613674079293081
1123.7719666666667,0.17943434006363063,13.920290016760305,18.147033492783237,1.4398494865781672
1124.2300666666665,0.1788729808253798,13.905622320733292,18.10706426870515,1.501084409478021
1124.6881,0.17808320054417626,13.890750820520005,18.057018531089625,1.56632430971224
1125.1461000000002,0.1774644448797243,13.87367096376839,18.009732418637974,1.2922825293853621
1125.6041666666667,0.17692563010629433,13.856219467386206,17.962805906134616,1.2962186931761308
1126.0619666666666,0.17630548972364277,13.847245542905409,17.9162858108954,1.3181682076716008
1126.5194999999999,0.17574785456904435,13.836309064689639,17.863217023857526,1.1759510415591203
1126.9768333333334,0.17525945188293218,13.819789031564556,17.818298533771443,1.2364196329579222
1127.4343333333334,0.17464390830445406,13.814116199105039,17.77856161414403,1.2223395636300391
1127.8918,0.17416229669204095,13.794805122552487,17.74619269389217,1.2261649884351422
1128.3491666666669,0.17354420299735943,13.780553562979676,17.70150473819293,1.021589517205299
1128.8064333333334,0.17325340499499065,13.774801445532754,17.672701069696107,0.7328313029298067
1129.2637,0.17289857204619433,13.765312821222492,17.640426814650258,0.8350325614478312
1129.720933333333,0.17251386293952717,13.750642070513763,17.614610543865165,1.0671223467618842
1130.1781333333329,0.17194823548569607,13.738797491028473,17.568250637296938,1.3610148670140323
1130.6354333333331,0.17129637165039707,13.728471344128614,17.52052987706309,1.2159631633619283
1131.0929333333331,0.17086087308915576,13.711700767799103,17.476034949799164,0.9102640015313791
1131.5505666666666,0.17048798261101222,13.700770016988377,17.434761926062688,0.9660098592234712
1132.0084,0.16999861492993315,13.697455009171973,17.405651587017957,0.5922316422821399
1132.4661,0.1699608781504158,13.69199845935178,17.39779859651776,0.6603831787383393
1132.9239333333333,0.16940886162505733,13.684443191160918,17.357874199610194,1.3226446670854617
1133.3816999999997,0.16876414493732175,13.681231279612732,17.31836092028106,1.26395757251723
1133.8394666666663,0.1682634799833579,13.66820789121364,17.269407126102607,0.9570884270699028
1134.2970999999998,0.16789902449096727,13.654950272949014,17.247884998690687,0.8190334759105468
1134.7546666666665,0.167525904370848,13.647785318098881,17.210707431932104,0.7912632688074509
1135.2125333333333,0.16718359691253534,13.639675536859091,17.187459477082303,0.7629037800991361
1135.6704,0.16683327093353367,13.633296629407337,17.155494783720044,0.6123446080370529
1136.1282666666666,0.166629895316383,13.618607894046605,17.129964674678725,0.7330902024562695
1136.5861,0.16616727860320354,13.603777563748462,17.091275120562255,0.939939603048968
1137.0439,0.16576884507266154,13.588302363128166,17.065294508948284,0.7565504323918142
1137.5016999999998,0.16547273522227168,13.571004546758843,17.03781875034715,0.6344449928255906
1137.9593,0.16517998382493404,13.548212890023626,17.007601436446038,0.571871556080718
1138.4172333333336,0.16492680040459512,13.539584679850723,16.986023791688016,0.25038028492503916
1138.8754000000001,0.16492623543257373,13.532166997937516,16.977156963679153,0.4447555572702441
1139.3335000000002,0.16449565011646483,13.523409728851178,16.95886589300442,0.47110346142157167
1139.7916666666667,0.16445749807759558,13.507994482746101,16.95263220018851,0.3834509809765139
1140.2498666666665,0.16410504072018717,13.49015819130644,16.931977004388195,0.6735406405871235
1140.7082666666665,0.1638050342558066,13.487570593162364,16.9206620030287,0.37086386975157903
1141.1665333333335,0.16373338432410342,13.468127057024224,16.899356072022627,0.3889463833965675
1141.6248000000003,0.16342404848296435,13.457144944215704,16.87110717645466,0.674475632105171
1142.0830666666668,0.16309219264623476,13.44566585875617,16.848853601989557,0.48621432472086545
1142.5414,0.16295711111101818,13.424870206417424,16.836628336057128,0.4708235920754745
1142.9995333333334,0.16264088377110145,13.409418360821206,16.823805369834723,0.5544352226803689
1143.4577,0.162428256171536,13.39330614822313,16.807376305084585,0.25664973022625404
1143.9158666666667,0.1623824508478764,13.3727644743499,16.804515183088657,0.38463349020824616
1144.374,0.1620432529667603,13.346399728753829,16.780154462271874,0.6237364537979379
1144.8319333333334,0.16177208424094366,13.331906862514645,16.761533367866235,0.6280741459897932
1145.2899999999997,0.16142601672000537,13.31894653108366,16.733993541887013,0.5276668684666641
1145.7478666666666,0.16124729889755599,13.2906756262468,16.716648053268507,0.6971474683607131
1146.2057666666667,0.16075280459371033,13.26923983401356,16.678276752195924,0.6818747502238062
1146.6638,0.16059085145763718,13.26338188883371,16.651668284410274,0.463156599986673
1147.1219666666666,0.16029916097824365,13.241875208558156,16.64036093736927,0.4297707607556693
1147.5802,0.16016770992412777,13.228468992454536,16.62719508258504,0.471245102494583
1148.0384333333334,0.15983904605204316,13.224570504520953,16.60207510611705,0.5747860725796546
1148.4969333333331,0.15961807714782308,13.21020518301703,16.596500005916084,0.24951511145707436
1148.9551666666669,0.15958995239142115,13.191589348773272,16.584208988067726,0.32459265627401235
1149.4131333333335,0.1593021807306342,13.169747301560564,16.566255050716478,0.636756615397574
1149.8711333333335,0.1589929257798025,13.152426469750296,16.548695015865892,0.5571769806979672
1150.3291000000002,0.15877882614773067,13.131867639673581,16.53300590629737,0.2753206723194669
1150.7871333333335,0.1587285856429254,13.11906612056036,16.524537869267633,0.24820251452095468
1151.2453333333335,0.1585345110813025,13.109526023071302,16.510517254030432,0.5535954632007022
1151.7035333333336,0.1582007553337801,13.10168836398988,16.491343306426344,0.47965306702579635
1152.1614666666671,0.1580825106290603,13.085358513563556,16.474572997628812,0.721943189115772
1152.6193000000003,0.15752554306760996,13.064292832234754,16.43356401091917,0.7912095696905356
1153.077166666667,0.1573427653905792,13.05026080718334,16.403983354759582,0.6694506441796689
1153.5350333333336,0.1569069488336149,13.042653587330173,16.364356811162818,0.7132429098779008
1153.9931333333334,0.1566816297901533,13.025499649619519,16.350802225971584,0.8029456956979828
1154.451266666667,0.15615634687655197,13.012950294216992,16.303910389756048,0.837533502430879
1154.9094,0.15589559847338944,13.009324552289502,16.28837832158531,0.7106521011309551
1155.367733333333,0.1554851987709417,12.997428734129826,16.26394492167073,0.8924717752914701
1155.8261333333332,0.15505657215743626,12.988386125187782,16.22951704871485,1.1766342211982983
1156.2846666666665,0.15438419615080712,12.979677764418035,16.187535171654503,1.2070203249575
1156.7434666666666,0.15392672375865754,12.966610962570545,16.15167585060329,0.8320658110811617
1157.2025,0.15359908665519087,12.957700870965882,16.11016842561946,1.0692496293907772
1157.6616666666666,0.15292909578640002,12.943543667033198,16.06829926688418,0.9235010904480914
1158.1205666666665,0.1527393044811355,12.935925043174894,16.048121581530175,0.5830846082860276
1158.5797333333333,0.15238086268741238,12.926292821377759,16.02999698101625,0.6661649507310538
1159.0387,0.15211590809026165,12.919594191128136,16.023235085328288,0.5612868508938488
1159.4979333333335,0.1518542587030464,12.908195519045233,15.997623024031148,0.5513825648920353
1159.9570666666668,0.151595481205185,12.895260709298789,15.974469797729206,0.7022909341297326
1160.4161000000001,0.1511937281628783,12.879163428226187,15.955314726438731,0.7067870799299797
1160.8753000000002,0.1509338401944492,12.876390449567008,15.928702650006539,0.7861531502633765
1161.3345000000002,0.15046416306329555,12.867144578856275,15.898792626082527,0.7261200338357967
1161.7939666666666,0.15025940223570136,12.850054294939644,15.885827211014066,0.5914475994981904
1162.2531999999999,0.1499088241111495,12.839107965881867,15.851891795599737,1.04174713612012
1162.7124333333331,0.14929224251137263,12.828806546317784,15.814264226643223,0.816606144299074
1163.1716333333334,0.14914568709599033,12.826405736616,15.796292930066894,0.3836916004034713
1163.6306666666667,0.1489173951756284,12.812584261543131,15.771537169462091,0.6650653922775963
1164.0897333333335,0.14851020919211078,12.80963046214659,15.746686338607997,1.3322058756436141
1164.5488333333333,0.1476709941706457,12.802137207512034,15.683739524476335,1.2174251462308021
1165.0077666666666,0.14737040462774417,12.78925353068877,15.662846612030688,0.7235763572037459
1165.4668,0.1469863507201596,12.784569458173102,15.643715534889477,0.7584583967165167
1165.9260333333332,0.14665543522815216,12.774443642955477,15.614631658901974,0.5956729254710846
1166.3854000000001,0.14642170176305022,12.774769972407286,15.601610226766212,0.6539403982028226
1166.8445333333332,0.14603875626327473,12.76275953836123,15.584929186182855,0.818873880857554
1167.3037666666667,0.14565642839489598,12.753129694456238,15.562150952530507,0.7489621924478281
1167.7627333333332,0.14534258786028517,12.751904382584947,15.544692297506856,0.3680755708007327
1168.2216666666666,0.1453137518417383,12.733168582150672,15.53632052500689,0.5361996384372745
1168.6806666666666,0.14484879982130786,12.7214340668261,15.497487054112147,0.8580008968918603
1169.1395666666667,0.14452529576449288,12.704106913931469,15.476351607543528,0.5352344729814533
1169.5984333333333,0.14435568828282508,12.694464257646707,15.460255439866943,0.34815888077952833
1170.0570666666667,0.14420191849038766,12.680597620419606,15.444090926742144,0.2505481212997197
1170.5154333333332,0.14412087222017422,12.665254017235497,15.431031159303371,0.4239158027509062
1170.9736333333335,0.1438052862318846,12.656633593702791,15.418536908751477,0.4219100522099746
1171.4318666666668,0.14372290413935182,12.647660880473422,15.40118765709477,0.3605543956527623
1171.8900666666668,0.14346582117168244,12.636666463133887,15.375176014924891,0.4221410282844367
1172.3482000000004,0.14333241428112697,12.625175054419623,15.357118880589995,0.48811987557321646
1172.806266666667,0.14301980183751886,12.605380886741086,15.332775396190186,0.6131801105880287
1173.2640666666668,0.14277329690596086,12.590852211268672,15.311627710563693,0.6937896707127095
1173.7219333333333,0.1423892706987626,12.5830969388625,15.295662857423585,0.69664503609628
1174.1797333333334,0.14214289059411492,12.569558214153398,15.271260158583265,0.7969398608620207
1174.6373666666664,0.14166352049910344,12.553083283255951,15.23899360446529,0.863375925978821
1175.0949666666663,0.14135120755589545,12.54379971079717,15.212793952905386,0.7391145952405473
1175.5523999999996,0.14098350143683025,12.532071441522248,15.18668338346649,0.7088116863221813
1176.0097999999998,0.14069701124655204,12.516136034091058,15.172928549498403,0.42374262797022116
1176.4672333333333,0.14058853450192216,12.505308745921031,15.161230314371211,0.6309180705101382
1176.925,0.14010965993234983,12.484345903542746,15.13199167471479,0.9476980473706753
1177.3826333333332,0.1397085032062688,12.48085058113072,15.1079101560153,0.8220747905176488
1177.840233333333,0.13934386250242944,12.474384939386699,15.083966407805471,0.5224851763733181
1178.2976999999996,0.13921591355323512,12.46103024882993,15.074556487069584,0.41654321875736855
1178.7551666666664,0.1389500953913452,12.45151163201986,15.05571518022322,0.5141231805970925
1179.2128666666663,0.13873379200319175,12.442239321556903,15.034789166048967,0.6340945312327974
1179.6703333333332,0.13835879682169197,12.424361893858,15.014621644007887,0.8015770728195443
1180.1276333333333,0.13798992779410194,12.404428391657026,14.992132497420448,0.453460372565038
1180.5849,0.13793033667508606,12.389433792710856,14.991394156102443,0.3596504719665809
1181.0420333333334,0.13764641383061113,12.36822035977184,14.969854679692778,0.5615205657963881
1181.4991666666665,0.13740217826463644,12.359761578761017,14.94321267751007,0.5558423903677057
1181.956333333333,0.1371225093938707,12.344289879681941,14.937852351438067,0.39348811612823875
1182.4134333333332,0.13702733650159452,12.329499204768771,14.933869502514764,0.35210594167703535
1182.8704999999998,0.13678752270697772,12.315308260418634,14.904141316973826,0.39482829266059943
1183.3276333333333,0.13665277700319964,12.296341356636448,14.896185170086358,0.4165064598100372
1183.7850666666668,0.13638856873959385,12.281118937505921,14.872861519674686,0.7810446722607695
1184.2425666666668,0.13591799977875382,12.276673473428803,14.839966355387313,0.9014043620678887
1184.7001,0.13554464490509113,12.258265275791022,14.815968978315667,0.9840693961655962
1185.1576333333333,0.13499784122648814,12.242844083094976,14.784916075803995,1.0761375517552405
1185.6153,0.13454021863594148,12.224024898290148,14.758170980551748,1.0863399497150659
1186.0730333333333,0.13398230515787043,12.21070536717042,14.725541852898038,0.7347941263728961
1186.531,0.13384420690074478,12.195121004591282,14.705462407480368,0.4867416984067508
1186.9890666666668,0.13351640722811334,12.180671965242801,14.679232359548148,0.9041657562483688
1187.4474000000002,0.13299273920905835,12.167221202559306,14.635484387522403,0.9354615571125583
1187.9059333333335,0.13263455597323137,12.150189714689848,14.615568575566996,0.6717923653063118
1188.3643333333334,0.13235616933804806,12.133004665390127,14.594127919087983,0.35151857896430116
1188.8228666666669,0.13229403559910738,12.112489122485803,14.59088212947525,0.26144721978133195
1189.2814,0.13209990785057896,12.09280916675813,14.5740421570079,0.5263544021717117
1189.740033333333,0.13179601231815155,12.081123096405928,14.550615771160807,0.6224279288034169
1190.1988666666664,0.1315155994663208,12.059274527918404,14.530783572658917,0.3004238811760661
1190.6573666666663,0.13150928289198696,12.053076068599145,14.527594443330665,0.08611824501075588
1191.1158999999996,0.13142937276529604,12.034699801189332,14.520735777150062,-0.024349910060698504
1191.574433333333,0.13152788299109408,12.015673340214738,14.520727209392456,-0.040914328008105176
1192.0332333333329,0.1314645905530937,12.003141231914153,14.522049207707264,0.34167882332508864
1192.4920999999997,0.13121277527635644,11.989213889310069,14.495840529182784,0.47695900414932985
1192.9507666666664,0.13102673846650795,11.970112119355306,14.476706300888187,0.21138452861296597
1193.4097333333334,0.13101733696783804,11.965317944702274,14.468869059538298,0.30096669903040824
1193.8687000000002,0.13075043340171816,11.952234516279054,14.446943900115041,0.7306317766950399
1194.3277000000003,0.13034769560160758,11.941409262403992,14.410395680841722,0.5289715687819931
1194.7867333333336,0.13026365061734954,11.937365677448273,14.404695697487917,0.3727449649525427
1195.246,0.1299966317030352,11.919935654237529,14.388380474488878,0.3709327772097166
1195.7050333333334,0.12990805061235855,11.917316425315649,14.366463010057215,0.49148416795689964
1196.1642333333334,0.12952284574231868,11.901453635946263,14.343865938682871,0.42752419987105156
1196.6236,0.12949018602961387,11.887794709447837,14.341666189223933,0.2839398703955749
1197.0829999999999,0.12924089313692716,11.873519060424174,14.326468037617964,0.4384898856370787
1197.542333333333,0.12907111651838707,11.868139288434335,14.319545727026117,0.1200488437390984
1198.0017999999998,0.1291163053656173,11.844920197327205,14.323048683728215,0.023950930386644902
1198.4611666666665,0.12903783657383266,11.83956307988119,14.309723031448346,0.06355421775245305
1198.9204333333332,0.12904794997287627,11.828719033254728,14.304697245334689,0.24239101933007934
1199.3796333333332,0.12880707994656435,11.817970744069521,14.284701262750037,0.1379321998476161
1199.8385333333335,0.1289131567835637,11.806171971467297,14.286683150092367,0.41326790310627076
1200.2974666666669,0.12840786182556152,11.800797605153742,14.257610251537205,0.609357542537726
1200.7565666666667,0.12832948047289386,11.790619721353783,14.263738830826481,0.1718523678116081
1201.2153666666668,0.12823733890559363,11.774523506489292,14.252413591708377,0.2897709408405474
1201.6741000000002,0.12805668134049072,11.762589739560351,14.233139086965512,0.3165521092766233
1202.1328666666668,0.12793705388443813,11.74721031086518,14.216705508734547,0.4297706836508754
1202.5916000000002,0.12765033857376357,11.738744047887371,14.193498333685413,0.38786815267318664
1203.0503000000003,0.1275673376455069,11.724812473465029,14.187382006980807,0.3194991386320326
1203.5092000000002,0.12733946219539402,11.709334596306029,14.164829594762852,0.4729205234136196
1203.9680000000003,0.1271119453100949,11.69580621484229,14.149884377847359,0.4521390600165338
1204.4270333333336,0.12690541881951992,11.681297149336618,14.125987704846278,0.5855008082460809
1204.8863333333336,0.12655549440360175,11.670754133395551,14.092007970046236,0.9060819086110633
1205.3456,0.12605212347284359,11.657543200421859,14.049177275910225,0.8821194403086622
1205.8049333333333,0.12572589684096208,11.65251924711791,14.011440311182398,0.6217366894022551
1206.2642,0.12546418258759987,11.632275829171082,13.991241510201608,0.644586495184495
1206.723433333333,0.12511712950449777,11.62314160542629,13.97620941200935,0.7613463602840672
1207.1824666666664,0.124747556333342,11.609638783553153,13.951127300815244,0.42840765879895054
1207.6413666666663,0.12470278493383484,11.59584789729501,13.94268866120715,0.032098975314737106
1208.100233333333,0.12469704085130953,11.583842218857658,13.936249480017644,0.48894195506888327
1208.5591333333332,0.12423572511825162,11.564187978658948,13.895266353243109,0.6681195861850239
1209.0177999999999,0.12407210230260553,11.548199135920303,13.88130368082393,0.6400419406698165
1209.4765333333332,0.12364150347241944,11.53690329099044,13.855275331286405,0.5526393212159344
1209.9349666666667,0.12356445784086559,11.519177084193412,13.844068231070453,0.5309065398135581
1210.3932,0.12315474109567258,11.516264986812248,13.8217440115545,0.8344592173222771
1210.8513666666665,0.12279649672892237,11.515324917953835,13.796485953516743,0.5368502940513118
1211.3093666666668,0.12265994343982257,11.500679132389353,13.778635027880545,0.6021888525578287
1211.7671666666668,0.12224192126231624,11.492599892170546,13.744216362028476,0.7852807427461573
1212.2249666666667,0.12193502469640062,11.474568759662372,13.725174029880497,0.5959362267470318
1212.6827333333333,0.1216896873164056,11.460539164540437,13.704306350934926,0.42253448590662174
1213.1405666666667,0.12154093313576139,11.45668882515762,13.695212440002292,0.6430096639138904
1213.5984666666666,0.12109554199393976,11.4421360537162,13.663531445543331,0.48942244656367717
1214.0563333333334,0.12110025191511886,11.424168036101365,13.663106028429976,0.4720177895380308
1214.5140333333334,0.12067357159303177,11.407853716829226,13.62355934126069,0.6699498560634282
1214.9719,0.12048831672886263,11.389246335898209,13.613379432489358,0.403406077999649
1215.4298666666666,0.12030294622567793,11.389311333154751,13.599661915946806,0.5573148422583551
1215.8877666666665,0.11997983403636761,11.389814487669259,13.578741120831113,0.6924266167185804
1216.3455333333334,0.11967134693765506,11.377269410498142,13.557075158904063,0.7193204618192643
1216.8033333333333,0.1193230617622638,11.366733147962233,13.51913254972486,0.5584704585138156
1217.2610666666667,0.11916564468577709,11.359754144480451,13.510324337125363,0.4103820869553882
1217.7187000000001,0.11895606303454906,11.353264206488838,13.489694826042387,0.6999394711647537
1218.1761,0.11853319457708726,11.335904601180863,13.468090984393502,0.6677081363841875
1218.6332666666665,0.11835515211394662,11.32200955620071,13.462499684222056,0.3491517939368698
1219.0905666666665,0.11822431814901577,11.31947731188807,13.453835962433594,0.2810597118344096
1219.5475333333331,0.11810551270959019,11.30413881236642,13.440083985938047,0.24948569360983408
1220.0044999999998,0.11800065691978809,11.29875515524124,13.425279271525866,0.13242960716732202
1220.4614666666664,0.11798895298080016,11.278629743565327,13.418161343787665,0.15798369730798262
1220.9183,0.11786143407360454,11.274824851895936,13.414955030687109,0.4847986878112789
1221.3751666666667,0.11755174291122569,11.269295000333681,13.38912917869419,0.7132164389325684
1221.8321666666666,0.11721716973731199,11.253437986987572,13.367612538572114,0.44801863257019336
1222.2894,0.11715038591789166,11.248963176876659,13.372407138685647,0.280323625757219
1222.746633333333,0.11696997734944733,11.233561333359459,13.356588662382094,0.27757441638732994
1223.2038666666663,0.11690671292425354,11.212759521607257,13.345816623796578,0.35759997437348007
1223.6611999999998,0.11665410142968788,11.207983607591222,13.321802332457885,0.4611787407086971
1224.1185999999998,0.11649670055256563,11.190619482515485,13.304264267986918,0.26582458358036887
1224.5762666666665,0.11642284378675011,11.16806828199369,13.292637004335406,0.4424860143689673
1225.0340333333331,0.11610348822363079,11.156732272856297,13.261736601656184,0.4733241706809868
1225.4918333333333,0.11599971579350635,11.143666572573371,13.266161828938333,0.3798380606515379
1225.9496000000001,0.11576654015451793,11.12873841528001,13.250329366774338,0.4071377765552044
1226.4075,0.11563991784092376,11.115985771385809,13.238878923846034,0.22916827759101677
1226.8655666666666,0.11557029477034308,11.093152823468102,13.236319800898883,0.08916110883553181
1227.3235666666667,0.11557197594792368,11.085267314186483,13.23042523284489,0.31565768815005374
1227.7813666666664,0.11529383078046478,11.080450783773035,13.207503618510307,0.2827180186624505
1228.2393,0.1153284495198896,11.075374612863586,13.202384643277828,0.08549523740178128
1228.697333333333,0.11523022236767577,11.070616439669601,13.191418013062954,0.24511281403770024
1229.1552666666666,0.11511585200816654,11.05330885665919,13.175698561799278,0.04524095853116697
1229.6134333333332,0.11519829779764965,11.037527982144157,13.173184097421753,0.12518113132102038
1230.0717333333334,0.1150111631918507,11.020961808939697,13.158924149876805,0.42829562519271214
1230.5302000000001,0.1148170908296686,11.007664490363647,13.152133802991006,0.38666500249927094
1230.9884333333337,0.1146675084019293,10.993188260959364,13.138420545348396,0.42451068228363426
1231.4467000000002,0.11443809186300308,11.000856979418918,13.122485874397846,0.45749272064084984
1231.905,0.11425766686896349,10.990086980756963,13.107754034435528,0.3546805398331437
1232.3632666666665,0.11412101694141036,10.987728960930328,13.095803191896712,0.3262412372653386
1232.8214999999998,0.11396544104561158,10.970404172384859,13.084178427590745,0.43727243309126695
1233.2797999999998,0.11372843234338248,10.962238648179998,13.07467642909161,0.3856625798853545
1233.7382666666665,0.11362123183082544,10.948711788058228,13.068272391847099,0.3449549761512359
1234.1968333333332,0.11342126714713849,10.938747267660359,13.050342273075684,0.428247306890619
1234.6554666666666,0.11323724715563807,10.91819997584157,13.03238574092747,0.29983871315270066
1235.1143333333334,0.113154163525059,10.901597968095789,13.028741206932295,0.23608543363279602
1235.5732000000003,0.11302699711047962,10.89592724867467,13.020268954527447,0.2585534275622289
1236.031966666667,0.11292340666213198,10.881804497574333,13.01025591179309,0.3668917299213632
1236.490966666667,0.11269497262163002,10.872733604363258,12.99081808192021,0.5447978706638942
1236.9502000000002,0.11242730780030924,10.865399437185825,12.974659970136022,0.5883405117226512
1237.4096000000004,0.11215863470640831,10.854921483513394,12.960731328699968,0.6229474359858701
1237.8689333333336,0.111858972966661,10.840400360387635,12.932570041537168,0.5587361715419541
1238.3279666666667,0.11164732876822207,10.839265136249727,12.91556341172043,0.29231242143431063
1238.7868666666668,0.11158992115327582,10.827742932629532,12.922786626628977,0.23234940305394647
1239.2458333333334,0.11143350828093647,10.82847377670851,12.900547234321088,0.19162367214151982
1239.7048666666667,0.11141202103714162,10.82365992221193,12.892826202560947,0.20513258249159477
1240.1638666666668,0.11124095885007136,10.821327430656345,12.880762507667956,0.33316899793563165
1240.6226000000001,0.11110062529790049,10.830508831023408,12.86703190919506,0.4788792552175396
1241.0814000000003,0.11079527154055817,10.816964073542822,12.838759815070956,0.39426982131435484
1241.5402666666666,0.1107326505566053,10.814491224032006,12.829164045031005,0.2314457928636142
1241.9990666666667,0.11057220507625438,10.803281241660393,12.819508364819015,0.16243903540587074
1242.4576333333334,0.11057341825624516,10.796201677388,12.819570983155689,0.2010301658551253
1242.9161,0.11037856903499446,10.795038255490057,12.807751668731509,0.5477362180237019
1243.3744666666666,0.11006107055498417,10.780504474058388,12.78684729659381,0.4009455831791547
1243.8328333333332,0.10999988972785686,10.769873384178643,12.776767918626357,0.20601339277675634
1244.2910666666664,0.10986033737682192,10.773706731054293,12.766497660071892,0.45159846143925897
1244.7492999999997,0.10957576681902494,10.767828894758063,12.748085217213305,0.49198829440048614
1245.2075666666665,0.10940128617740189,10.74323760427541,12.72952780422262,0.20397420370705432
1245.6658666666665,0.10937950854817943,10.734120653529844,12.722094856057407,0.1918335821176477
1246.1242999999997,0.10921595004938214,10.715963916500822,12.706336575120424,0.20734066524336067
1246.5826333333332,0.10918352555865585,10.69900207222955,12.707463612240696,0.18872323736834526
1247.041,0.1090390777764575,10.688725761800224,12.693780654825982,0.41574906653141175
1247.4995999999999,0.1087988523005943,10.675897783717993,12.674585617807729,0.6009613858460139
1247.9583333333333,0.10848310740659785,10.662814762078488,12.639597785097047,0.5526743498206642
1248.4173000000003,0.10828632039938949,10.653011745759683,12.6208479293363,0.45306557196459585
1248.8762000000002,0.1080623692351967,10.638932256703303,12.597304679489667,0.397112414190548
1249.3349333333333,0.1079150255792859,10.63104369484684,12.582701553983732,0.41910721046860816
1249.793533333333,0.1076698160354798,10.620436639440696,12.564789754457445,0.39757332768546316
1250.2518999999998,0.10754395287236287,10.60691244625506,12.555344023100218,0.2928208026257156
1250.7101999999998,0.10739553059844846,10.589292753943718,12.535381127807602,0.20440228611961447
1251.1682666666663,0.1073501509618975,10.583829588910678,12.531642229042143,0.06420995528576322
1251.6262666666664,0.10733054836530032,10.577895727491267,12.53334624938753,0.21117699559387634
1252.0844666666667,0.10715163348414448,10.579718707385501,12.515301922042829,0.3318519458564877
1252.5426666666665,0.10702157511325251,10.56794052905121,12.499029644011483,0.39116412872604395
1253.0006999999996,0.10679028096225068,10.54533713953404,12.48191062881688,0.4077225065944591
1253.4586666666664,0.10664608642312046,10.546360712642953,12.472518270053397,0.3056079963897923
1253.9164999999998,0.10650835067236031,10.542734548904246,12.463260392063791,0.45894029741607123
1254.3743999999997,0.10622513859749376,10.519901501040364,12.428658734694345,0.4090959418550473
1254.8322999999998,0.10613373896542078,10.516816483470171,12.422559314965929,0.2897369316362318
1255.2901666666664,0.1059593601806625,10.498187981696852,12.411007369126139,0.41220556227643534
1255.747833333333,0.10575512893105692,10.487159407086448,12.398525186067065,0.6356256692785638
1256.2055666666663,0.1053748570732669,10.475479383932923,12.367767194371892,0.554751421999508
1256.6632333333332,0.10524411675224882,10.449778793535142,12.361995015436115,0.2229013769656641
1257.120533333333,0.10516698950986779,10.437708567267563,12.358418704613186,0.25525052474786314
1257.5785333333333,0.10500065497833193,10.443890228178745,12.351782876812615,0.27674479131821056
1258.0363666666667,0.10490112046536008,10.42591688659439,12.340011430013234,0.07512726413530092
1258.4944,0.10491876697121542,10.41355350727451,12.336268891327332,-0.04891290940445182
1258.9524666666666,0.10493150711034249,10.408320632652908,12.333707500168048,0.13854174450309467
1259.4105,0.10477880368992534,10.397323350579406,12.321865837092139,0.2986675354528576
1259.8685999999998,0.10464666092464127,10.387479499159882,12.307339405007598,0.49821531642508105
1260.3265999999996,0.10431172232473175,10.394268071727303,12.273516311692132,0.4006056810245398
1260.7846333333332,0.1042682668096282,10.39583164789691,12.263278399746108,0.10543990237161041
1261.2424,0.10420250422570071,10.390815316448517,12.258228307426833,0.1579550689172588
1261.7000000000003,0.10411197759875465,10.398960863798484,12.262369797317264,0.24636038495405943
1262.1563000000003,0.10395967916135701,10.396099004783238,12.248402153758924,0.11171512499029285
1262.6141000000002,0.10401847657302077,10.387114725417852,12.24594808808276,0.23097753799170512
1263.0719333333334,0.10379425517116522,10.384695060359814,12.226642003808246,0.4584672868090527
1263.5296999999998,0.10364638412512844,10.370644661239416,12.211280429177503,0.3645535153832471
1263.9874666666665,0.10350769739736462,10.364637157224514,12.195443212670712,0.3935861607376393
1264.4451333333334,0.1033330908354505,10.376356213717596,12.182954871223906,0.5075878947123488
1264.9030333333335,0.10309097029543353,10.356123372180054,12.162216376203112,0.5691781832741938
1265.3612666666668,0.10285959070094232,10.346402465170389,12.145147146619433,0.30628272585932853
1265.8194333333333,0.10285698473737558,10.336740068958585,12.141640686175771,0.37051790243646426
1266.2776666666666,0.10256813947354078,10.340611063341886,12.117581606128857,0.4745159618467915
1266.7361333333333,0.10247011848484269,10.34698356431069,12.108957016166928,0.39717003831773084
1267.194633333333,0.10225227704156353,10.330633275647003,12.081438997981405,0.5095107491486542
1267.653333333333,0.10205150561458196,10.30281364061727,12.059563310201119,0.3956422950840351
1268.112233333333,0.10193784141332378,10.30386340369411,12.057563766483261,0.3166986158279113
1268.5710666666662,0.10180881232819698,10.288169664965078,12.052884606609304,0.40287781024462926
1269.0299666666663,0.10161484684827826,10.26912286174133,12.034909198467373,0.4558478744734593
1269.4889666666663,0.1014370327060987,10.26643063722879,12.023165128893583,0.12948991808178711
1269.947933333333,0.10154261961592291,10.2756320899407,12.030823028309872,0.09181600529317568
1270.406833333333,0.10140213230249823,10.273154405427244,12.013876488228659,0.41106892457989047
1270.866033333333,0.10121755779753097,10.269420124779824,11.997274089980161,0.47884738345169386
1271.3244999999997,0.10102067105303653,10.251353531319547,11.97973152370269,0.46787725129427277
1271.7829666666667,0.10084840243177572,10.26316165944805,11.962032013236254,0.417886086265265
1272.2413999999999,0.10069706117019322,10.252780382810766,11.949593356508693,0.43680631279863497
1272.6999333333333,0.10050707332220844,10.237561613600944,11.934450000425937,0.4118273168127777
1273.1585333333337,0.10037758781540641,10.223788602813267,11.91710180369781,0.27471192147548357
1273.6170000000002,0.100312104848917,10.228709082954826,11.915619785990636,0.19444607807868192
1274.0755666666666,0.10025382280159602,10.208962847716554,11.910674651025872,0.4865275893138315
1274.5340999999999,0.09991994198238283,10.176875261277592,11.899146574610365,0.6561083962402106
1274.9927999999998,0.09970926243507941,10.183301182487124,11.888575239071784,0.5898966526937905
1275.4513999999997,0.09944023325310362,10.162345017785665,11.860107656367676,0.5769138793651308
1275.911333333333,0.0992516745364544,10.147995343576286,11.85477824463913,0.6078865868633812
1276.3695666666665,0.09892911165794839,10.141622060764389,11.843474019781416,0.4674620618459621
1276.8280333333332,0.09883408930018643,10.125306344800785,11.838489165024987,0.25884119390804555
1277.2866,0.09870236082980342,10.119689385802433,11.82830162015336,0.28894811132872583
1277.7452666666666,0.09857996022257733,10.10803117927156,11.826813483416084,0.36572977068472606
1278.2040666666667,0.09837585863424608,10.094837887871478,11.813896361319982,0.2468954583686682
1278.6625666666664,0.09835613747184038,10.082770077898383,11.811186452656077,-0.019523906878844734
1279.1209999999999,0.0983940998211788,10.096103510456114,11.80725279325399,0.14710750645160145
1279.5793333333331,0.09822421702163242,10.080996954304249,11.804493566750951,0.20237120465160802
1280.0375999999997,0.09821175014450288,10.069792494137044,11.806641024613644,0.13880592972363065
1280.4956666666665,0.09809938824452102,10.043582177816925,11.787101540152772,0.20135893556656134
1280.9537666666665,0.09802893667399375,10.03845459994562,11.790001064796915,0.22408873841462673
1281.4116999999999,0.09789637041726136,10.039193691080607,11.785447562123808,0.18011172266734995
1281.869333333333,0.09786510794921262,10.030055857803768,11.784659114755142,0.14750818654448167
1282.3270999999997,0.09776121984033055,10.02471831910018,11.77710821594874,0.18191193297726985
1282.7849333333331,0.09769938508801168,10.015682512619312,11.771695665858353,0.20016250947524764
1283.2429666666665,0.09757895898798538,10.010897466043469,11.762218312884537,0.5203534316913394
1283.7009666666663,0.09722510761299544,9.988879717796115,11.727504659754599,0.5370084107706373
1284.1589666666664,0.09708695949569754,9.97107132204403,11.710682204488423,0.2774118375882632
1284.6169666666667,0.09696847702050433,9.96937935661368,11.699072929631424,0.11239127190127793
1285.0750666666665,0.09698236790091445,9.964858372432278,11.69449901953027,0.09336160162310422
1285.533233333333,0.09688368161763891,9.932747744644853,11.690838935865756,0.30226930171471283
1285.9913000000001,0.09670682314953785,9.924997761908056,11.667639806008182,0.3993990412555261
1286.4491666666668,0.09651977176925304,9.9180126180717,11.652128878914867,0.3261624713842267
1286.9071333333334,0.09641148686148311,9.937748806764054,11.648495064745495,0.3213962810809759
1287.3652666666667,0.09622934223633572,9.914773969201827,11.634163176966927,0.3297518721058879
1287.8232,0.09611567154126133,9.919167286591657,11.62706039966633,0.05101414351691709
1288.2812000000004,0.09619038083942638,9.935593602770018,11.621891743105591,0.041499616728515
1288.7391333333335,0.09608146477693898,9.897029458130204,11.606159298286812,0.09017011752795043
1289.1970333333334,0.09610648931537248,9.888199520964585,11.609639832758841,0.1034223804038632
1289.6548333333333,0.09598093588102673,9.882872441261378,11.586117475068015,0.25146780258165174
1290.1127999999999,0.09586847560934952,9.8750572826046,11.573597465812544,0.3945831803117824
1290.5705333333333,0.09561347190279985,9.859436800706169,11.55155849699154,0.4368183614687706
1291.0283333333334,0.09546352497789266,9.861478693240164,11.538813612326056,0.3641296804637128
1291.4862666666668,0.09527447132341252,9.857911352705187,11.518011967579062,0.22882662518780156
1291.9439666666667,0.09524994991923151,9.841789844507732,11.513552584630053,0.1861551897162172
1292.4016666666666,0.09510555939814007,9.845932704625154,11.493612510449656,0.5052229521668108
1292.8594000000003,0.09478741482314788,9.815845506928078,11.470324633139992,0.5403012518154884
1293.317166666667,0.09460611625143495,9.791672361735218,11.441950793112134,0.35389195218472574
1293.7751666666668,0.09445749047328728,9.786542239422529,11.427449116209084,0.40704476531605116
1294.2334333333333,0.0942259561376788,9.783711740306407,11.419551230889587,0.35034581640465273
1294.6917666666668,0.09412666176997787,9.768322788112176,11.412766730576857,0.12882940059651915
1295.1501333333335,0.09409810935495022,9.761397559568282,11.40954815073704,0.18876540924074872
1295.608766666667,0.09394489579964845,9.768912528701122,11.394613513078587,0.3584971065953715
1296.0672666666667,0.09376312041352038,9.768237437651626,11.386913133587331,0.46779660086859737
1296.5257666666664,0.09350896192774724,9.77730632273086,11.36751550073878,0.4912743651186477
1296.9841000000001,0.0933047268715171,9.755788126085323,11.349163463690534,0.24369454250997338
1297.4424333333334,0.09327602299994724,9.73691144353437,11.349540769188838,0.13403504732243388
1297.9008,0.09317262421923858,9.731054749842432,11.347883111482194,0.2645429941888123
1298.3594,0.09302467883509022,9.732797434639162,11.334790671539725,0.49217311246400614
1298.8181333333334,0.09271028064410179,9.712174810326912,11.31605157037221,0.45500848871095856
1299.2768666666668,0.09259091851399068,9.715627233825604,11.304742464514456,0.1795717943827518
1299.7358000000002,0.09252731029433336,9.721649700045601,11.307584742330137,0.1829487653439774
1300.1947,0.09240602427700616,9.718054011978694,11.30044732480354,0.17443683203052596
1300.6534,0.09234805938612951,9.701261903184593,11.294838184227526,0.2210854996686482
1301.1118999999999,0.09218220213843333,9.711178092239532,11.288236321318367,0.2297368158563832
1301.5706666666665,0.09211729215533362,9.696006968063806,11.282177109139093,0.2844801946775902
1302.029433333333,0.09190079238227196,9.67330931460937,11.268760938163501,0.26826830476163416
1302.4879999999996,0.09185125701443524,9.682458905729339,11.269864373291943,-0.014226625184621365
1302.9465666666663,0.09189412150033127,9.694424393386347,11.285654542175445,-0.07835203836248228
1303.4051666666664,0.09190127655728354,9.697188045679567,11.291867930032389,-0.11991726094224095
1303.8636333333332,0.09197982680483907,9.704333736786444,11.300454935268585,-0.15539513138714592
1304.3220333333331,0.09201972991184915,9.715392533294768,11.30622457916955,0.06149095903280748
1304.7803666666666,0.09189995565563072,9.711306095644105,11.290017540378411,0.032243538144042114
1305.2385,0.09196651451332206,9.706607587727788,11.298075133405215,0.03457600435292454
1305.6966666666667,0.09184483119941177,9.703408662199893,11.284578820463837,0.2835323377721738
1306.1551333333334,0.09168571929879163,9.696837079844801,11.2757222487836,0.12886480642464493
1306.6136000000004,0.09171008525409408,9.691154173849721,11.276261424981003,0.0690990302043286
1307.0723333333335,0.09160989631908453,9.711600933883394,11.271453926309166,0.1937552604345114
1307.5310333333332,0.09152121255610116,9.691789554394015,11.25779240898151,0.05660440257034038
1307.9896999999999,0.09154798331735657,9.702098856683673,11.262865480405537,0.14526505906324916
1308.4483333333333,0.09138041171552402,9.70583296529937,11.247188597022108,0.5162728159780994
1308.9069333333332,0.09106788983873469,9.691779909928217,11.214600866661597,0.5028603420640796
1309.3652666666665,0.09091171464427643,9.677129253562434,11.200062243553916,0.420539903501058
1309.8237333333332,0.09067102857073017,9.653914902155524,11.16920415948986,0.26183452830306714
1310.2820666666667,0.09066066386887961,9.655639604014539,11.159944902324666,0.15043654000554782
1310.7403,0.09052423554819233,9.651931415039332,11.142816622822805,0.3997461779480987
1311.1984666666667,0.09028666568305885,9.6662776099918,11.126361007079737,0.6462414041471145
1311.6566,0.08992597371896757,9.666306627553288,11.096736120788345,0.5343742767746494
1312.1144666666667,0.08979157020395581,9.654369764305038,11.084913946532325,0.27470008356058245
1312.5722333333335,0.08966634787522149,9.650141993430259,11.070058763758587,0.4037092792241894
1313.0302000000001,0.08941652219857164,9.639935710483845,11.043905017352639,0.6162782472428893
1313.4878666666668,0.0890982683750771,9.628017982868247,11.020644455965163,0.47079146690732865
1313.9456666666667,0.08898217832518468,9.630578997686207,11.005951096791255,0.4828555399237919
1314.409666666667,0.08858590369467174,9.612295833630467,10.975327745243199,0.7483572312214849
1314.8741000000002,0.08819150882251456,9.599081808498761,10.93697892448549,0.6436713251122189
1315.3385000000003,0.08788586737418248,9.603201384279789,10.910119888903951,0.5290107242873728
1315.802766666667,0.08759831406343636,9.589109235869909,10.886087766913006,0.5979107086072202
1316.2671333333333,0.0872308205880284,9.576248808483877,10.849932769974755,0.8198840359375925
1316.7314666666664,0.08674134933688091,9.542835836420767,10.795621154586176,0.7071514733688345
1317.1958666666665,0.08648401013775166,9.535583700823478,10.774760955913269,0.6555133286515088
1317.6602666666665,0.08604832322842168,9.519935526956337,10.73358706338944,0.6526178696509032
1318.124733333333,0.08579160353864415,9.495891936071864,10.70618337845112,0.29264268166963686
1318.5891333333334,0.08568280041095364,9.492321921857174,10.696736659976489,0.3326967704114818
1319.0535000000002,0.08538985262032858,9.482336868066817,10.670559038229605,0.318224323809184
1319.5178666666668,0.0852952622957828,9.458313194464973,10.662290005407975,0.08966825205401815
1319.982066666667,0.08520985836851176,9.447449764572573,10.65268464809533,0.31665718568769236
1320.4460333333334,0.08490765986563854,9.437750020844605,10.627073038153394,0.49862870697193573
1320.9096666666667,0.08465499733499719,9.410527580563848,10.60332757404324,0.5956737951208116
1321.3733333333332,0.08426076834932192,9.396688424515496,10.574319141824748,0.6800831427702825
1321.837,0.08392970086317565,9.382024838850478,10.540463355344835,0.36732178531055654
1322.3007,0.08382227851498797,9.358046522590463,10.528254324601598,0.09381462362380302
1322.7644666666665,0.08374163875550977,9.352987528207567,10.522142074199895,0.1910668002077241
1323.2282666666665,0.0835454379196468,9.317605012679431,10.50161501835635,0.32453596326469425
1323.6921666666665,0.08334312742415473,9.323531685488186,10.48834567387062,0.5425503628954867
1324.156133333333,0.08294682760164403,9.30481165816614,10.454872208279836,0.4562765426431095
1324.6201333333331,0.0828208363842474,9.30384570994279,10.440629179797241,0.16274130058018763
1325.0842666666665,0.0826914635801502,9.27551975034232,10.423360177956514,0.08159110287805317
1325.548533333333,0.0826386201550686,9.263085429832955,10.417266040905986,0.2306240877844752
1326.0128333333332,0.0823727186282429,9.248734084207255,10.39685944067628,0.28914018500118044
1326.4769666666666,0.08227035903366609,9.259871731791517,10.390916431112927,0.26715456571647556
1326.9408666666668,0.08202687704915368,9.261053998395925,10.371554318856973,0.27115683349747266
1327.4048666666667,0.08192107055169827,9.258140339917055,10.359657118795258,0.19337082453164958
1327.8689333333334,0.08174659735202679,9.228619516755144,10.34608373399998,0.39152363371592847
1328.3267666666666,0.08153127023110769,9.212512607621314,10.323927784715188,0.37788260922838235
1328.7841333333333,0.08140810663261994,9.200727693726158,10.307396953659406,0.18459695347609476
1329.2413333333334,0.08137240939099934,9.167160284777529,10.304829771787093,0.1371267980961248
1329.6986000000002,0.08128898212422513,9.155398133558926,10.298684920723431,0.031993469499400136
1330.155866666667,0.0813501349827856,9.147703598953756,10.300824474724797,-0.1703418026840005
1330.6134000000002,0.08145085539000607,9.167485819386464,10.312333501616067,0.17319489482174877
1331.0706333333337,0.08119550635292778,9.140713501862631,10.284999615061185,0.29041897639139613
1331.5279000000003,0.08118697370792803,9.126609882192264,10.278242348004722,0.04314928016292086
1331.9854666666668,0.08115654944839848,9.121607941794423,10.278670068112035,0.010683399284160506
1332.4431333333334,0.08117781590969417,9.109986170267497,10.28065035734914,0.07092248248313184
1332.901166666667,0.08108748065290515,9.098966150624205,10.269991739606677,0.304325499500456
1333.3591333333334,0.08089166034169908,9.115716646448346,10.255224663815303,0.4628972380757463
1333.817,0.08065673508336517,9.111103407981643,10.233922742299814,0.14022797822774472
1334.2748333333334,0.0807543269154816,9.125556690791537,10.241063351911023,-0.16901882176976143
1334.7329,0.08080038477547265,9.110416883868423,10.245207437171684,-0.29313388443892446
1335.1906666666666,0.08101362764990816,9.128669576953724,10.255060799038104,-0.27671935615620147
1335.6485333333333,0.08104073878652847,9.134703000139769,10.253440597179074,0.04749896646233372
1336.1063666666669,0.08095317133469107,9.152287923208188,10.257332333121207,0.0990313987312956
1336.5643000000002,0.08093123631639276,9.159684183050683,10.253014314297237,0.12595656988741158
1337.0222333333336,0.08081927575908787,9.171222001205065,10.24940833590915,0.026070499871807647
1337.4800000000002,0.08089180012737442,9.178101600593637,10.252677617909782,-0.30548088245836535
1337.9378666666667,0.08108468850797673,9.171617496596992,10.278586305392041,-0.0007387052832615344
1338.3956666666666,0.08088415382628016,9.181584675983808,10.264916796943977,0.18449445616508836
1338.8535999999997,0.08091596585674819,9.191032697306373,10.275371616068677,-0.08948779457100128
1339.3114666666665,0.08096969123447699,9.195984686052428,10.274447906525198,-0.056829572952571406
1339.769333333333,0.08097192710880964,9.210663949679214,10.273023358461806,0.27205023945583484
1340.2273999999998,0.08072216127738213,9.18762766974827,10.253382131227612,0.10766460408324724
1340.6854666666663,0.08086676125644134,9.162200772301013,10.268507934087891,-0.06292689045722576
1341.1435333333332,0.08077101045344705,9.168751389735355,10.260743877501817,0.2989578271771704
1341.6014333333333,0.08058529603196758,9.186642482933188,10.249691447612307,-0.05355853219902076
1342.0594666666666,0.0808084828065142,9.184603533416828,10.274234434375442,-0.33203583619623817
1342.5174666666667,0.08087783577842907,9.18996913574377,10.281270642987302,0.06396839038261641
1342.9754666666665,0.08074069690352836,9.206447202278149,10.26958791091772,0.18752157554219093
1343.4333666666664,0.08069803259001901,9.20578763369314,10.261690890598901,0.1836920263528991
1343.891133333333,0.08056328647708373,9.202967470792597,10.25468164306432,0.41585731928776115
1344.348733333333,0.08030809505678475,9.196818817127268,10.22795476609211,0.26454738377473486
1344.8063999999997,0.0803094662904049,9.195282860889614,10.22715832221842,0.24604500396725093
1345.2639999999997,0.08006980641110764,9.20588379188769,10.212439417320518,0.49425215531611155
1345.7213333333332,0.07984578678225907,9.198805974474194,10.191845741837236,0.6815954531988745
1346.1786666666665,0.07943489293410799,9.195180201135122,10.155792487223556,0.5825558339314003
1346.6358333333333,0.07930807231731105,9.185858387027059,10.143506395784744,0.41517890073851843
1347.0930666666666,0.07905620363120165,9.181704530523975,10.116451920882987,0.45549261107532973
1347.5503999999999,0.07889260462562306,9.176049094554088,10.106873821127408,0.4536184382273596
1348.0078333333333,0.07864350118824714,9.171329450897446,10.088307405061101,0.6263029592948731
1348.4652666666668,0.07832305473277365,9.179775453479035,10.062256799359638,0.8007818001338134
1348.922766666667,0.0779145490828869,9.15423742657069,10.033928646678003,0.5947792685434972
1349.3799000000001,0.07778610039303419,9.139566554249214,10.020493513854142,0.44542152195815915
1349.8369666666667,0.07751641185315025,9.124238811588507,9.981600310977237,0.5115877450969137
1350.2938333333334,0.0773279852807858,9.10250154516307,9.96952398828769,0.32997353670677776
1350.7507666666668,0.07722465829460723,9.083984235075441,9.957151934099473,0.3367414315242299
1351.2076,0.07702997410003265,9.060217053743655,9.938955997798697,0.43383663463993916
1351.6642,0.07683799456310568,9.063772086859014,9.909609261308779,0.20780820797849148
1352.1207999999997,0.07684616898264808,9.032203011613833,9.912476603252847,0.2451578865749746
1352.577433333333,0.0766121600944658,9.039165271776959,9.88164850296986,0.4842833107079678
1353.0342999999996,0.0763976811420192,9.01429640238737,9.865549383776857,0.40508982626429507
1353.491233333333,0.076236015773597,8.994969071905597,9.85027984737263,0.0030374066873987177
1353.9479666666664,0.07639156500260637,8.985387270636748,9.85565619537613,0.04421901750085359
1354.405,0.07619502417106977,8.992388489349839,9.845483930816977,0.32895861965216205
1354.8622333333333,0.07608877799209977,8.958157449504622,9.831412789105576,0.021556785954961213
1355.319566666667,0.07617197795659955,8.944477147902916,9.83548932109911,0.2907871813073916
1355.7768000000005,0.07582292834420518,8.932296161463775,9.801714092146998,0.4552678637887955
1356.2343333333338,0.07575944330119477,8.930384980701383,9.800070686260176,0.23119426603418758
1356.6918000000005,0.0756175742801222,8.903743717837893,9.788831626072586,0.35900486249019253
1357.1494333333337,0.07543744373736701,8.897035645707236,9.772711781289638,0.43558295724492413
1357.607066666667,0.07522528938833288,8.891360966871268,9.756288341713244,0.13955653005355653
1358.0647000000001,0.0753166038020251,8.866761448148647,9.769428026792983,0.0708709151845404
1358.5222333333331,0.07516973129137107,8.854481041552594,9.757697682791102,0.08189869794119943
1358.9798666666663,0.07525384486450767,8.84833080826371,9.76371869256543,-0.15133704012510926
1359.4374999999995,0.07532058747164175,8.844092636446684,9.772074691243105,-0.06759970446912347
1359.8951666666662,0.07532759224993253,8.822457212247702,9.77635349578758,0.09440339054510584
1360.352633333333,0.07524322527111228,8.828267344111435,9.769033225400328,0.13272138373064168
1360.8100666666664,0.07521252722941286,8.825849341270047,9.771346933434302,0.09710570536432678
1361.2676333333332,0.075162483510811,8.828567859081717,9.766197940087075,0.17165438683202455
1361.7253666666668,0.07506438421649955,8.817772948363606,9.755175495748587,0.06256397218873853
1362.1829666666665,0.07511542533188058,8.801998766296267,9.759283706874752,-0.08659402442421309
1362.6406,0.07515455786833652,8.791425899918336,9.766079115063896,-0.06691028460516782
1363.0982666666666,0.07518787491123434,8.792251851254527,9.770289363378994,0.10459558297546136
1363.5559999999998,0.07506910705037698,8.792450537449323,9.76777151681373,0.3495100303404996
1364.0141333333331,0.07487860924533908,8.807720252736416,9.742460902683701,0.5510433232666131
1364.4722333333332,0.0745748283438938,8.8063069620168,9.721174647119087,0.45801568395725245
1364.9303333333332,0.07446747202510136,8.813268804088267,9.71067888201563,0.30083989525215704
1365.3887,0.07430374200010421,8.80697175825196,9.696906848229617,0.31173222154910146
1365.8473666666666,0.07418643285279011,8.806054037359932,9.687903188224556,0.30207593152504114
1366.3057999999999,0.07403344582280401,8.798443626091528,9.682158513914294,0.34630115023940256
1366.7639666666666,0.07387617361853284,8.81919374162624,9.668043206911422,0.31758872917970143
1367.2223666666666,0.07374981071524454,8.796045761296522,9.660502296403275,0.4810110619601449
1367.6806666666666,0.0734444379243642,8.80072322248229,9.635017276223012,0.40035110811132596
1368.1386666666667,0.07339542156969643,8.782630801907027,9.622400665521763,-0.05564852247784235
1368.5964000000001,0.07350829936117129,8.77742116796917,9.629688383029295,0.04925151031523922
1369.0539666666664,0.07336430173076569,8.751164687742945,9.612038319677826,0.16109266639566372
1369.5117666666663,0.07337229866487543,8.75533535818434,9.611159993817639,0.1685629601809831
1369.969433333333,0.07321499665339389,8.72614955635617,9.58799459186734,0.24723730912316785
1370.4273999999996,0.07314800081172924,8.721313885728756,9.572684259055674,0.0035302795681446232
1370.8852666666662,0.0732131583002723,8.728268187414256,9.577691978814098,0.09513218833126874
1371.3431666666663,0.0730630827175896,8.73931577089617,9.559042456564942,0.3554056659554624
1371.8012666666664,0.07289499292067105,8.741421746362855,9.539890991981974,0.26179438753180784
1372.2594000000001,0.07283224445094194,8.743518841268966,9.532288716239307,0.30724363886656575
1372.7176000000002,0.07262050160800927,8.718419360860107,9.515919632961705,0.5440380172634373
1373.1758000000002,0.07234125979249725,8.733290738740147,9.48390408798985,0.48793212375367884
1373.6339000000003,0.07218185343813498,8.7319095533331,9.47099444518719,0.34447010698620323
1374.092066666667,0.07203517271428866,8.718484274927976,9.457779183015344,0.3043078581630938
1374.550266666667,0.07191254579341881,8.689931382655798,9.441715048366158,0.24351982171673617
1375.0082000000004,0.07181796554665877,8.668967702882556,9.435415547596135,0.24363099611061645
1375.4660333333338,0.07169317348290175,8.650531339299066,9.421761681770594,0.28400996801038236
1375.9239666666667,0.07156183060354987,8.66077980568291,9.407373427661572,0.34620354594119956
1376.3819,0.0713810992581651,8.681461619912488,9.391970233301715,0.470504993230389
1376.8400666666664,0.07113891167584263,8.650343935583434,9.378942910023985,0.3644630426285682
1377.2982666666664,0.07105851737667125,8.629932300783338,9.368968802680943,0.010125231075024109
1377.7563666666663,0.07114205223694368,8.604579844631127,9.389545078606709,-0.19668558383944815
1378.2144999999996,0.07125381537032592,8.592177276772528,9.399698306915388,0.1836329050761235
1378.6726333333327,0.07099309183942597,8.565930703804034,9.379596239375847,0.28128329311586925
1379.130533333333,0.07102088062612252,8.539327877911605,9.391800379549942,-0.020456917032617223
1379.5881999999997,0.07103531393473307,8.553867891537015,9.38878431413528,-0.08090432522012975
1380.0458999999998,0.07111692908937485,8.519959847734096,9.387044558232018,0.012654060721336626
1380.5038666666667,0.07104279803163903,8.508463080193264,9.378639045400964,0.07699159481402007
1380.9616333333333,0.07106242865309112,8.514618329568709,9.378096569059098,0.08479256801442082
1381.4194333333332,0.07098220677898641,8.502267111566745,9.365818478265787,0.33770732953116445
1381.8773333333331,0.07077192442370989,8.496890357460032,9.343270696030155,0.6663572307236807
1382.3353666666667,0.07039234849479836,8.507996321069614,9.315326986568985,0.6724655260067547
1382.7933666666665,0.07017508133168701,8.515594487224575,9.295721005069426,0.5526760253539315
1383.2512666666664,0.06990255053962022,8.50456346489654,9.276865331515896,0.3393877869248352
1383.7091666666663,0.06988176673074399,8.515317423818772,9.28439563373038,0.12485002565073927
1384.1668999999997,0.06980580251896573,8.530574636859727,9.290671980538999,0.3745116358213447
1384.6247666666663,0.06955618450483218,8.530980956240164,9.267029539233897,0.34964364976186735
1385.0828999999999,0.06950212216137304,8.504264501255138,9.271309123332067,0.06800032392256418
1385.5409333333332,0.06950500937194985,8.48493350265322,9.26886113774504,0.08654043259190831
1385.9989999999998,0.06943298789921357,8.487839050538172,9.266191372910344,0.1187656491006513
1386.4571333333333,0.06940791237968084,8.484116773229287,9.264689665322852,0.06555250459480176
1386.9152333333334,0.06938586808869976,8.460585027158995,9.264696377307946,0.11602560092568245
1387.3732666666665,0.06931507440228642,8.4442154662775,9.255205731567466,0.24388364827355133
1387.8315,0.06917657894961894,8.465041156708233,9.243136315769007,0.03446940078283912
1388.2897666666665,0.06929651625692979,8.460559241385795,9.263447781919844,-0.18232413677992304
1388.748133333333,0.06935781463523767,8.474230913243545,9.273176337920452,0.1606016752763399
1389.206333333333,0.06916694733916244,8.484441586361438,9.261340038729113,0.5113333135695494
1389.6644999999996,0.0689093048676193,8.481480213250743,9.247591992246223,0.3385278964286055
1390.1225999999997,0.0688742851753429,8.454014181116255,9.239144443089335,0.40733941522097666
1390.5805666666665,0.06854982976911365,8.449332024133296,9.204132191261312,0.3337183392756311
1391.0385666666664,0.06858346993934639,8.449904732911598,9.211546936074175,0.323002867637114
1391.4962999999998,0.0682726494547229,8.439421843026892,9.179736383723338,0.6582127234687156
1391.9540666666667,0.06799937657081633,8.434559303423255,9.152516478275444,0.08351920507668058
1392.4119333333333,0.06821163195094232,8.428307676445266,9.166496068372899,0.04161375422413823
1392.8700000000001,0.06797016440886208,8.431197523547796,9.142843218371668,0.647721969591546
1393.328166666667,0.06762620574489256,8.420146985634785,9.106843160041777,0.5777799989873321
1393.7863333333335,0.06744783190018953,8.43892417096085,9.089823255934418,0.13279451885548726
1394.2444999999998,0.06751425825461153,8.437555148133256,9.105215993744848,0.03776162440547681
1394.7028,0.06742603238535197,8.420025636074897,9.096182318182773,0.17877053015130226
1395.1613333333332,0.06735985969381217,8.428012102501217,9.099544403178601,0.21393573913824854
1395.6198,0.0672370975526006,8.440910774460132,9.09059971186761,-0.0607985039034675
1396.0781666666667,0.06742095898112704,8.4121780575678,9.104244102432958,-0.2972796892537642
1396.5368,0.06751243068406798,8.399147548602508,9.116473502637286,-0.02593414463390412
1396.9953666666665,0.06745095985526627,8.422331245034625,9.102746893705714,0.2478490787561428
1397.4539333333332,0.06729336542734968,8.39570216642938,9.083895047381912,0.31264936321389275
1397.9123666666665,0.06717243052203063,8.368521440086644,9.068833231725854,0.1348994320463757
1398.3707666666664,0.06717819748732073,8.340242025258712,9.071313008639644,-0.09041016887971262
1398.8288999999997,0.06726374661879156,8.350291434379276,9.068667123781678,0.20021632739690928
1399.287033333333,0.06700178300361478,8.361944389961922,9.051340289698624,0.3987782709537942
1399.7450666666664,0.06690060855692748,8.363899985514415,9.027762066829002,0.3284542544916459
1400.2030666666665,0.06669986737097247,8.375462024529238,9.001565355446179,0.7656129424967356
1400.661133333333,0.06619832382912613,8.382023485070118,8.94985399319248,0.7524921107839974
1401.1192666666666,0.06600777175176252,8.383009445411341,8.929327363774686,0.22890797155038958
1401.5773333333334,0.06598446533687859,8.35112767352919,8.923353957063215,0.26417717076494057
1402.0353333333335,0.06576498907801763,8.342434772541596,8.902205708934693,0.4242528219776461
1402.4933000000003,0.0655949273907962,8.322767266647398,8.876352694344142,0.09772475432989058
1402.9513333333337,0.0656720044895945,8.290444601243362,8.876385898020102,-0.17471771537970712
1403.4092333333338,0.06574890598395945,8.261372644502638,8.880141328955911,0.2272476017595965
1403.8672333333336,0.06545852400271086,8.270645237735113,8.858304372104174,0.30421611757745765
1404.3252000000002,0.06546636983175397,8.266649429491999,8.857632809484388,0.13769880987307498
1404.7830666666666,0.06532582164026156,8.262045984006061,8.838009828544134,-0.029868549521176353
1405.2412,0.06548146626486097,8.25643891660361,8.849412018612348,-0.33003365133241636
1405.6993,0.06561476486954126,8.27177522522834,8.85749712039246,0.07044901168396098
1406.1574,0.0654047105308006,8.28141507302307,8.843171427542885,0.19409939709254054
1406.6153333333332,0.06542970116396747,8.27160233459135,8.840515079498184,-0.15496755215008579
1407.0733333333333,0.0655414017741808,8.262008924268281,8.857200432795596,-0.05261594362653644
1407.5312999999999,0.0654739182891156,8.251303909351854,8.852362015030216,0.3932605475767458
1407.989,0.06517817829185735,8.243839468031966,8.816606202072492,0.33147939724654035
1408.4464333333333,0.06516608510016775,8.258095953071427,8.810566322902853,0.002629444389353764
1408.9037666666668,0.06516962226439137,8.243375617752047,8.81039487094392,-0.15934338585780838
1409.3611333333333,0.0653061866708153,8.212500711151499,8.819220754395753,0.14259430855057997
1409.8185,0.06503630566523463,8.234208390713993,8.792195867140945,0.45312439631129625
1410.2756333333334,0.06489217263024283,8.23361834773071,8.773693829235668,0.20125777221662491
1410.7328,0.06484993898301858,8.195290188584664,8.771180612965665,-0.08773283352008229
1411.1898666666668,0.0649666286723374,8.214356130719935,8.78449867827757,-0.10816194693910267
1411.646966666667,0.06494250567820613,8.221803434393339,8.786072982940565,0.039034618451417265
1412.1039333333333,0.0649247950530768,8.245141532443164,8.783296737778867,0.08325204007432692
1412.5609,0.06485997315889357,8.234321261069097,8.778177782173577,0.28737026653025544
1413.0176666666664,0.06466024049126819,8.217442309070641,8.758928498937262,0.26803248938009616
1413.4746999999998,0.06462163553093939,8.214170804870847,8.769961787641444,0.026258436297158443
1413.9316666666664,0.06464494738212372,8.205903850283706,8.76995290639319,-0.24923713743468587
1414.388633333333,0.06485753933492822,8.201175798743632,8.797056118868532,-0.3858039486056007
1414.845733333333,0.0650094896661763,8.212187471098899,8.816298681166503,-0.03216535571254857
1415.302933333333,0.06489704039918891,8.229665238186888,8.811385748838832,0.15426293044650308
1415.7603333333332,0.06487431686467289,8.24890967422426,8.80476479761841,-0.016402830706105848
1416.2177666666664,0.06491759719113582,8.234285650492891,8.811595481547533,0.05213493715070702
1416.6751,0.06483414281347158,8.231389507319289,8.807062749884262,0.17237193345513113
1417.1325333333332,0.06476891951710911,8.22574619853673,8.795910948276408,-0.008243862303187535
1417.5898666666665,0.06485254939770545,8.228703729242632,8.797339286560693,-0.23711171735070843
1418.0472333333332,0.06499887015938477,8.22498959670184,8.806336941450319,0.02217399286811212
1418.5045333333335,0.06484766301582984,8.207309808899796,8.796001530002002,0.34099498101003944
1418.9616333333333,0.06470359208559054,8.204068275385799,8.78242523246382,0.701278956731468
1419.4187333333332,0.06422179353800352,8.192545195741753,8.736394108498926,0.692835086919699
1419.8758333333333,0.06408544030477148,8.188326215844372,8.720597634304456,0.5247013136378103
1420.3330999999998,0.06375323119409139,8.191130401538649,8.695520747329375,0.3581463569956727
1420.7902333333332,0.0637648196038617,8.167907663503986,8.69214252988088,0.2373649215867003
1421.247433333333,0.06354162498437536,8.17299785825754,8.670615371861906,0.30440170983870796
1421.7047666666665,0.06349107392499839,8.147212223973675,8.6681431190597,0.5060542367690041
1422.1621666666663,0.06308449766795451,8.12167507560078,8.63888855281105,0.5242168153062496
1422.6196999999995,0.0630260103273701,8.112028300329069,8.641057578627926,0.39563043690666555
1423.077333333333,0.06274143426632495,8.108341488791758,8.620285089690382,0.37432708980104457
1423.5352666666663,0.06270214323403005,8.074667709202755,8.620046970384262,0.2500871681717897
1423.9932333333331,0.0625336037712677,8.085377128704618,8.604910423938106,0.3221504328090944
1424.451233333333,0.062429671792950586,8.088304387345385,8.595955887892677,0.5133102166795271
1424.9092999999996,0.062087400903909656,8.087722433605053,8.55813479318723,0.6787052993977675
1425.3674999999996,0.06183180324946974,8.064167278673533,8.530388167358497,0.6351746985784071
1425.825833333333,0.06152887389299143,8.033760736227094,8.507269646560326,0.9143559666315262
1426.2842666666663,0.06101755330579415,8.019741801764154,8.464764381538009,0.7379761231670265
1426.7427666666665,0.06087139749153822,8.030542270834395,8.451154779337648,0.42855919342462057
1427.2011999999997,0.06063637063235414,8.00526622712223,8.417763709152387,0.43718378781126677
1427.659833333333,0.060483202915504165,7.982015309328324,8.404727774531525,0.33000015135812066
1428.1183666666664,0.06035164590270033,7.951469252807322,8.391755102184455,0.4122662945273933
1428.576966666666,0.06012513076540935,7.929442597063741,8.368576456091844,0.435790791680926
1429.035333333333,0.059975704356730705,7.8987856659571145,8.352743226352873,0.3809854299522467
1429.493533333333,0.05980092149417202,7.887967167628652,8.336591143537895,0.5143138771829329
1429.951633333333,0.05952950585204445,7.90841512927219,8.313372113636524,0.22035828587627737
1430.4098999999997,0.059623586042681406,7.921486429419155,8.325871629238975,0.33158489010174147
1430.8680333333332,0.05925688324919079,7.93771245625179,8.291720579418126,0.5680841834979069
1431.3263666666664,0.05914314565707556,7.93190937475543,8.29062695182794,0.37067554183116297
1431.7845666666667,0.05895697464988133,7.927483083837707,8.281424117335156,0.2860570097288607
1432.2427333333333,0.05891809658425027,7.928879118917127,8.28067348179098,0.34071891007878086
1432.7011333333332,0.05867756103265792,7.9212668267139685,8.259445462958727,-0.03294123217421823
1433.1594999999998,0.05897509336069108,7.916193023143545,8.287403287010589,-0.17632193640232083
1433.6179666666662,0.0588631547828555,7.895128421110594,8.278311516655565,0.21765882600725864
1434.0762666666662,0.05880379868529583,7.878292713216146,8.267687051792267,0.33542085443678443
1434.5345666666663,0.058588646378046026,7.895029495201745,8.248481061935715,0.4568141640437993
1434.9929666666662,0.05841598597913051,7.864991906037875,8.23865656930611,0.4354195935217535
1435.4512999999995,0.058217717170104634,7.86167591023215,8.221213155837853,0.054403928741288556
1435.9096999999995,0.05839451512851401,7.874114030990679,8.241810731907737,0.02812687885759229
1436.3678999999995,0.058216419592362185,7.8643690513692786,8.219966055067355,0.21745222024069477
1436.8260333333328,0.058216688335045244,7.871292179606002,8.217957008207737,0.2777653882632641
1437.2838666666662,0.05798384889951237,7.8712466965249295,8.203183033111403,0.4038605927566561
1437.7418666666665,0.05786891289062577,7.866212571195588,8.199115053897195,0.10629939656024534
1438.1998333333331,0.05790856013752207,7.855636529054722,8.206080791778104,-0.055270335527419924
1438.6577666666665,0.05794138081858697,7.823530038232972,8.211691376816036,0.04626015615878213
1439.1155999999999,0.05788879453540806,7.824580327686616,8.212508681355986,0.2390215885121382
1439.5733333333333,0.05774602027580403,7.83375678438397,8.199928612406953,-0.017520267679906977
1440.0309666666667,0.05792865844751894,7.822714993253717,8.217318084126163,-0.44418098971498765
1440.4887999999999,0.05817919435813669,7.792881766557236,8.238026573423749,-0.34998193422476714
1440.9466333333332,0.05827766923951569,7.784077133351475,8.257195752315699,-0.0028306689471417385
1441.4044666666666,0.05820724577337291,7.777665113190981,8.258507876393042,0.12734875988112693
1441.8623333333333,0.05818073849724861,7.805786773401275,8.25841972752858,0.17453635811169263
1442.3200666666664,0.05806368609583749,7.810530162274107,8.243629165517902,0.22282788036223364
1442.7777666666666,0.05799111528865649,7.825220005663917,8.235450960280362,0.023383573871328753
1443.2354666666665,0.05805647210894659,7.814453030730509,8.235597106297153,0.07211516590478183
1443.6933333333334,0.0579385499936999,7.784217449270235,8.22693011602667,0.3669103372808003
1444.1511333333333,0.05773134982024404,7.758250847957969,8.21190952418961,-0.050644489427907814
1444.6089333333332,0.05798761223818318,7.738099001361882,8.242600350409525,-0.36205313385112575
1445.0665666666666,0.058055809393783714,7.7040880627585215,8.240073401163418,-0.15677857918807106
1445.524333333333,0.05812329263112706,7.715614924317212,8.24782187025748,0.1781206767738866
1445.982333333333,0.057881645562841005,7.712746945751803,8.218901827257014,0.21633520757630068
1446.440266666666,0.05791640687089303,7.732353810164536,8.221835932404996,-0.016709276671369386
1446.8982333333329,0.05789450168620179,7.708271267342677,8.224627459749145,-0.1400865637822892
1447.3563333333327,0.05804471714921081,7.720564263997064,8.237061645887607,-0.23214941839034586
1447.814533333333,0.058108335702537,7.730464088377283,8.248371586329807,0.12124452493210117
1448.2728999999995,0.057934112630821884,7.708198929381766,8.231377061944185,-0.001048765896086827
1448.731166666666,0.05811204853360711,7.729299974299486,8.240563583149909,-0.04311969849624098
1449.1895999999997,0.057974085774263315,7.74211102220947,8.230096640553974,0.39764013921656743
1449.6480333333332,0.05774335668677228,7.731809496388061,8.202707796598473,0.3962693112971868
1450.1065999999998,0.05760505768702643,7.734209700380573,8.1874438094446,0.3925572245156415
1450.5653333333332,0.05737664328111343,7.7207857260223145,8.161063874366436,0.12198937831401117
1451.0242666666666,0.0574845108459832,7.724022919909275,8.165526686764991,-0.020290641179986166
1451.4832666666666,0.05738337295821962,7.685781633457235,8.153369727982168,0.30571371664074953
1451.9422,0.05719047718060617,7.685147437724468,8.14242791158659,0.3850373209656837
1452.4013666666663,0.0570183722648767,7.6921184216690355,8.134891491288908,0.26391774080267155
1452.8604999999998,0.056937474399816404,7.694045572842583,8.123555326903789,0.01004326005329515
1453.3197999999995,0.056998073242201755,7.671556531592769,8.116765125533094,-0.08630653743929532
1453.7791333333328,0.05700569082142003,7.679476819506992,8.120497860915284,0.32119568082716965
1454.2382333333328,0.056693716231477904,7.673023816204189,8.094961608012017,0.3422683274750686
1454.6971999999996,0.05667992274681001,7.664042677110202,8.0886683322729,0.00688328326714053
1455.156033333333,0.05667254320840422,7.654177576012283,8.085230192712734,0.25520457532652185
1455.614866666666,0.0564346393106415,7.636309084244356,8.060791552982439,0.47059625399817634
1456.0737333333327,0.0562329087775436,7.627673130167405,8.046298212899076,0.32383573538457633
1456.532866666666,0.05613133498986721,7.62051086881955,8.041407161597183,0.4418773120277839
1456.9920666666662,0.05582394554153337,7.607025326232181,8.022922126457814,0.6025468178913714
1457.4513999999995,0.05557533844301217,7.62199551264553,7.994495916326617,0.5820944353718588
1457.910833333333,0.05528695267668119,7.613101681662846,7.964778968124092,0.782660917352146
1458.3702999999998,0.05485728085841384,7.60276612404576,7.92059237716673,0.5362380487062295
1458.8298999999997,0.054799677913595884,7.620481417820417,7.916508476457273,0.5334434648257418
1459.2894666666664,0.054376488364984064,7.607133384173259,7.876432086263635,0.3592622091675324
1459.7489999999998,0.054485030760583,7.584969319676382,7.892567997030423,0.14500879919736417
1460.2082999999998,0.054262836804159165,7.562029888499037,7.874491062898192,0.5555450583418309
1460.6676666666663,0.05399681073327779,7.556893874953649,7.854193360733056,0.7553338762418448
1461.1267999999998,0.053592413855459875,7.5338434422004905,7.81525416117637,0.41594121084090585
1461.5859666666665,0.05363988252338305,7.514018525722185,7.814850010707415,0.1280604057432368
1462.0449666666664,0.05350444447183552,7.505148291234681,7.808825478407944,0.542303693673707
1462.504,0.05317447118815381,7.479545873749232,7.790319660844081,0.4106668546743777
1462.9629999999997,0.053164325559682014,7.470948244218462,7.786859348898459,0.031808996017400615
1463.4219999999996,0.0531853289767167,7.456211825124118,7.789082617858829,0.10242165479539576
1463.8809666666664,0.053110209231190426,7.465036467734696,7.781330369769739,0.19804356375447366
1464.3398666666662,0.05304367347025322,7.458728095498253,7.780993880523092,0.35637312233088225
1464.7986333333329,0.05282284313972323,7.459389575808182,7.757805581836846,0.3096887873020987
1465.2573999999995,0.052800163416976145,7.460260058874524,7.753692634238017,0.1851919821964866
1465.716466666666,0.052694318451106385,7.472784000701115,7.735015649752091,0.2862071266265504
1466.1754333333329,0.05257621776757729,7.452882240133365,7.71196759845929,0.21706512934351457
1466.6345999999994,0.05253261360751975,7.459377780208662,7.6987083563013,0.43027612099075746
1467.0934999999995,0.0522230858941283,7.453208932359814,7.677860762251699,0.5541560705823937
1467.5522999999996,0.05206673946205131,7.447337835015762,7.648698774972443,0.302887288116795
1468.011333333333,0.051980032871151306,7.467707494708709,7.639914691232668,0.3481125282028612
1468.4704333333327,0.051780341581038225,7.490429318966002,7.628282029518511,0.4120525597245516
1468.9293666666663,0.05163827398875683,7.511278004083045,7.615582998970663,0.1015388759747183
1469.388433333333,0.05171853527562316,7.485966506440888,7.624414765919313,-0.15871185595338738
1469.8474333333331,0.051810053984800784,7.466212621924801,7.640506008129622,0.14529383640910776
1470.3063333333332,0.05160757029859117,7.443647086285984,7.609135527858726,0.3316194315167489
1470.7653666666665,0.05152610810292979,7.4469095953638105,7.590742123314983,0.05604861262723662
1471.2243999999998,0.051578317275525,7.424617164484831,7.591720623218622,0.1459577947966311
1471.6834999999996,0.05141536534259177,7.429564483927775,7.57248544518056,0.05476711664591215
1472.142733333333,0.05154708819197324,7.425801495188654,7.580631034560546,0.08651670202104558
1472.6018666666664,0.05135076382721704,7.402049430738932,7.557395401716622,0.12788315741834883
1473.0610666666664,0.05144024618025566,7.383953543733733,7.550399221543488,0.13904164404123762
1473.5203333333327,0.05122939101858645,7.382832504232466,7.52543121226212,0.23996068594156253
1473.979633333333,0.05122050245493834,7.369190888751908,7.51748427368957,-0.05736228511662811
1474.4388999999994,0.05127966766739041,7.371969715680818,7.515468692606996,-0.2853619860592513
1474.8982333333329,0.05147895094235953,7.380554287339266,7.528756099765319,0.013326942691574235
1475.3574999999996,0.05126085829320839,7.372197021330469,7.510117760551014,0.2518849395266667
1475.8169333333333,0.05123703056277718,7.370759868185705,7.500932829358897,-0.04390907264411484
1476.2762,0.051288087958761074,7.385197111571788,7.497256322904343,-0.10512314607658527
1476.7352333333336,0.05132007572501713,7.386168035356137,7.493286046335194,0.11473997323384799
1477.1941333333336,0.05116959836099491,7.375991407990443,7.477837930822542,0.1326999169570684
1477.6529000000003,0.05118511652423189,7.35003859059702,7.47882510179415,-0.036898530611093674
1478.1116666666671,0.05118933275688981,7.348449389970243,7.474625999911016,0.0030395298409556628
1478.570666666667,0.05116863163500624,7.330013498242373,7.468084997884108,0.17419266361271765
1479.0297000000003,0.051014593016027426,7.345146345222879,7.449499434088657,0.1516277359115459
1479.4886333333336,0.051014945257205874,7.336470214745215,7.43460078443433,0.055324419123530234
1479.9474333333333,0.050951321872452576,7.3404741570453425,7.430093108306686,0.033582157014963594
1480.4063666666666,0.050974412985552796,7.320296035211718,7.432719869098857,-0.23166028654125173
1480.8653666666664,0.0511532499762351,7.320225248109175,7.447425337452416,-0.062014971459793164
1481.3245999999995,0.05101982889797336,7.3213355789233,7.44244105433016,0.09858652766828693
1481.7837666666662,0.0510569926853783,7.297050221037278,7.441480129405582,0.1331958628525509
1482.2431666666662,0.050892238316095566,7.2759581945045175,7.422140015073899,0.23641872108567177
1482.7024999999999,0.05083027625766647,7.278745832841411,7.410616941768076,0.17535562454662412
1483.1619333333333,0.05071733548157089,7.271410544091643,7.3953516229363006,0.3620742808159867
1483.6214333333332,0.05048324816297871,7.276741881252263,7.366377896467011,0.15265673359514173
1484.0809,0.050565213317840606,7.2891834651858,7.374829748523446,0.011774725761053291
1484.5402,0.050461384103161644,7.278551465494242,7.370186084791608,0.07429978872763962
1484.9992333333332,0.05048271786150183,7.2675900923311945,7.377572750317608,-0.06127722005538163
1485.4581666666668,0.05050058900098544,7.251004234199449,7.378589799964333,0.16327087749576855
1485.9171333333334,0.05031733293282468,7.241691879500656,7.353129467183868,0.3069613084292118
1486.3762666666669,0.05020385095400208,7.236868041577411,7.352034045954472,0.31002645270424517
1486.8355333333334,0.05001767650958686,7.233267230538034,7.3445292644392275,0.3791693202200251
1487.2946333333332,0.049841590784271896,7.240049157354878,7.328112440707883,0.23695941819295321
1487.7539666666667,0.049790481544617717,7.251824921674293,7.318463306483508,0.3165925971642399
1488.2133333333336,0.04954336288558505,7.2622473423037786,7.290363270459364,0.6787319929889108
1488.6725666666669,0.049161065024613176,7.268835564000417,7.256666731516776,0.45625911470405284
1489.1318,0.049120118317257135,7.266982591733355,7.248562789460787,-0.06388172260847594
1489.5908666666667,0.049214891241202034,7.256904243995144,7.264227276927556,-0.11110083209887785
1490.0500333333332,0.04921814556890535,7.2339901253644685,7.273348714524571,0.1107326921623711
1490.5092999999997,0.049110272982305796,7.212895538430315,7.25935180498559,0.0623838248119658
1490.9686999999997,0.04915911298880267,7.208748516525722,7.2663036207194605,0.15012702978847509
1491.4280999999999,0.04897345260559904,7.204705649495794,7.241495141632073,0.3243069803809203
1491.8874666666663,0.04886573704603876,7.195129865943583,7.238286714126491,0.19981234262759046
1492.346533333333,0.04879420428706563,7.189720325353606,7.2359293158194475,0.12796667530816114
1492.805633333333,0.04875157785227059,7.167566014870251,7.235204989989913,0.2727186855098597
1493.264533333333,0.048548858890184766,7.1649981321438805,7.233542936263259,0.42393432568224587
1493.723433333333,0.04836786588349654,7.156222050880388,7.218396502078785,0.4302775023482821
1494.1820666666665,0.04815571612340812,7.145241020652614,7.207423390373179,0.6161684704163699
1494.6406999999997,0.04780176010117232,7.154322616342899,7.174907671390373,0.5496970569522708
1495.0993666666664,0.04765569620467229,7.154008136364244,7.162097946533825,0.29572436478860503
1495.5580999999995,0.04753669669187102,7.1695733018137995,7.157801267129507,0.28890812356298273
1496.0166999999997,0.04739944544664052,7.15997961397034,7.142444923798121,0.3223401915849332
1496.4755999999995,0.04725593313483684,7.144208909748976,7.125270203217861,0.26983696199677054
1496.9343999999996,0.04717342512301668,7.149073080549848,7.118113839363706,0.0324222669017914
1497.3931333333328,0.0472483604791435,7.137900963401846,7.123414655038119,0.016261211815594773
1497.851933333333,0.04717905500773836,7.130100581025567,7.118531065733916,0.08552801434383539
1498.3105999999996,0.04719006387057746,7.115088609276508,7.1239213069696,-0.000267549600534167
1498.7694333333327,0.047204241346279124,7.123954685232206,7.123169601072027,0.11928010875589093
1499.2283999999995,0.047105532828970995,7.1307937269459005,7.113634500370818,0.04793919288603357
1499.6872999999996,0.047181056528937934,7.134777825800934,7.126309860419667,0.0973056379239447
1500.1459999999995,0.04703737239115533,7.131277248192731,7.105703788048076,0.30930775761508345
1500.6044999999995,0.04691968166296036,7.152187012921237,7.085710163009013,0.11360576501128568
1501.062933333333,0.04695524057162658,7.139538169264053,7.085321953979665,0.1118129315519184
1501.5212666666662,0.046835133156254136,7.143196648307044,7.081414850558788,0.09850085925056296
1501.9794666666662,0.046879267602749235,7.126923257046714,7.086927866451222,-0.22148094564383877
1502.437833333333,0.04705087334630431,7.104124846091995,7.096672297444743,-0.07688842467562594
1502.896133333333,0.0469611389544393,7.1086733021794615,7.079252970164851,0.3846382151039854
1503.354633333333,0.04670921302182068,7.136027651107613,7.055496031330076,0.4611773803390641
1503.8131666666663,0.04654831691009881,7.130712960400994,7.0269612209563865,0.25668791801484037
1504.2717999999998,0.04648310499714501,7.124128185818816,7.021864045558618,0.19404861740450918
1504.7303999999997,0.04637788379828699,7.131902465770553,6.999515540372894,0.025799201425918045
1505.1890999999998,0.04646447817151067,7.12385722343752,7.0068855391912175,-0.17883403253667535
1505.6478666666662,0.04654519098624258,7.126781155413689,7.007623238462615,-0.05631800651944299
1506.1067999999998,0.04651973068527216,7.127850006006814,7.000138493718827,0.13423127019687084
1506.5655666666667,0.04642686810969012,7.129989117192076,6.991086230662544,-0.08328163560839007
1507.0245666666667,0.04660200904395176,7.109305307458845,6.993537231576785,-0.2338112898631482
1507.4837666666667,0.046645803217130306,7.113179837304181,6.996739113292748,0.004185743307930834
1507.9431666666667,0.04660189372296391,7.115837730068407,6.977994160432617,-0.07892057894553045
1508.402833333333,0.04671983065974612,7.091673309214104,6.981576692998456,-0.16786137605911175
1508.8622999999998,0.04675135433593766,7.072366622366029,6.978621396441909,-0.0179878580975568
1509.3216333333332,0.0467299129743619,7.051531648073172,6.961503442663392,-0.07821239268889175
1509.7807666666668,0.04681622894102981,7.043310596879835,6.970418708835856,0.012279088609405978
1510.2398,0.04670983869104777,7.041019155028785,6.956220186074593,0.03559350981218645
1510.6989666666668,0.04677383733856777,7.031558023310899,6.953539155461869,0.01900164147895537
1511.1580333333334,0.04668587699547638,7.029069868008381,6.94676339167811,0.27556028818001194
1511.6168999999998,0.04651654183948,7.008284183902297,6.939894086902394,0.1843811990387929
1512.0759666666668,0.04651325422047857,7.00296358700637,6.938134673753017,0.04921890985028074
1512.5351,0.046466754785702426,7.011379321761515,6.927000425545257,0.034031540493907775
1512.9942000000003,0.04648004994887144,7.00769716748468,6.92131950968114,0.11801710903870409
1513.4533666666669,0.04635922270432867,7.008440778058502,6.917543999431543,0.051504163451395774
1513.9125333333336,0.04643178802309281,7.005430768497476,6.9217568226010675,-0.1804842803506103
1514.371866666667,0.04652148319905597,6.978079853529732,6.934631221975583,-0.11109236299334223
1514.8312000000003,0.04653076581754616,6.9874808682182055,6.940601347875762,-0.0017858697334948808
1515.2904,0.04652156202518137,6.958914186299552,6.9369767635078805,0.025493277412528128
1515.7497333333336,0.04650817836408176,6.966486341310647,6.936719950649261,0.2129286037721235
1516.2090333333335,0.04632807370614439,6.9558628975324215,6.930404190274289,0.19066616476601658
1516.6684000000002,0.04633431801875253,6.9529865234599315,6.939290507337223,0.048538946743258114
1517.1277,0.04628377956010069,6.922078765033914,6.919601405230642,0.12702434325182013
1517.5871666666667,0.0462188423541184,6.914856271452068,6.915852204609533,0.19463860605040054
1518.0467,0.04610612987549656,6.9081805577041795,6.910226730103579,0.34515529310373083
1518.5061,0.0459018106745252,6.893044554007361,6.897770709118227,0.2264865501068701
1518.9654,0.045896922889263024,6.9069213556143785,6.893674588147325,0.24411950837123858
1519.4244999999999,0.045676215162970435,6.901668576601261,6.88130554862035,0.48788958351840656
1519.8836333333331,0.04544906090586097,6.888036831823145,6.866740918532555,0.10661545887874
1520.3427666666666,0.04557742525858013,6.89916795875357,6.885461285115907,0.06056958961723033
1520.8018666666665,0.04538905706704651,6.886620590886121,6.876391281618235,0.2877054228194768
1521.2608999999998,0.04530853635048132,6.883813153213749,6.873381206720148,0.17348683338403625
1521.7197666666666,0.045225782441750524,6.876976258374433,6.874011550600602,-0.02397352832710901
1522.1784666666665,0.0453263709606965,6.890154738615004,6.900772319938728,-0.13589560642938914
1522.637133333333,0.045348155928673604,6.881995196854203,6.911848557608142,-0.051947440665788026
1523.0957666666663,0.04537235940220629,6.876348354003448,6.916018880296628,0.01689294673926801
1523.5545,0.04533077293024234,6.8728677283427935,6.908843886501333,0.10778738086673041
1524.0131,0.045273049007897005,6.855766169510806,6.918923998496769,0.06235335658171265
1524.4715666666664,0.04527367510350098,6.865612748164899,6.921239624407626,-0.011235589625902253
1524.9302999999998,0.04528037035523086,6.8791553693536285,6.913875639575422,0.007109697103382881
1525.3891666666664,0.04526273431551491,6.876171923582237,6.912802246218444,0.07814473086252269
1525.8480666666665,0.04520272466342396,6.879111448732457,6.904239990081518,0.2718250531102507
1526.306733333333,0.04500689353496979,6.862824492648371,6.893139612942435,0.2342608264946875
1526.7652,0.04498141590946113,6.851487549295512,6.896231304883224,0.11809116409462914
1527.2236666666668,0.04489309694610545,6.829204705203386,6.877696651078051,0.1990398038141318
1527.6821999999997,0.0447934964560559,6.824774336737454,6.872337386581324,0.08295136265158609
1528.1406,0.04481273419873528,6.815937191073153,6.872252239951961,0.03398915474339282
1528.5991,0.044758224734577946,6.802191046596656,6.8595833831227715,0.03347015898749964
1529.0575666666666,0.04477700438486466,6.804790165356254,6.858834542151911,0.16328688289002052
1529.5160333333333,0.04460174965065576,6.780731839607161,6.83952672468483,0.01644127086534579
1529.9744333333333,0.04475379717777942,6.778005645456839,6.8495112485477625,-0.03268785239646707
1530.4328,0.04462272238338756,6.7644349167864775,6.833251571616698,-0.06723409456444705
1530.8910666666666,0.04480744095371836,6.760223202236487,6.857500891343235,-0.10630292091917176
1531.3491666666664,0.04471256387476581,6.75558327173299,6.854009976210222,-0.057686667878864124
1531.8072,0.04485486415719463,6.768413862962757,6.867913869935204,-0.361738458893752
1532.2653999999998,0.04504144429881972,6.768815269567036,6.876938689289202,0.05408857412243604
1532.7238000000002,0.044801273476741975,6.766044627061788,6.8594911478365095,0.21811319879116622
1533.1822666666667,0.04483473809912414,6.7723290608804145,6.856606483754067,-0.1687171920474936
1533.6406666666667,0.0449478024639973,6.7767647716856585,6.862608574888429,-0.05919341145501864
1534.0991666666666,0.044882435410740995,6.755604484350198,6.848152960107206,0.020054676891211744
1534.5575666666666,0.04492527311323675,6.769671101704893,6.849018715825094,-0.10548949451795518
1535.0157666666667,0.044976069548497075,6.761080163504522,6.845600796205331,-0.11204239171394274
1535.4741000000001,0.04502560274291651,6.757433558680711,6.848668947302078,0.1968993268342681
1535.9325000000001,0.04479323448996601,6.7366011539399295,6.8208270681018615,0.35476213242506727
1536.3911333333333,0.04469806760062361,6.735992248928917,6.807036168919824,0.2578836497847902
1536.8497666666665,0.04455549816870852,6.7287065227065215,6.795683902921767,0.26195969386382495
1537.3083999999997,0.04445660577507788,6.725400952311756,6.787049876678214,-0.06227220586938682
1537.767033333333,0.044609603250942584,6.7375160258596125,6.799747787754025,0.01906288946318437
1538.2255999999995,0.044434126000294116,6.722832712459434,6.795805899353782,0.2031745007363412
1538.684033333333,0.044419912281904804,6.723662398090782,6.790404885007394,-0.16384981708560703
1539.1424999999995,0.04458154266302914,6.720406123961202,6.79497515638742,-0.23327454586652668
1539.6009666666662,0.044630878054324155,6.714603110466754,6.801877434386718,-0.10738274283202717
1540.0593666666662,0.0446757276712972,6.715348032700358,6.806180477434369,-0.05120431454862347
1540.5178333333329,0.044673517065091636,6.717396935488769,6.806901743870405,-0.08071387777732683
1540.9761999999994,0.0447458803303164,6.734211946296449,6.821703737688407,-0.19131351772501554
1541.4345333333329,0.04484523188353973,6.734394193729131,6.8173421900389695,-0.02847269375687692
1541.892933333333,0.04476729202072913,6.74801578893141,6.8127480667987985,0.0030797987751340506
1542.3511999999998,0.044835942937393125,6.752451384668268,6.821400654290139,0.08472504956915071
1542.809633333333,0.04468098148352248,6.74426007714003,6.817159250692909,0.005399347126372442
1543.2681999999998,0.04482594309925883,6.750738806049913,6.831814707904974,-0.03741319082414495
1543.7269,0.044713917103539634,6.753523162578286,6.820351470444159,0.08929746730498679
1544.1857666666667,0.044743020441807856,6.7465972819795565,6.825692405159847,0.11565690136261059
1544.6446666666666,0.04460630665716507,6.756115986004312,6.813946609407673,0.09143075068731044
1545.1037666666666,0.04465594521641235,6.751315678737425,6.814953067605686,-0.116091512873946
1545.5628333333334,0.04470554321738112,6.736133817320465,6.817630771920027,0.11268834877036174
1546.0219,0.044544709265977235,6.7314507275402065,6.80757150909067,0.09441700154357784
1546.4809999999998,0.04461422552761136,6.723630075746977,6.819365571877289,-0.06489301960237934
1546.9402333333333,0.044602521885063376,6.716894214446066,6.81894095698398,-0.04383411175591056
1547.3995,0.044652865583385534,6.7179846934760485,6.814635359436019,0.001736695967165462
1547.858633333333,0.04459910552460591,6.7237905487102,6.807434005121206,-0.07330186584187015
1548.3176666666666,0.0447157580953954,6.726885127895928,6.808319071072376,-0.1918861299255996
1548.7768999999996,0.044767882781053606,6.714823529459023,6.805329692408393,-0.1601386645248238
1549.2359999999996,0.04485410286496524,6.722831535588747,6.807015182772695,-0.27437753334901355
1549.695,0.045011304559791604,6.72944570999989,6.811637821882359,-0.2997878899563369
1550.153733333333,0.04511936276494271,6.734157804704566,6.816523883225325,-0.19171501456669965
1550.6124666666665,0.04517551178540164,6.741281756834378,6.821665661353559,-0.16292476853019655
1551.0713666666666,0.045257357465658905,6.736377725982231,6.829434915968487,0.013372586815797933
1551.5302333333332,0.045153117017425116,6.719925442284592,6.813499344337138,-0.006017482393790726
1551.9892333333332,0.04525385565712081,6.717336036328017,6.8076294366607595,0.05517343383753467
1552.4482666666665,0.045092812527506805,6.698330196663839,6.8025497140333355,0.11790754624287515
1552.9072333333331,0.04513615403560037,6.7114395596412795,6.79833123427107,-0.03433203125068578
1553.3661333333332,0.04511476920078629,6.707744535207803,6.7897616342010725,-0.023267517209565932
1553.8253999999997,0.045149787421310955,6.70325186667697,6.7838824389479955,-0.1680495539028308
1554.2847999999994,0.04526224798244896,6.712252544417408,6.78465721364838,-0.15159402989127613
1554.7440999999997,0.04528428305464075,6.712853797331958,6.777033780833749,0.12625951578815453
1555.2035666666666,0.045142249668845544,6.727265917143911,6.78032361907663,0.08813228385682989
1555.6630666666665,0.04520012572132782,6.705002222310787,6.7874764851480425,0.01846588138336199
1556.1227999999996,0.045123871211499134,6.698312574573994,6.780572412986795,-0.11015126926019604
1556.5824333333333,0.0453011277891313,6.697579476319163,6.787429440950132,-0.15312649128553257
1557.0419333333332,0.04526124498115588,6.683348609666704,6.78220127098603,0.004656397170450521
1557.5012,0.04529124138730246,6.674560747408437,6.784462182207472,-0.052628423030840914
1557.9602333333332,0.04530441194529515,6.676485120783989,6.787354130266856,0.06224280049363735
1558.4193333333333,0.04522952970107527,6.658799012402013,6.779834085962326,0.008825098206252152
1558.8783666666668,0.045293502724452206,6.677203798555846,6.787706619090351,0.06699226676001283
1559.3374,0.045168097510486824,6.68147517291684,6.778049891482581,0.10494905970652717
1559.7964666666664,0.04519734871234649,6.691207227387447,6.783588058584523,-0.00848568919574103
1560.255333333333,0.045175553651932245,6.674171098762355,6.7742616100512505,0.057396056782435916
1560.7141666666662,0.04514417593344937,6.670457321740396,6.774824269307079,0.01152039518035117
1561.1730999999997,0.04516575292293401,6.668421935043195,6.77828825655505,-0.10512196918843433
1561.6320999999998,0.045242349512859624,6.664433896389707,6.786912601127012,0.07997354864487959
1562.0911999999996,0.045096077810461994,6.654785922100635,6.786840069178694,0.24467105103868625
1562.550233333333,0.04502461781526349,6.661705805574704,6.79142581302795,0.211998383926723
1563.0091999999997,0.044909167335291496,6.64209788037845,6.7897598031939514,0.09842537532292263
1563.4683666666663,0.04494302542014191,6.633130980336452,6.79539406546368,0.17739392849588428
1563.9276333333332,0.04475885058317874,6.621007054560447,6.789163698354644,0.27410853155827397
1564.3870333333332,0.044706727511209084,6.603015398691388,6.784603769656659,0.10744657716450264
1564.8463333333332,0.044675644805942404,6.6027320158411325,6.7836009688690435,-0.0270891089857839
1565.3057999999996,0.04474681581491842,6.595460327987755,6.791981545654569,-0.10636386721737182
1565.765133333333,0.04478847041740076,6.603991670414817,6.802582966376718,-0.21848862034571884
1566.224433333333,0.044962381818305974,6.594777398288306,6.815547604718279,-0.03071136520268397
1566.6838666666663,0.04483116624574898,6.585939679662171,6.814841460509983,0.14878612324633592
1567.1434333333332,0.04484027616364889,6.59014013981611,6.818786001073917,0.08826545689541881
1567.6028666666666,0.04476369457784519,6.588509765636847,6.823633243730944,0.2833410918263855
1568.0622999999998,0.044592400627976564,6.588127242557022,6.816490120203679,0.2359860498609677
1568.5220333333332,0.044557600432500434,6.571526072891376,6.820728545685569,-0.010489888606441282
1568.9816666666663,0.04461325954418407,6.553117380905679,6.822652532719996,0.044256747968478304
1569.4412999999997,0.044528252363042406,6.56739076647726,6.813682054691729,0.1666494016866721
1569.9009999999996,0.04447078072420929,6.56544668730468,6.810919425268601,0.058654450222149955
1570.3606666666662,0.04448339549867396,6.580228014839843,6.808094494987567,0.08229770797198303
1570.8201666666662,0.04440543033231143,6.578431257281024,6.8046411929994415,0.1773687532578232
1571.2799999999995,0.044333808235843236,6.577649169897876,6.8056855444034285,0.12931680823390868
1571.7399999999996,0.04430023970708139,6.571702247049119,6.80530349615626,0.07884112007130208
1572.1999999999998,0.044274669175101936,6.568740621596958,6.803225065422995,0.010907778054779247
1572.6599999999996,0.04430390439896469,6.5633398624553285,6.801181439318356,-0.10299018209353934
1573.1199666666664,0.044383286815904775,6.559170790227701,6.80320486585698,-0.09745930286615598
1573.5799,0.04440720198472809,6.536828658181396,6.800451550698969,-0.012987752829585433
1574.0399,0.044408684208107306,6.530635747051287,6.805993223202373,0.04830876041706279
1574.4998666666668,0.04437615359333489,6.522962975966878,6.802111551033477,0.09061746731450396
1574.9598333333336,0.04433896023765704,6.514373073138766,6.804864016466538,0.2022963185663073
1575.4197333333336,0.04420471538733921,6.5056721106418465,6.79433776012256,0.19649805349643856
1575.8798000000002,0.044173047296909206,6.494656397913049,6.796117217748003,0.04140012458806922
1576.3399333333336,0.04418101419442431,6.491668674936058,6.796101605492741,0.04478993073529197
1576.799966666667,0.04414759137520575,6.493964608482201,6.793635226004482,0.15987267482992942
1577.2598333333337,0.0440493730916951,6.500031013581904,6.785196019795964,-0.001325728663863246
1577.7197,0.04416055534769028,6.498317377799645,6.790054443479439,-0.21948369102827095
1578.1795333333332,0.044260503935954314,6.498928234460066,6.794453958428422,-0.04548443654264658
1578.6394666666665,0.04421024852096147,6.496608449651731,6.789893562869146,0.16128816230090343
1579.0993999999998,0.04411895255107769,6.490955270079623,6.785385476422684,0.11378524737869138
1579.5592999999997,0.04411127546837796,6.477676818025079,6.775676078456734,0.11094815362176169
1580.0192999999997,0.044020811099928774,6.470008656892723,6.7649808078308915,0.1765649976869417
1580.479233333333,0.043952900546916356,6.476168104501154,6.764138719493866,0.14533180181283778
1580.9391666666663,0.04389157606273194,6.4626621485057445,6.754316173886349,0.057984834496956496
1581.399033333333,0.04390367696444053,6.45018018564247,6.751887089225012,0.05480467757728862
1581.8587999999995,0.04384545128797494,6.428368507013906,6.75445490142133,0.11745801220563981
1582.3183999999997,0.04379928678602368,6.4302796792091925,6.75370401015688,0.1832209100835248
1582.7781666666665,0.04367801843984585,6.42660435005113,6.740554352119606,0.11704770760555762
1583.2379999999998,0.043692806742902636,6.412035787456505,6.742030756629525,-0.11448473901121232
1583.6978333333332,0.04378584319406594,6.4139032751553495,6.7493640819404845,-0.06872089339330256
1584.1577333333335,0.043761610931227955,6.391016565102492,6.754163387901356,0.16359139394953284
1584.6176333333333,0.04364367355922479,6.407808956370553,6.747660066712508,0.20680805142145503
1585.0773333333332,0.043580243824285776,6.396081413451692,6.7429842964937174,0.1912142534664008
1585.537033333333,0.04347552224115925,6.393445965477426,6.735518922368352,0.1688031704986154
1585.9968,0.04343295449944871,6.40040552370316,6.735003703611783,-0.005986023507202667
1586.4564666666665,0.04348730886798919,6.3760980301575065,6.735568271749445,0.042849316570504795
1586.9161666666664,0.04339892104467152,6.362017866515619,6.7328019484164,0.26977010948870034
1587.3759333333333,0.04324473954485579,6.368468648480096,6.73040652909043,0.1914820906985377
1587.8356999999999,0.043227433853318724,6.37420427775275,6.731365768372849,-0.03790291871737607
1588.2955,0.04328389018617596,6.378611594679403,6.739732810760436,-0.016817084339897592
1588.7552666666666,0.0432460604031663,6.367017172446321,6.742354151944844,0.045909069877314114
1589.2150333333332,0.04324325081519569,6.373207390699164,6.750009152926632,-0.08866441277475635
1589.674733333333,0.04332922853041236,6.376839253677723,6.755497116148791,-0.0321045359454063
1590.1343666666664,0.04327520550152676,6.381753324583896,6.759554715725202,-0.03064252336548284
1590.5940999999996,0.04335721986399216,6.395197455552743,6.7669258131232075,-0.12145775682715002
1591.0536999999997,0.043385763411722574,6.409415957775331,6.774489633947606,-0.004085872667730418
1591.5133666666666,0.04336075220385683,6.420748977102198,6.770008952247297,0.19706960682915112
1591.9729666666665,0.043204779864210265,6.438182490226005,6.768285264222668,0.07582991667855425
1592.4324,0.04329179758931319,6.4526799098751,6.77655592337733,-0.2113693667695979
1592.8916333333332,0.043399912606029774,6.47399820905794,6.777172080579654,-0.14610146654379097
1593.3510333333331,0.043426331094593734,6.478192894454148,6.787804068853351,-0.0988073106703534
1593.8102666666664,0.043493073036511405,6.496638834248319,6.801569926299764,-0.20749564876234258
1594.2695666666666,0.04362121361700413,6.488001906775906,6.811775972339991,-0.32718859046049054
1594.7287,0.043797281494165924,6.488833944893831,6.825304262200388,-0.20503920643849488
1595.1878333333334,0.04381302898978845,6.4937971600543865,6.8310912293179085,-0.12338126287914855
1595.6469333333334,0.043914741702992706,6.496509584146597,6.840590020807123,-0.15851953159495927
1596.1059666666667,0.04396291920568217,6.500676715726998,6.844229813677771,-0.32274364734399935
1596.5646666666667,0.04421532811371071,6.492772544711276,6.864087955212501,-0.20713740292410376
1597.0231333333334,0.04415650577024785,6.493212190286987,6.866447086372245,0.03369622890143797
1597.4815666666666,0.04419098535720819,6.482908517728582,6.867025081219574,-0.06943934200931294
1597.9401333333335,0.04422750616111122,6.490049292614444,6.86840693491101,-0.16267560314812324
1598.3988333333334,0.04434545568030778,6.480810976618634,6.878744557312707,-0.14314482485429328
1598.8574666666666,0.04436107987251386,6.486441934349916,6.8815073118590915,-0.09103205648235063
1599.3160666666665,0.04443230977325724,6.489380660695596,6.890833440124202,-0.1656911853427425
1599.7745999999997,0.04451658627611771,6.499633266534043,6.89813640870718,0.10404479850487623
1600.2331333333332,0.04434120581570779,6.495244245084808,6.892729698048751,0.19393232266066426
1600.6917666666666,0.04434375970658396,6.502756095417467,6.896083609379887,-0.09341626663763458
1601.1503999999998,0.044432974670617534,6.498636174260335,6.894592729634122,-0.024040076812930317
1601.6091666666664,0.04437196393771424,6.502530462393503,6.89183249993091,0.08478898201444376
1602.0678999999996,0.044360536980418044,6.488519935382175,6.890590065314253,0.025727968739455303
1602.5266333333327,0.04435373173572775,6.490325622988651,6.890403313523736,-0.04061885121015367
1602.9854999999995,0.04440295782066561,6.471696849062059,6.885753438920377,0.020882373269517945
1603.4443999999996,0.04433868018367143,6.478234519017532,6.878241520122063,0.01762284445356893
1603.9031666666665,0.04438964349112577,6.460839943284936,6.876410537645001,-0.1421359488964766
1604.3619999999999,0.04447335752656354,6.441259017789188,6.8762154031501685,-0.06647204125456399
1604.8209999999997,0.04445427259958887,6.428660326272335,6.880116314297896,0.12997322154736665
1605.280133333333,0.044356578349874005,6.4109961288190505,6.881655464867296,0.04070602430937516
1605.739233333333,0.044416837981035594,6.398116727261916,6.884797908886484,-0.041613395497158055
1606.1984666666665,0.04439454902618566,6.375608936358539,6.882693386927615,0.02823624957813086
1606.6578666666667,0.04439145039000127,6.361573563405655,6.887271988891359,0.06734757306017641
1607.1171333333334,0.04433506074610552,6.352309366835673,6.887340471289964,0.018814789384582295
1607.5765666666666,0.04437715434289288,6.347117833930779,6.885942181973454,0.06276177260619893
1608.0359,0.04427910010015417,6.329018980365744,6.882237477845664,0.3095276358456016
1608.4952999999998,0.04409457242127572,6.350789303565746,6.875737845668536,0.24103026607574538
1608.9548999999997,0.04405978838199183,6.339241240657266,6.870504508778643,0.1460629112734241
1609.4143999999994,0.04396453021004198,6.33697284271039,6.860216920206247,0.11882475218270853
1609.8740999999995,0.04395815506744726,6.331993521085454,6.862677277752135,0.16224999929345718
1610.3338666666662,0.04382627444856151,6.340732460646288,6.861692823324098,0.06269526260378208
1610.7937999999997,0.043912152707723084,6.3474584023325455,6.867152980934187,-0.0652222330361262
1611.2536999999995,0.04389354557457031,6.339407082952924,6.872643531353358,0.06942670300623795
1611.713433333333,0.04385506803724935,6.348686952631407,6.874252996681389,-0.0713207340096463
1612.1730999999993,0.043964477240929396,6.350720185616356,6.88098749072503,-0.260262172140596
1612.6326999999992,0.04409908601771946,6.3573263933282655,6.8897033992500205,-0.18297611348086518
1613.0923333333328,0.044136132689114045,6.346963093556652,6.895199022921612,-0.04145364475884939
1613.5519999999995,0.044140323001750095,6.3403756546503365,6.899656972270455,-0.0590995165272143
1614.0115333333326,0.04419327790021356,6.342871425328421,6.906337365289234,-0.08159912762156565
1614.4707999999996,0.044216954964925594,6.3477521288610115,6.909018673675962,-0.15982794584242838
1614.9299999999996,0.044341218187445665,6.349071885427198,6.926568888110713,-0.3490023120434463
1615.389133333333,0.04453909585235698,6.344439442761143,6.9343770920664305,-0.1706138724238769
1615.8481666666662,0.044501945103551696,6.347069607842908,6.9362360862964305,0.03641508224847957
1616.3069999999996,0.044509656017473996,6.358923370854485,6.936000486143362,-0.040891376238373627
1616.7657999999997,0.044542866953915496,6.376035801356484,6.949797745200258,-0.0016810370240159423
1617.2244999999998,0.04451504138784464,6.367587722533798,6.953525258475316,-0.0428889028233998
1617.6833666666666,0.04458692715065016,6.3797194051322625,6.960464687776847,0.09406045262770149
1618.1423333333332,0.04443293824535439,6.3795640117767105,6.964098289472306,0.14150759875732766
1618.6011999999998,0.044460339815998895,6.3696680206146965,6.960363375984844,-0.26356526921638973
1619.0601,0.044680058285388805,6.3624462410068885,6.97468256781051,-0.2651405697557932
1619.5191333333335,0.04471261863753351,6.349867685723066,6.975283804442635,-0.08883367973110241
1619.9779666666668,0.044769452482043205,6.3759058220677565,6.979567807830076,0.17111987195192424
1620.4369000000002,0.04455985164501111,6.358554103779742,6.972027280788351,0.19400610564537815
1620.895966666667,0.04459405728468846,6.370787711197107,6.972120008305178,-0.048396001343945415
1621.3548,0.04460747095855217,6.374888082927478,6.975201839944475,-0.004776365277678133
1621.8137333333334,0.04459880061415764,6.390380381786451,6.979171922454095,0.009338843381792397
1622.2726000000002,0.04459767381261925,6.375285239498864,6.985744762100547,0.003268883338599473
1622.7312666666667,0.04459403693887887,6.3741297238775125,6.9878395806122855,-0.26605891193337117
1623.1901666666668,0.04483918739242711,6.384871821097044,7.002887223437483,-0.242897640420975
1623.6490666666668,0.044811050499470734,6.394867131458848,7.0028947459995665,0.12483806269937282
1624.1079666666667,0.04471595147195417,6.395612003420027,6.997098423980293,0.07857543068719902
1624.5669333333335,0.04473309473782889,6.3921901312379354,7.004478304236972,0.03566740683653936
1625.0257000000001,0.04468041358183632,6.409961919590584,7.002983176574789,0.1228772354517058
1625.4845666666668,0.04461810899624417,6.396673110286826,7.00636852603111,0.14738748371264654
1625.9436666666668,0.04454343849064589,6.38758980625783,7.003822971375989,0.16278610490357232
1626.4029,0.044467443308544616,6.36887492856501,7.0024814914994336,0.13700095669434673
1626.862133333333,0.04441704136553736,6.376831764287958,6.9954592653402,-0.13729382518498853
1627.3213666666663,0.04459465829767191,6.359834071906071,7.007574141917577,-0.23132512763798374
1627.7808666666665,0.044630348685876536,6.360046904581219,7.006492723443037,-0.06750228481862264
1628.2404999999997,0.044655702720708526,6.346781943989752,7.006239295914251,-0.024130088597629183
1628.700233333333,0.044652189235804676,6.336151698959184,6.999280817630325,0.18063964032815144
1629.1597333333327,0.044493533655258134,6.329978407599671,6.992889012966869,0.1203192605093393
1629.619433333333,0.04454770830819828,6.31899139017694,6.988468942758437,-0.0753448179104355
1630.079233333333,0.044569115023922044,6.29812840288925,6.988135228481432,-0.09939709168243542
1630.5390999999995,0.04464684914466772,6.285852207681299,6.984730602881394,-0.19580368378235982
1630.9990666666663,0.044756993500324346,6.284097492662418,6.989834829697607,-0.11606619381005077
1631.4591666666665,0.04476091359614408,6.264344770244545,6.987700569850231,-0.1163641289811925
1631.9193,0.04487181233899087,6.264511005959769,6.996722652946807,-0.1445987469476356
1632.3796666666667,0.04490286946617624,6.269335601549281,6.999571431791021,0.09761943620528322
1632.8397,0.04479041889448053,6.271864180696535,6.992207221912887,0.16416245276887967
1633.2997333333335,0.04475974456752572,6.270147744484629,6.993859367434043,0.15623363393633588
1633.7598333333335,0.044656412417865554,6.254175219175102,6.989832371946837,0.033466049496148925
1634.219866666667,0.044742140434353976,6.264523908311263,6.99684748857942,-0.030708154248147743
1634.6798333333336,0.04469861355873622,6.261990594127443,6.999562016525764,0.08149281205072359
1635.1400333333336,0.04468002862458413,6.246659360082297,6.998235189844239,-0.057353102913986556
1635.6002333333336,0.04476661255651959,6.230706158404029,7.001538877149537,-0.1501595085883693
1636.0605666666668,0.044834842815435864,6.225072878562789,6.999693862310747,-0.03602419426108239
1636.5209000000002,0.04481707422091833,6.2235833018877225,7.003023997206077,0.16126754042777486
1636.9810666666667,0.04470248751657957,6.215020345217482,6.996825384685935,0.19858205312366717
1637.4409666666668,0.04465183049638758,6.200471022948119,6.993953592141951,-0.0667848109319231
1637.9010333333333,0.044785518473017885,6.199070926122748,7.000212690660939,-0.1539765675576491
1638.3609333333332,0.0448130118843409,6.187785514309594,6.993296981899289,-0.0703394456800707
1638.8207999999997,0.044867309229889574,6.17464597548887,6.9943704042101595,-0.11219839493018592
1639.2807333333333,0.04493310227126793,6.170264922008081,6.9946492021948155,0.0045767714444459665
1639.7406666666664,0.044878976151226324,6.18588009770821,6.994019811252659,-0.062173516715506756
1640.2005666666664,0.04500232550227029,6.205308387513161,7.002125634611098,-0.28925155628987126
1640.6604666666665,0.045155294066594416,6.200056111839375,7.012248437738127,0.02511004875778436
1641.1201333333333,0.0449896784775783,6.206936895545886,7.003839417089563,0.19026404478462036
1641.5795666666666,0.04499210975389166,6.206543388422786,7.006727559117263,0.005395823765713923
1642.039033333333,0.044998336158056464,6.193737717259313,7.006552804026055,0.16456648349001907
1642.498533333333,0.0448528653053729,6.187931009404905,6.999739963293939,0.07958425840369207
1642.9582666666663,0.04493253351999046,6.202418456568136,7.007101501670657,-0.08665194626144748
1643.4178999999997,0.0449362212938693,6.222383005479554,7.006933273546452,0.13262330927974375
1643.8775999999998,0.04481355552035065,6.223180648015011,7.009455241038882,0.17777796832123685
1644.3373333333332,0.04477712256043808,6.2202313598249805,7.010728861062942,0.10858419326913946
1644.7969666666665,0.0447205840247808,6.218126290610697,7.014504810304853,0.1833670138182556
1645.2563,0.04461598499648337,6.226474742123391,7.016897079128149,0.17491931043635903
1645.7155333333333,0.044568023501569735,6.215508943824595,7.0122065358949195,0.12400046435445933
1646.174733333333,0.044509797472010865,6.215206813328574,7.011653366173345,0.08347003422485315
1646.6340999999998,0.044498332692907615,6.215572874411779,7.009171647688461,0.016755215541703027
1647.0934666666667,0.044500695015695924,6.2385783474167456,7.017075917061661,-0.08596561889297147
1647.5528333333332,0.04458294866978736,6.2321081675809245,7.027562153761455,-0.18612228173408155
1648.0121666666666,0.04467676039256103,6.241428593919436,7.03144845817167,-0.146976036184146
1648.4714333333334,0.04472321793463995,6.240736258637568,7.030910189318465,-0.025274368354433842
1648.9307666666668,0.044704935933518264,6.251752024271392,7.032991339433981,0.02948388524813228
1649.3901,0.044701037182784585,6.267105954714492,7.034724783026039,0.011822567867472048
1649.8494333333335,0.044699118679326126,6.273866164150018,7.036530872835672,-0.12258643033450344
1650.3089000000004,0.04481867295510451,6.273202745220803,7.040390609536693,-0.10107331950843675
1650.768466666667,0.04479779478204112,6.277022213956117,7.046200512224596,0.0032344648077877844
1651.2280333333338,0.04482046105771184,6.2864997878568225,7.05091953869826,0.08194411379889278
1651.687366666667,0.044724468994249277,6.288183408771228,7.053985693942489,0.16653541628585775
1652.1466333333337,0.04466822594872409,6.304553254256079,7.0613337219822165,0.06887987079897895
1652.6062333333336,0.04466086536232798,6.316622267348479,7.065200596140369,-0.004128507579201568
1653.0657000000003,0.044671194361660796,6.327127662143211,7.064330131994297,-0.13549651800353005
1653.5250333333336,0.04478534002545192,6.329148767918588,7.069208218531212,-0.04033430452362894
1653.9845666666668,0.0447115334566418,6.336481386144073,7.066718839506037,0.051961645545507994
1654.4439000000002,0.04474144764705535,6.358360556309763,7.072170261128344,-0.09450674212242874
1654.9034666666669,0.04479896881654076,6.363354959805637,7.07672064313728,-0.15162773040886204
1655.363,0.04487878956483977,6.397156624953075,7.086544101386632,-0.1627722617436683
1655.8227,0.044946163551175394,6.435951052523284,7.096860886020814,-0.2443325241720017
1656.2823,0.04510228717043377,6.460630795869354,7.115960736937969,-0.21259636070992308
1656.7418333333335,0.04514130696430345,6.46753861220789,7.118240644977414,-0.09240010983389067
1657.2014333333336,0.04518657456156586,6.463048891217804,7.125411068003762,-0.17897584922043
1657.6611000000003,0.04530528907854029,6.485290136443489,7.128997191592217,-0.07021443057388452
1658.120466666667,0.04524788135017682,6.5007727603656855,7.133551570041717,0.10552118228027475
1658.579866666667,0.045201544770457826,6.523247272703349,7.135901282848043,-0.15997616015955787
1659.0393333333338,0.0453858318300997,6.542453565569078,7.141297003131771,-0.19306386698759004
1659.4986333333336,0.04537068393939614,6.563737058376966,7.144501567231792,0.08513180035475088
1659.9577000000002,0.04530259920298122,6.561708538221626,7.143520883155382,0.05804038593299182
1660.4169000000002,0.0453159611140195,6.567570765293,7.145706820166372,-0.06928419172152518
1660.8761666666667,0.045365828061832786,6.547905393957417,7.146021995695058,-0.049606279342783346
1661.3356333333334,0.04536186133471708,6.552454579800073,7.147181906736274,0.11810038854258183
1661.7951,0.04525849989507784,6.539852301807107,7.144186995524668,0.1887198324620247
1662.2545666666667,0.04518926332194203,6.524271171565646,7.144436082159739,0.010225426333637867
1662.7137333333337,0.04524825522968479,6.504679303552656,7.147380267819364,-0.11352957734822795
1663.1727333333336,0.045290986450575874,6.494606778326336,7.1473186750877185,0.007099855724171393
1663.6315000000002,0.04524039195223199,6.469325887486209,7.145237533221735,0.049662939725372134
1664.0902333333336,0.04524643180925761,6.460845221015585,7.143566049674434,-0.08537014929404786
1664.548966666667,0.04531988099816867,6.443898585487653,7.144876536826126,-0.2871842251968824
1665.0079333333335,0.04551133917890886,6.425636525394784,7.1491842216089685,-0.2602471407305818
1665.4669333333336,0.0455623171441146,6.422341672259386,7.149973819179678,0.03066522528102983
1665.9258666666672,0.04548892581688057,6.404906960035502,7.139165954054018,0.19980318289775734
1666.384566666667,0.04538613708571821,6.38254504504811,7.1345286454996675,0.18394583636328435
1666.8432000000003,0.04532671473808708,6.361174543872892,7.133277755932316,0.22910434110010547
1667.3020333333336,0.04517965916001359,6.333653352770255,7.127956702303421,0.25326247476813196
1667.7608666666667,0.04509734018596198,6.305045907642634,7.1215927703269015,0.23020972737119103
1668.2199666666668,0.04497347288559586,6.294286217124602,7.1082366083302935,0.11162616629440104
1668.6791000000003,0.045003001047201875,6.269759876067176,7.104437826200523,0.18161833196191224
1669.1384333333335,0.044817097140501076,6.235264156239348,7.09377697087204,0.3223142756508468
1669.5977333333335,0.0447186902197302,6.210864450740217,7.089319831700841,0.18674616561842267
1670.057166666667,0.044658298787474675,6.209768813044042,7.078783788108812,0.07735084110299935
1670.5167333333334,0.04466098719222012,6.187396666745369,7.079575774799926,0.031252759736162546
1670.9763333333333,0.0446428962918289,6.16973240127407,7.0765201636411215,0.04828128816645005
1671.4357999999997,0.04462981018901486,6.151886935266545,7.07228761042754,0.025221334148856578
1671.8954666666666,0.04463348683918138,6.12780772190657,7.0690554854786365,0.1073257948896997
1672.3552,0.044544437912900595,6.083582824022688,7.05475908471,0.25574293509709445
1672.8151,0.04441355188975224,6.0584545514047665,7.046230581293573,0.18306099067939843
1673.275033333333,0.04439192037636037,6.05167180527304,7.037414086590425,0.036792749296465664
1673.7351333333331,0.04439271330030841,6.043343962149739,7.042894693441946,0.10440217489238181
1674.1949333333332,0.04430521728489259,6.031414664726553,7.040550636616769,0.1039483042244667
1674.6547333333335,0.04430777684917116,6.035321223665846,7.0367657997437725,0.0651856413166274
1675.1145666666669,0.044255850651280036,6.029892943946427,7.035621318949128,-0.03278880862281853
1675.5744,0.04434679533912555,6.0407501403310375,7.0353544409919895,-0.14472942022728089
1676.0344000000002,0.04439771932388776,6.055710021902451,7.035287881508536,0.030453773576991545
1676.4946000000004,0.04432935404543997,6.0665892293290105,7.034178373775923,0.13263094522670776
1676.9547000000005,0.044288043532466174,6.065631903828536,7.034777990728318,0.0017664544109406192
1677.4148000000005,0.044338608018440216,6.09444903869125,7.042366987240592,-0.0049223458743928115
1677.874933333334,0.04430117513029644,6.109041694820789,7.0452711290911365,0.02048724897946616
1678.3350000000005,0.04432782539446812,6.133467374323875,7.044925053169683,0.1403862398029094
1678.7948333333338,0.04418174645696767,6.132245538874122,7.044169455939713,0.1989670819120972
1679.2549333333338,0.04415389844120718,6.134998712465703,7.040015459040464,-0.029316741398097784
1679.715266666667,0.04421545240578398,6.143764219176276,7.0458221243091606,-0.17932825362008503
1680.175466666667,0.04432380421937379,6.14177256151778,7.054814516730504,-0.14549602555315033
1680.6357000000003,0.04435410225979258,6.165972386620311,7.0545165755069075,-0.12882858756367715
1681.0958333333335,0.04444998243966849,6.158590564165149,7.0641844780378955,-0.1734773382455662
1681.5556666666666,0.044521366497189324,6.161104189210304,7.0662837505240335,-0.06277149207207391
1682.0153,0.04451462575397941,6.145187513744848,7.0709468475229444,0.05757941973717853
1682.4749,0.04447574687981368,6.14579977790026,7.073413640732288,-0.068025211987445
1682.9344999999998,0.04458409177669279,6.1525159933195805,7.077805177004592,-0.027153339940089206
1683.394033333333,0.044506490773025806,6.135689896548763,7.070632193466314,0.1614383504188063
1683.8532999999998,0.04443898055156025,6.104640042192819,7.068875841622749,0.10262267789747989
1684.3125333333328,0.04441489824710983,6.095532072786441,7.067421671607937,0.07529806511802535
1684.7714999999996,0.04437456706866199,6.095213264214535,7.066951147618922,-0.01845662047381798
1685.230366666666,0.04443713025278995,6.102313332185338,7.069139192859744,-0.01365607804809865
1685.6892999999993,0.04438953947960546,6.098941292995462,7.060960624500007,-0.12296094195614272
1686.1480333333327,0.04455118343240437,6.104244570697625,7.066944349875633,-0.2960573620676081
1686.6064999999996,0.04466106088138516,6.114746997995704,7.073025003563365,-0.08645016168123228
1687.065133333333,0.044624787987789745,6.102393030281762,7.074131395073607,0.005793441149511114
1687.5239,0.04465038479468107,6.103492773615342,7.06907777813142,-0.19868742487962385
1687.9828333333332,0.044801552790206756,6.106717956465186,7.0752389495073365,-0.060458490272134034
1688.4416666666668,0.044697285749731634,6.113461843753938,7.075795032729658,0.06153973009921608
1688.900266666667,0.044734828942900616,6.118921010024652,7.072055036937596,-0.09195862469650899
1689.3587666666672,0.04477202677130197,6.113185457286457,7.0728998950138955,-0.04589493461451056
1689.8173000000002,0.044766009971341836,6.103172152274237,7.072225884285989,0.028664570331254705
1690.2759666666668,0.04473406406432146,6.103787808463042,7.0670820927136875,0.03695194091664888
1690.7347000000004,0.044719706681942015,6.090010131692209,7.06115766060339,0.035642814415544816
1691.1937000000003,0.04468839961998039,6.086542586234035,7.054718964048956,0.08078090596977973
1691.6527,0.04463192568569646,6.105540570177606,7.050057881642172,0.09758578772995233
1692.1116666666665,0.04458468294201415,6.094417474599003,7.0460646266988505,-0.0433260150701999
1692.5709666666664,0.04465533621736606,6.105167233983453,7.046342703999284,-0.17329771635828428
1693.030233333333,0.04472548053203253,6.107746354845172,7.05298065832395,-0.31833909622991746
1693.4892999999997,0.04492668483659403,6.117274932859791,7.058116713858884,-0.19658532277965973
1693.9483666666663,0.044887743973895285,6.12859198397032,7.053896744610527,0.030958915854211604
1694.4073666666663,0.04488374272640586,6.1010228075480635,7.057765758034278,-0.03745006088435032
1694.8662999999997,0.0449074633485988,6.10790489698087,7.051104951928635,-0.07391907992586301
1695.3254999999995,0.044938044898716306,6.11763401492067,7.052581202419267,-0.15953496423483973
1695.7847999999994,0.045040995633334385,6.108920483300811,7.055203815690262,-0.14721374543827542
1696.2439999999995,0.0450592086682647,6.106889435832112,7.052276831020721,0.04274560911332276
1696.703133333333,0.04498746514371759,6.099909771515545,7.048097108235448,-0.07345433940648105
1697.162233333333,0.0451133179663651,6.1083142214115504,7.056891845275373,-0.2028690757097065
1697.621433333333,0.0451622237318709,6.112549264516187,7.058039821098272,-0.0020793151305492077
1698.0803999999998,0.045103857853148764,6.106174057483899,7.0530409393849585,0.0015910106367136088
1698.5396333333333,0.04514880352026777,6.11852262601091,7.0567893155018835,0.028662447145787213
1698.9991333333335,0.04506531553478754,6.101760819151808,7.049621338606416,0.17966709602624878
1699.4584,0.04497499253856637,6.106322692549551,7.05097860561087,0.17697400244317843
1699.9177999999997,0.0448978473320623,6.09922642976375,7.051042920609729,0.23114273622707485
1700.3773999999999,0.04475949465973426,6.093033497410463,7.04929301153128,0.07357938391320404
1700.8368666666665,0.04482985536745552,6.089739625707864,7.050685106286081,-0.14811136410511394
1701.2962,0.04489429806227451,6.082047911645765,7.051743147461839,-0.03204448557530476
1701.7556,0.04485909290530588,6.066135193837002,7.053651653588025,-0.0193425342670137
1702.215,0.04491250573458939,6.042767970887048,7.053601969260946,-0.05868986296078059
1702.6745666666668,0.04491504672296973,6.038320979680358,7.053495065540395,0.13888630118779172
1703.1341,0.04478956249800397,6.020190713308603,7.049894772758059,0.07978394020420745
1703.5935999999997,0.044851130165962844,6.0121471614324475,7.053505807813028,0.014304681603022767
1704.0529999999999,0.044787043098889076,6.010710095033077,7.057262910498431,0.04132642342884599
1704.5124999999998,0.04482402989502468,6.03784969039931,7.066073572659038,0.027642626271478777
1704.971733333333,0.04477563788487165,6.023908656800963,7.066928910835197,-0.07192828879374132
1705.4308333333329,0.04490568516265914,6.008464823859752,7.074852434951474,-0.09461168154175752
1705.8900666666664,0.04487678632565305,5.9976981505217015,7.077804830648373,0.09270062542882401
1706.3491999999997,0.04483489571662648,6.011871643898869,7.080162852143976,0.18228927891502078
1706.8083999999994,0.044722499157141035,5.987041086265971,7.073323477305253,0.20696876182503657
1707.2678666666661,0.04466118546864101,5.986305050294934,7.0754156442302465,-0.007581720389262758
1707.7274999999995,0.04474685874962962,5.987147391450829,7.075742219411086,-0.15224587133964365
1708.1871666666664,0.04481528994892454,6.013381036013868,7.078763854765164,-0.08119608702946517
1708.6466999999998,0.04483615207588435,6.02151701555702,7.082632597781352,0.05190479158925136
1709.1062,0.04478215025031201,6.0241322275758415,7.0823197080443965,0.2081345976822712
1709.5655999999997,0.044659387785353846,6.044437076208415,7.081730579466565,0.12536345195075335
1710.0250999999998,0.04468312691746989,6.062786967178901,7.088029989683942,-0.18676475963966352
1710.4846333333332,0.04484788220505395,6.070865334775417,7.098322933749844,-0.25440623490286757
1710.9441333333332,0.04493326447461031,6.076738773755392,7.099359824246532,-0.21690857013997933
1711.4035333333331,0.04506311382781911,6.0821480123287515,7.111733728878304,-0.2239589834944373
1711.8631,0.045153910480794666,6.1041839276005705,7.123064021086102,0.0146713192060222
1712.3225,0.0450635798564011,6.11295883918912,7.1216888919782635,0.08350077896448554
1712.7817,0.04509148623032246,6.1330900476262125,7.129166420247825,-0.20278078307008965
1713.2410666666665,0.0452632364702874,6.14945436457466,7.135580412790295,-0.153795777035292
1713.7004666666664,0.04524432177004952,6.183986048695612,7.137712695570821,-0.012763279190563364
1714.159833333333,0.045285421527551245,6.179139427476803,7.138078827395749,0.055837569096114974
1714.6193666666663,0.04520301521517472,6.190800360653086,7.139190445284412,0.139874956238148
1715.0786999999998,0.04516601665736594,6.186283181773185,7.139785350952645,-0.02264694228054334
1715.5380666666663,0.04523412589952786,6.210337512749932,7.139480081964055,0.027370173425073866
1715.9973999999995,0.045152985731397484,6.218758781213144,7.135093987390672,0.01104054046838918
1716.456466666666,0.04523157171174855,6.216787379096053,7.1384004926561815,-0.18668023229525033
1716.915766666666,0.045325179781065456,6.224831942860178,7.143827386989245,0.036642007209818604
1717.375066666666,0.04519447570654848,6.215034070607621,7.140763182886421,-0.1236368566991004
1717.834299999999,0.0454331439876311,6.217183749083579,7.1465288600835715,-0.3656369152497456
1718.2936333333323,0.04552416480645983,6.19320647378676,7.142362858942608,-0.1821130089615183
1718.7531999999992,0.04559096985270864,6.199102387273775,7.148469454942045,0.1004588139505392
1719.2128666666656,0.045419941415225595,6.205726012657153,7.138619991502502,0.21732199310543607
1719.6724999999992,0.04538100875358032,6.1964126082914355,7.135780961668295,0.025097932135672425
1720.1322333333326,0.04538748787938375,6.179466890268974,7.132184450383323,-0.0156557998111694
1720.5917999999995,0.04538832228537192,6.180588306317205,7.133914798060764,0.10273697904787732
1721.0512999999994,0.04528641873579367,6.154291621356496,7.128038618623369,0.22325774696688044
1721.5108999999995,0.04517346664754542,6.129892834282267,7.126602732744018,0.08706143797714451
1721.9705666666662,0.045195335747095555,6.094514370533339,7.124480386699193,0.003948659670147407
1722.4304666666662,0.04515603307753663,6.082337808704874,7.124054983951096,-0.057946223971024696
1722.8903333333333,0.045233424568844764,6.062150449189402,7.1274123603535084,-0.2172847329539788
1723.350333333333,0.04534027095515288,6.03825595957131,7.12852251967641,-0.23614680975112773
1723.8103333333331,0.04543381745109669,6.053470377596985,7.127934887311639,-0.008851397426242134
1724.2702999999995,0.04533255015512042,6.0305307667869394,7.124893121282224,0.23758788622044527
1724.730233333333,0.04519962386330754,6.025966559531297,7.120172170178879,0.2592408663887455
1725.1903666666665,0.04507889002776881,6.034223783258252,7.112311785793168,0.13745100350497558
1725.6505999999997,0.04505890548069081,6.027449570100879,7.106505533349564,-0.1369307938241674
1726.1109999999996,0.045190142431922924,6.017458174986644,7.110433621103347,-0.19035191221260225
1726.5715333333328,0.045219068504430825,6.006911871849333,7.1159493319306435,-0.055206360957111206
1727.0319999999995,0.0452259621381323,5.999058854473346,7.118810993205093,-0.03277648940907868
1727.4925333333329,0.04523298282840586,5.961358386722906,7.119527871701766,-0.09199192032442716
1727.953133333333,0.04529424714254579,5.969686341967433,7.12339877280713,-0.2337687904217338
1728.4136999999998,0.04543293958125108,5.96880373285489,7.126304042628751,-0.21845047930428785
1728.8745333333331,0.04548108930414424,5.981011112050376,7.135394705931184,0.07506690669728715
1729.3352,0.04534865755460519,5.979334551613806,7.1379181710100825,-0.057745366080378495
1729.7958333333333,0.04551703379769921,5.988158672614119,7.146545767445134,-0.14499909434477345
1730.2566666666667,0.04546832598795368,5.983206932442343,7.1443860187202,-0.04962018424991621
1730.7173666666665,0.04555365081121706,5.988016831007291,7.147944955621231,-0.24995292097827707
1731.1779333333332,0.04568987935613547,6.015901367219625,7.154158023710203,0.05765600509951562
1731.6386,0.04549341489660519,6.006459669688896,7.149808546395828,0.29682655774820405
1732.0991000000001,0.045409299793191804,6.020391894585111,7.154472655949493,-0.020006229137696674
1732.559666666667,0.045504591631897184,6.024571583125248,7.160917233674996,-0.17336992579598967
1733.0202333333336,0.04556300878639308,6.003967489718498,7.163240891397674,-0.24025197386883296
1733.4807333333335,0.045718585884536006,6.0182733366103385,7.173420353223424,-0.13465192734576634
1733.9411000000002,0.0456782593758015,6.006569631375174,7.178925459384349,-0.034243487489243135
1734.4014333333334,0.04573976206131754,6.005594840976686,7.179564909758852,-0.04375771823386567
1734.8618666666669,0.045707322132001696,6.020812870925005,7.177974226121072,-0.1373938179389619
1735.322466666667,0.04585663627783804,6.0367297635935,7.184847706512089,-0.1421896951148869
1735.7832,0.04583194941751148,6.055257385129423,7.194566181573226,0.013308387632764634
1736.2436666666667,0.045841433441819124,6.064578967647882,7.199849460113873,0.0655193489331685
1736.7042333333334,0.04577112650400734,6.089037309066112,7.197327128942701,0.0720572085786492
1737.1648666666665,0.045775068171184326,6.114099933766377,7.203274885504845,0.07973232658653596
1737.6254999999999,0.045697642914709916,6.107260820863325,7.205090519608925,0.03015144148440328
1738.0861999999997,0.045745574805609986,6.1396732026397505,7.211803131996526,0.009049233912608208
1738.5471,0.045686214674968306,6.1492668561879205,7.214490437065369,0.10182060107683408
1739.0079333333333,0.04564697761268436,6.1510782101821615,7.215178244597951,-0.11528127455100241
1739.4687333333334,0.04578827545484017,6.163900505296923,7.2285145824481924,-0.17058877484167936
1739.9292666666668,0.04580418762837319,6.1653228437175915,7.229735330629053,-0.01610305005705258
1740.3895666666667,0.045805002022591704,6.176136075530087,7.228426941288901,-0.003917474459984893
1740.8497000000002,0.04581003720375423,6.1763713936097195,7.227510853388348,0.08368223219159746
1741.3097666666667,0.045729088489881504,6.200384044096647,7.2186086821252955,0.1737181014134393
1741.7698666666668,0.045652884127770854,6.193971440781762,7.2148878387253506,0.15741733725594356
1742.2297666666666,0.0455882991485901,6.199436730905127,7.213598478022993,0.05307249997688901
1742.6895666666667,0.04560847851028573,6.196922578144546,7.207870535898997,-0.10380960134098142
1743.1495333333332,0.04568816475493275,6.20219842904239,7.209065735434052,0.07133742555277155
1743.6096,0.04554710100177616,6.205890736914842,7.2055800934811565,0.19892386770690515
1744.0695999999998,0.045509016402441205,6.207758113704928,7.2037211238447005,0.18085608812111534
1744.5294333333331,0.045385580302966876,6.212423768745907,7.197583771044081,0.1539741424275249
1744.989433333333,0.045374030953624106,6.198164305964348,7.200642815215799,-0.3108796194646585
1745.449333333333,0.045678378921249,6.213885621129071,7.208631973601653,-0.26628848593017124
1745.909366666666,0.045624629477372246,6.208522361605194,7.202750150751338,0.16763897337951364
1746.3693333333326,0.045528942964130785,6.203855678752095,7.1939917737457275,0.09613203923440924
1746.8292666666662,0.04554031166076537,6.208534624120011,7.194495945985716,0.07306818701504282
1747.2892999999995,0.04546740831149369,6.200492845108248,7.190674068929949,-0.029213954688216803
1747.7494333333332,0.04557426935720172,6.223527947467797,7.189223932629917,-0.21392254447750694
1748.2094666666665,0.04567205537643882,6.234232117760444,7.1969498051454694,-0.05075847197908703
1748.6693999999998,0.045627604620319465,6.226061639086868,7.197899065861368,0.1982948503775654
1749.1291666666664,0.04549428449995151,6.241598932425784,7.193489123828168,0.1701668605914942
1749.5888999999997,0.045473991225082715,6.227599010556513,7.181009148255379,-0.049989178363744155
1750.0488999999998,0.04554269649052447,6.217999260530486,7.1792742570319295,-0.1570873811863403
1750.5087333333333,0.04561996809609527,6.212711089676666,7.191393008320192,-0.05038580335444843
1750.9685,0.04558985407153871,6.200014103524662,7.191857560081624,0.0006861605897084593
1751.4283,0.04562036388297432,6.1865485422469595,7.1920100744727,0.011572287859335414
1751.8881666666668,0.04557995358032698,6.175585183533129,7.190389853578312,-0.08197572730329263
1752.3478,0.045695544511006825,6.160006887380054,7.194954526419818,-0.2394721870426287
1752.8075333333336,0.04580147039661292,6.156722580101518,7.194958445651486,0.0683047520789415
1753.2672666666667,0.04563277891974274,6.154532496380155,7.183759126982753,0.13573565115066483
1753.7271333333333,0.045671095269597776,6.152878206959578,7.188039420674314,-0.005505750287983986
1754.1871666666668,0.04563022776426376,6.143081976238811,7.187226039715161,0.1362127603000439
1754.6474,0.045538164610561836,6.146804727081065,7.188956167606676,-0.12203799373769658
1755.1075666666668,0.04573716951491309,6.13473996968234,7.198011084215694,-0.26243262149249125
1755.5675,0.045774079131121845,6.146249857813354,7.200321368071924,-0.09550583702153576
1756.0276333333334,0.04581794410003085,6.146158838520307,7.200851834271887,-0.1347356311872138
1756.4876333333334,0.04589021537741178,6.143891291044768,7.203315775360149,-0.20977366895089666
1756.9477000000002,0.0460030261926517,6.117337338938052,7.201507565282813,-0.3468841805363451
1757.4077666666667,0.04620210425181373,6.09384960095856,7.211394414785775,-0.150201350900717
1757.8678000000002,0.04613704295677582,6.091579845427272,7.21418306250591,0.021399754107013155
1758.3279000000002,0.04617740721889271,6.086766080884971,7.218243780868636,0.06962242219745757
1758.7879666666668,0.04606364416749514,6.087929569980356,7.215842527806317,0.4504659939462674
1759.2481333333333,0.04575379104272567,6.06775529452033,7.210598695864793,0.33376320546363714
1759.7081999999998,0.04575020280698864,6.070274708450645,7.2139239089424905,-0.07113263359684407
1760.1682666666666,0.04581429957293355,6.061662478527113,7.224669837119863,0.03530407238963051
1760.628433333333,0.04571190231521291,6.05320644141816,7.222595812190834,0.13577306253150465
1761.0885666666668,0.04568163741539413,6.055428523697436,7.2185451579793956,0.1205058012418154
1761.5484333333334,0.04559417235263274,6.019474214400633,7.212551144838805,0.12018599604563157
1762.0083333333334,0.045563760102225154,6.001120686920032,7.206148223110091,0.00796911853259699
1762.4682666666668,0.04557886868307703,5.9964188179765445,7.202589206668865,-0.060897401476152344
1762.928266666667,0.04561208071955638,5.969342049547926,7.2076327145320045,0.026692456069781923
1763.3883000000003,0.045546632646455205,5.980871712267005,7.2091866124859045,0.1994984271231226
1763.8481000000002,0.04542092402549547,5.9723449147159,7.203417752573129,0.22979992502396554
1764.3077333333335,0.045326853674750006,5.95065553066341,7.190017570522776,0.11809687656918318
1764.7671666666668,0.04530345330577543,5.940793409121879,7.187327258632106,0.17719051626642784
1765.226366666667,0.045154483003256425,5.928455545478667,7.182309439284476,0.045290414734873
1765.685266666667,0.04525093426384142,5.914188494283315,7.182379945647939,-0.09920803040619343
1766.1444333333338,0.04523232715631941,5.915510999413442,7.177806872424019,0.06871204323556605
1766.6036000000004,0.045173621255012175,5.900961151321571,7.177768927832346,-0.04936359278784883
1767.0627333333337,0.04526356333789379,5.873885666056628,7.17752590857129,0.07954585260320905
1767.521766666667,0.04509029258567942,5.8500118078958305,7.173489862935854,0.10543153020042487
1767.980866666667,0.04516075792710786,5.851878059599375,7.178909227102362,-0.3261881218779643
1768.4400333333338,0.04538568100829122,5.842066222279303,7.183971469244458,-0.15603264429289926
1768.8991000000003,0.045304693677438175,5.840145427080847,7.185180344324817,0.026950826014942038
1769.3584666666668,0.04536694313594488,5.830654578167759,7.18613486993147,-0.02845793637113455
1769.8177,0.04534026077486282,5.810586743152248,7.184574140516374,0.10091012164219232
1770.277033333333,0.045285043954042765,5.803912426378698,7.184828293138784,0.1864385377982159
1770.7362666666666,0.04517965280828453,5.8216220252008055,7.190889481625935,0.1798652917641279
1771.195566666666,0.0451301976961244,5.832884099302448,7.189326004419876,-0.18491172691485364
1771.6547999999996,0.04535722987596795,5.821876536204758,7.194353561752926,-0.19520571574469558
1772.1141666666665,0.045315738150727085,5.821944046372192,7.1967670709138,-0.07001130173259343
1772.5733666666665,0.045429609702243724,5.831676045125302,7.199631637607812,-0.23428863545272371
1773.0324999999998,0.045538943671457034,5.840949779302702,7.205801567392897,-0.2640766644635952
1773.4914999999996,0.04567921754934001,5.8450030646523485,7.219435041648803,-0.16237808335642134
1773.950433333333,0.04569315899743886,5.848424958460209,7.216129175059367,-0.13209823577388827
1774.4093999999996,0.04580603601298164,5.8685873339818055,7.226683847321561,-0.13255972878206515
1774.8682999999999,0.04582128852244833,5.85741252512538,7.235327010653588,-0.07142267133866864
1775.3273666666664,0.04587671440158774,5.890181223625485,7.2402606639626175,-0.02980864438815665
1775.7866999999997,0.04585350123840285,5.918170555875157,7.24676506582535,-0.045794716431240876
1776.2458,0.04592512017684487,5.928601869688735,7.25999174949306,-0.2251079534919667
1776.7046999999998,0.046066307702434084,5.937462408862618,7.266115480135223,-0.24322200831468543
1777.163633333333,0.04615184753194853,5.939146949039889,7.26533379917926,-0.18021417144748614
1777.6227666666666,0.04623406039484072,5.958669517918174,7.2726150534279865,-0.06868102303607125
1778.0822,0.046217048987096214,5.978831680917628,7.275620161233245,-0.11873110011949527
1778.5419,0.0463471305755434,5.984952152471261,7.277909488911541,-0.25982492699197934
1779.001533333333,0.046463797591458106,6.003855277641612,7.282590773086595,-0.04815884895118714
1779.461433333333,0.04640155127171565,6.008960528345805,7.281000455786062,-0.02849344197121914
1779.9209999999996,0.04650242335530407,6.014590554166334,7.2869240181495645,-0.17476332867841898
1780.3804999999998,0.04657354644787654,6.019127169499895,7.294538658780021,-0.02810705335560223
1780.8400333333332,0.04653931187676432,6.059684234921494,7.295050796359622,-0.03289113078244756
1781.2997666666668,0.04661147591295184,6.083490850658254,7.296560367732209,-0.0688132012363889
1781.7592666666665,0.04660485681534426,6.083802848808956,7.296192789935679,0.1455266383518655
1782.2184999999997,0.04647811738134494,6.092535413332989,7.2936545699782,0.037861083379505535
1782.6779666666664,0.04656543454902817,6.107493002277596,7.302333305184626,-0.07404901423980761
1783.1372999999999,0.04653550766207649,6.110775931455421,7.302699265470674,-0.1426557284361719
1783.5965666666666,0.04668048825943675,6.119837958949012,7.314334394569541,-0.13715793928052283
1784.0557666666664,0.046644247236815456,6.121966131131209,7.316153963118955,-0.06022480142092634
1784.5147999999997,0.04671907658796583,6.136992856691172,7.319227430297108,-0.01462733376473087
1784.9737,0.04663913958756611,6.1378256829429585,7.314489459861278,0.27093328284495694
1785.4328,0.046452994068772416,6.153274334343998,7.312500037312299,0.1442057206522358
1785.8920333333335,0.046491815974061,6.145143528980262,7.316231649576399,-0.036654466617266686
1786.3513666666665,0.04647302462304,6.1324458509797175,7.3123591215653745,-0.10722118879028637
1786.810533333333,0.046575622359323235,6.115417923752568,7.313233029735163,-0.044937240943856274
1787.2699666666663,0.04649686906966466,6.099453318858284,7.304068724012234,0.09593235465749636
1787.7291999999995,0.046469611955988435,6.10580409751264,7.302176442372485,0.014893171612667436
1788.1883666666663,0.04646548827120825,6.07773265036969,7.299436611422686,-0.08228505180985272
1788.647433333333,0.04652671786737623,6.099009283848392,7.29996980669282,-0.10210906432578566
1789.106333333333,0.0465404320203574,6.0883214844539095,7.306438423378942,0.021062654917790247
1789.5650666666663,0.046489016377598336,6.0639853939305715,7.300551292783265,-0.11188581560113615
1790.024,0.04662666871065871,6.054730125606098,7.310883438330918,-0.030168047196922582
1790.4828666666667,0.04650489952449122,6.0454214666163075,7.301082661786716,0.16470535490080887
1790.9416999999999,0.04646859985888851,6.029900287943334,7.306951713523415,-0.10851562331912824
1791.4003666666665,0.046597452941387243,6.01089525108023,7.31447092955471,-0.4332574664483363
1791.8588999999997,0.046859153876634294,6.002596374872287,7.328329965768912,-0.41367696767249545
1792.3174,0.04696844368576949,6.010134416476072,7.330266991263749,-0.12301296936076217
1792.7762333333333,0.046956792651079195,5.990544711726583,7.328380684941694,-0.1514804118663483
1793.2348666666667,0.047086837650020974,5.996230749167511,7.336731404026002,-0.100268450252876
1793.6936,0.047029676345163286,5.984370142344449,7.339567409642192,0.10393937852401339
1794.1523666666667,0.046974391461620815,5.985021540886437,7.3370000722204,0.08496896225789198
1794.6108666666667,0.04693469925400034,5.949396382486858,7.337781011944569,0.033477579559009644
1795.0691666666667,0.046927462179408394,5.938619100039157,7.338089116401731,-0.02029772933018296
1795.5275,0.04693848158126885,5.934068168597314,7.333839253264825,0.02876567933501101
1795.9860999999999,0.04688518813314463,5.910000362161157,7.329029380778983,0.09878574397419253
1796.444633333333,0.0468318399851835,5.892005734235968,7.322741255330929,-0.12308313988585398
1796.9033333333332,0.04698606656422767,5.871881224863668,7.329635692434229,-0.21728500153076621
1797.3622999999998,0.04702428992777851,5.864444359380897,7.323756803886281,-0.0931589336583792
1797.8213999999996,0.04706499180302366,5.857042989004757,7.326857736439049,0.048769461172764976
1798.2807666666663,0.046972551688619385,5.823038678781213,7.317227773619201,0.04342366219965009
1798.7401999999997,0.04701930551466222,5.820669559728272,7.321902801588692,-0.22132958370171857
1799.1995666666664,0.047169676766546584,5.805881028524386,7.326001116157767,-0.140913494058516
1799.6589333333332,0.047140013496506705,5.802535410240089,7.321993477505855,-0.06749427729507776
1800.1180999999997,0.047217489400491856,5.795561985148645,7.327469628683561,0.0486636548681127
1800.5774666666664,0.047079343285978265,5.8075201058331105,7.326241739378116,0.23664261238596956
1801.0368666666664,0.04698716239381863,5.802790206007724,7.322283003155883,0.1467847086447471
1801.4965,0.04693266248328924,5.797001503250055,7.319460937496429,-0.009968754945806128
1801.9561666666666,0.046985739503074705,5.803023807660021,7.321632899299341,-0.04031234562082263
1802.4160333333332,0.04696169893562417,5.794201964590361,7.312915414679557,0.033733023660108975
1802.8760333333332,0.04694728030452301,5.764945107471104,7.308991726802513,-0.09961612136759318
1803.336,0.04704539814013813,5.765091045697457,7.313700258014348,-0.05875747843527058
1803.7957666666669,0.04699156415574961,5.7640463127367605,7.304318625902832,0.07759686829643209
1804.255566666667,0.04696040973875555,5.7841249364685074,7.303414087942875,0.013928342432229146
1804.7151000000001,0.04696254533238942,5.790738483287896,7.299308420978211,0.016360793830204105
1805.1746666666668,0.046929944087103014,5.80503414258423,7.288875571116973,0.06128291420896248
1805.6343666666667,0.046891708736718565,5.797232720934643,7.282983283541555,0.25818031398539826
1806.0938999999998,0.046681053125844134,5.792434767043374,7.282549764413815,0.21980283038738468
1806.5530999999996,0.046680077211647415,5.789149913796208,7.285078492758514,0.04692781323351365
1807.012533333333,0.04663331409190535,5.774405286733532,7.277562082298353,-0.01049151848910816
1807.4721333333332,0.04668639757182983,5.766534735138762,7.271238804140444,-0.010390519742705074
1807.9316666666664,0.0466395301069874,5.759422306799993,7.270487403097626,-0.0039372518395971124
1808.3912666666663,0.04668516487636836,5.748982244454933,7.270589678325761,-0.13767735293679131
1808.8508333333334,0.04676035976998096,5.7562913931152915,7.274125181489179,-0.01937343700797905
1809.3104999999998,0.046697262488366795,5.755110602323906,7.277533130639477,0.10593216312169534
1809.7698999999998,0.04665896666980778,5.764167396069762,7.272364922509075,0.05069813525059767
1810.2292666666665,0.046647671242976356,5.764734464200115,7.2762412629664155,0.09447890733427519
1810.6883999999998,0.046564848651824954,5.768685010585688,7.276615428985784,0.22136217567178004
1811.1475333333328,0.04643186626851471,5.786130310318963,7.280226065421753,0.17700530726842717
1811.6064999999996,0.04639006603819491,5.791345999499634,7.279446012665643,-0.11284875612637087
1812.065433333333,0.046527046407815166,5.804020680674323,7.284364362577312,-0.2089960041273581
1812.524433333333,0.04657455791000895,5.7985545438681525,7.285020583970274,-0.030896274326364558
1812.9835666666663,0.0465476294646407,5.7986189841878755,7.283012027425235,-0.04066488068073636
1813.4426666666664,0.046606144134398945,5.811697690764764,7.289729295626412,-0.1740038777257309
1813.902033333333,0.04670733732189997,5.817460098697,7.294369242048211,-0.12485238504087466
1814.3611999999998,0.04672936887018761,5.806195676650009,7.296035140621216,-0.2800297569163101
1814.8201666666664,0.04697635006069298,5.8197195947644556,7.305006686136636,-0.3035810006228481
1815.278933333333,0.04702297640103074,5.804938355959183,7.304908802147714,-0.02655861620038694
1815.7375,0.04701642566413928,5.8072768396582655,7.303715618937135,0.009122835382172307
1816.1959333333332,0.04702918744230652,5.80173415159889,7.313327611721813,0.10134919440523232
1816.6543,0.04693835403596812,5.833509731211462,7.306039350362202,0.016981135129312815
1817.1126333333334,0.04702834794488979,5.846399804675766,7.31066978081928,-0.028927701983610693
1817.571,0.04698018286456125,5.866724998692674,7.309676082077581,0.0005684800890718934
1818.0293,0.04704342696373245,5.8613938426103935,7.310509519645328,-0.12482496096202823
1818.4876333333334,0.047110179903514716,5.86398017958066,7.321996450233983,-0.043107050741088726
1818.9460333333334,0.04709829855976016,5.864913818570015,7.32894011864957,0.050256059271404606
1819.4044000000001,0.04707957350057909,5.877975560691629,7.330437362070456,0.07632652413146292
1819.8627666666669,0.04704346834783045,5.875903383542662,7.3260694590696716,-0.0318874453111642
1820.3214333333335,0.04712856281407666,5.8931270428200575,7.3264391662257005,-0.03417673503053328
1820.7800333333332,0.04709576755213387,5.89185827635699,7.323809818025757,0.15547862156743608
1821.2384,0.047006083343664365,5.903131712135229,7.3232127380159096,0.13219464847277945
1821.6968,0.04699444979684441,5.922157440666439,7.320868637597334,0.10869967540007992
1822.1553999999999,0.04692814345776511,5.928509316332439,7.3249928168826255,0.17341214337829178
1822.6139666666666,0.04685806670242184,5.924008431779869,7.318091917831168,0.0941091053473164
1823.0726666666662,0.0468649765222539,5.919404613925095,7.31647719332077,-0.153418930399845
1823.5313666666661,0.04701959389105505,5.934182361386051,7.3236788408629065,-0.24791951037387966
1823.9900999999995,0.04710982145665496,5.95842961045632,7.324607565024636,-0.07028742100754119
1824.4489999999994,0.04710238650226868,5.971448895963383,7.319702586970306,0.06739620366105761
1824.9078666666662,0.04706828486504239,5.96400806492308,7.316284650947253,-0.18558107766673365
1825.3667333333328,0.04728901719234364,5.9744025171716055,7.324677900049279,-0.15951138082869878
1825.8253999999993,0.04722535475016107,5.982819933674251,7.326081635098513,0.06977842676720535
1826.284033333333,0.047236205139241046,5.994282196132319,7.325768855641503,0.09671911486958766
1826.7425999999996,0.0471480495891048,6.025654784432583,7.3295480974850316,-0.05140634307526876
1827.2008999999996,0.047290698125801944,6.018797208372256,7.33329680857597,-0.05449812387603081
1827.659233333333,0.047199634248807985,6.025049562750703,7.326163164283979,0.08630807838083218
1828.117533333333,0.047208133165278644,6.030643296141583,7.325369468797178,0.11067108411927996
1828.576,0.04709478315277445,6.034300522191228,7.3191997956125965,-0.06720487838015082
1829.0345,0.047263389676704605,6.051966160267576,7.3277068859098655,-0.23621611162138043
1829.4931666666664,0.04730054677877506,6.054613106149156,7.32895202594296,-0.08365492195115345
1829.9517666666666,0.047327641784985726,6.068201894065085,7.327572732240352,-0.1503505782904314
1830.4106333333332,0.047423808155591024,6.0585366309801465,7.332860281313434,0.017938195338622766
1830.8694666666668,0.04729558726835273,6.044491868019792,7.329898578745382,0.16654541095408945
1831.3284,0.04725539036603359,6.031707703364476,7.328936948159434,-0.07329163456594481
1831.7876333333336,0.04734832280688936,6.034370223544983,7.337735448934937,-0.14904864215773528
1832.2472000000002,0.047378296400320014,6.034061042967267,7.330925884784591,-0.0731413926704285
1832.7069333333334,0.047401869386822296,6.0438677649501376,7.32890444894584,0.07853524917069793
1833.1665999999998,0.047292892955722705,6.047560936209055,7.324341564634028,0.06086094797004101
1833.6262333333332,0.047330695705676606,6.055423307222472,7.3305074762423015,0.07241402498068493
1834.0858666666666,0.04720716746561127,6.051365365323211,7.33135457358311,0.11321682219309374
1834.5452999999998,0.047204953441452834,6.059552089548431,7.3311596574076505,-0.0339256861239287
1835.0049333333332,0.047215361806078854,6.073700226835546,7.33519584118149,-0.23467242267744912
1835.4645,0.04739665140664896,6.061998599544684,7.346237287149854,-0.2684964856876623
1835.9240666666665,0.04743654862042333,6.0760557301099265,7.343912353118839,-0.23020896456675397
1836.3838666666663,0.04758169545924849,6.079342413175273,7.356503527760416,-0.2320214232507967
1836.8435666666664,0.047623646240008116,6.086388507210509,7.364736646365174,0.029504214075765346
1837.3032999999998,0.0475306417200162,6.072329645504172,7.370754800287423,0.1948218960055662
1837.7628333333332,0.04742418647889646,6.062781308850782,7.363652779942641,0.19787961431064094
1838.2221666666665,0.04732837730374824,6.051591672651018,7.356871056901875,0.11854336366512176
1838.6813666666665,0.04729428363212654,6.0602094276744065,7.360608089313196,0.16889272161044627
1839.1405999999995,0.04715565222301706,6.055800788377471,7.350544150226515,0.2454923348805798
1839.5997999999995,0.04705309388028809,6.054680633151358,7.343762432735326,0.10232655162428106
1840.0587333333328,0.047043674940058726,6.0563941878710255,7.3443204851356585,0.02180089663314099
1840.5177666666661,0.04701080505647693,6.035811844659156,7.342914579118064,0.1503513429053992
1840.976966666666,0.0468855070573166,6.038035973857992,7.3339452206523275,0.28693782022611664
1841.4359333333325,0.04673356755639811,6.041357203150576,7.334434298871718,0.20177626191179138
1841.895166666666,0.04668776179368282,6.044182686745411,7.326964095603281,0.10089611558394045
1842.3540999999996,0.046625887418400014,6.034625306469624,7.3190471662328855,0.17864573631191025
1842.8130666666661,0.04650930994069941,6.02682721980086,7.315115383898712,0.1616963675311809
1843.2718666666663,0.046465761851615016,6.0223843099556795,7.309765692085551,0.09064889708739274
1843.7307999999998,0.046416310562349926,6.006992412063179,7.307690461656809,0.0339349188221527
1844.1893666666665,0.04642665809842089,5.999244536247024,7.31283604117159,-0.09414124175071585
1844.6481333333334,0.04649668962388718,6.0009970400499535,7.316019511483198,-0.2831865396776318
1845.1068000000002,0.04667968415507921,6.014198063665282,7.321312565018742,-0.17002498807435185
1845.565466666667,0.046641112133515364,6.0122665963884,7.316417812915958,0.13492041464894242
1846.0238000000004,0.0465433439036612,6.013915509565247,7.315096424240683,0.11680594004478058
1846.4819000000002,0.04652264156891516,5.999862541455748,7.310812901165746,0.06567342920038301
1846.9398666666668,0.04647255012100297,5.97905315229645,7.309169582027277,-0.002161846592470045
1847.3979333333334,0.04651569316544165,5.969660616451391,7.310858857787918,-0.16266014564759043
1847.8558000000003,0.04661250747306875,5.972347495043874,7.313711034823184,-0.14415050373419194
1848.3139333333336,0.04663898998397854,5.96233049398123,7.317993359991151,-0.08292612817214287
1848.771966666667,0.046680716359347695,5.946706287645081,7.322330354665485,0.03252177274709795
1849.2301333333335,0.046602041276554144,5.959458538525041,7.319404256108691,0.052851973918502416
1849.6880333333336,0.04662683670234279,5.96345160873406,7.322944217200754,-0.12056130516199433
1850.1457666666668,0.04670728404572685,5.965414663827392,7.324714548253246,-0.06518281545966945
1850.6033333333332,0.046681980966455386,5.967512501789033,7.317371761022646,0.009345496755484546
1851.0609666666664,0.046696811556234445,5.978450643812472,7.313138969875385,-0.36740964926739084
1851.5187666666664,0.047017933775202046,5.9608021856784585,7.331070816046784,-0.48480470801448616
1851.9765333333332,0.04714317938157467,5.970018746701226,7.345452973782929,-0.23242291503469248
1852.434533333333,0.047233459232469896,5.977078929847975,7.348887472457018,-0.044933073963507764
1852.8927999999999,0.04718578456662534,5.977391399011925,7.34775235230255,-0.043880521565624116
1853.3512666666668,0.04727450121606951,5.969267281169575,7.359080622787458,-0.20190618476909128
1853.8100333333334,0.047374056644256375,5.972122279430043,7.3592564197736605,-0.2376386004103191
1854.2688,0.047499904901383866,5.971810932994262,7.364604437235192,-0.04501255864845813
1854.7275000000002,0.047424733250858615,5.957191394358517,7.368949587252731,0.03764310948865598
1855.1861666666666,0.04747342803809469,5.956207258832984,7.366537995233218,-0.09602064486954098
1855.6445666666668,0.04751885131239896,5.953580864155639,7.373359984117825,-0.06771350714878714
1856.1032333333335,0.0475412493541388,5.947504228069128,7.378399983229356,0.07162999396605291
1856.5620666666669,0.047458937377315775,5.95987656415235,7.375454186970491,0.1355138513646395
1857.0211333333334,0.04742286533524474,5.957003560957109,7.376989582877009,0.10706883295091213
1857.4801333333335,0.047366877886653856,5.958324560254662,7.376241114470678,0.1269875640188975
1857.9391333333333,0.047312462035045945,5.96424210489356,7.379172548966944,0.08737466561273763
1858.397866666667,0.04729124759877237,5.9695324045132265,7.377434036935129,0.1656516630333455
1858.8568000000002,0.04716417407111075,5.945313001213232,7.374144206424371,0.17939449718457592
1859.3155333333336,0.047133515289096144,5.931926237056232,7.37528140836201,-0.0810083529667602
1859.7743333333337,0.047245598283832985,5.938759005196284,7.375250840220978,-0.085603151612907
1860.2330000000004,0.04721881849316108,5.933557631343462,7.380837917010081,-0.05999262866810243
1860.6919000000005,0.04730729708193515,5.94450771533784,7.384481648383925,-0.23196107998710028
1861.150966666667,0.04743812698204438,5.945651431308317,7.388447893716362,-0.14155977039733122
1861.6102000000003,0.047444750682926445,5.9513884867158815,7.388787340379769,-0.09102131909806432
1862.069166666667,0.0475278508406312,5.958698475673118,7.3875085978855095,-0.2921712474667937
1862.5279666666668,0.04771776516223904,5.964687716807063,7.393537495629128,-0.2124010366418849
1862.9865666666667,0.047726413807660226,5.960263846130332,7.392155914257905,-0.03922378597507026
1863.4452,0.047757346945973556,5.947933326040855,7.388868612321268,0.184623538309079
1863.9038000000003,0.04756155970257822,5.951930269785464,7.379836654414221,0.21096067273213484
1864.3626000000006,0.04756811010096851,5.948098767180972,7.382063215195201,0.014764760075943323
1864.8215666666672,0.04755018658335053,5.948690225854002,7.381562752085334,0.17449662321696863
1865.2806000000005,0.04740977320729479,5.970020275269326,7.3667069103051945,0.2050298362457192
1865.7399000000003,0.047360720188717904,5.97430862688081,7.358776998877051,0.10570476805200409
1866.1988666666668,0.047311371101846196,5.948366870328971,7.346056699405223,0.033826361729335785
1866.6575666666668,0.04733048883359714,5.9384073451677395,7.3497329554472595,-0.07158903439091714
1867.1162666666667,0.0473791909313601,5.938112390169739,7.347399770761497,0.14823475410474812
1867.5748999999998,0.04719536812906225,5.929133708858287,7.345285205512914,0.19860036915211526
1868.0334666666665,0.04719837277013483,5.9268712863344595,7.345124999165225,-0.10878538902934572
1868.4922,0.04729737835617162,5.946909029495322,7.34340386344361,-0.2797455779748518
1868.9509666666668,0.04745597187002675,5.934004562334566,7.351290645009342,-0.200874555930704
1869.4100333333333,0.047480029121074775,5.9399037482745065,7.352762925201275,-0.20927245901712777
1869.8689666666667,0.04764409580592012,5.94027732735584,7.360110267383852,-0.210545488496728
1870.3278333333333,0.047668165025517684,5.941856350909851,7.358806191668822,-0.19735056853150276
1870.7866666666664,0.04782200901098408,5.945800253473649,7.366174606448946,-0.3754176970483061
1871.245433333333,0.048011215741606626,5.9504397263156,7.374322684119252,-0.39555306955532693
1871.7044666666663,0.04818287072549881,5.9498735128539355,7.375320575913129,-0.08116542802320184
1872.1635333333334,0.04808717606737925,5.948185015946438,7.373476767314422,-0.05610464466520026
1872.6224000000002,0.048237937055700265,5.9589060899617925,7.379090217904241,-0.14252489996180262
1873.081166666667,0.04822274222797005,5.964764575231863,7.381586866045277,0.10115834265917771
1873.5399000000004,0.048152289898632905,5.966466012025121,7.384382719763279,0.023369121895001694
1873.998666666667,0.048207047561102695,5.976079548039444,7.381650613268937,0.051328561998122635
1874.457233333334,0.048109745125662656,5.984109049204436,7.374220312286384,0.22505799597371332
1874.915533333334,0.048003934737482136,5.989927895022655,7.36239008983588,0.1647589881389252
1875.373833333334,0.0479594932127989,5.9803451226032855,7.363088181157945,0.19851328089897585
1875.832233333334,0.047824787812662556,5.993903851985059,7.364494906304926,0.32989933190946846
1876.2906666666674,0.04766049927483006,6.000671345971645,7.356876128611091,0.08033305431913745
1876.7492000000009,0.0477557547553307,5.9887372983689655,7.370738387285814,-0.20408271213731352
1877.2080000000005,0.04785241762428817,5.988418251940063,7.373511212205839,-0.20555570990734878
1877.6669000000004,0.04794927885255089,5.973201421319647,7.377910839782177,-0.1368360141297262
1878.1255333333336,0.04798294391111678,5.980060082693096,7.3817426560468595,-0.1825512933619197
1878.5839666666668,0.04812257607571713,5.989686199661492,7.388790055803499,-0.3711935393082711
1879.0424000000003,0.04832971869774041,5.963779308824352,7.406278423096659,-0.11054041061601541
1879.500566666667,0.04823711610966142,5.969550917917374,7.408485365220338,0.0499619687283633
1879.9587666666666,0.04829735700649094,5.971767402528788,7.413732077845909,-0.05106291243855312
1880.417,0.048295823466390095,5.977850993360316,7.420186464798605,0.12627654846764214
1880.8750666666667,0.04819285164753966,5.973750520684733,7.4139048101839515,0.08934242711598014
1881.3329,0.048224958351785814,5.9782625301822465,7.413606657577733,0.024398970893371688
1881.7907,0.04818135989592547,5.969599882163856,7.403375301779919,-0.03800989410199631
1882.248233333333,0.048268489131595774,5.957583941466895,7.402358696215691,0.07902216109063424
1882.7059666666662,0.04811423527710652,5.977443423840086,7.395774318404768,0.20050296047754324
1883.1635333333331,0.04809101772989104,5.9703295580341775,7.392137749466548,0.14041869181370173
1883.6211333333329,0.0479945866150967,5.98053487949117,7.389875379877234,0.17615399993857503
1884.078633333333,0.047941020403325804,5.971704317088362,7.393670289945241,0.2443063426543229
1884.5358666666664,0.04777998950787356,5.974787353370884,7.392724716133112,0.34817523152355834
1884.993233333333,0.04762861286070977,5.979618119436271,7.385587412670987,0.17072609440098985
1885.450633333333,0.047632755222686014,5.978202312021472,7.380277382358467,-0.10468862177561175
1885.9082999999998,0.04773172681701644,5.974923038995798,7.382913609555481,0.07349341131564543
1886.3662333333332,0.047570879146226396,5.967854952039107,7.379671989455043,0.10744330219771149
1886.8243,0.047636744664040845,5.959558366197519,7.377995724754044,-0.08107670523338614
1887.2824333333333,0.04764670598759699,5.959899939403347,7.3766621616661165,-0.004727411733106837
1887.7406666666666,0.047643200850669525,5.956008580149594,7.385162621752679,-0.052373619019772305
1888.1989666666668,0.047696883806358635,5.9400865578927835,7.394541017662718,-0.06173945325960076
1888.6572333333336,0.047701030352046085,5.923754703715481,7.3973177222364805,-0.14313561915170514
1889.1153333333334,0.047830213813633525,5.919442216022248,7.392106796972868,-0.057323841058694605
1889.5733,0.04775881942784895,5.904018748114456,7.389060829834673,0.07375007677725898
1890.0315333333333,0.04777608477424826,5.887422738136597,7.387545437854012,0.12114133027944204
1890.4897666666666,0.04766326133537434,5.872607578224892,7.371428058226923,0.30568899995480286
1890.9480333333336,0.047510754169008074,5.874678101139698,7.36605743170852,0.10283925752833821
1891.4064,0.04758325115099637,5.875005220762547,7.3641207109197335,-0.11486953195254487
1891.8651,0.04762884341298347,5.842523041690091,7.364065129967696,0.15162203123273982
1892.3238333333331,0.04745568604017471,5.825826363418647,7.356615527111925,0.5183087829121935
1892.7825999999998,0.047165943981009754,5.837288554563473,7.337897574675223,0.3686910968692963
1893.2415666666661,0.04712334042018783,5.809654861543649,7.333387609994811,0.11664523071820115
1893.700633333333,0.047062475391248595,5.812765126952425,7.336877433937431,-0.023947907927903574
1894.1596999999997,0.047149138717529314,5.813216625665459,7.330600156623244,-0.17580944699692067
1894.618733333333,0.04722730904435139,5.818816436577521,7.332575432678886,-0.2574993355018022
1895.077733333333,0.0473876679162294,5.8166151209509005,7.339035533472409,-0.15078173639904463
1895.5364999999997,0.04736787918900269,5.834149316543793,7.348991588977401,0.11659641919756349
1895.995433333333,0.04728726894888243,5.838722217112699,7.350083723402759,0.07889832747814869
1896.4543666666661,0.04730594070007493,5.827227070274347,7.352619180055649,-0.10594253056343746
1896.9132999999997,0.04739562345029568,5.829406905963022,7.354086619365825,-0.06930409306762642
1897.3720999999996,0.047381175153987314,5.823026571497962,7.352683080528744,-0.09226973948301269
1897.8308999999995,0.04749130332731432,5.816661804795403,7.354965921662735,-0.227509933477415
1898.289866666666,0.04760142806037466,5.820763597013074,7.351805088963392,-0.13996185643896927
1898.7486999999994,0.047632492198417656,5.813753285624266,7.350870016096097,0.11437581815352904
1899.2075666666663,0.04750798542594914,5.816272444668257,7.356382935447968,0.09415340524561115
1899.666133333333,0.04755513189110823,5.815263824477974,7.357904930857063,-0.1309280112246257
1900.1244333333332,0.04763702590001294,5.812215996559851,7.353805900481665,-0.15843235166782405
1900.5827666666667,0.04771011698155747,5.814687447140427,7.355839577811298,-0.16320187728227467
1901.0412333333334,0.04779590635642245,5.803924955634594,7.363159848580772,-0.1258185274496795
1901.4996333333333,0.04783411422674204,5.803800447441282,7.355924980707261,-0.07305491479692724
1901.9578666666669,0.047872760024295316,5.807915967762688,7.349720887141128,0.06301416488292758
1902.4162666666668,0.047787684003268806,5.8217615274071495,7.351821125537993,0.288562798672299
1902.8748,0.047620043626015865,5.821848736140211,7.3525590563286345,0.054322787187499645
1903.3333666666667,0.04774608238403251,5.817340343543571,7.353262012463837,-0.0808060327182442
1903.7918000000002,0.04769393486845497,5.831844831359567,7.363183544915576,0.0914663984118665
1904.2502000000002,0.04766000092485761,5.853056068207594,7.3632781233462365,-0.14582911744819155
1904.7084000000004,0.04782534994943158,5.8365215101107895,7.373664503322678,0.03508333609652158
1905.166366666667,0.04762904685704593,5.839914538461588,7.367583054483368,0.2874220475538999
1905.6241333333337,0.047566324774704904,5.859154799797756,7.361008524952618,0.031770483165168305
1906.0818000000004,0.04760504174155091,5.845469627408553,7.362451149095556,-0.12330931305718976
1906.539266666667,0.04768227373840035,5.837591509644262,7.366484721386544,-0.09071692962996689
1906.9965,0.04769233641322302,5.852435478358534,7.367009522978387,-0.04321437772788762
1907.4535999999998,0.0477275648428317,5.864951914964016,7.367155867425983,0.002331960910536196
1907.9106666666664,0.04769509225716505,5.853154199388515,7.368095272150222,0.16118558028860816
1908.3678333333332,0.04758383097068655,5.8639249411012795,7.369511944966683,0.26665472263585616
1908.8253,0.04745709514448872,5.863941207190242,7.365724527840071,0.00975842050920196
1909.2829,0.04758169218105809,5.846897089632688,7.371239319945899,-0.13167753014703182
1909.7406666666666,0.04757982948682217,5.852564607562789,7.37094318607684,-0.050940271898394826
1910.1982333333333,0.047629654730164464,5.840298728386896,7.374214481412892,-0.01178750217898673
1910.6558,0.04759313126225497,5.84126419763381,7.375793704624054,0.009190628193669188
1911.1133999999997,0.047622899337425764,5.830569573407812,7.37883915560564,0.011605846460657532
1911.570933333333,0.04758437530771804,5.848598889827905,7.377502753490944,0.1346639042049814
1912.028333333333,0.04750170841875516,5.847719562164567,7.379400917344715,-0.11358502511950519
1912.4859666666664,0.047693171695187137,5.856287214521385,7.392139536962386,-0.19579959442036202
1912.9433333333332,0.04769124915201182,5.8500390798242154,7.3871269190220366,-0.12373936504903271
1913.4007666666664,0.0478187051368441,5.856812852321311,7.395425978932396,-0.04601900263907917
1913.8584333333333,0.04774059117000969,5.876763878031194,7.393035899365024,0.16132294666387673
1914.3160666666668,0.04767469795708603,5.884879688970544,7.39409377361007,-0.008155400671051305
1914.7735333333333,0.04775201056209925,5.885435621715888,7.394705386063748,0.006792522990228026
1915.2309999999998,0.04767375104089571,5.87670411728784,7.39439795879446,0.164773398628479
1915.688533333333,0.04760620497259564,5.881886557936781,7.394284135249769,-0.07951365046612457
1916.145933333333,0.047751201056955184,5.879772148903909,7.40041735328793,-0.15363797886944058
1916.6031999999996,0.047751032850776816,5.878705845281267,7.4007378891186795,-0.010243440017236639
1917.0605999999996,0.04776604612194641,5.876035688195486,7.408022092454989,-0.12621059968237558
1917.5178999999996,0.04787288050956397,5.87212527102441,7.40303563555969,-0.2628526284651778
1917.9753333333329,0.0480124705640919,5.877785425683717,7.405063729495258,-0.16640578144561613
1918.4327333333329,0.04803082514720122,5.888833444834016,7.402201967246003,-0.13977180977857837
1918.8903333333328,0.048141405492747626,5.883608741064398,7.409952893742823,-0.24946987757775843
1919.3480333333328,0.0482574259457433,5.8895677729083795,7.41910164250966,-0.11610043932818097
1919.806066666666,0.048243252410988244,5.909897470665433,7.420186643484671,0.09597660460766612
1920.2641999999996,0.04816233339398978,5.90878326323816,7.419366976722427,0.022171364919879925
1920.7225333333329,0.04821428238110218,5.904779703023351,7.429649733482935,-0.07901283173090592
1921.1810999999996,0.0482261961824083,5.894988165400744,7.431721185547101,-0.21251181805353783
1921.6397999999997,0.04840252453786472,5.90033054981396,7.441225490535288,-0.41791260764879395
1922.0984999999996,0.048604430114477806,5.882873051683925,7.44721045299845,-0.40511605212278734
1922.556933333333,0.04876674532687327,5.873313551089447,7.4581234252075435,-0.10661334159593103
1923.0153666666668,0.04869355712637897,5.887680265695629,7.4566077436424365,-0.0739981009193554
1923.4736333333335,0.048828715969245394,5.8862084866626265,7.466598930894001,-0.1012519387706172
1923.9320000000002,0.04878193229425262,5.8951851618461815,7.46244259476581,0.007787882575603585
1924.3902333333335,0.048814523276605785,5.8929876808602835,7.4624896403574965,0.023183290780958533
1924.8485666666668,0.048752153288842345,5.894614373288792,7.465233863015106,-0.16952063734633233
1925.3070333333335,0.04896101447356353,5.8803044822642345,7.4739326846273455,-0.2629416213624447
1925.7656333333337,0.04898273157148537,5.8738714776224725,7.477041978957426,0.13704607240789007
1926.2241333333336,0.04882068220663491,5.856479736364257,7.466170975817931,0.11636372145774693
1926.6826000000003,0.04885602146450966,5.859435644153796,7.468360741579212,0.09347987399039491
1927.1413000000002,0.04871574586785385,5.85888288509029,7.455563119262005,0.15586405866209488
1927.5997666666667,0.04870113935551962,5.842471744028818,7.452649224883223,-0.0014303504376249276
1928.0584000000001,0.048710506019298445,5.838520458396666,7.453348686001437,0.17793662360986479
1928.5171666666668,0.04853260945510216,5.830619149477373,7.446355208988545,0.1834551389292586
1928.976,0.04853534625162808,5.854414705783726,7.451288255406717,0.01556990593366297
1929.4348666666667,0.04851092459479925,5.847511791765017,7.455469867315508,0.15757156302188688
1929.894,0.04838549709086792,5.836121543838643,7.444502230920089,0.09186224328898081
1930.3532666666665,0.048422538421659556,5.8394045168105615,7.445578095534905,-0.02411075953478746
1930.8124666666665,0.04840278683043644,5.856533030224576,7.445487985574839,0.0570799653584977
1931.2717333333333,0.04836551999916223,5.847356537955458,7.442667593776163,-0.04598073306204234
1931.7307333333333,0.04843990743393986,5.830787983657935,7.450837602996728,-0.10118252674856798
1932.1896666666664,0.04845292816292411,5.825328517567956,7.453221110630939,0.03119976724867651
1932.6484333333333,0.04840836684594606,5.824616688461785,7.454137807512004,0.16276546853076707
1933.1070333333332,0.048302408396843945,5.808949868480608,7.443720201355802,0.06252244339835025
1933.5656333333332,0.048352738022252595,5.7901691679136915,7.440520912140626,-0.1605448211691676
1934.0240666666666,0.048452218530216785,5.815073394987796,7.449721937216424,-0.16106992144445648
1934.4824333333331,0.04850145044321515,5.819167752539812,7.44113108305734,0.041779027317117384
1934.9406999999997,0.04841481555256633,5.821289556774185,7.439717298501715,0.15272386970933857
1935.3987999999997,0.048358872171704675,5.816075646746682,7.433378504447719,0.13970640114230332
1935.8567666666663,0.048282437803170195,5.826045994197007,7.431478918525814,0.22018139260047898
1936.315033333333,0.04815549768507997,5.819996792833187,7.421967389629965,0.12814198346626923
1936.7734666666665,0.048164342398538916,5.817988090762925,7.4130822828097855,0.15671498913163862
1937.2317666666668,0.04801113996269669,5.817172336695466,7.402260649980008,0.06590679798145342
1937.6901666666665,0.0481046672376812,5.810905624442216,7.406729429126901,-0.00016999421032731562
1938.1485999999998,0.048016966936029755,5.806467683163657,7.403692495209955,0.02274674606807759
1938.6070666666665,0.04809334961475118,5.8153484235756565,7.402866718880047,0.07513227586686497
1939.0656333333332,0.04795736873703964,5.808823694017022,7.3905121559770395,0.19181166412754003
1939.5241,0.04792806653886533,5.812764367943017,7.388221541652999,0.032879734874406936
1939.9824333333333,0.04793793404442604,5.816896242051121,7.3885509623918475,-0.057132650620215594
1940.4410666666668,0.04798988062273358,5.828727707378364,7.392523384270883,-0.0014047052691951432
1940.8995,0.04794903046346385,5.828874752983239,7.390472425449561,0.028429318042868388
1941.3579,0.04797231397264069,5.825623115183314,7.3997637720076135,-0.04108860257500081
1941.8162666666667,0.04799416408140066,5.819163215860357,7.396698452963633,-0.11343740724419442
1942.2745666666667,0.048083975028735404,5.821995738005184,7.400429795623096,-0.07460089655156367
1942.7328,0.048071597724651804,5.805607300594852,7.400198942582233,-0.07856448825889342
1943.191033333333,0.04816458114632234,5.806172676971755,7.397957672345128,-0.08933867270758841
1943.649,0.048160301719749936,5.81187162224626,7.404437414999444,0.003484183260043163
1944.1067666666665,0.04816740440594098,5.804413046396704,7.407601519177575,-0.04684359192353806
1944.5645,0.048208347441932406,5.806097505077525,7.408128227074479,0.0303009173395106
1945.0221,0.048145324784787266,5.81974265362264,7.408766207430547,0.30569561044352755
1945.479833333333,0.047935571972634664,5.816261376821351,7.401707670944908,0.38103803198158065
1945.9377999999997,0.04780512151852348,5.825872740091994,7.395422092414106,0.12657942888489387
1946.3957666666663,0.04782866518087222,5.835686459462175,7.390903975003124,-0.06859519317740602
1946.8539999999998,0.04787611031291664,5.839549883611375,7.391466600204908,-0.05053496374862883
1947.3120666666664,0.04788260359934527,5.84863283357324,7.397156889165071,0.05086283246909586
1947.770133333333,0.047837764821930154,5.833751308042127,7.392822305407817,0.05207655519255211
1948.2280666666663,0.04784463550700623,5.8217032672930955,7.398038746082259,-0.08529751024459667
1948.6859,0.04792605315424829,5.82346995587354,7.399407856124059,-0.03693360461231815
1949.1438,0.04789124203508818,5.834259759306636,7.400650047481365,0.05025709832944381
1949.6018333333334,0.04789273913951914,5.826113281015388,7.399786039374764,-0.004250073639177001
1950.0596666666668,0.047906055420781454,5.840164697748408,7.398568355840982,-0.10175856885469521
1950.5173333333332,0.04799708279676697,5.828616840701885,7.400409847968734,-0.1464650576738867
1950.9750666666666,0.048051170656046305,5.810431563227891,7.404599320234149,-0.11972488065797936
1951.4325666666666,0.048115723370818896,5.813820129429692,7.4041334245843275,-0.17284406228672414
1951.8901,0.048215805394865585,5.82202633275291,7.410282782717533,-0.019483447586362154
1952.3475333333333,0.048138140746889886,5.817622261582741,7.411607336262678,0.10865981311589713
1952.8047666666669,0.04812073932600941,5.824795782157884,7.41990787604997,-0.09804512264506128
1953.2619333333334,0.04823162000469916,5.823463148488772,7.418075500889569,-0.038401749635334256
1953.7191333333335,0.04816032441042679,5.82676385844959,7.414150374167304,0.029836633612197884
1954.1760666666669,0.04820923619510167,5.80693470321261,7.411294986856121,-0.022122946583381427
1954.6330666666672,0.048182491329511086,5.7976524730435814,7.416686656466124,0.0009601698021641076
1955.090166666667,0.04820978347926735,5.798258735724315,7.413512790848476,0.06856951868712342
1955.5472000000002,0.048119484827512334,5.802235103733451,7.417619520799823,0.07855851446022775
1956.0043333333333,0.0481376152780842,5.805300805878692,7.413702918942381,-0.010234204343355565
1956.4613666666664,0.04813189902389193,5.801102764428618,7.4151062284057465,0.01083393760533292
1956.9183666666665,0.04813162702185844,5.802166792241302,7.414803777536645,-0.04077391075365548
1957.3754666666664,0.04817265865395535,5.812538181866623,7.419872878416129,-0.06477021202463004
1957.8327333333332,0.04819470358167224,5.815024770808956,7.417781594860038,-0.033973865045156135
1958.2900333333332,0.04820809930831828,5.8044432189172195,7.417783566673176,-0.0949931110201994
1958.7474333333332,0.04828540180607008,5.808418766254942,7.41923780787282,-0.07813020997874155
1959.2049666666665,0.0482807401050716,5.8215488743971235,7.4183925866020815,0.04924274278781884
1959.6622666666665,0.048237750655261355,5.809446483197467,7.4193738753732905,0.014069927945432006
1960.1196333333332,0.04826363424084695,5.81850405789197,7.423040145347247,-0.20196135139987656
1960.576733333333,0.048417004048239794,5.813642319266334,7.432454990176393,-0.21687550790534266
1961.0338999999997,0.04845278783263854,5.809511830571081,7.430736340389232,0.057491198993926275
1961.4911666666662,0.048354432133560346,5.809037062071203,7.426709521570146,0.1134107039421899
1961.9484666666663,0.04833859286456144,5.815269617152303,7.425053337291051,-0.1124095726767436
1962.4058333333328,0.048446411516155995,5.803048589149521,7.4229305379494805,-0.12876935220041108
1962.8632999999998,0.04844485391014912,5.79785654160449,7.42183919431355,0.003979567898928815
1963.3207333333332,0.048432082933604445,5.794041310225471,7.421313938083343,0.0618368878952065
1963.7781,0.04837798453272734,5.777163992440107,7.420944829608999,0.009111219298903845
1964.2354333333335,0.04841379306633576,5.794583905891191,7.428549228826857,-0.12949668562672562
1964.6928,0.04848576435191232,5.803294945041804,7.42573911503655,0.01010570525534854
1965.1502,0.04839485330153313,5.7983769913792065,7.4279535735934905,0.20672126670198537
1965.6076333333333,0.04828765035385062,5.795337586129168,7.4271736735576885,0.11974320133134755
1966.0650333333333,0.04827597092905827,5.798164132920084,7.419448323554996,-0.07656048864023396
1966.5223999999996,0.04834771211334216,5.783692804130461,7.414120395284433,-0.014728203365248478
1966.9798666666666,0.04827830925238898,5.775252217835606,7.413816939303647,0.07300736018770572
1967.4374333333333,0.04826966510829255,5.761180630343603,7.414699356077862,0.1490983093873498
1967.8950000000002,0.048130439302482154,5.781987483433198,7.416127203838799,0.1790558002215341
1968.3526000000004,0.04809580278950609,5.784706968945698,7.409595625552871,0.16867635027564498
1968.8101333333339,0.04796663357018332,5.789788054269334,7.402673917602711,0.055699142329894154
1969.2675000000004,0.04803473026664779,5.7918447867320015,7.398175467822504,0.03784792607147886
1969.7246333333337,0.047920452452342284,5.800939135815394,7.394483298357567,0.0644864393293569
1970.1818,0.04796029416713068,5.796105298954824,7.391825555062185,-0.18203632112503917
1970.639,0.04806979874809622,5.802653107470578,7.397426004698062,-0.15316667325938993
1971.0961333333332,0.04808315184292045,5.7879356246969165,7.389081890459362,0.057778665217932755
1971.5532333333329,0.047999517475180886,5.7952139993285945,7.3889090806265845,0.13851804080705837
1972.0103999999997,0.04793891259002607,5.785717577765306,7.382438615727195,0.0907768554060539
1972.4675666666662,0.04789929278960024,5.756321863682601,7.3799894547514295,-0.02479090176362933
1972.9245333333329,0.04794657539127057,5.754884216654789,7.377685070759386,0.0035477373186704273
1973.3816666666664,0.04788329341289758,5.76672309807301,7.376211829076774,0.08855354821763488
1973.838733333333,0.047851221789232144,5.7417726024616815,7.376648268514199,0.11776014824054253
1974.2958666666661,0.047761616192950954,5.745593161320286,7.373150712556557,0.08465171530100252
1974.7530999999994,0.047761658608522856,5.758979100829428,7.376559465665289,-0.1454171775215332
1975.210366666666,0.04788282205571741,5.762551236845362,7.382194949101353,-0.17055595138177668
1975.667666666666,0.04790678198769769,5.753052288438842,7.380523961151349,0.12884190937244716
1976.1249999999995,0.04775419015825507,5.752964384752564,7.382081905331715,0.23497033809976806
1976.5822666666663,0.04768154567555492,5.758488310074288,7.376544012155618,0.12768129612328685
1977.0395666666664,0.04762672127119358,5.74837023123078,7.3681881744390445,0.07138929330883939
1977.496933333333,0.047605247449813065,5.749240682826652,7.36693432134843,0.12885623579670422
1977.9544999999996,0.0474989308810437,5.730660063908912,7.358840692161459,0.17016305859687847
1978.4120666666663,0.04744146546138186,5.73005327584326,7.363470372196174,0.024641641244476754
1978.8696666666665,0.047467946980212075,5.73951410614411,7.3597116758621475,-0.0607144669116491
1979.3271666666665,0.047489073703091265,5.737713413398017,7.357213115006817,-0.050913110342927496
1979.7846333333332,0.04750734218664895,5.7264667095102615,7.3636669553879415,0.07390390928837066
1980.242133333333,0.04741497905108541,5.743151840043192,7.365554939835899,-0.010297629268303774
1980.6995333333332,0.04751118545541946,5.747906341024201,7.367613101731503,-0.18616289928873783
1981.1569666666664,0.04757819628299379,5.752923954877153,7.372020479602876,-0.4062977384807434
1981.6144666666664,0.04787540786565074,5.738653513381246,7.375341587109047,-0.4606447302754814
1982.0719,0.0479926328365756,5.738073168989972,7.38647863227396,-0.3090679638991306
1982.5293666666664,0.04815071569230237,5.741311109122294,7.402540576022275,-0.1351746416481779
1982.9868666666664,0.048109976206943295,5.744330738783045,7.402287306955455,-0.04919475369955266
1983.4444999999998,0.04819028129574066,5.746764503173357,7.412169417820341,-0.10131305207063081
1983.9022333333332,0.04819763077209666,5.75221589733413,7.4138383924668005,0.0640172140868822
1984.3599999999997,0.04812737279681206,5.744626265526957,7.414512981549296,-0.07756866766913376
1984.8176999999998,0.04826395284309134,5.755813277140071,7.424703413436605,-0.35709410713972994
1985.2754666666665,0.04844811837710947,5.744300448475907,7.418399022737698,-0.3063684247066191
1985.7331999999997,0.048538150969587725,5.7563914251833,7.425279316506534,-0.10242104547574792
1986.1909666666663,0.048535325645253195,5.780273291243335,7.4305527947082135,-0.042279299080601636
1986.6488999999997,0.04857069103858747,5.787513166477138,7.4302629887032845,-0.10308668258538355
1987.106933333333,0.0486233698333895,5.777990486048647,7.432853756335725,-0.04575349619591425
1987.5651999999998,0.048607405703783274,5.8035534472925905,7.434258548164602,0.1666365813869014
1988.0233999999998,0.048467227763412404,5.824369294872501,7.428926714602922,0.20606073405221023
1988.4812666666664,0.04841688550372994,5.813797473198419,7.42383864751377,-0.03409020990199146
1988.9389999999999,0.04849650078091718,5.802960073235855,7.421424255828193,-0.028494679887039475
1989.3968333333335,0.04843689138851844,5.8146461392830275,7.415000403816943,-0.016026835822779292
1989.8547333333333,0.048504501740668844,5.796761030330458,7.4086980806474045,0.04748563271627297
1990.3125666666667,0.048388170998945226,5.784301117950088,7.400577314680939,0.08561056245311262
1990.7703333333334,0.04842164805717267,5.800375996921912,7.400511676073994,0.004015378346787917
1991.2281333333333,0.048379963229834407,5.79918088617597,7.396550379476757,0.04352742175760953
1991.6856666666667,0.04837426904509853,5.797374621666264,7.392313213354734,0.10727430183837698
1992.1432333333335,0.04827109458693478,5.78088229170536,7.386105095277913,0.23067324779833806
1992.600866666667,0.04815208186915842,5.7698656442955105,7.383454427201417,0.1683127708927393
1993.0586333333338,0.048104947148189726,5.761986089698571,7.379656110239535,0.09677904263586112
1993.5166000000004,0.048050826134457596,5.762914572949639,7.37454786014176,0.06456894135988152
1993.9746333333335,0.04803327198945843,5.755391334864182,7.368576830569163,0.1626602740282231
1994.4328,0.04788984822628143,5.749663616356002,7.361557923950088,0.3113726859130597
1994.8909000000003,0.047737769962462887,5.756716747401066,7.353713146318342,0.36899051735922705
1995.3489000000002,0.04754029672238771,5.752375555862118,7.3498393897237975,0.3418093882463878
1995.8069,0.04741064216288032,5.744498559486842,7.337817225273257,0.16909488367359582
1996.2649333333334,0.04737162183507009,5.7356096821724005,7.330820281655465,0.02686476830161174
1996.7228999999998,0.04737243870412291,5.737242005350265,7.330637519475648,0.13227949935517475
1997.1807999999996,0.04723623877877828,5.729093010400642,7.322302513151846,0.2172456803239864
1997.6388999999997,0.04716077708944541,5.724134714002455,7.317624436679942,-0.01359514007122062
1998.0970666666665,0.047236435132724526,5.71863811256541,7.321711955115599,0.019209899049521414
1998.5552666666663,0.04713323676304669,5.718495768776447,7.3123046566074335,0.15392888793120352
1999.0133999999996,0.04708779476053029,5.724997901332581,7.32416560022445,0.16289224134591976
1999.4714666666662,0.04697739288550044,5.731219073841959,7.313917271010614,0.17420771288536327
1999.9294999999995,0.04692210340659,5.725064085932772,7.308259636299777,0.07479619850803072
2000.3872666666662,0.04690177313648661,5.7114568012764115,7.316524649634742,-0.0023947023711457243
2000.8447999999994,0.04691737424479367,5.711290167904777,7.316739611381541,-0.03798681040382393
2001.3020999999997,0.04693021700323734,5.690757233962737,7.315728304380834,-0.12483863010983266
2001.7595999999996,0.04702468413494547,5.676491623518975,7.318708369959078,-0.1710483269713773
2002.2173333333328,0.0470801526042185,5.674219896702675,7.3225880574095505,-0.043117708687188755
2002.675133333333,0.04705810183833144,5.6793153324568255,7.327375766293245,0.03959865306544789
2003.1327999999999,0.04704246277430676,5.675531752921985,7.334030667818255,-0.014105858220943058
2003.5902666666666,0.04706933026998412,5.695562459337199,7.340831936080116,-0.028801905309814916
2004.0478333333333,0.04706313551266367,5.700703155715548,7.343644442140248,-0.09968433535191602
2004.5053999999998,0.04715308786273998,5.690245607465141,7.3556779890238,-0.18219297208170399
2004.963,0.04722159487779266,5.698466621574952,7.356942709692871,-0.030795699585126332
2005.4207,0.047173979761171464,5.697923283275834,7.3589831621787765,-0.14054070560892812
2005.8783666666668,0.04734485280827793,5.706511589016416,7.369505169685246,-0.3368611602877875
2006.335966666667,0.04747766156323308,5.71460513882746,7.369917766301347,-0.2810685596297172
2006.7935000000004,0.047597708931263326,5.711327121230861,7.370730915254167,-0.233030989820812
2007.2508333333337,0.0476866553317022,5.717744995985621,7.372601372249747,-0.088613332602655
2007.708066666667,0.047674993983226215,5.712355698455353,7.375491554978942,-0.053914467804064455
2008.1653333333338,0.04773329517695096,5.7182440682307725,7.38032373775182,-0.11646463637703447
2008.6225000000004,0.047780344769950155,5.722041140354661,7.3855917918730105,0.033465257444366854
2009.0799000000002,0.04770610951436196,5.726046281002296,7.37805669036236,-0.016371396296842106
2009.5373000000004,0.047802217295938594,5.725930902819833,7.382917929596133,0.058518788679069
2009.9946000000002,0.04766087776431524,5.7336332764579465,7.374247964956075,0.2167684290165043
2010.4521000000002,0.04761430488511837,5.7194080423655,7.371357052132701,-0.1130978016939302
2010.9095333333335,0.047774927044690475,5.711152823668063,7.376921376530086,-0.30403300751748785
2011.3670666666667,0.04789995433025821,5.710754283136294,7.378852774144757,-0.0401714548969328
2011.8245,0.04781963962797254,5.7286529239876725,7.3721320837951785,0.1033514549409843
2012.2820000000002,0.04781195950907023,5.7283366683109245,7.3765113742449655,0.09845188087925756
2012.7395666666666,0.047734994488052886,5.728562315260049,7.368762995752873,0.012470346917164515
2013.1970666666666,0.04780385335094862,5.716179223345097,7.374818088537878,-0.038936138479398884
2013.6547666666665,0.0477701234787807,5.71585094182272,7.375228434253209,0.09927303682354811
2014.1124666666667,0.04771025373128206,5.7159831502263145,7.3658857139067,0.13211311327948272
2014.5701666666664,0.04764673855444998,5.72655026259139,7.36292040698358,0.08932136446546136
2015.027833333333,0.04762553689821402,5.731128127487384,7.362963164369586,0.07012247343047934
2015.4853666666666,0.04757868447094308,5.728667801793282,7.362862969560889,0.15127986746397196
2015.9428666666663,0.04748250732398857,5.725531407636389,7.36010688527617,0.22624337782128112
2016.4003666666663,0.04736682462757948,5.721665297810744,7.353346601970081,0.08769489116310139
2016.8579999999997,0.047396079976996665,5.730050856627803,7.350448551219228,-0.04639471182104799
2017.3156999999997,0.04740301116580565,5.717566743616622,7.3450088435635115,-0.009913535732478334
2017.7733666666666,0.04740054077910078,5.712065073335062,7.3451687124142575,0.09605498861966631
2018.231,0.04731086217211284,5.721383947947878,7.337667186277128,0.09124947302501939
2018.6884666666663,0.04731396819663792,5.726301059791553,7.342221272931784,-0.16536467865328217
2019.145933333333,0.04746050451778356,5.73138514218431,7.343039851908163,0.012278195555781572
2019.6032666666665,0.04730371564516313,5.742348353312266,7.333415038381199,0.32547041857213976
2020.0608333333332,0.0471651759726886,5.732094671653565,7.330506794433998,0.14790144074294498
2020.5184333333332,0.04716874247796323,5.734225824974893,7.33823734761922,0.023448159383820246
2020.9762999999998,0.047142002314306077,5.728647429128407,7.339255849943701,-0.027689515176723672
2021.4344333333333,0.04719158367689971,5.727229306595851,7.338549118047232,-0.14249441513505848
2021.8925333333334,0.047269256179882334,5.723106824745693,7.343818356561739,-0.1794005419008341
2022.3506333333332,0.0473525626985507,5.7063218468294155,7.341661051086849,-0.039789352864029195
2022.8085666666666,0.04730051643158005,5.6979654076602095,7.346000294148394,0.05367141320466778
2023.2666666666664,0.04729907310160099,5.695346609205323,7.350581316056278,-0.17368513741503977
2023.725,0.04745480736104839,5.674382608908426,7.353648550132304,-0.18046400760718045
2024.183133333333,0.047458143021362774,5.678417374894258,7.359531285209543,-0.015955351218956578
2024.641433333333,0.04746557272527018,5.6828134386216576,7.360128702184329,0.047946379728691604
2025.0993333333333,0.04741380279365021,5.687446967212339,7.367730826551521,0.19602217028480168
2025.5572666666667,0.04728481007461734,5.67518112561721,7.365508560263445,0.10435782315136405
2026.0151333333333,0.047316067940930656,5.664609391371338,7.365201401548179,-0.06408128694045877
2026.473,0.0473397520731188,5.657179867807208,7.371682555143501,0.036375471836979756
2026.931033333333,0.04727996867406924,5.648162878672915,7.37260147935159,-0.03289874983971064
2027.3888333333332,0.047370003782902445,5.64314601952151,7.3769239502467,-0.1287184914236516
2027.8469999999998,0.04739914700731474,5.634262178714632,7.380643703937474,-0.2594643485631019
2028.305233333333,0.047607018919761754,5.62840935695902,7.389634458066165,-0.24446572080448964
2028.7635666666663,0.04762358541845172,5.630298140729964,7.388660848752288,-0.015124403912954823
2029.2217999999998,0.047622022243397,5.632580660179029,7.391145452271392,-0.03061421862841474
2029.679933333333,0.0476533194996834,5.629701351860391,7.391755823755821,0.020658273337843622
2030.1382333333333,0.04760557637074753,5.634691258079107,7.387663064102938,-0.10029701486485777
2030.5965333333334,0.04774852959942499,5.629939206184544,7.4050527554615195,-0.1363112039408675
2031.0548333333331,0.04773679064584661,5.638795720213243,7.406596020760983,-0.013211349574364772
2031.5130666666664,0.0477686115196631,5.645793678291819,7.408453729937977,0.06221921198709869
2031.9713666666664,0.047689311926554234,5.629893860662222,7.409754450167521,0.11279623461001685
2032.4298999999996,0.047675449514165524,5.617107956643856,7.402436313765022,0.24971973061366187
2032.8883666666666,0.047470981829857435,5.611086483071353,7.40055858271094,0.30438833395405945
2033.3469,0.0474045259537541,5.605859005954948,7.400060279140593,0.014965253671496698
2033.8054666666667,0.04746538313165694,5.596035961644861,7.3957934634412466,-0.08121167919697937
2034.2641666666668,0.04749086377591868,5.594873063796345,7.387294657011908,-0.01709986026902271
2034.7226333333333,0.04749662854986417,5.598480108227258,7.38345180318038,-0.06255676646261318
2035.1808999999998,0.04756438067317545,5.580236846726773,7.381355447801361,0.12855052675002018
2035.6390999999999,0.04739507144334842,5.5760593624425505,7.372066148730512,0.2766860729105592
2036.0974666666666,0.047326946451942,5.588378974271684,7.369402006096494,0.04098120906194267
2036.5557666666666,0.04737230930095901,5.597257490207545,7.370381428604028,0.0519095735068723
2037.0138666666667,0.047291862654229425,5.611289915653806,7.3617060029614745,0.1693461256937317
2037.4718333333333,0.04722883422374076,5.628701833939297,7.361081902543354,-0.03437122576147491
2037.929933333333,0.04733375459515878,5.614836023440309,7.354822460686061,0.052221798365212596
2038.3879333333334,0.04718993177745564,5.608234967382839,7.346879691044852,0.2090027316677026
2038.846,0.04714918928024389,5.596422934333828,7.3395216450108665,-0.04776624060135341
2039.3042666666668,0.04723951434349519,5.591488740257178,7.339364295541221,0.04058581562756521
2039.7626999999998,0.047118213461470236,5.589046322508399,7.332590701818874,0.058498077208144456
2040.2210666666663,0.047193363073336214,5.593467157802933,7.327967019834563,-0.03645092357998731
2040.6793666666663,0.0471606499609318,5.600344842630901,7.320208852957304,0.020705883315548814
2041.137833333333,0.04718580493841119,5.580848175957208,7.307100513338047,-0.003089820608730081
2041.5960666666663,0.04717758782244467,5.568325991567254,7.299792591061034,0.1739215298194904
2042.054166666666,0.04704203929642248,5.56965211292293,7.290922752137308,0.21427543724716247
2042.5123666666661,0.0469953717999999,5.5546104277061605,7.284991454422986,0.0020413469048456887
2042.9705999999996,0.047052663390059084,5.556650811833996,7.2869989040604155,0.015054269085873238
2043.4287999999997,0.04699369367866687,5.552546442721582,7.280508547655994,0.014774551039255934
2043.8867999999998,0.047051352551227284,5.529748421399854,7.279505006795541,0.18481974481613786
2044.344733333333,0.04683541922149004,5.51308743399475,7.260135935548847,0.20325207520125133
2044.8026666666663,0.046872730766190425,5.507190359053992,7.260118732284321,-0.0819874278320751
2045.2604999999999,0.04691846612956663,5.495561328321246,7.2635486181619076,-0.19170080677196882
2045.7183666666663,0.047057936923491916,5.496100678439005,7.2615605504631295,-0.1294810461985073
2046.1761666666662,0.047046036612632534,5.490547511048222,7.26112113816962,-0.08048787567535484
2046.634066666666,0.047139487170749124,5.482338107111171,7.258991021543452,-0.2186733797314692
2047.0921999999996,0.047253630898352904,5.479868607826528,7.261792310941838,-0.18013807687412675
2047.5502999999994,0.04730966238957176,5.494714966405096,7.270690606403031,-0.21993400689316456
2048.008466666666,0.04746055136356878,5.498217166058031,7.284049586272718,-0.11887883988433774
2048.466733333333,0.047425542913008,5.495121595243557,7.291018747461635,0.20741370915071364
2048.9250666666667,0.04727661350109234,5.507086967936941,7.2935757773167245,0.08975744348108036
2049.3834,0.047348856139127295,5.5100801300329865,7.301017965202057,-0.2376718350456196
2049.8416666666667,0.047498698058885166,5.504560098490855,7.305580780715002,-0.12282248187914392
2050.3000333333334,0.04746625595335712,5.506718263453013,7.303416490746699,-0.02121798107231108
2050.758366666667,0.04752301396321239,5.489552869138361,7.309167054633273,-0.04528693971783304
2051.2165999999997,0.04751256122132449,5.481345767026043,7.311687973217389,0.08150357990160764
2051.6748666666667,0.047453984070961595,5.493455876617522,7.319562360351385,0.04631626133015026
2052.1330666666668,0.04747624358136213,5.493379709224699,7.3209736766563855,-0.11072434147932793
2052.5914,0.04756359769239518,5.498957918949264,7.327704944060311,-0.058044473005599194
2053.0495,0.04754027600142734,5.49998552081978,7.330677447902564,0.017795645888067868
2053.5076,0.047559167661409336,5.508395912446956,7.333583149054865,0.013850999529359222
2053.9657,0.0475398247825708,5.5166751944742645,7.337249819158617,-0.0319533003232786
2054.423766666667,0.04760048022235483,5.517438698682353,7.352513336342304,-0.14936082890388327
2054.881666666667,0.0476864907415427,5.533692917809868,7.367612274983695,-0.18075540215340277
2055.3395,0.04777453825725257,5.557160784743478,7.378361607336667,-0.15089491565669777
2055.7973666666667,0.04783411399389451,5.550937698759552,7.386282452307576,-0.06216281334180025
2056.2554,0.04783923110895876,5.555348614575356,7.387354405064998,0.12162836360760118
2056.7137000000002,0.0477301207345058,5.54333208456007,7.379380729008919,0.023000172921978583
2057.1721666666663,0.047825890761079015,5.564509749625346,7.3842970035302615,-0.0012514407181844012
2057.6308666666664,0.047738188811720254,5.575491989657502,7.386507056999375,0.047130805895495315
2058.0894999999996,0.04778889497725071,5.580897370789987,7.386819558752753,0.005543448880711648
2058.548133333333,0.04774026219962211,5.5871304248900895,7.387386105377014,-0.07748591059592583
2059.0068666666666,0.04786516087464818,5.592727953994251,7.390912429894501,-0.22264816814998872
2059.4655000000002,0.04794673138772313,5.603639137373579,7.404062840970026,-0.22354286292848513
2059.9239666666667,0.04807303334549166,5.609504298544967,7.415124173316807,-0.1782068347876291
2060.3823,0.048113818305174375,5.627893944588796,7.429878532520887,-0.10786261688321841
2060.8403333333335,0.048175889929043036,5.621905963113708,7.42724189213507,-0.04523981024580515
2061.2981333333337,0.04815880247446087,5.61038529924132,7.4305049833713515,0.08265449744985198
2061.7559,0.048104061878444015,5.610374279841164,7.426128226801771,-0.015319866244924778
2062.213733333334,0.048174121564653664,5.607322768924848,7.429277488204161,-0.22274664338581343
2062.6715000000004,0.048308325344767825,5.605537722649558,7.437340898905293,-0.2582979456942707
2063.1294333333335,0.04841119968704788,5.6129890476755895,7.444156515156853,-0.05903192481060576
2063.5874000000003,0.048363141838425654,5.612234455273922,7.44593086216098,-0.016175936255273762
2064.0452666666665,0.048426542162745584,5.606595573647001,7.446921929757202,-0.057443715802045256
2064.5032,0.048416827052931564,5.6172045348236,7.44511895459949,-0.22355959606569475
2064.9612666666667,0.048632909094498654,5.618062307926099,7.451746054022669,-0.26816159892300945
2065.4192666666663,0.04866460224672661,5.6196141269946205,7.445907948747861,-0.21271488658724483
2065.8772999999997,0.04882856050519494,5.62565782828098,7.453515356035694,-0.1766452864945466
2066.3354,0.04882380543405713,5.620927167701507,7.444754261822038,0.03975783613958717
2066.7936,0.04878712984165327,5.61808699563513,7.442219587343144,-0.11844474462029013
2067.251633333333,0.04892465830715779,5.612369772508373,7.447728333261974,-0.041226816036558665
2067.7095999999997,0.04881681485637566,5.5997126157214705,7.444191613019175,0.13584166269807002
2068.167666666666,0.048791689787116635,5.603902425718012,7.436892618479086,0.1885533996547758
2068.6257999999993,0.048635927404667156,5.598794147119846,7.428912442247924,0.21005465312276173
2069.084066666666,0.04859158721256967,5.591645934431241,7.427851542933277,0.07860722769692774
2069.5425999999998,0.04855605178733457,5.605027396059922,7.422265991091328,-0.02873315123153396
2070.0007999999993,0.04861277932682345,5.607908955123714,7.424486060723718,-0.14898669831922146
2070.458933333333,0.04868942769977629,5.598353424700277,7.431967898353883,-0.06452236572763492
2070.917066666666,0.048668564930628454,5.581380499420893,7.432529661474484,0.003055098209605466
2071.3750333333332,0.04868385584645364,5.583894562379054,7.43101078713446,-0.20259574064958316
2071.833033333333,0.04885243952246367,5.591838143144965,7.432873593532237,-0.24587517786138208
2072.2909999999997,0.04890811264612969,5.583875294449179,7.43844895015349,0.03790481673528558
2072.749033333333,0.04881754827621311,5.583997553591874,7.439097603329609,0.34763738849975395
2073.207033333333,0.04859082797071659,5.5837792829833255,7.427562403317773,0.36965964814497815
2073.6651666666667,0.04848082971187468,5.588122346820742,7.416715273165906,0.1945501209194846
2074.1233666666662,0.04841385315554527,5.5806700102500955,7.410959012764851,0.23293777156579268
2074.5815999999995,0.04826926147872318,5.577301694204394,7.407347193938574,0.28904916800199704
2075.0399999999995,0.04815155096680872,5.581045705879228,7.399089324733434,0.33990812824673283
2075.498333333333,0.047957814668302984,5.583857562708257,7.390036409431825,0.2927982314980551
2075.9566333333332,0.04788284033043615,5.591173964338666,7.3796937439902255,0.17855901632167065
2076.4148999999998,0.04779510050577374,5.58684674381847,7.365766511867695,0.09981311094880034
2076.873066666666,0.047792698935818716,5.577506910816558,7.35765528373102,0.019699683401547183
2077.3313333333326,0.04777722034396265,5.5787668723874555,7.358226749080707,0.07349896424524299
2077.789599999999,0.04772536656435944,5.584296826027331,7.354652505130094,0.08858743394486351
2078.2478333333324,0.0476964835035936,5.581708490463243,7.3566912711023615,0.1837041516506631
2078.7058999999995,0.04755587358509682,5.580579112317177,7.348955834821984,0.2338220262412707
2079.163966666666,0.04747870327162972,5.568384104069262,7.34579283718463,0.19607628763277749
2079.6220666666663,0.04737296825126378,5.564227442255042,7.339358032083873,0.2608372807424761
2080.08,0.047238035328747915,5.566407803407959,7.338432182242546,0.031113300940010368
2080.5379666666668,0.04734429279714761,5.579056812460122,7.339263037622419,-0.046770952477474335
2080.9959666666664,0.04728347310584124,5.586660322938999,7.337613712704871,0.08360303444779149
2081.4541,0.04727029152878155,5.578651322949167,7.3364727542403045,-0.03735744751799107
2081.9121999999998,0.04731860207803918,5.562743489914169,7.3320617198754965,0.032570716936205585
2082.3703333333333,0.047240728683512874,5.558598701320893,7.324356301233903,0.14265729336885555
2082.8284333333336,0.04718776287067859,5.546107558922947,7.319793575083348,0.09614907693180906
2083.2862333333333,0.047152567353893234,5.539091473083266,7.317465509981372,-0.055721691194012025
2083.7443,0.047240428077782275,5.534122088351184,7.31739892168957,0.03230651220263996
2084.2022,0.04712898779049812,5.541717855513654,7.3038408401627155,0.1241339977472622
2084.660066666667,0.04713546124988976,5.546577531188722,7.302793204602643,-0.14305840616239596
2085.118066666667,0.047270057301463525,5.5539649678407725,7.310774438420575,0.11135927284080616
2085.576233333333,0.047043290186582196,5.5600491988912095,7.30853894514556,0.4551225181485984
2086.0345666666667,0.04686078777498668,5.562454994605868,7.295666498634966,0.3252239592591881
2086.4930666666664,0.046753067991776094,5.558205766726684,7.288838959201839,-0.09903430950035448
2086.9516333333336,0.04695671170764859,5.548295267949902,7.296477418747205,-0.15988991036434488
2087.4102666666668,0.046900858414891916,5.541099763149082,7.294497614551456,0.15901885609799907
2087.8689000000004,0.046810963310178345,5.534609631313239,7.285060596374694,-0.0037435568157222917
2088.3276333333333,0.046903830848915355,5.54042836107099,7.288804217414436,-0.2011477835484789
2088.7862,0.04699457479259191,5.547360615006189,7.295073152390775,-0.21187239543627218
2089.2447,0.047097629268739824,5.543521140167604,7.297300816248135,-0.13162587454622046
2089.7032,0.04711383124966299,5.541145794949603,7.298131381537791,-0.08071621756421007
2090.1617333333334,0.04716946788053003,5.556299112855299,7.308639927053859,0.0881808054403074
2090.6201,0.04703180187359194,5.551835284797844,7.3053636241431015,0.004624449340887913
2091.0784000000003,0.04716858696096234,5.55669544106143,7.315062977930179,-0.23393246549379018
2091.5369333333338,0.04724915230137021,5.556697404045758,7.315618008479546,-0.16020753585948408
2091.9954333333335,0.04731665197430607,5.551819459638341,7.316544981266045,-0.20239931775477774
2092.454233333334,0.04743958203223969,5.544014162632113,7.328620800708222,-0.1494181782787883
2092.9130333333337,0.047463253754670254,5.547235114874294,7.334019087436278,0.038149651713042576
2093.3719,0.04741491415334743,5.55234925817998,7.337980467124823,-0.05820890218412249
2093.8307,0.04752568147776922,5.547145390334955,7.335740918467698,-0.060444288831076255
2094.2894666666666,0.047476899634886646,5.544782863905633,7.339174959387234,0.13674947272113017
2094.7482,0.047406162763739795,5.538818553350317,7.339712776210889,0.015214122916987384
2095.2068,0.04746956259159964,5.543400787925062,7.343203756618208,0.034284857063479106
2095.6654999999996,0.047381288883726856,5.543437117360088,7.349289471502639,-0.07055468975917205
2096.1243666666664,0.04754286465814953,5.5514208815065045,7.354238528803276,-0.27234993610230657
2096.5830666666666,0.04764223343582136,5.5675451129877676,7.360259729983185,-0.22921258759886493
2097.0418666666665,0.04776415488475532,5.555211045445699,7.367371080024164,0.08355822270862558
2097.5004999999996,0.04757473468603544,5.559131233761766,7.3661927646691705,0.030148489242706043
2097.9591333333333,0.0477396348011883,5.561407387075339,7.383600405491987,-0.37155407344213115
2098.4177,0.04791483931751711,5.551541035500823,7.387274483691026,-0.08158581876637996
2098.8763,0.047809318585678356,5.542966397874733,7.388907657776939,-0.1135970921387971
2099.334733333333,0.0480102673301323,5.525435920286433,7.397362856325816,-0.33634242366945416
2099.793133333333,0.048109809489970234,5.52638651981047,7.403577213784931,-0.2775512844730702
2100.2513999999996,0.048256699739581306,5.52897208672318,7.405010776448636,-0.022512824147700804
2100.709633333333,0.04812513353583147,5.533207389840447,7.396848161543271,0.019279550162115185
2101.1677999999997,0.04823694330708187,5.528709183442056,7.407546529489392,-0.11186541886593782
2101.6259999999993,0.04822691841912972,5.53792295209328,7.410699850229184,0.05387964938911677
2102.0843666666665,0.048188961332370404,5.542242468679649,7.412060556480484,0.048834784416851976
2102.5427666666665,0.0481848036602377,5.540413472413297,7.4099599213602225,0.13697254172324544
2103.0011666666664,0.048065927404219784,5.53994229427428,7.410358610084378,-0.015661631040982383
2103.459433333333,0.04820132455470651,5.537457308932871,7.4169962986637135,-0.39175807820965036
