time,V_pL,h_waist_nm,Surface_mum2,flow_fl/s
173.423,2.0085624567293214,[61.07733476],97.26658563983186,35.299157690903684
174.33899999999994,2.040896485174187,[60.90416975],97.16428940539778,-35.299373493047796
174.79700000000003,2.0085623084732367,[61.09126134],97.67086653694892,-38.916483515651024
175.25900000000001,2.0053478843845287,[60.90350807],97.41416576392035,-5.4045107011804205
175.72000000000003,2.0035708422233798,[61.20764272],98.52124823753289,28.48761041626391
176.18200000000002,2.0317067036870076,[60.55600567],98.8513702383005,40.67614378846063
176.64300000000003,2.0411553271437586,[60.61514379],98.76211803484662,-20.017478469934957
177.10199999999998,2.0134523255998666,[60.17302786],99.82781679240958,7.536425790403367
177.56499999999994,2.048649410704293,[60.47545279],100.35220253134409,-11.010742217733238
178.019,2.0049067959321922,[60.88350129],99.00260893729538,-0.5697179130743635
178.47799999999995,2.0490923289979617,[60.31049719],100.37194225732816,47.31504180940726
178.93600000000004,2.048392482099325,[60.32423406],100.53104378922158,-26.466449371400635
179.39300000000003,2.0249253501712277,[60.63555797],100.20743943775807,9.059556185878392
179.851,2.0568029281060407,[60.07216891],100.83238848169329,9.457561213999544
180.31399999999996,2.0330310396990563,[60.57651051],99.78985674492988,-35.19132883957887
180.779,2.0242101218543342,[59.94941906],100.58107858546602,-2.8373701978177124
181.23799999999994,2.0302169704448914,[60.19732199],100.74127153826518,-0.8963166655369115
181.69999999999993,2.023300441229698,[60.29053287],99.71214497277872,-7.3565502956114415
182.15999999999997,2.023403839828299,[59.83571521],100.01392900902304,-29.998252248253365
182.61699999999996,1.9959727907887266,[60.19040774],99.08254280008063,-28.91508096676576
183.07799999999997,1.997109757430445,[59.76408409],100.73601188885038,22.041034617353183
183.538,2.016233476673688,[59.81584009],98.3540101900291,24.048752805546858
183.99799999999993,2.019234610011551,[60.38994657],98.51460968173731,-14.453806101163202
184.45399999999995,2.0031608846872175,[59.70287093],98.8897178753321,3.8604085271973787
184.91599999999994,2.0232508703298118,[59.99108593],98.6356045497521,5.7922359112287936
185.336,2.01129189647731,[60.12859793],97.89390953029859,-34.5429883055246
185.84000000000003,1.9902115533917435,[59.92519816],98.23521722386852,3.7823237333922677
186.29499999999996,2.010666794967899,[59.73563989],99.0462151950218,22.713576084133713
186.75599999999997,2.0107485132134824,[59.57813833],97.49186018939218,5.780435834843889
187.21799999999996,2.0160133557435067,[59.56577623],98.9308305587265,12.343124025222085
187.678,2.022125092323104,[59.78440372],99.03855520911917,-24.164601320948442
188.13699999999994,1.9938809076847566,[59.24958649],98.59137425781803,-55.20322622357865
188.60000000000002,1.971278585992319,[59.48058115],97.6234611742448,21.061091755119055
189.05999999999995,2.0129023844908236,[59.08422553],97.66053311871399,22.558977781151235
189.51599999999996,1.9924836672683233,[59.44803042],99.03167265067418,-15.64306287460493
189.97500000000002,1.9987643659446448,[59.05905338],98.97326080114401,27.30606569223548
190.433,2.017496113934406,[59.35993741],98.32816496592548,18.597749958944032
190.89099999999996,2.0157999049070363,[58.9977661],97.51349370498284,-11.459881630262458
191.35399999999993,2.006863575885676,[59.59090218],98.35066732819658,-20.33874113577383
191.80999999999995,1.9971230213730906,[59.24672098],97.41050108914676,-5.3808031864766015
192.26599999999996,2.0019562833796094,[59.34977692],97.35245458799176,8.266921794362059
192.72500000000002,2.004673214760014,[58.92303206],98.38994438035863,-19.930041897169293
193.17999999999995,1.983946118280313,[59.06560985],98.151478010958,-2.220818402519864
193.64099999999996,2.003162372544877,[59.10934634],97.64078172029868,17.606501781547212
194.09699999999998,2.0003307481705193,[58.95250376],98.77660964622544,9.008647255886792
194.55700000000002,2.011536574207107,[58.43120764],99.86262423566117,-6.2447689675710905
195.01800000000003,1.99451803889751,[58.96905197],99.38436847793358,-29.30684590707555
195.47799999999995,1.9845297662004953,[59.24220056],98.85174887591292,-32.044637296910764
195.93999999999994,1.9649314694709719,[58.85387647],97.74888069128163,7.274070194533966
196.39999999999998,1.9910381106728168,[58.64139796],97.93496491021223,19.68730061588042
196.85900000000004,1.9830981506925522,[58.50580888],97.97982105599067,-1.3831663143335504
197.313,1.9896169944555306,[58.60542861],98.61844040608206,-11.823501154187621
197.774,1.9719102706756253,[58.88346434],98.79786290868152,-11.299044828478433
198.23699999999997,1.9792853536018948,[58.64090351],97.96643114978552,-9.09639381504146
198.69499999999994,1.9637813937001813,[58.65429022],98.44463520399016,11.519550540560974
199.154,1.9899396224936456,[58.34966915],98.8980109216989,8.778123099323132
199.61,1.9721016999055792,[58.32722643],97.55699149974951,-0.7754390796752553
200.06799999999998,1.9893845787641165,[58.30208665],99.70493255731544,2.7145209922903035
200.52800000000002,1.974453240226572,[58.3725906],99.430620772714,-16.71042754407903
200.985,1.9739669308145267,[58.04982083],98.6461045611961,-4.6950920102757365
201.442,1.97016192612918,[58.38052351],99.13344035838793,-2.3060416682341156
201.90199999999993,1.9718885292085395,[58.48594571],98.862820506174,-20.117331716093645
202.36,1.9517894913081646,[57.93172287],98.79003515935372,8.453417948549813
202.81999999999994,1.9798585751045135,[58.16105908],98.32341468446718,26.150066883358303
203.27599999999995,1.9760206971588605,[58.0353157],98.62799947190591,4.754016913067538
203.73299999999995,1.9842253622604682,[57.67693629],99.00539642079973,-21.06170731613055
204.19299999999998,1.956472253065776,[58.2699103],99.59575153583607,-40.99177761078643
204.65199999999993,1.9465152785450246,[58.00285912],98.3309713317542,7.454574720514806
205.111,1.9633155526592154,[58.12068369],98.29945215965927,24.478227843883538
205.56799999999998,1.9689857243032476,[57.94787381],98.72074145359024,-20.367579873463715
206.02300000000002,1.9448711327746881,[57.79226845],97.90765498551197,-13.426859281732817
206.48000000000002,1.9568990654980682,[57.83207369],98.71674205102013,-8.715407079376458
206.94299999999998,1.9364297815974338,[57.96732875],97.84209390093787,-20.90670689222085
207.40300000000002,1.937462807561451,[57.79105904],98.17786842886238,6.877348120756466
207.861,1.9427247008894004,[58.06014701],98.10532106917968,11.875809633820733
208.31999999999994,1.948353699759699,[57.61162858],98.61656784543955,10.593313780939528
208.779,1.9524493629403028,[57.65118531],98.77725959937374,-3.472936043715791
209.23799999999994,1.9451655444715708,[58.03870176],97.9261676908661,1.1417505356794422
209.69499999999994,1.9534273121274706,[57.35870885],98.67624870357896,27.79689215467407
210.154,1.970666457253612,[57.42127582],98.51524787822201,0.6009245739955205
210.61799999999994,1.9536103813358308,[57.44154545],99.06991965191995,-23.8018328753542
211.07499999999993,1.9485649401541405,[57.66594579],98.62994455236972,-10.138552964664704
211.53499999999997,1.9443187568253482,[57.50817888],98.93918760792737,-9.097183251145946
211.99299999999994,1.9402131924914734,[57.51271115],98.45445715101232,-13.957195698186986
212.45100000000002,1.9315339655658068,[57.40963615],97.77998835029616,-7.799029284058179
212.909,1.9330692816672728,[57.36967771],99.57575657198885,-12.716153006733233
213.365,1.9199755348688035,[57.47753822],97.19596020693088,-8.699070226468208
213.82100000000003,1.9251357296207336,[57.47888845],97.93390787549916,21.58382277378701
214.27800000000002,1.9397021227903761,[57.16893931],98.70859420704929,26.16484619755388
214.73699999999997,1.9490798423695792,[56.74532562],98.63996836248225,2.345141810031315
215.19399999999996,1.941922457558678,[57.00820166],97.21089193783995,-15.963257139698595
215.65099999999995,1.934489425343895,[57.16189401],98.40231582979737,-3.8423396697639944
216.11,1.9384526731562892,[57.08056897],98.51317168673653,-16.959402338354135
216.56799999999998,1.9189887854977594,[57.18178384],97.96686904860687,-30.209651281898342
217.02999999999997,1.910758526609459,[56.72592903],97.62142103388949,5.992151229027076
217.48900000000003,1.9243651811574956,[57.06116173],98.39344342826134,1.8466646561758893
217.94799999999998,1.9124537647638347,[57.27205235],98.68524905515142,-1.7447347607779662
218.40499999999997,1.9226703908087828,[56.89720766],98.83475538990011,0.8449756447439505
218.86400000000003,1.9131415306552464,[56.86273552],97.90541759393967,-20.365570041451342
219.32299999999998,1.9039747975107306,[57.10213606],97.67041752338837,-4.320382681243462
219.78599999999994,1.9092838890897346,[56.80488888],97.42159485872075,-6.0696284004424506
220.24400000000003,1.8985590863555646,[56.48884595],98.29204802063546,-4.686428766614181
220.70100000000002,1.90495838732167,[56.93564561],98.50682925059955,4.474293591706591
221.163,1.902575155379087,[56.60892584],97.7670186195238,-8.707323656340638
221.61799999999994,1.8970230785209679,[56.61129532],97.60752309324069,-3.2908679166134824
222.07600000000002,1.8996242382354538,[56.33989311],98.32666727000007,-4.499985189274636
222.53700000000003,1.8928263158614005,[56.42397462],97.54243105950344,-9.86728983883367
222.99900000000002,1.890526497788532,[56.79774105],97.59791645662185,8.361576252768899
223.45799999999997,1.900447550226621,[56.40423132],97.89698762015736,13.767591570596593
223.92099999999994,1.9031571684722075,[56.7070194],98.49020115281625,-21.710071824347477
224.37799999999993,1.8808028896176752,[56.27158908],98.16500709348087,-22.228468756045228
224.836,1.8828715515605787,[56.26934147],98.09973757761475,6.650659144554982
225.29599999999994,1.8869167490693655,[56.29369091],97.9433986119867,11.311631124540256
225.75199999999995,1.8932129514556748,[56.22824657],98.80393872314735,-1.242463210956668
226.212,1.8856577253039233,[56.12783021],99.13956510147939,-12.667093291183207
226.668,1.8815799661989496,[56.3545035],97.80785363496172,9.301961813623638
227.12299999999993,1.8940953636938325,[55.95479894],100.25612607780923,6.54107950632854
227.58100000000002,1.8874257653585187,[56.15884212],98.22150258964174,25.69307228860307
228.03999999999996,1.9177365099047439,[56.24245821],99.79046483738978,-11.721515093715329
228.5,1.8764980075888094,[55.99165778],98.13509337887771,-33.37715469606817
228.96000000000004,1.8870295275843585,[56.08207662],98.96952944957908,-10.51990446532658
229.42200000000003,1.866664707058192,[56.06486185],98.45035128887949,-24.508624567650017
229.88300000000004,1.8643689673229673,[56.12648586],98.2573992710423,-3.8547953134409063
230.33899999999994,1.8631186695973638,[55.8085992],98.32362985620286,17.68399460215675
230.803,1.880967923155782,[55.9823552],98.1944732165652,-4.198604877192036
231.26,1.8598445842743025,[55.76535625],97.38447224246244,-21.400423891744236
231.71799999999996,1.861436232256871,[55.98004863],97.78974585419115,7.940780522735835
232.17899999999997,1.8671690427255276,[55.58977999],98.74319385808595,-7.264639948044049
232.63699999999994,1.8548778449662486,[55.68023511],98.64222701703041,-24.693443186890374
233.096,1.8445294464689836,[55.71670743],97.57772215055479,9.580098849921281
233.55599999999993,1.8637462770584854,[55.6037587],99.17895815596678,15.687047584278968
234.01300000000003,1.8590704906997684,[56.28722019],97.8398589825295,-20.80804704758532
234.47299999999996,1.844601630222296,[55.61151959],97.67749056783728,-20.713400013666394
234.93499999999995,1.8400157918620907,[55.8568956],98.25640922380164,27.297920121930108
235.39499999999998,1.8696217389515217,[55.5823678],98.66685938717973,23.044449930907263
235.85399999999993,1.8612761841397707,[55.61220474],98.69474885729974,-4.579073261931299
236.313,1.8654181496970716,[55.59350046],98.42217205518983,-23.250709528822135
236.77300000000002,1.839844162568487,[55.62708455],97.75118560073793,-24.904473198676058
237.231,1.8424333455762807,[55.86056366],98.08723935076608,-3.2641710306644534
237.687,1.8368963020013127,[55.64455217],98.43748830378362,12.412510818725853
238.14499999999998,1.8538768164615989,[55.77306311],98.52199966559539,-3.034755751914364
238.601,1.8342826253967215,[55.31467487],97.301885184242,-17.55782944130546
239.05999999999995,1.8379643754000563,[55.14889366],98.43344879178899,13.75590285844841
239.519,1.8469105442207785,[55.6900782],98.63423063027192,3.0265675312657336
239.976,1.8408024237669989,[55.2774715],98.17625293952058,7.7798573436527185
240.43200000000002,1.8539713091506504,[55.14156419],98.73011233968018,-1.1987826915347277
240.89300000000003,1.8394007118571896,[55.11316226],98.37019831866341,-23.367300596275342
241.351,1.832447485548006,[55.23964896],97.51565325201499,-7.2813775509665835
241.80999999999995,1.8327395065711651,[55.20643533],98.18296160824515,17.53481639158494
242.26999999999998,1.8485958158380327,[55.26951233],98.62512792630794,4.729538502312058
242.72899999999993,1.8371453691991704,[55.32328995],97.49726062706775,-23.861894996760835
243.187,1.826712291265308,[55.10168861],98.62706359262334,-13.05491776814427
243.64499999999998,1.825187064523547,[55.13227131],99.05965636052848,11.386124862866609
244.10500000000002,1.8372237476732054,[55.21240115],98.08686355954549,29.87148041766652
244.56899999999996,1.8528180795146576,[55.35079238],98.78178639358788,6.468969667073665
245.02800000000002,1.8434645394594336,[54.86108115],98.54062169822132,-25.886599397644705
245.485,1.8291279405278682,[54.87845233],97.93903531754808,-24.26568502311266
245.94799999999998,1.821225934108941,[55.08485306],98.3646050216443,8.469611388525866
246.40499999999997,1.8366155296121693,[54.85641972],98.33011935114313,-10.906351738246611
246.86599999999999,1.8108556894455536,[54.83159422],97.34980171898843,-18.60191244411924
247.32600000000002,1.8194086965791323,[55.03318265],98.06401139055289,11.204227396152788
247.78300000000002,1.8211741569934587,[54.74095574],98.43979638748824,15.204664600699136
248.24199999999996,1.833381634673466,[54.71922498],99.0502209006986,7.617258320217424
248.702,1.828136418934886,[54.86779123],98.75276761146874,-0.581713412690199
249.16200000000003,1.832846458333791,[54.62036401],98.45895365683708,-25.193890515000206
249.62099999999998,1.8050540227363143,[54.5117172],98.66951308465417,-4.23620693814164
250.08100000000002,1.8290661343689507,[54.74349426],98.70906419236502,12.855957569295473
250.539,1.8170128268011556,[54.56288412],98.96373787071006,-0.4276409247137014
251.00299999999993,1.8289845599227683,[54.53250572],98.925331212315,28.71071944669401
251.462,1.8434838819113284,[54.80811987],99.36768968891633,-28.998168022676964
251.92200000000003,1.8022139373022448,[54.39112317],98.2294278638593,-25.24606738493196
252.38300000000004,1.8203613364116005,[54.16916072],98.18361397947464,4.231542015325163
252.83899999999994,1.8064436935183323,[54.55391701],99.05180774401855,-25.603086893940308
253.30099999999993,1.796917107628468,[54.83760789],98.21932232367664,0.05124708773607267
253.75800000000004,1.8062851925543644,[54.43723241],98.702296568182,18.1239222560583
254.22000000000003,1.8135491105542476,[54.36169567],97.95122970423365,6.221681168143256
254.67899999999997,1.812072182334544,[54.03719105],99.67546344688759,-0.4025140645174119
255.14199999999994,1.8132006122757045,[54.39691822],99.1845927706207,-25.052207280575445
255.60000000000002,1.7892725093289021,[54.21797976],98.3186546659403,0.794268657770214
256.05999999999995,1.8141423702662012,[54.22238792],98.93905454353613,36.23129965304162
256.52099999999996,1.8226058303097625,[54.2324676],99.45283309998528,-11.127387967189817
256.98199999999997,1.803882918560452,[54.11550197],98.41351338731377,-23.360619986020346
257.437,1.8010018128566734,[53.99701905],98.69465556187927,-2.3382533788127713
257.89599999999996,1.8017778461917429,[54.14710799],98.18468484525938,-0.4987121670734229
258.35699999999997,1.8005342209166795,[54.12492538],97.8685900619801,-1.177236006842275
258.81600000000003,1.8006887205271123,[53.94144147],98.95882184300928,-15.61883652924445
259.27699999999993,1.786100930516627,[53.98301266],98.07437294805379,14.510550252413656
259.735,1.8137478911918659,[54.04279881],99.41598875023935,18.967513934730064
260.193,1.8034751732808503,[54.01972019],98.80443593621227,-22.081221402651565
260.65099999999995,1.7935214923870384,[53.62005512],98.71469551778908,-0.771214975270107
261.11199999999997,1.8028926089064075,[53.92727124],98.15609618216504,-7.965276672752042
261.572,1.7862419973546269,[54.09790816],97.54040027772008,4.8357443496980235
262.03200000000004,1.80734149370813,[53.68789998],99.25611131666254,4.092976525088554
262.49199999999996,1.7900075357577174,[53.64087528],98.78317147529975,-33.23387995915583
262.953,1.7767419972113498,[53.91243486],98.04029145616262,10.405446804366614
263.414,1.7996013577113437,[53.68771763],98.49226957468342,4.180362813807514
263.87199999999996,1.780855300798923,[53.59435455],98.27868166510257,-7.890232755340287
264.328,1.7922578134420664,[53.71161243],98.13048989229316,0.77190741351707
264.78999999999996,1.7812711953921414,[53.80409037],97.69839264342203,-21.64010828149099
265.246,1.7723666754247724,[53.55306682],97.62157445722738,10.263495988079407
265.70899999999995,1.7911236227547045,[53.53903549],98.79723662226975,23.29100145058338
266.16499999999996,1.7940103739517834,[53.3881624],98.35670997441325,-38.39849258723271
266.626,1.7554624619264403,[53.69083986],97.10245372613423,-9.806076811993858
267.08799999999997,1.7851071490742312,[53.26431194],98.31962640852144,13.356319367831215
267.54499999999996,1.7682422666857476,[53.70862342],98.12234156499837,-9.478723672210698
268.00699999999995,1.7766719496675547,[53.33064772],98.07467682719658,-10.584707296820595
268.46799999999996,1.758530180995221,[53.45122861],96.95199148993002,-14.845612814132547
268.929,1.7629842946529242,[53.42468999],96.79141491945947,27.944059155248002
269.389,1.7842301347201173,[53.1739032],98.5355553118809,10.921371766711152
269.84799999999996,1.773091489117129,[53.4421764],97.8016443587994,-31.125177326020605
270.30499999999995,1.7557468444272972,[52.99635746],96.84175668416353,5.355191927915115
270.76599999999996,1.7783555392776536,[53.22870244],97.20930757961833,-9.537071296701338
271.221,1.7477092700784262,[53.30855237],96.59295486245311,-18.136836820383806
271.683,1.7624184066841058,[53.1778871],96.81928028508017,3.3283836913078346
272.145,1.7507846966091947,[53.43831305],97.25656021015513,-19.409453786406683
272.6039999999999,1.7445077817621462,[53.06065395],97.11695692296703,35.047486243502625
273.067,1.783489958775771,[53.34455437],98.00440677796395,14.434828851175308
273.52599999999995,1.758372362755686,[52.89911122],97.40242790042701,-44.95189677712696
273.98699999999997,1.742173381025646,[53.14722711],96.61922475725521,-38.84441740946043
274.44499999999994,1.7226965045826805,[53.10607429],95.71552586292393,-16.03200963275775
274.90599999999995,1.7275994483248476,[52.86451407],95.85061217667828,7.79934537867133
275.36299999999994,1.729878894066466,[52.87569471],96.04010881422553,39.61435893677523
275.81999999999994,1.7638069723930596,[52.88604465],98.12663555323844,9.395481937267025
276.28,1.7381042016222024,[52.69683441],96.06819317079618,-44.36043664457312
276.73400000000004,1.7231242526618709,[52.73209804],96.02088264702275,-17.92073736562938
277.193,1.7218941459637365,[52.80606877],96.62326735767084,18.083583723568218
277.655,1.7399042217282634,[52.88719056],96.33984632722401,5.58007874183386
278.11400000000003,1.727233164397064,[52.81154478],96.50350665815516,-21.025325521115022
278.573,1.7206029728998784,[52.8057367],95.84296225657062,-24.14747380716964
279.03599999999994,1.7048912344321776,[52.40517943],94.84986314866146,9.929130832847521
279.49699999999996,1.729602413657493,[52.49742274],96.57661472030284,-2.6390489997210054
279.956,1.7026877912469152,[52.60124109],94.38579834018482,-10.453808150718391
280.41200000000003,1.71974902169763,[52.26603299],95.02300279443347,17.920126063014628
280.869,1.719009833884587,[52.82770412],95.30992224870903,-33.40317411067151
281.331,1.6887319089132542,[52.78646249],94.22152086969164,6.853176719739951
281.794,1.7254939586599587,[52.35390375],95.23394810117384,31.536134269831262
282.255,1.718062337635494,[52.3384825],95.63297364878102,-7.052895844675389
282.70799999999997,1.7189037866080672,[52.38348632],96.35475981639652,10.519382347214945
283.169,1.727816866919731,[52.60696807],96.19552629057294,11.688451559859425
283.63,1.729680538946258,[52.43893688],96.4288646207805,-31.53285259822791
284.09000000000003,1.6988461835566375,[52.77359168],95.17412003722796,-45.86093964406635
284.548,1.6874956993713877,[52.661375],93.70363821671057,2.660632272880603
285.01,1.7015144707579752,[52.20476188],94.80757382215008,-1.8418381453575439
285.466,1.6861886099828376,[52.24399807],93.96645017788,-5.980619639899931
285.927,1.6963080445225232,[52.29591214],94.19497425413687,19.853415950948694
286.38800000000003,1.7044934594896128,[52.29210651],95.70422849422867,-23.515815840022825
286.84899999999993,1.6746264623180336,[51.90084453],93.98509030737873,-27.802400496679034
287.31100000000004,1.6789058940830315,[52.16632882],94.55656481725464,13.125364628358449
287.77199999999993,1.6867334571798307,[52.20944644],93.53504033668365,-16.425876012507334
288.227,1.664258047856574,[52.22924067],93.42428295364546,-0.4827178487116779
288.68499999999995,1.6865871860263408,[52.04495214],93.45108647311113,11.561381657764658
289.14199999999994,1.6749110152580244,[52.04368706],93.46883355943238,-21.614263392066402
289.59899999999993,1.6668317492859925,[52.29204284],93.04960385300993,9.07171189836764
290.058,1.68332794002162,[51.90033255],94.46311927117344,-10.634802763999751
290.52099999999996,1.6566522439064548,[51.76174215],93.20079079946532,1.122928455698835
290.981,1.6840131178209354,[51.73106158],94.35124671802454,21.860175295298934
291.43499999999995,1.677080939778255,[51.66119907],93.76124749806996,-21.427009819576348
291.89699999999993,1.664286582429864,[52.10846756],92.58011565017705,-20.00261059182651
292.35299999999995,1.658626852895368,[51.89743738],94.06054542788132,-32.13717180362674
292.81100000000004,1.634834132433868,[51.86086714],91.9376818456408,8.668426891804693
293.27099999999996,1.6668274685861832,[51.88344558],93.6899819927013,11.969997040669922
293.73199999999997,1.645743213065355,[51.62649564],92.36608346650725,-5.759118948859943
294.188,1.6611487565165368,[51.4883896],93.76097468812814,15.131222877115214
294.645,1.6595206729194825,[51.50388388],92.9473347107592,-14.943096143361423
295.10699999999997,1.6473016230926172,[51.80637733],92.81960044070414,14.241284275077204
295.56899999999996,1.6726796195896534,[51.30388633],93.40194070969468,7.9303631419191944
296.03099999999995,1.6546292786357504,[51.50955738],93.22550256907579,-24.740108952577835
296.48900000000003,1.6498045764817402,[51.53364472],92.36254052323851,-20.724549793319056
296.948,1.6356044636945621,[51.37383595],91.80259776711243,-7.006345420306648
297.40700000000004,1.643372751385904,[51.40717787],91.49459427348685,30.064623716120398
297.869,1.6633730812870282,[51.25097579],93.2517475080948,-13.035951568502568
298.332,1.6312017208478986,[51.17526706],92.67514691330507,-7.387786520430373
298.79200000000003,1.656182780634205,[51.5921629],92.07480428768478,9.292384658752706
299.25,1.6399117956044327,[51.23206122],92.26774819072807,2.8523950953938115
299.716,1.659437813658215,[50.95686439],93.44417428704983,-26.602449130823214
300.16999999999996,1.6170604644656903,[51.01846927],92.13951677474184,-34.50730704888216
300.63300000000004,1.628864137757129,[51.48270332],92.79275026422508,9.112234543668496
301.09299999999996,1.6255690284770261,[51.52714215],91.22692953966019,9.657297366468809
301.554,1.637792186354944,[51.2411303],92.5088102141839,-2.311277787296895
302.01699999999994,1.6233178548067038,[51.1478592],91.64461015887115,-11.547616881225187
302.48,1.6270990931229337,[50.9096548],91.33546742625221,-16.228961033709854
302.93999999999994,1.6084844242512295,[50.95744443],91.59842120859085,-8.245973899841497
303.4,1.6195127971350871,[50.89032475],92.55069001077129,5.371308536069597
303.86199999999997,1.6133621952921628,[50.96518117],91.96019215090989,-0.3039367674215754
304.32499999999993,1.6192577018918168,[50.69866574],92.08233543941775,5.540199764313414
304.78499999999997,1.618518818307388,[50.62101913],92.52602800873596,-13.813249040007136
305.246,1.6065112590282995,[50.89589398],90.77373154706318,-0.8003132324652107
305.707,1.617780929507055,[51.1084707],91.28917758180954,2.274445018605853
306.164,1.608775803597645,[51.18930598],90.47955111055386,9.033250256029302
306.619,1.6259045527939011,[51.18764809],91.49039584443993,28.772224784049392
307.0799999999999,1.6350239788962382,[51.00436603],92.1718485863136,-8.755678497491148
307.54099999999994,1.6178318172192085,[51.35672561],91.25047431051506,-5.535587136521691
308.0,1.6298044838638135,[50.85023629],91.57674314799222,-24.679334121658236
308.46000000000004,1.5950498714150254,[51.30395152],90.56057096137417,-28.740237144361693
308.92099999999994,1.6034284537581778,[50.72961356],90.7871096162239,14.030233153326188
309.37799999999993,1.6079626381305188,[50.84503506],90.58656544409355,-4.098118033989184
309.832,1.5997789106103086,[50.9854349],90.5756188381618,-0.5733836562973327
310.28999999999996,1.6075799468833032,[50.81366062],91.11062327199556,27.401610827729293
310.74799999999993,1.624878786128507,[50.55282538],91.76790768263314,-4.7429751146284005
311.20399999999995,1.6034145497986705,[50.44469232],90.57801564527125,-43.56263326164833
311.66200000000003,1.5850766023415934,[50.61284889],90.0525072156278,-14.067450516059177
312.116,1.5903781683490026,[50.73641329],89.93868961319859,10.817967758730562
312.576,1.59495384283476,[50.69113989],90.60715608838643,0.6511846193588688
313.03700000000003,1.5909592973072249,[50.56528146],90.28711203615772,-20.484280981400538
313.49699999999996,1.5761114330588906,[50.48947211],89.00457810198411,-32.303002287919156
313.951,1.5614346516950546,[50.83526445],89.0570428867155,65.54727246776393
314.413,1.637732531749592,[50.31294112],91.50548914295213,19.394220260434693
314.87199999999996,1.5801684054540792,[50.34453393],89.62539662036329,-54.42194033157533
315.33299999999997,1.5879489256927712,[50.66963142],89.48602856057381,2.703945659859208
315.789,1.5827888903799843,[50.27475209],89.84646377810132,3.2184768813590114
316.25,1.5910464092699548,[50.09131816],90.08028375008182,1.2782037295975268
316.71399999999994,1.5838711001797847,[50.16579887],90.27355312512668,-35.49926344452503
317.168,1.5588544721939068,[50.26916886],89.05725578632864,6.888111945323683
317.629,1.5910482846832035,[50.04580729],90.16346249266341,28.811694028752832
318.092,1.5853120293673038,[49.97802812],89.69724346644217,-1.4736428402291057
318.554,1.5896633572769763,[50.37232573],90.58538432252602,63.083363306662534
319.01699999999994,1.6437715863930191,[50.61294953],92.18483943293164,30.892305298730438
319.47799999999995,1.6185509931150448,[51.33339767],91.33825323144949,-28.154107660054663
319.938,1.617788602164452,[49.74303271],91.60495785700016,-7.627290637305828
320.39599999999996,1.6115729680736819,[49.90322356],91.44655166374642,16.33750271908685
320.855,1.6328299749732063,[49.46411269],91.60758179329507,21.850105395667896
321.31600000000003,1.6315770060400583,[50.16037466],91.53309841073602,-73.60095905760411
321.77099999999996,1.5662565574081557,[49.6807275],89.63317944832605,-76.95074391856727
322.23199999999997,1.5618947230861102,[50.09825234],89.31326492693537,9.188388314976148
322.692,1.5746818033659844,[49.93936007],89.59645381600684,1.7791033977572202
323.148,1.563731627971022,[50.13349972],89.25470877911727,-0.5722242259109667
323.60799999999995,1.5743459990238975,[49.97021434],88.78616609905848,-14.769053031124635
324.068,1.5501440991823796,[49.93630399],88.17728675598924,-25.73090844119985
324.53,1.550729862866116,[50.03596364],88.93347994241431,23.501806633946074
324.99199999999996,1.5718597685121454,[49.72282938],89.7118035204103,15.217806797068079
325.452,1.5648824881874348,[49.65650169],89.47220784642575,-17.13026343370028
325.90999999999997,1.5561420186677655,[49.59722084],89.70877643360825,-12.181249278045536
326.371,1.553729472216217,[49.61067058],87.65013799586663,5.741774589246518
326.826,1.561270640477547,[49.71888011],88.2563006109353,-7.0472429573191775
327.284,1.5471531447280698,[49.74517405],87.16255587530742,-1.2929572292617042
327.74299999999994,1.5601441257156625,[49.76853548],88.75154775682829,0.18641137045882772
328.206,1.5470991048843494,[49.50435635],88.89122242385189,-10.451046427550237
328.66099999999994,1.5502689319441654,[49.62972371],88.21897121017847,-6.037817579865878
329.115,1.5416367090639111,[49.90522148],88.20516067662189,-2.9824412375833997
329.572,1.547648433370426,[49.06887531],89.11561494804158,-7.725567141985579
330.03200000000004,1.5344266708352627,[49.34490113],87.56063695795801,-0.7012965885113687
330.49199999999996,1.5470032405089889,[49.33578055],88.16823966112443,1.272633855160743
330.953,1.5355465744768702,[49.37927911],87.70680199512584,-4.829181387314474
331.413,1.5425155627067255,[49.22485267],88.35200500059963,-6.263416260249066
331.87299999999993,1.529784231517446,[49.15974787],88.21399845023079,-25.802585375493294
332.328,1.5188875567324405,[49.52950041],87.05551722854425,-5.466751487533061
332.789,1.5249999332773547,[49.10176714],87.23758491418471,-15.295597462634314
333.244,1.5052172141854006,[49.28627536],86.50250226499313,-12.986801634600642
333.703,1.5133750024339077,[49.11300131],87.38219313557195,4.510647555483027
334.163,1.5093359457717788,[49.2181752],87.23149964111865,9.268969355552326
334.621,1.5218118751454468,[48.95815171],87.31930629506417,6.3850231201108
335.081,1.5151137948669375,[49.20655712],87.05671700227468,-8.70616145289027
335.54200000000003,1.5138052229406014,[48.87166136],86.31880334487755,-0.45858330324044516
335.9999999999999,1.514678123469754,[48.99072557],87.26968739466086,11.370517297039084
336.45899999999995,1.5242509372089907,[48.90592126],87.39832498006238,-7.688465150858637
336.91700000000003,1.5076848272754741,[49.14210593],87.22286307306167,-13.89483407777825
337.379,1.5116466737412573,[48.9499878],86.77881607937623,9.04564198613933
337.841,1.5160430004706669,[49.0348511],86.04631516876817,-11.085008731878565
338.2969999999999,1.5017162408724412,[49.00283459],86.22154009075237,-29.196606630605302
338.754,1.489390946940774,[48.61194403],86.14368275117688,3.1229982519229704
339.2109999999999,1.504570661274685,[48.94231511],86.43398368712508,21.159457293770778
339.669,1.5087277108869994,[48.85194525],87.09828419631873,-8.24666714680311
340.129,1.4969307767609055,[48.69453909],85.46959704893278,0.7499150781784536
340.59000000000003,1.5094712309034528,[48.84758261],86.79590637829412,25.682209271294944
341.05000000000007,1.5205871292239033,[48.91688552],86.64944610107662,-11.232381210482423
341.5110000000001,1.4990553361026602,[48.42996407],86.99209454670984,-33.977811476870286
341.9720000000001,1.489259587042228,[48.66877207],85.38256175737112,-24.922715592708755
342.4319999999999,1.4761088546770382,[48.61881472],85.64706764879308,-11.09453706905783
342.89,1.4790049780884795,[48.69003291],85.55160543161267,27.37284285484143
343.34800000000007,1.5011823787320775,[48.69040468],86.85837723571593,8.449621044133826
343.8059999999999,1.4867448309649236,[48.34965174],86.07050714510697,8.75868210486952
344.26699999999994,1.5094740894214789,[48.498142],87.32426810899693,14.374135397591914
344.7309999999999,1.499830643597623,[48.45992494],85.35551726202394,-7.1211532425785595
345.18500000000006,1.5026665724670623,[48.27235342],86.51115854049333,-9.579929920517927
345.6450000000001,1.490883415056584,[48.50552887],85.12222948276315,-25.5544865242725
346.10800000000006,1.479080149038449,[48.19230788],84.61817018434262,0.3168176042969151
346.57000000000005,1.4911249074198143,[48.26993275],85.71671247806296,18.43173188826586
347.025,1.4960881853963834,[48.4058519],86.49704816499424,-0.8774431258065096
347.485,1.4902035419275066,[48.11708788],85.42724134648611,-5.1365620587124905
347.948,1.4913932252570634,[48.35203728],85.91082338335615,-3.0322317944428967
348.40999999999997,1.4874099189033023,[48.05107902],86.52808061346407,-20.384549285936913
348.8670000000001,1.4727768146955595,[48.02654725],84.71118614634406,2.220549761134727
349.32900000000006,1.4897948819593172,[47.94155919],85.43071604753099,-12.461930978863167
349.783,1.4621436180082192,[48.07673004],84.78056546083721,-10.711998340637852
350.244,1.480701535049144,[47.99868648],85.15871775786219,14.907314418060924
350.707,1.4758163627034802,[48.00784908],85.48746188090897,-21.622915344485794
351.16999999999996,1.4606787154401517,[47.84265682],84.95249363192515,-22.18374515483168
351.63,1.4552779044980908,[48.04185716],84.6967554888002,11.486065897798436
352.09399999999994,1.4714784638979486,[47.79443608],85.0840491832329,4.484921923792795
352.55499999999995,1.4596084474997333,[47.98696342],84.92376880727457,-16.585710085440297
353.014,1.456183039327801,[47.929378],84.1571792648977,-9.11275636075981
353.4789999999999,1.4511683312896329,[47.84506818],84.24782223622897,-8.33491623250393
353.93999999999994,1.4484453959599737,[47.61227801],84.18970075789633,-1.5733137960429744
354.4,1.4497106521423302,[47.79412109],84.69721636054838,11.861050571297715
354.86199999999997,1.4594178057830063,[47.59830648],85.641830006502,12.886248774751419
355.3169999999999,1.461640229224375,[47.91085537],85.86563716119004,16.68700385397015
355.77699999999993,1.47480508836882,[47.82467174],85.16661085154182,-10.153304239661987
356.23699999999997,1.4522991893238852,[47.64118313],84.22115070972811,-16.861113094748028
356.696,1.4592456656319457,[47.45379548],85.76135758317558,-13.322145504670146
357.15600000000006,1.4399991634476421,[47.35453625],83.90436548508738,-31.764766753799467
357.6170000000001,1.43001048826563,[47.83515081],83.47491766489499,7.575944490787911
358.07900000000006,1.4470503103526322,[47.37883384],84.446406676133,10.694543609842677
358.534,1.4401812418552709,[47.50595208],83.49845160348495,20.105918419024206
358.98699999999997,1.465165982662991,[47.494053],84.50707110369976,17.824731413477622
359.447,1.455928574711815,[47.32463732],84.6798456878125,-16.48442329404287
359.90700000000004,1.4500003132324704,[47.39682077],83.98106022548974,-31.98594735286786
360.3649999999999,1.426641702658245,[47.5352178],82.76408821427948,-0.8182340710840563
360.82399999999996,1.449350468357513,[47.28526051],83.89583724810996,11.864471068482318
361.28599999999994,1.4373424832780117,[47.25956974],83.79779281470773,-22.44156144817122
361.74699999999996,1.4286298153277932,[47.34603303],83.02002189972718,6.401954282917455
362.2099999999999,1.4433593143744752,[47.4310486],83.91482916756178,-7.448745703964033
362.66600000000005,1.4223299297370586,[47.39080934],84.02076176525584,2.2147631694426906
363.12299999999993,1.4454781628085032,[47.45427693],83.64906108832919,16.936908922688954
363.58299999999997,1.4376581171550793,[47.15024242],83.8844702570867,-32.11677013187919
364.0089999999999,1.418012649240682,[47.26652418],83.43980614475879,-35.78233734322844
364.66099999999994,1.404994614906171,[47.17650518],82.80837508450703,38.32121855835213
365.11800000000005,1.4411781052238455,[47.05881556],84.36322146748999,5.715306830870626
365.57900000000006,1.4096510080782376,[47.20635484],82.10563608749001,-29.265167844982898
366.0389999999999,1.4141467238463954,[47.16909708],82.74345880187592,9.796669920624668
366.49300000000005,1.4186048857177491,[47.14849226],83.24192456509199,-14.570979271716133
366.95500000000004,1.400406016989034,[47.07894],81.98847015214156,-5.525472996245062
367.41099999999994,1.4131287482045631,[47.16391419],82.33136888947591,21.238610693071315
367.869,1.4197914002602603,[47.06718903],82.76694017209914,-8.256305697030841
368.33000000000004,1.4054039336781252,[46.9379263],82.93121884351521,-16.13632988744884
368.7889999999999,1.4048858158477189,[46.93642458],83.02756312757616,-0.8963774664907387
369.245,1.4045823583362347,[46.79168058],82.13474143260187,-3.462270271727963
369.707,1.4016736694195295,[47.06157881],82.30301265442618,-5.354184175679677
370.1619999999999,1.3996594878122866,[46.75750301],82.25795007290635,17.934654529024876
370.62199999999996,1.418308721236365,[46.9451815],83.23485681638117,21.053738063833592
371.0859999999999,1.4189565593474083,[46.81425198],83.01678001603838,-18.659825133588548
371.5490000000001,1.401051132169236,[46.75733192],82.62608459270943,-17.37248422769988
372.0110000000001,1.4028444571520724,[46.69720298],82.08998888675703,17.237307016599203
372.47300000000007,1.4169784038525735,[46.7793699],82.82352798816926,-5.792461930047121
372.9319999999999,1.3977272034285626,[46.70134902],81.68956699553281,-32.35278325204361
373.39099999999996,1.3872785488272055,[46.82308731],81.3898689411426,0.9383643080524973
373.851,1.398637016502074,[46.40600295],81.87475642009899,2.551427282712071
374.321,1.3892037450873644,[46.53495931],81.65265280716574,-0.28069563273369624
374.784,1.3981001293748019,[46.72971435],82.45997191002398,1.9625159308453988
375.20500000000004,1.3923220591507235,[46.36034366],81.62105472585985,-23.493695216047385
375.793,1.370484975704127,[46.47663367],80.66685516730854,-6.497100758315888
376.25300000000004,1.378522827192981,[46.26867182],80.73792979070592,15.431833901280667
376.70400000000006,1.384579768474797,[46.33521063],81.80480297849884,3.2084239112828428
377.16999999999996,1.3811532044181154,[46.29615742],81.20536019980058,-5.563969197123875
377.63199999999995,1.379402153110241,[46.55478972],81.33505320419154,-21.847193456043357
378.0859999999999,1.3614275864301268,[46.47272324],80.96268078034093,-20.561074548506532
378.54200000000003,1.3607678648686128,[46.39827334],79.98664189947813,21.170969782352998
378.996,1.3806028964228103,[46.2715115],82.6045784032645,-2.4655333707752636
379.45899999999995,1.3576679455162308,[46.42957624],80.31682755406922,-13.523454325891748
379.9329999999999,1.368733096772306,[46.37056901],81.50867159357783,13.638215351296168
380.3939999999999,1.3706685719226448,[46.29826291],81.62482592410535,4.722853756972567
380.85299999999995,1.3730760290746602,[46.09152208],80.8337199685992,3.925056693778295
381.322,1.374284338004208,[46.35678968],81.60753201006759,-6.177648845089978
381.77599999999995,1.367632479525447,[46.08537216],81.7154738739088,2.2011818632843294
382.23300000000006,1.376391065884178,[45.94944335],81.1811088999951,7.4866086331644155
382.69500000000005,1.3743952460938165,[46.15536263],81.41025303983072,-20.63275308441859
383.15700000000004,1.3573264020341758,[46.35974947],81.05838177162725,-19.65788192234652
383.619,1.3562313631975687,[45.99808966],80.67788515601784,10.298598698205597
384.0759999999999,1.366664811653329,[45.92851765],80.8219279819179,-6.260359523853065
384.5400000000001,1.3500551836711017,[46.12833037],80.11916099315624,-14.871999127559432
384.9989999999999,1.3527298377332593,[45.91145899],79.98421927064894,0.14990900947875474
385.456,1.350215159745156,[45.97774972],79.39609133390744,-13.132756836403914
385.9119999999999,1.3407548744037547,[45.79058998],79.59456893983443,-8.359910389076353
386.37199999999996,1.3426570070719726,[45.96236977],80.71999092690265,-11.201736730889866
386.832,1.3304492766113352,[45.77024678],79.50618674268017,11.07955691408291
387.2889999999999,1.3525919881601434,[45.97363594],80.49991264251642,16.654601498028
387.744,1.3457651857459474,[45.51374909],80.06357792698097,-7.624113417343592
388.20500000000004,1.3456974423451002,[45.97096958],79.71518159270406,-2.7555038571982493
388.66600000000005,1.3432246111896105,[45.83493063],79.99030638191616,-6.232600317240378
389.1249999999999,1.339966916682736,[46.00069349],80.34305729542896,-15.369279086668852
389.57900000000006,1.329274727898298,[45.83811066],79.35738493585671,-5.61377681403874
390.04100000000005,1.3351142225240669,[45.69539939],79.6736187523716,-6.109706465338149
390.4999999999999,1.3237598188288573,[45.60001164],78.96618432775483,-3.653123240427103
390.95899999999995,1.3317606553893648,[45.65285452],79.32615016079063,3.224425576883405
391.4129999999999,1.3268450115100425,[45.58743493],79.06418161504635,10.710037631425973
391.869,1.341593129179443,[45.54634231],79.83325700541522,-7.463847135071866
392.3280000000001,1.3197759684698944,[45.54908935],78.39197974243397,-32.198847669633324
392.7869999999999,1.312034587018716,[45.40113791],78.34619925341744,2.021038752215043
393.254,1.321952272503916,[45.46218951],79.66611809515042,22.77663783561823
393.717,1.3332045959636813,[45.5757473],79.2589375223582,18.744103908098218
394.17500000000007,1.3392708817480692,[45.31684584],80.65842202649478,-4.645991703139174
394.6349999999999,1.328867854696877,[45.43358193],78.85446739650028,-25.696616206223766
395.0970000000001,1.315566249451635,[45.10407881],78.79401519298241,-8.3547934194661
395.5559999999999,1.3210508687127855,[45.02973481],79.05701826352806,12.830750744135422
396.01599999999996,1.3273594746847315,[45.15868106],79.70976097541936,-1.4973661512867054
396.476,1.3196732918536018,[45.26642194],78.04521055040942,0.7685716878720328
396.93899999999996,1.3281740742957404,[45.18718616],79.28403349987786,-12.140358359701509
397.3950000000001,1.3089400827125506,[45.179747],77.73600381245129,-31.32123558237354
397.84900000000005,1.2996284108843084,[45.03292287],79.24792610099215,1.6796724321275214
398.31100000000004,1.3108368301657076,[45.12302787],78.85722493591662,16.962784932823325
398.76599999999996,1.3152846807320226,[45.11849463],78.37735478584023,-17.130320991952885
399.22799999999995,1.2947487468322,[45.21030623],78.1359476517186,-6.978972319829246
399.68999999999994,1.3088361103085007,[45.14487203],78.42929899093639,16.394577202685223
400.15,1.309920815162487,[44.89800292],79.40558735812895,-4.624684857707617
400.61299999999994,1.3045254931327046,[45.08546328],78.82798945630759,2.8660349177680455
401.0769999999999,1.3126066988863148,[45.0203157],78.74503995393334,-1.6500386010493973
401.5389999999999,1.3030736587435985,[45.01755056],77.80746440540621,-12.38479441956608
402.00200000000007,1.3011672808874668,[45.1366473],78.41808660199187,-2.957257036650063
402.466,1.3003346043559059,[45.04361191],77.95016003112018,-4.668796227288885
402.92099999999994,1.2969278916276674,[45.22354959],78.59380252966479,6.444030879305229
403.38199999999995,1.306405614638181,[44.93403317],78.29088861920614,-9.986738170133735
403.842,1.2877911310936312,[44.72216297],77.1194336560561,-11.958892423207912
404.30000000000007,1.2953135697792972,[44.81516754],78.03909409061195,19.706926321337193
404.7599999999999,1.3058952476745815,[44.95014136],77.6749311752386,-1.0778234793435981
405.217,1.2944692233159751,[44.68946918],77.35785846274882,-13.069816997263173
405.67099999999994,1.2939172848361868,[44.76320933],78.59747803819977,-7.130940672122499
406.1339999999999,1.2878226214528434,[44.72783114],78.1444623208435,0.017435857790459863
406.5949999999999,1.2938807860195012,[44.58057004],77.82147580324829,-1.8079644649202642
407.053,1.2862505061729994,[44.55952903],77.95758307265801,-10.513818924750895
407.514,1.284255584288571,[44.43712598],77.75069418805535,-8.506307349827269
407.96899999999994,1.278508549439341,[44.59379785],76.96869153914919,-9.764986281607824
408.42999999999995,1.2753454739184362,[44.66904723],76.89021186958618,6.082514723735999
408.889,1.2840527998966016,[44.31421299],77.29713835290205,2.927559720497186
409.352,1.277915783564786,[44.36198706],77.2929399939631,11.353553826410678
409.8069999999999,1.2940850287296808,[44.52973426],78.4305627872892,7.812239826748391
410.2689999999999,1.284688477885501,[44.40001965],77.97116428404838,-24.230005559501056
410.7320000000001,1.2716644828628947,[44.38654441],77.27984743095631,-18.478720753888787
411.1909999999999,1.2675742239923558,[44.45826168],75.80887656802662,7.60394883115767
411.6460000000001,1.2784829462818141,[44.35947799],77.64797186431313,-2.600169904019234
412.1070000000001,1.2648714610878342,[44.37892767],76.92651660975602,-17.427473595972298
412.5690000000001,1.2624216114461306,[44.39343526],76.6296900748777,-8.559931735275583
413.03200000000004,1.256947002728664,[44.3763086],76.59271124352149,0.40485101477516494
413.495,1.2627965034858124,[44.21368482],76.49000520139458,7.795380137028296
413.956,1.264169246296858,[44.33002612],76.07986261423024,7.4407963260418875
414.40999999999997,1.26954282385761,[44.22736063],76.72557130900654,11.464149611001728
414.8739999999999,1.2746858152318745,[44.26864745],77.05733543494044,-8.997233448006625
415.331,1.2615353889331429,[44.09366328],77.39368880136428,-1.2888902633596544
415.7889999999999,1.273561514105999,[44.19457327],78.0651752103749,-10.132295985748163
416.244,1.2525022288739085,[44.32636361],75.65823031923017,-10.747497283956298
416.69899999999996,1.263781291577582,[44.03538404],77.46566964173873,10.37956620916769
417.15999999999997,1.261835856431579,[44.00270813],76.7248343371066,-9.429396301050108
417.619,1.2551270392338496,[43.92890613],76.74228227248257,-6.0666763214085595
418.081,1.2562999120753895,[43.96464085],76.02883772615434,-12.396558694915072
418.54200000000003,1.2437148537200713,[43.86380274],75.32622395339116,-3.8490599590106367
419.005,1.2528373858110493,[43.70783393],76.65495391759899,19.00602047509725
419.4599999999999,1.2611734373221053,[43.84125768],75.7502303913368,-3.822570421306404
419.91999999999996,1.249117081568744,[43.97532952],76.19207518909444,-22.645690849467883
420.3749999999999,1.2404171860966433,[43.76447464],75.98467149674235,-10.562705075476186
420.8359999999999,1.2395450161634527,[43.73537111],75.65726170453294,-4.431246839685432
421.2979999999999,1.2363220610791066,[43.76114232],75.25016167616724,5.476999030140872
421.754,1.244424434536518,[43.55953423],75.04989769830836,1.9799970943086276
422.21400000000006,1.2380088775137437,[43.5519556],75.68681228135777,-6.093585222332276
422.677,1.2388473286946171,[43.66594298],74.93083033314574,-6.067639416250881
423.139,1.232412051135595,[43.88705482],75.32344310921692,-6.427930025313167
423.59900000000005,1.2328908371883769,[43.64945262],75.06789444102799,4.715868970131432
424.06000000000006,1.2367627245057307,[43.63814047],75.13443035913562,14.973306218279081
424.5179999999999,1.2466119874439026,[43.39237991],76.36649622596985,5.753379767837963
424.9820000000001,1.2418770838039481,[43.5951846],75.48551613457396,-8.011263997022677
425.437,1.2392105398526851,[43.39892438],75.35729909279847,-17.32073341791507
425.8929999999999,1.2260749500784618,[43.14950086],75.85799843749506,-3.713427158433591
426.352,1.235963805397807,[43.70880815],74.80545388229633,8.817072720380015
426.81499999999994,1.234102029279344,[43.39099053],75.1395092197805,-25.779458757875684
427.27599999999995,1.212230430904599,[43.34444637],74.91247752376795,-4.612886884894474
427.73799999999994,1.2299300894480747,[43.26883911],75.22557806773524,25.69491871066054
428.19299999999987,1.2359679577256784,[43.42372908],75.37131655600243,0.5426059596385091
428.65199999999993,1.2303237642633673,[43.20594813],74.97419109672894,-24.638082053090482
429.1149999999999,1.2131524849585067,[43.4384788],74.69235917522289,-3.996464305006331
429.5769999999999,1.2265609251870022,[43.49216914],75.0084397095329,5.302138181823235
430.03599999999994,1.2181776148953771,[43.27718933],73.77085815585356,-13.773107409451812
430.495,1.2139172125851239,[43.26119589],74.9182781982001,-3.8046210971036665
430.95500000000004,1.2146921346425512,[43.18644909],74.5721815973645,5.3894194665764505
431.4119999999999,1.218837153883524,[43.02836923],74.0743084013194,-21.84895529471853
431.86800000000005,1.194805808840519,[43.22609017],73.29519132669625,12.415300739499813
432.32499999999993,1.230302697493697,[43.24816687],75.31622004950805,35.099930542259685
432.78200000000004,1.2268871453561248,[43.29836342],74.86964154781569,-22.26723767886396
433.23799999999994,1.2100022638858574,[42.96799188],73.5637416740462,-33.83281732988053
433.7009999999999,1.1958398656398244,[43.12247398],74.33388218157413,-19.796405183630572
434.1639999999999,1.1916707926858168,[43.16439447],72.88496098364627,21.04022491223656
434.62299999999993,1.2149996336536797,[42.9118946],74.51866445308956,-1.304855749638456
435.0769999999999,1.1909979222233058,[43.05901641],73.03404234715003,-5.614920261354017
435.5400000000001,1.2107097233874748,[42.99732558],73.80561073891809,6.27769283745927
435.99799999999993,1.1971406813957672,[42.89649451],74.08600937732115,-0.9112946579108439
436.4599999999999,1.2101020589381444,[42.90291742],73.82184268684968,-4.645756363159448
436.9229999999999,1.1927778846069237,[42.9912763],73.72698331356371,-29.27233781587657
437.3849999999999,1.183008874279282,[42.61538299],72.99869688935807,5.68216991135162
437.8470000000001,1.198028209605026,[42.68323487],73.95596950409089,10.546360468306482
438.3090000000001,1.1927537113520092,[42.63745525],73.20924150687098,-14.08819828315111
438.7710000000001,1.1850107143913948,[42.83203432],73.38272808915252,-13.581792972431339
439.2289999999999,1.180233148350258,[42.61760888],73.29519396188516,10.115698004839135
439.6829999999999,1.1940725722539491,[42.62385934],73.16930788823998,10.421610802096248
440.1450000000001,1.1894555285354858,[42.6484391],73.36310090710471,-8.77520699105272
440.6059999999999,1.1859706220501607,[42.61991624],73.8261479232147,3.1411536136185525
441.06000000000006,1.1921810130146533,[42.53426804],74.13297622255288,-21.471252512549775
441.514,1.1664747247687788,[42.52259656],72.31198229125823,-27.3078427144966
441.9699999999999,1.1674483901672912,[42.55266494],72.27684666084943,3.7755190019272966
442.4309999999999,1.1699533685002574,[42.74164445],72.45165485713898,24.166913949274395
442.89199999999994,1.1897302848285227,[42.38601526],73.13375257622596,3.6851161994317927
443.3539999999999,1.1732762158489947,[42.37184678],72.98150446149175,-9.952314073031987
443.8159999999999,1.1805343466250413,[42.66139797],72.6539257742783,-0.5737134524688159
444.27599999999995,1.1728122468721185,[42.3583841],73.13479412141368,-7.254426863197994
444.73300000000006,1.1738250272226705,[42.26505015],72.63706099573007,0.4381018159842487
445.18899999999996,1.1732157860349126,[42.31071657],72.86955824098759,1.1872165981501315
445.6460000000001,1.1749140080539424,[42.49975997],73.21056918729764,-14.716926283679488
446.101,1.1598675197183166,[42.24769638],72.01045493122629,-18.4787977799743
446.563,1.158174787467293,[42.51477174],71.90027641420785,5.444243933388826
447.02599999999995,1.164921681404456,[42.23535149],72.26304921981473,17.70902811319153
447.48699999999997,1.17452540893264,[42.34566637],73.142678693817,6.797816749522845
447.94299999999987,1.1712948639103355,[42.19633129],73.16221507407403,-11.139406343463554
448.398,1.164385510617038,[42.2832263],72.19140729932612,-4.257443625181656
448.861,1.1675629149520579,[42.18907498],72.86278433121834,-1.7294588315719395
449.32399999999996,1.1627840317390026,[42.25455225],72.33990928319119,-13.667026205602228
449.78599999999994,1.1549275994146322,[42.0251045],72.36457162496423,-0.8395038440098812
450.245,1.1619141690505281,[42.14278367],72.32175221375479,6.455837784645757
450.70799999999997,1.1608094527281314,[42.00190094],72.3845179297962,-6.242544440246078
451.1629999999999,1.156244684936843,[42.12571474],72.17971369115584,0.5147112208618854
451.6170000000001,1.1612562540726792,[42.07139731],71.96423489623031,2.096888877182179
452.072,1.1581328536112705,[42.03201911],72.0890316246536,-8.113663958035922
452.53499999999997,1.1537877501080473,[42.04931108],72.36666735435952,-9.049496078953556
452.996,1.1497697814231562,[41.81946669],71.76847918608074,-3.7398067738652063
453.4519999999999,1.150308857538038,[41.79594214],70.59730738761442,1.4424989186356818
453.9139999999999,1.151097139755079,[41.85267606],71.8831351533947,6.208795016325652
454.3570000000001,1.155760238114006,[41.8109825],71.54832122886825,-0.9837289812166805
454.91999999999996,1.1469709928675407,[42.00471978],71.6621133573192,-5.199848987175848
455.40700000000004,1.1488246496003742,[41.94625058],72.22419086764597,-19.22573506774161
455.87,1.129784839968724,[41.97886137],70.0213411042229,6.773822923909378
456.332,1.154994746209379,[41.79602245],71.95867022355826,30.933708760065848
456.8069999999999,1.1581466171518406,[41.68157536],72.37465060016736,-4.248662368738332
457.2610000000001,1.1514947693328088,[41.98135408],71.18716324938146,-14.284390816772685
457.716,1.1451628412210506,[41.76297302],71.14383202694326,-33.046319490302125
458.17500000000007,1.1211367206638236,[41.65760724],70.25198452891085,10.509741984372267
458.63800000000003,1.155357848177523,[41.69541329],71.23245906966828,25.642259274489156
459.092,1.1455110782067202,[41.85559683],71.56544251768513,-8.212238519431425
459.5490000000001,1.147957626137948,[41.75998865],71.23972449566875,-13.372919388332072
460.01200000000006,1.132981800211746,[41.58312237],71.08242423680629,4.244922452039113
460.47300000000007,1.1517338901216259,[41.75398666],71.15719286999186,11.4874144061059
460.9340000000001,1.143573196294176,[41.78668794],71.42211742288775,-19.75877644766344
461.3960000000001,1.1334924217579372,[41.57322311],71.2828111759813,4.614500421978196
461.85,1.1473807908436047,[41.42356322],71.91140245062238,-8.299946912325051
462.31100000000004,1.1253492978835558,[41.25956481],69.76888728116211,-22.37016791674984
462.7700000000001,1.1266987749713788,[41.59869052],70.04339421881546,12.040921466276888
463.2309999999999,1.1364634284800132,[41.56264192],71.39259375599183,-11.213146338611146
463.6919999999999,1.1163602540471669,[41.44840107],70.10816462232948,-12.496552659043036
464.1529999999999,1.1249416069283753,[41.43775128],71.21409483488557,25.790210009828396
464.57399999999996,1.1385580786771783,[41.54558058],71.42745433989671,-0.08824905350057755
465.11299999999994,1.1161304498530045,[41.23858224],69.70957139539209,1.4361409815428772
465.57499999999993,1.1338401004002756,[41.22102712],70.84599598102723,11.750488862629638
466.0379999999999,1.1269464303377914,[41.13595173],70.869619397098,-6.548233566219697
466.49300000000005,1.127696520498427,[40.99818512],70.34274312437782,-8.183013070831135
466.95400000000006,1.1193320337285209,[41.14459439],70.67415521494952,-0.1767003842874093
467.4129999999999,1.127462241955113,[41.21343176],71.24092696917783,0.8673342956846408
467.8760000000001,1.1199963644395838,[41.14776368],70.52733389727894,-20.042898461688274
468.331,1.1091250058895334,[41.13363024],70.09033901520779,-1.1993835153860655
468.79100000000005,1.1191271125522646,[41.11223901],70.65442950961716,11.797655691924813
469.2489999999999,1.1199949515450702,[41.21924822],70.28651748041537,-8.525258315180695
469.70799999999997,1.111288587719368,[41.09872001],69.99779163709212,-5.307583411251704
470.1629999999999,1.1150350122552273,[41.016863],69.98810930798487,1.497324375846043
470.62,1.1126271420246814,[40.90612527],69.96856178469997,-17.68793119573808
471.0759999999999,1.098910742035412,[40.92831796],69.60785091119578,-2.3753237432795338
471.5300000000001,1.1103550224370704,[41.11125287],70.04590561769164,-4.351993332243564
471.985,1.0948955956682045,[40.97806699],69.40797518065293,-15.50845402010581
472.4419999999999,1.096285347961925,[40.83691718],69.10868580939967,7.445565712430269
473.11800000000005,1.1057228513202622,[40.97384062],69.8940857698554,24.194688518462293
473.58000000000004,1.120132101103885,[40.68915155],70.38340485609696,-1.4082731978921625
474.0389999999999,1.104620779449335,[40.92438208],69.27884123710339,-12.994351958691919
474.4999999999999,1.1082606760686313,[40.89058663],69.67947190465198,0.9189297099516658
474.95400000000006,1.1055585327170594,[41.15093766],69.26954425843148,-17.834229598747477
475.4139999999999,1.0918166595369114,[40.73323775],68.99799495540623,-12.766405645169288
475.87700000000007,1.0938781184035067,[40.69919354],68.5951899942644,7.323743566747476
476.331,1.0984813504436672,[40.69271106],69.38595357413438,-15.07155110775149
476.7900000000001,1.0798642956933375,[40.84208748],68.71185706721285,15.144038368100743
477.24799999999993,1.1122571468458147,[40.68259199],69.85932960616068,23.127449693897127
477.70799999999997,1.1009044815997198,[40.61719215],69.1267421950489,-25.560086212245594
478.1619999999999,1.0889057236984505,[40.43750238],68.77859439493056,-8.637727321289423
478.61800000000005,1.0931154715078566,[40.61419721],68.67298988617821,17.193365375315572
479.073,1.1045529740901388,[40.50325876],69.63071305757245,-15.199708064767892
479.5300000000001,1.0790916348356026,[40.37436751],68.75665235650128,-11.138578970997015
479.9889999999999,1.094528727955536,[40.26888636],69.69159979560207,-1.9946803450141548
480.44299999999987,1.0776248181439856,[40.44758515],68.23324063332089,-21.008992180114205
480.898,1.0754640383788228,[40.45953164],68.63814549145422,1.753043326759185
481.3559999999999,1.079264487371558,[40.36090791],68.36300027497288,6.274022495568188
481.81399999999996,1.081211042984762,[40.39926651],68.5646919818022,-3.1084967992509593
482.2710000000001,1.0764349139698413,[40.30787713],68.71446304379658,9.916998829331503
482.727,1.09022457139096,[40.54957148],69.15384680316205,2.804151295938695
483.18999999999994,1.0786248722520944,[40.31024986],69.04003643325368,-18.353153998567294
483.6450000000001,1.073270099110728,[40.22342395],68.94984009453076,-15.32411115935206
484.1049999999999,1.0645675614009915,[40.31101777],68.22541405560317,5.859101361856522
484.56100000000004,1.0784396764971085,[40.25594449],68.77875864362599,7.176646352872629
485.0089999999999,1.0714239018346838,[40.31678419],68.66723214256282,-12.205092803091455
485.716,1.066649895699665,[40.21377303],68.6611788549216,-0.6793500049742107
486.2309999999999,1.068578314667689,[40.04311814],67.52623754218224,-20.608450190460648
486.6840000000001,1.0495389097593772,[40.15950997],67.24111942105183,-17.338062403299716
487.1349999999999,1.0528061581658092,[40.14739783],67.05265356688278,12.583462785176414
487.592,1.0610291882567013,[40.28497484],67.50186498486498,6.002119783671045
488.14099999999996,1.0564157866387571,[39.86787092],67.68161092543838,-1.4972996858565457
488.85,1.0616775270494254,[40.03855727],67.99226128524708,8.52461584965769
489.312,1.065948035671251,[40.02009843],67.86980106772188,-7.676975757292537
489.775,1.0545424468476448,[39.95141858],67.4029880588979,-8.00702737342296
490.2289999999999,1.058309213082305,[39.8954748],67.83746948252211,-14.059773398132913
490.6909999999999,1.0413028369764095,[40.00877719],66.58146121278686,0.4558559547964691
491.1539999999999,1.05880549289094,[39.7559415],67.8291718144859,-4.907587788421708
491.60900000000004,1.037475132392555,[39.86388243],66.38457972894794,-12.994969168273807
492.06399999999996,1.0469800709477945,[39.80573042],66.50909650965792,22.21126509639526
492.52599999999995,1.05786150284224,[39.77108315],67.02429418052883,4.578554151850378
492.98799999999994,1.0512106549841043,[39.73098821],67.23371735668984,-6.372578676078433
493.44999999999993,1.0519732401455435,[39.75734325],67.5337954254602,5.907576568556783
493.908,1.0566117171796527,[39.84341424],66.9519799468522,-7.769639176259613
494.3659999999999,1.0448562506600982,[39.68253534],67.19037225721084,-4.438806268861173
494.82000000000005,1.0523944422476872,[39.42586488],66.82726189026687,-13.877107640021702
495.28100000000006,1.0317286726099582,[39.40815083],65.99737778482462,-18.907320095461255
495.7409999999999,1.034929015039904,[39.34723541],66.35431977966104,13.624561717042294
496.20400000000006,1.0443442772952705,[39.37728715],66.07890747485152,6.100987963299387
496.659,1.0407555040177503,[39.55574643],65.59882549992568,0.6575907329908759
497.12,1.045049846549319,[39.44208825],67.13899594024485,-11.017574558789933
497.5759999999999,1.030854614010147,[39.51008022],66.0832471073603,3.6514836135812523
498.0300000000001,1.0482338762193866,[39.56175286],67.18123677561574,11.828116592379478
498.486,1.0415121582636515,[39.37332343],66.07900168579458,-15.16870892071287
498.9419999999999,1.0344000136836993,[39.31997076],65.81652654135866,-10.43140681495447
499.4050000000001,1.031998566075458,[39.39857087],65.88745425376972,-10.268186567101711
499.86199999999997,1.0250138646341493,[39.45805457],65.399458085137,-12.423470371506484
500.3169999999999,1.0206569447715588,[39.38233926],65.62735243786386,-1.2319934534388288
500.77200000000005,1.0238927505915238,[39.22627261],65.76839891883009,14.610819072133463
501.227,1.0339527901271979,[39.23237165],65.72877927137827,5.640016577368012
501.6809999999999,1.0290524293834828,[39.30918719],66.26272251026069,-7.850632904814248
502.14199999999994,1.026810982253252,[39.33878063],66.63764206940178,-8.398125857020489
502.6049999999999,1.0212783864722952,[39.18527763],65.19102234170198,-2.9268154094264087
503.06799999999987,1.0241007511841236,[39.06402212],66.02718662739292,9.042955001942854
503.525,1.0295627686062812,[39.19316117],65.62893702630178,-13.143380011901185
503.9789999999999,1.0122772094441044,[39.263296],64.72171097772693,-12.713832225218935
504.43500000000006,1.0180948450647633,[39.01545208],65.8318612732501,3.5549401725325502
504.89700000000005,1.0154294815751235,[39.18143133],65.08189942123973,6.589894673194152
505.351,1.0239351553902636,[39.06460829],65.95801016088362,-11.247764484474843
505.8069999999999,1.005073820813904,[38.86057792],65.36914311082371,-7.359500727055046
506.26699999999994,1.0174670704154316,[38.78672421],65.26023843849173,-5.689291690438525
506.72300000000007,1.0001223437385305,[38.98383685],65.07488597356593,-8.859903472306474
507.177,1.0092881070809225,[38.8945066],65.47719714195057,14.615989782028826
507.631,1.0133936624606112,[38.83962076],65.61461376339341,14.309875400652095
508.09299999999996,1.0224809642346053,[38.93320405],66.42119850065554,-9.827613856791872
508.5490000000001,1.0047235796434744,[38.77734434],65.23148369008119,-22.20727467253547
509.00699999999995,1.0022505994093258,[38.69702596],65.20519368874454,11.274033206865264
509.46400000000006,1.015006009326165,[38.77177911],65.35227520905747,8.78832635862925
509.927,1.010104879002741,[38.68644449],65.42448645331997,-25.32759333696699
510.38,0.9920975897862285,[38.70854114],63.948797251432566,-4.1851770005931765
510.842,1.0069219897728363,[38.5270422],64.98663858976553,5.966180600767812
511.2990000000001,0.9978403089225258,[38.67678164],64.41827955320804,-4.922874961910573
511.754,1.0023726606086127,[38.83392184],65.16443420844051,-6.902089832897529
512.214,0.99135533714705,[38.55502488],63.772894165312316,-2.412438216032209
512.6719999999999,1.000072076555703,[38.63560067],64.72728308781713,-7.497234788009122
513.1270000000001,0.9846690169665804,[38.52727961],64.27451665051254,6.579540403691464
513.5880000000001,1.0065873236374387,[38.63074484],65.11502269151441,12.828906371963988
514.051,0.9963837603192602,[38.50294313],64.56481179033884,-12.069103591471064
514.514,0.9954113337117374,[38.48105686],64.29269768256991,-6.287108400359065
514.9699999999999,0.9906640802894682,[38.48276423],64.8371677040111,-3.2326872386343464
515.4329999999999,0.9925417568421435,[38.27876089],63.80744658069815,-4.418944517794898
515.897,0.9865507516153553,[38.52436878],63.62332893891195,-2.7690707009526694
516.359,0.9899371144950999,[38.30821207],63.607826880994665,0.5050106284951728
516.8169999999999,0.9870697232708205,[38.28212433],64.26965750753607,3.8891493663855137
517.272,0.9934272083440299,[38.21127164],65.11448525259543,-15.649597278371452
517.7299999999999,0.9726033224725275,[38.32351705],63.0182026086617,-14.25002026139821
518.188,0.9803741897846043,[38.25168905],64.04794483607888,9.997781032646813
518.651,0.981741206608302,[38.28631205],64.15782562022315,-1.1106651017021019
519.1049999999999,0.979428136382628,[38.23395891],63.73204892307916,3.3475565379923466
519.562,0.9848416525245203,[38.21665369],64.18989017556463,28.347884723853632
520.0200000000001,1.0053994912473443,[38.11537042],65.0325571202997,-9.976035742205847
520.4799999999999,0.9754637239818595,[37.97133793],63.29286186569057,-23.334302666820015
520.936,0.9836927743326653,[38.15937578],64.39706717991257,-6.012338190192423
521.3960000000001,0.969763110031787,[38.12849909],63.116233374490996,-1.4909979235406823
521.86,0.9825464207211871,[37.91344413],63.8609887042546,4.431166652812735
522.322,0.9739586473375528,[37.94745188],63.42438333275553,-26.86315124023664
522.7800000000001,0.9578982341809457,[37.94410953],62.988998883453775,-6.4279099693469455
523.243,0.968326490435393,[38.01678304],63.59261057044696,14.76225908819151
523.705,0.9715688290202877,[37.83057879],63.429874338918715,-18.182790047714725
524.16,0.9520030108904516,[37.95569723],62.62617455630095,-7.962108699626214
524.622,0.9647619044991775,[37.68550318],62.5831584452947,20.28355456154074
525.082,0.9707337170992483,[37.84285184],63.39998034017814,14.337055056200976
525.5379999999999,0.9778838552259905,[37.81667486],63.29615330164926,9.58831665268911
525.994,0.9794782618864983,[37.79152295],62.82453146710317,-7.836946041158921
526.448,0.9707974687197973,[37.66868564],63.76242992933322,-21.329224783934066
526.9060000000001,0.9600082627698017,[37.75341227],63.004976974615616,-6.574595159060781
527.36,0.9646661702295587,[37.51583329],63.41585028752945,0.36088182685101167
527.8159999999999,0.9602969827129717,[37.72704586],62.98382077343921,-8.88189390043359
528.2710000000001,0.9565733671052585,[37.6441458],62.81303119340019,-8.535126223947698
528.7309999999999,0.9524838093562287,[37.56869447],61.97878794530506,-7.229199473105297
529.186,0.9499421284323089,[37.58177954],62.284281162034056,-0.5336029840110612
529.649,0.9520755126424669,[37.59428654],62.51911387142442,-6.31444044061702
530.112,0.944094956584298,[37.42057129],62.39289709800562,2.274266730790897
530.573,0.9540990601067683,[37.57198375],62.26062328491173,-1.6867604143884218
531.0289999999999,0.9427808053316877,[37.57490277],61.66634553142231,4.645175006772639
531.484,0.9582719473378498,[37.45498183],62.91796320665721,19.66984790488202
531.948,0.9605960570775323,[37.47024549],62.81863153623341,-0.3651167475502426
532.409,0.9579663539534726,[37.67347411],63.36048528639373,-7.179953310754383
532.871,0.9539660057545425,[37.34989445],62.00486545003065,3.291787164119375
533.3259999999999,0.9608188825724986,[37.28419308],62.45425326761086,-4.349029381180758
533.7879999999999,0.9497041113127271,[37.1834171],61.9643918687712,-13.180802698050664
534.2499999999999,0.9486398208794999,[37.51235997],61.85768143160188,-7.665517328182769
534.706,0.942731090898888,[37.41909772],62.07339608819846,-12.979104019318566
535.167,0.9367377676942372,[37.30970352],61.35915746614859,0.6754897967544693
535.6239999999999,0.9432422556668965,[37.31504254],61.89863470437394,7.45888801244643
536.0859999999999,0.9435243739293342,[37.26218546],62.46930911158086,0.76869878621455
536.541,0.9439449564723219,[37.36874749],62.37599731802165,11.757047329300496
537.004,0.9544921901381465,[37.44571732],62.03598322910773,-1.2042771443085964
537.4619999999999,0.9430743669585966,[37.24017531],62.49716527685387,-8.571052147200886
537.9250000000001,0.9467627309801943,[37.12321986],62.00081114100006,-15.01531931483946
538.3870000000001,0.9292311100528097,[36.92877466],61.44002682253706,-17.38163675285498
538.849,0.9307020986205565,[37.22491505],61.679818499643325,2.915912132121168
539.302,0.9319039474831774,[37.06607893],61.187376498437985,11.60839114503065
539.7599999999999,0.9413673902071842,[36.89792426],62.358531748680946,8.4092414101411
540.2230000000001,0.9395256570009183,[36.86445304],62.05488734433044,-3.706264068063181
540.687,0.9379322271254775,[37.00719329],62.34876733778398,-3.622567704642199
541.148,0.9361759089283761,[36.96515656],61.86015055712292,-1.9860392476285238
541.612,0.9361061189959938,[37.01227473],61.637278780902896,-14.261359418477282
542.0679999999999,0.9232792871267415,[36.81381498],61.166955712473694,-30.678720059660435
542.526,0.9080555476844394,[36.93211343],60.00880409936956,7.68110975577696
542.9820000000001,0.9301364959675891,[36.90069431],61.647597822622394,16.856003017652334
543.439,0.9233818749550471,[37.01412934],60.791648367243006,-9.838429232267742
543.8950000000001,0.9211441370461815,[36.73624101],60.51231641922917,1.3625523131741701
544.3570000000001,0.924708431435922,[36.80489728],61.278198264472536,2.358505433661673
544.811,0.9233894886886778,[36.78637546],61.53187728821977,-1.4554732378471158
545.266,0.9233883088298589,[36.78093917],60.55869189924429,-3.645000070204185
545.7209999999999,0.9200725386247925,[36.79879322],61.14270014476344,4.257285133993705
546.1750000000001,0.9272351170052591,[36.90812717],60.826182585920044,3.428542631489284
546.6329999999999,0.9231001498368909,[36.68355808],61.75340348461547,-24.14929622095674
547.0880000000001,0.9052772383200411,[36.83860786],60.365083382382664,-7.864946735826495
547.543,0.9159430483072739,[36.732715],61.207621112133076,-8.67076906709685
547.9979999999999,0.8973868384689843,[36.80353877],59.85418399994391,7.233406356875527
548.4519999999999,0.9224222876457273,[36.65175074],60.71644550796293,27.453479666337156
548.9129999999999,0.9221161141806178,[36.82734774],61.140361522628886,6.503419177044223
549.3770000000001,0.9284810957345251,[36.52588143],61.76931151873164,-18.33570908073545
549.8369999999999,0.9054292404363153,[36.40497878],60.28340007128782,-19.566804807277904
550.295,0.9103968508417866,[36.59788639],60.54904631776288,17.229282792944222
550.7579999999999,0.9213615880227508,[36.63171712],61.155532752314166,3.880497099773894
551.216,0.9141677338849747,[36.40726494],60.24687430142551,-14.937728990706777
551.6740000000001,0.9076786282672609,[36.26345987],59.905586150897946,0.3426582039181003
552.13,0.9144230061727479,[36.36901066],60.39761075720764,-5.0161541802825615
552.59,0.9029246844218908,[36.43508475],60.62072206417915,-12.857830853182705
553.0500000000001,0.9025938017878188,[36.53681482],60.49661153145625,-2.599505155491677
553.5099999999999,0.9005331396788396,[36.41003587],59.76061952188831,-14.99200608357043
553.966,0.888944857016615,[36.39084777],59.474500080192016,8.50853128056861
554.4229999999999,0.908369345990798,[36.33876817],60.50215128683205,-1.4286614505685247
554.8770000000001,0.8879060793156885,[36.28066914],59.350751201517426,-13.144536542322282
555.331,0.8964341068103532,[36.3415427],59.32277145569009,18.030107875969037
555.7869999999999,0.9043104544642042,[36.30862312],60.07273167873014,3.5241849248714985
556.245,0.8996000972015454,[36.10024302],59.30035640757975,-4.3002326926383505
556.707,0.9004023245698529,[36.35048113],59.868153246298256,-14.402558785786667
557.17,0.8862454174285117,[36.18692239],59.49312794504242,-6.076095241834167
557.629,0.8946050083976942,[36.33856385],59.5097147478051,13.224840298235897
558.092,0.8983986441081109,[36.18243968],59.63630019999426,-10.643084154050575
558.5500000000001,0.8849900776103667,[36.14920122],59.23079776295601,-20.71344750699744
559.003,0.8794435318507803,[35.85277698],58.8985641922335,5.10852993432942
559.459,0.889738191435375,[36.06952795],59.30081552676645,1.9919035236040106
559.92,0.8810631378240548,[36.08419975],59.23841032536913,-9.269905458179739
560.38,0.8811815332233766,[36.20625727],58.906298598644426,6.308630694607631
560.839,0.8868486800885065,[35.92174331],60.062640041447395,9.190029500024677
561.3000000000001,0.8896237060712842,[36.01537918],59.311279698886935,-1.945513691116063
561.7589999999999,0.8850905987525661,[35.78280545],59.39192872462974,2.353809192903955
562.217,0.8917577160257657,[35.96850908],59.16214478361943,-5.818629387871477
562.678,0.8796206240261557,[35.92679318],58.908250553142636,-16.895779029915236
563.139,0.8761798077601834,[35.86768664],58.813725439076485,-1.0018502275834784
563.602,0.8787208183227704,[35.95938564],58.9546679163833,-1.9382326928648608
564.0659999999999,0.8743681972612951,[35.66663076],59.12936456909036,-8.119290548518787
564.523,0.8712254259152974,[35.81049407],57.8152658605222,12.885646361445623
564.987,0.8865146730351112,[35.97257059],59.290011250568206,6.582431557571655
565.4409999999999,0.8777897858531121,[35.61627824],58.44898098293206,-21.922965593149325
565.8960000000001,0.8665812810476157,[35.80151576],58.40206059743552,-0.2362828634889791
566.352,0.8776233813732499,[35.65843872],59.03815312027522,9.885604113491597
566.812,0.8755213553996708,[35.61657676],58.507902012676624,4.343674011550558
567.2669999999999,0.8815091945551283,[35.60029577],58.94857340790687,3.0065600079307586
567.7289999999999,0.878135128105618,[35.79079373],59.28467154384045,7.127270317733858
568.1840000000001,0.8878444057158681,[35.66811979],59.17926368678698,0.9904482846688767
568.6450000000001,0.8787965852527753,[35.54054517],59.354797051080524,-33.34116652765429
569.102,0.8573464561101314,[35.72286348],57.91815042829273,-6.348571639359646
569.5569999999999,0.8728446901614493,[35.48968566],58.73943490056053,12.397972570755922
570.0120000000001,0.8686286111495103,[35.48915308],58.319333596396916,-12.623653587217841
570.4720000000001,0.8612602871899144,[35.47969407],58.17741454625093,-10.32239891949982
570.928,0.8591279262772764,[35.43277736],58.41781241887833,4.600801061422466
571.391,0.8656192986751838,[35.27580112],58.56787434858181,2.894186574047386
571.8459999999999,0.8619612685082569,[35.45763751],58.35328967443738,-2.9847297880580825
572.3059999999999,0.8629390976302271,[35.57635194],58.48521183041323,4.7097592884667305
572.7669999999999,0.8663041305180332,[35.55972773],58.97065023095501,-14.107343849442122
573.2299999999999,0.8498180991136326,[35.37057635],57.55791873341305,-22.36846350864996
573.686,0.8455635743852794,[35.35126618],57.09685206962073,19.671376367168982
574.141,0.8676807836349263,[35.28150069],58.49142246423467,7.815964625025207
574.5949999999999,0.8527497831467961,[35.41733677],57.68638982869795,-6.584528951413371
575.0569999999999,0.8620739132438386,[35.14531516],58.56988405460466,5.321535751366957
575.516,0.8577397914664509,[35.32324833],58.32583031959483,-12.38616458502273
575.977,0.8506668416391192,[35.24465515],57.23246428402605,-3.509155607077985
576.438,0.8545043499967249,[35.11800427],57.031237029848164,4.866400634166546
576.9019999999999,0.8551474472426341,[35.21487868],58.03086986724626,-10.661485173762198
577.361,0.8447836247781064,[35.06980607],56.511562458989665,0.4122066412872716
577.821,0.8555722979171445,[35.2821707],57.240460298675046,5.4989966599860995
578.276,0.8499937773323005,[35.28010642],57.73073963059741,-6.180368324851582
578.7309999999999,0.8499481627415304,[35.23595392],57.660154378764815,-7.761938275831715
579.187,0.842907311351287,[35.27924593],57.23575531704083,-1.8103592605421825
579.647,0.8483993927426614,[35.04336885],56.81829677043833,6.458436225643682
580.11,0.8488354555262401,[35.08835547],57.56229929447911,1.4540873010684408
580.573,0.8497458775834508,[34.85780558],57.3984105898578,-0.6324484603495995
581.0289999999999,0.8482903435950322,[34.98654099],57.42644361934495,0.39655748827382986
581.484,0.8500999722888487,[34.97656822],58.04497391756396,-10.665751064570905
581.948,0.8382223383727996,[35.01725286],56.34693418061267,-12.0639672157562
582.4039999999999,0.8387864391537687,[34.92019086],57.40395926126292,9.428636622641262
582.862,0.8468729503958303,[34.9702653],57.206061643819574,3.3494566232902256
583.3169999999999,0.8419300520039341,[34.79304855],57.08273521131318,-21.153768492845558
583.776,0.8274557220938781,[35.11299615],56.62700926837318,-6.200881806790237
584.236,0.8362821640285629,[34.76395685],56.63790712069609,24.743605536251103
584.6909999999999,0.8500408662162571,[34.87309557],57.27365971284401,-9.377218800351471
585.1519999999999,0.8272141036483318,[34.84498435],56.40018578458439,-29.902262550259184
585.6049999999999,0.8223991052972348,[34.72923756],56.2397681449665,8.400740392707329
586.061,0.8349649339972662,[34.71718208],56.96412911482804,17.965926951639453
586.522,0.8387774273558093,[34.63653023],56.64687667172943,-6.4968883559017865
586.9789999999999,0.8291184134802634,[34.6463868],56.12833975222309,-12.567344345857823
587.4409999999999,0.8273141901643988,[34.58520882],56.26925029264518,-2.544243300315552
587.8950000000001,0.8267662991226901,[34.63101316],56.32624729108116,0.09814574917299534
588.3580000000001,0.8274279118144166,[34.82397982],56.2802079194128,-1.5779438213537889
588.8159999999999,0.8253429196320949,[34.74715026],56.5605945618925,-2.1605361101979526
589.2710000000001,0.8254410382557942,[34.7113428],56.851126045184664,-3.476129075103196
589.7330000000001,0.8221032268528943,[34.74405458],56.017133533754496,-5.132038921307869
590.1919999999999,0.8207019152088852,[34.49235779],56.36848326362703,-0.07722844833824016
590.647,0.8220089378757769,[34.56980963],56.44834987624923,-6.814432679938198
591.1039999999999,0.8144483194043803,[34.60682879],56.08643469071976,5.679956526908336
591.5579999999999,0.8270504720665184,[34.36742124],55.94791801545142,1.7624489904076723
592.013,0.8159983370845854,[34.47310004],55.03431085798274,-1.314736179009568
592.474,0.8261236996262735,[34.38639865],56.39703703360589,5.701135882395625
592.9309999999999,0.8213615175834401,[34.57488248],55.64401865287714,-12.853878058476266
593.391,0.814322045434583,[34.2804479],55.6019506350452,-12.094545487563613
593.8539999999999,0.8102175668054641,[34.34037995],55.405673124155555,-0.17420282751756666
594.3079999999999,0.8140073881431471,[34.28736347],55.51684091454821,2.0659809439331767
594.763,0.8120829663609828,[34.22469977],56.03208182110136,1.3752213729155693
595.224,0.815334791008637,[34.34711535],55.4194933422764,-18.86987725009892
595.688,0.7944722814406522,[34.22321933],54.62919516962213,-8.518320529720569
596.1439999999999,0.8069198591246065,[34.0958911],55.43182592302849,11.420634677352993
596.601,0.8048675327141679,[34.21643341],55.08905916981988,6.970567880844047
597.0579999999999,0.8132909581676926,[34.12565468],55.6882545456724,3.9299754209610738
597.5120000000001,0.8085344668912919,[34.2333759],54.999228787147416,2.377750112895205
597.967,0.815478070540701,[34.18145625],55.053856879675095,-4.709177648777763
598.4250000000001,0.8041147736199674,[33.93355033],55.90264925272663,-0.6950346792257145
598.882,0.8147939351488984,[34.2508192],55.07884997552242,-6.890285669714502
599.3439999999999,0.797478363283914,[33.93522044],54.737806347613294,-20.745414457810753
599.8069999999999,0.795637931353236,[34.05026259],54.66769540405902,8.431046102492346
600.263,0.8050541227495751,[34.00603959],55.12107978514204,3.4109362176443225
600.7220000000001,0.7986551661188235,[34.31463093],55.00746004068244,-16.678163247199507
601.177,0.7898320827814995,[33.87665015],54.396586246562585,-3.495144020488783
601.632,0.7954745850601792,[33.85420371],55.040371744621,3.9264943744178327
602.093,0.7933263857954906,[34.05072713],55.06315341197607,-1.775062144502182
602.5490000000001,0.7938181614554325,[33.84523841],54.13094624950879,0.08695451993701031
603.004,0.7934075821905591,[33.95820736],54.963361324768606,0.14027589167564525
603.466,0.7939615038038912,[33.9413361],54.689060373812175,-1.4172041015216852
603.926,0.7921113620326752,[33.92106752],54.01557785777914,-11.713088640799562
604.3870000000001,0.7831583503634354,[34.03840333],53.894570542527184,-1.3471026715321521
604.842,0.7906619424212056,[34.07257995],54.47612441491956,7.753341673464087
605.302,0.790164797186522,[33.86398679],54.37004352246405,-4.231547709997008
605.7610000000001,0.7867794448205583,[33.88612924],53.65890847430682,-5.018105471240819
606.217,0.7855591325643905,[33.91757798],54.535122455909175,-0.14153848420761506
606.677,0.7866701611809046,[34.09795252],54.328918772585226,9.829019589728262
607.1349999999999,0.7945525820551069,[33.62528291],54.953441439802475,7.166183404321291
607.5949999999999,0.7932084524524643,[33.66795049],54.980531749215956,-10.250121809529
608.053,0.7851722189150774,[33.51720503],54.535847597298826,-4.195577779481319
608.5169999999999,0.7895013885502244,[33.52430359],54.616265148680974,-9.40635032849768
608.975,0.776722947709154,[33.74579396],53.89142848388139,-6.4827718743643015
609.4340000000001,0.7835995690130444,[33.49863581],54.31692847278072,2.275582730035919
609.8950000000001,0.7787655484395783,[33.42778527],53.603410673740775,-1.4181171630484046
610.35,0.7821924678762047,[33.46792703],53.83907568461539,-6.446804614469559
610.8059999999999,0.7728645217224619,[33.39468182],53.356910491599685,-8.819001467824773
611.263,0.7741640190974661,[33.28309625],54.02805217302673,8.595900213615781
611.7209999999999,0.7807412877273401,[33.30972574],53.22183354822139,7.936980965532969
612.1829999999999,0.7814144262305953,[33.50708548],53.51546522311113,-12.088362494655836
612.64,0.7697668033424783,[33.25772046],52.89397479850855,-8.433259468788922
613.0959999999999,0.7736807898919484,[33.10312943],53.51689562319725,10.798261008951982
613.553,0.7796300504153595,[33.27998535],54.31010705054733,-2.5522537052201644
614.0120000000001,0.7712805078980034,[33.20400276],52.98724850948517,-14.981435044251977
614.4689999999999,0.7658942467249104,[33.27544356],53.19954777253451,3.8239817895447947
614.9250000000001,0.7747406172071161,[33.31658805],53.29855086632201,1.2233664648553244
615.3849999999999,0.7668688000819606,[33.12942243],52.824301445696534,-7.847124055162413
615.841,0.7674788496766625,[33.08844005],54.102112710782976,-10.911986051681644
616.304,0.7566678711851806,[33.22587308],52.44402104669787,7.52744510286496
616.7669999999999,0.7744492638419149,[33.04803672],54.04745388651278,-4.320432316334166
617.226,0.753024757470429,[33.02820918],52.35672793577293,1.2797771825477922
617.686,0.7757213960758511,[32.90464363],53.75364198876172,14.832052645496919
618.1419999999999,0.766885785127736,[33.13489046],52.88536155014804,-17.05585789324049
618.5980000000001,0.7601664536772164,[33.06460978],52.5664261392373,-13.736780306775053
619.0579999999999,0.7543109181706247,[32.88748714],52.53960080030196,12.609293073931326
619.5179999999999,0.7717670033052428,[32.8770076],53.453668769879194,0.5387790289769212
619.9799999999999,0.7546577102091414,[33.11955354],52.866463974118844,-15.533408981046492
620.436,0.7572510128458936,[33.00132812],52.28546356470523,8.577920528718197
620.8929999999999,0.7624951396981361,[33.0957461],53.53101616951606,-4.078123017699831
621.35,0.753523608407709,[32.83057448],52.49207402288555,-1.418695986594165
621.8079999999999,0.7612334980500708,[32.8574219],52.49337701551263,17.62810361674283
622.2689999999999,0.769728616940305,[32.95057079],53.07808972111715,-6.693585116369083
622.7330000000001,0.7548907143329358,[32.84295625],52.64473043691628,-17.249316129061665
623.186,0.7535907987078689,[32.93591071],52.08295543635058,0.7292116700644558
623.647,0.755615302758031,[32.75464339],52.434569520264255,4.495987708329152
624.1049999999999,0.7577219868180025,[32.79097661],52.36434565417403,-1.565292094746762
624.563,0.7541814951992403,[32.69264936],52.997741022299586,-13.519212415788129
625.0169999999999,0.7454385739141047,[32.67932124],51.84575658414593,1.1032809462265813
625.475,0.7553512915185632,[32.58091093],52.36265865443459,6.615011399273563
625.938,0.7513798943129348,[32.60909325],52.07140128954009,-8.45715556312232
626.3960000000001,0.7475610539827369,[32.4329902],51.914962938676354,-9.670962565605956
626.8580000000001,0.7424718991230339,[32.59619937],52.210082998499644,5.105139812785153
627.321,0.7523155844557374,[32.63555232],53.0188020185881,7.771406253899049
627.786,0.7496296905759801,[32.6329524],51.8210124918392,-12.585820426362693
628.2409999999999,0.7408713593020113,[32.59469712],51.70769727798288,-18.791609996288262
628.699,0.7324757045165808,[32.45963685],51.64381526821244,6.195305166173615
629.1550000000001,0.7464359767119118,[32.49475152],52.182845272682776,2.4576757747838407
629.6129999999999,0.7346091453589747,[32.54763832],51.24620750486487,1.3524123670191068
630.074,0.747842428816941,[32.34284507],52.74370026660682,0.7384225774731412
630.5300000000001,0.7355644340186092,[32.20612979],52.24571305524882,-11.077708262476227
630.986,0.737739558881555,[32.32815125],51.55068755445073,7.244554743656373
631.4419999999999,0.7421714679448224,[32.27821125],52.196535410378466,8.9905579314139
631.899,0.7459464795934752,[32.06593823],51.44853417035859,-5.083712645368443
632.3539999999999,0.7375883817426281,[32.28392969],51.39701897675384,-11.398441893022637
632.8100000000001,0.7355764563576874,[32.1953743],51.200226708656146,-1.938478890567974
633.2689999999999,0.7358295642086532,[32.34934429],51.09013205771588,-11.503298237349524
633.724,0.7251584594119491,[32.11946993],50.568959966890965,-5.5180046370321145
634.178,0.7307778674652299,[32.14355444],51.453884896009555,9.09722800869217
634.6349999999999,0.733426287162825,[32.36917639],51.23860451695464,-5.829302218478438
635.0980000000001,0.7252744993304261,[32.05586726],50.9492963766655,2.469336713710746
635.5590000000001,0.7356278245675749,[32.09480876],50.89994257978659,1.6171608574162555
636.013,0.7270437637191438,[32.17301339],50.9508422660044,4.748663744287951
636.4689999999999,0.7400439421473417,[32.15398464],51.498738666550466,-7.367980375045047
636.9229999999999,0.7204820954404438,[32.19137356],50.59112381841446,-20.519798443282667
637.3770000000001,0.7214119651608486,[32.05585908],50.90920088717753,2.2863398591431716
637.839,0.7225802270245585,[31.8437623],50.81962736783492,-0.17228544746805685
638.301,0.7212527734073881,[31.88511064],50.7697823682419,-2.9822168499643587
638.755,0.7198502443486068,[31.95642606],50.7079703799099,-4.240499059414926
639.2130000000001,0.7173761878692506,[31.99635612],50.92642154725965,-8.101200879276904
639.6729999999999,0.712402521043143,[31.70976153],50.275205978424445,-1.537644895060919
640.128,0.7158770001057404,[31.77434065],50.109856260119855,1.3351131333004806
640.5849999999999,0.7135948844080438,[31.74175391],50.627271493203466,-7.279717263031227
641.042,0.709223338527329,[31.77552858],50.03621393463563,4.197047506807272
641.506,0.7176545199302027,[31.87847402],50.74411086735913,6.7912628129486174
641.967,0.715573312229014,[31.87952529],50.757045990484926,-7.228167976297772
642.427,0.7110027985729563,[31.76135905],50.190106064194296,-3.6839468823907096
642.888,0.7121929146462722,[31.67811067],50.4396997239195,-2.9357146517865473
643.3449999999999,0.7083517595231406,[31.69572889],50.203716074111185,-8.015609902311871
643.7990000000001,0.7048883644355617,[31.65295028],50.0587663379197,9.326233626858471
644.254,0.7168632529497831,[31.61081075],50.85781113694954,7.356389427957466
644.7099999999999,0.7115520694358684,[31.6262104],50.706522413015115,-5.3737218215115234
645.166,0.7119624186485674,[31.53420212],50.58426639612831,-9.170187124858176
645.621,0.7032181470331251,[31.48934985],50.611944667324785,-6.339454875943562
646.082,0.7063110416521938,[31.51424431],50.46385004381557,10.402308777914705
646.543,0.7128090757263628,[31.54529367],50.978761007105,-1.0139102727193539
647.0020000000001,0.7054385508154426,[31.39299552],50.55214278996454,-2.959903429741173
647.4619999999999,0.710115148780216,[31.52046463],50.59068723929506,-15.10304419249775
647.9219999999999,0.6915437501583356,[31.27106645],49.155054511084785,-7.851863513701152
648.3849999999999,0.703063639485572,[31.49924397],50.10155178928717,16.48801258772059
648.843,0.7068126861469688,[31.4680653],50.7962551315808,-7.219331361688175
649.2969999999999,0.6966023112990791,[31.28123395],49.681533968711435,-16.715719178347243
649.757,0.6916042657947195,[31.23047394],49.33153213391796,6.03300455839173
650.2130000000001,0.701993944675275,[31.30519232],49.502275022738125,1.6587225821451668
650.6709999999999,0.6930356502782853,[31.39927835],49.66381525713256,-2.8380265462171206
651.128,0.699363743759055,[31.28475221],49.55846241540969,0.44699060347286323
651.5880000000001,0.6933648765193969,[31.2000146],49.88644102946423,-4.700705591767385
652.043,0.6949796483188453,[30.99502341],49.524233435897244,6.677947087546654
652.504,0.6995196715976018,[31.26235762],49.4978046542217,4.50943905569734
652.964,0.6991435076435473,[31.25682671],49.53732708687634,-5.037979369912682
653.42,0.6949384975572468,[31.09157811],49.81564242134539,-0.818730522694322
653.8749999999999,0.6983808569988796,[31.16669608],49.61865919467841,-3.1325969897741945
654.341,0.6918151698209526,[30.99818489],49.619295872219716,-3.363506397847993
654.7979999999999,0.6950851378565338,[31.04444003],49.480577369397714,1.386454631135181
655.2579999999999,0.6930518220893794,[31.10450595],49.19446217783894,-10.827422384062091
655.716,0.6851711370763002,[31.07234935],49.18337581437757,-3.4854738596648005
656.1740000000001,0.6898591280339259,[31.09002925],49.44138710081232,7.7940755411445295
656.6349999999999,0.6923191942419055,[30.94790339],48.94898066431271,-8.09989628763197
657.099,0.6822858440616328,[30.86602537],48.9275905228975,3.7367142626365535
657.555,0.6953547043172086,[30.99782227],49.09669042041971,4.038189664267944
658.0110000000001,0.6859686730354342,[30.93478168],49.42696403205305,-22.809569031948197
658.468,0.674525110574899,[30.55941715],48.29435512453725,-5.45476568955594
658.9229999999999,0.6809157547467981,[30.87592008],48.06607662777725,3.1111316970872105
659.378,0.6773562404192436,[31.01796963],48.81486565503645,-4.457586387580981
659.8369999999999,0.6768685633127712,[30.93655399],48.420430107924524,4.717006468979434
660.2990000000001,0.6817353936033412,[30.9640406],48.247971973135876,3.427404348947838
660.755,0.6800996490479752,[31.01823938],48.47784901345903,1.1416580549048483
661.2119999999999,0.6827871954120172,[30.83463657],48.496795115909045,-2.587963549280481
661.67,0.6777147062510998,[30.82742264],48.46303219267675,-9.82316557280094
662.1249999999999,0.6738111570197547,[30.69829114],48.60809846908418,-9.429650871670914
662.582,0.6691114554927324,[30.71602005],48.328629956722175,-3.1773605729636945
663.0389999999999,0.6709070494560625,[30.62092798],47.813782371383205,4.644263567253781
663.494,0.6733441694300687,[30.62786883],48.58144011559358,12.271165306702247
663.957,0.682283589569679,[30.53765977],48.749574148789236,-3.4916193483917057
664.411,0.6705487518551125,[30.43075012],47.89871760427818,-14.767806678899209
664.8729999999999,0.6689351182252466,[30.63208592],48.418921180884205,-9.32615017925631
665.3269999999999,0.6620985251829034,[30.42223155],47.98227265621413,5.26907681876887
665.785,0.6739038538913998,[30.51564848],48.198023606700204,1.5203592397112775
666.2399999999999,0.6636316693387488,[30.26626725],47.778481941791746,0.5077623688094501
666.695,0.6743659176470269,[30.24965228],48.2623528479933,-5.815396662281924
667.1529999999999,0.6581451875990737,[30.46278019],47.49683521363961,-12.781360544521947
667.609,0.6625934114732069,[30.38355812],47.5404574588243,10.544123196334464
668.063,0.6677371896458341,[30.48277194],48.23108224521444,4.978932985112539
668.5179999999999,0.6671065456179742,[30.37255002],48.39266850759902,6.343624902887535
668.976,0.6735754500108622,[30.49272672],47.95426773988699,-6.223154764054106
669.439,0.6611704354127035,[30.25629392],48.07571635134743,-12.178524519088075
669.8929999999999,0.6621472447716248,[30.31385559],47.74211714049744,9.314093006272394
670.3470000000001,0.6696276318624033,[30.21264516],48.48824109866335,1.741290999800471
670.801,0.6637283369994507,[30.26097311],47.895678206455564,-15.464927381655947
671.2599999999999,0.6554833082426271,[30.45723066],47.77770520671641,-8.807758166270997
671.7189999999999,0.6556428150028191,[30.13491698],47.515918614190625,6.691659294092767
672.1740000000001,0.661548952784171,[30.32665789],47.82838668819113,2.307373707786442
672.6360000000001,0.6576081031923887,[30.409271],47.738227456353776,3.78517075165663
673.093,0.6649050396268346,[30.19874355],47.91858916539727,-4.397724017061511
673.5579999999999,0.6532247134960477,[30.31056768],47.54073887597028,-14.392578069126083
674.0179999999999,0.6514852175726489,[30.09103521],47.019896118828605,2.4005759642927726
674.475,0.6553890700761701,[30.46903919],47.40838402324942,-6.072219137741697
674.93,0.6460056840654973,[30.14283316],47.095780414249624,2.6009764906522737
675.3839999999999,0.6577069611417233,[30.27629758],47.66565276298974,15.809648927068265
675.842,0.6603440200166452,[30.19335473],47.86014840363112,-3.8986979835923252
676.2969999999999,0.6542051989374933,[30.08532521],47.62725148309814,-1.5729446617805953
676.757,0.659024620237548,[29.99605357],47.79994529115594,-11.828423271721288
677.2119999999999,0.6436040336534344,[30.12469265],46.79817835271383,-18.040744329101965
677.6740000000001,0.6427048738479536,[30.07012058],47.22906336128014,0.4588808748156037
678.1360000000001,0.644028039581763,[29.93084667],46.696215674537164,-3.533942442042748
678.5949999999999,0.6394883758489094,[30.10709013],46.5495820001932,6.258952663046657
679.055,0.6498123508379278,[29.96546049],47.08477862942504,14.14810440432268
679.5089999999999,0.6525186379093635,[30.0615045],47.26766985428878,-4.735723252335178
679.9699999999999,0.6453282556596533,[29.95661594],46.50878699904608,-11.655253014331347
680.4309999999999,0.6417724946301497,[29.95066436],46.40144887174689,0.47838428788582466
680.889,0.6457189015505241,[29.87647923],46.716977336984556,-3.449611006806075
681.343,0.6387225576246353,[29.75231226],46.24564442291872,-11.85846861554607
681.7979999999999,0.6349466653638607,[29.67264289],46.370237293330234,-1.0663498550780304
682.255,0.6377790393954103,[29.76475933],46.31133764240771,-1.4128882647660435
682.715,0.6336052330841507,[29.71955536],46.27991122785816,6.317434545913936
683.17,0.6434064192030471,[29.73074825],46.47952972106402,-0.610989605760226
683.6329999999999,0.6326867958042057,[29.80026028],46.05431745164181,-14.620129570649176
684.09,0.6298541745675547,[29.7641702],46.5651947701984,8.306183222421826
684.5490000000001,0.6403534045063901,[29.73338025],46.739747103581855,5.925118653562489
685.007,0.6353213694882005,[29.64089168],45.8869958185879,-6.335486481845454
685.466,0.6345530765377118,[29.80563772],46.1423384262202,-6.920388229383345
685.929,0.6288986162754976,[29.67708542],46.13518165032261,-8.525670576810862
686.3829999999999,0.6266693158839604,[29.54702091],46.115647096496744,1.3610879293280975
686.8380000000001,0.630148401899436,[29.9034392],45.65875873265676,1.2041856030605702
687.294,0.6277534304951882,[29.51848715],45.97674012938228,-2.5637007613488194
687.753,0.6278187993409783,[29.4720308],45.830882083861724,8.904454313475751
688.2130000000001,0.6359541671757363,[29.45464971],46.14105520393516,-0.2619892646051891
688.6729999999999,0.6275777692175496,[29.67305682],45.57495054798877,-17.40033963305898
689.131,0.6199774255447137,[29.54631914],45.64981281457888,-12.921515423645836
689.589,0.6157416610894878,[29.46649262],45.41939908076449,-4.90391613300889
690.0469999999999,0.6154854383668759,[29.41086478],45.18867989631684,13.953037546566737
690.5099999999999,0.6287383255936418,[29.62108514],46.58426433750857,5.858970284953191
690.9730000000001,0.6209108448507331,[29.5635486],45.6076664861319,-9.090451956556223
691.436,0.6203205670818658,[29.2990959],45.31397656994593,-3.5649767862429016
691.8919999999999,0.6176664499247883,[29.35370394],45.48143749639467,-3.794522434856229
692.3480000000001,0.6168599626212777,[29.3547929],45.46348225555553,6.5930587055405
692.805,0.6237026542023674,[29.14005185],45.906113190290064,-0.19313103133433707
693.2599999999999,0.6167443591667777,[29.12632136],45.329349247973916,-4.894575762977138
693.7189999999999,0.619312564655214,[29.23474623],45.19863761991954,1.7540580683534923
694.18,0.6183426944720518,[29.13255062],45.61037090271165,3.8229167421378607
694.6370000000001,0.6227747938724277,[29.13545519],45.23332523290327,-1.3181076063075725
695.0939999999999,0.6171379441198915,[29.0584846],45.220824576495204,-14.558494916278253
695.553,0.6094302969365062,[29.03708029],45.166812851131105,2.8408870068329373
696.007,0.6195364118339699,[29.10133644],45.18851581239715,-0.8256658712851861
696.4699999999999,0.6082534975396895,[28.94543613],44.73357715287395,-11.313220657170554
696.928,0.6089870813253858,[29.0509208],45.16964808682268,-14.344065468867129
697.3870000000001,0.5950680631350477,[29.11575274],43.88649033814585,11.478149899094458
697.843,0.6192395912963561,[28.8822806],45.7949693078606,15.500021319374113
698.301,0.6090847227423842,[28.90284105],44.92992785621052,-15.253065010619071
698.755,0.6052736846266698,[28.96062202],44.0924516146219,-2.9755229974215425
699.2109999999999,0.6063987198941047,[28.78012297],44.643966736445954,-7.002707126659957
699.668,0.5988612524732618,[28.82262294],44.14834635003419,-9.198383444027126
700.1229999999999,0.5979806781213224,[28.74069155],44.15473363883718,9.17418039415352
700.581,0.6073041559734912,[28.86920901],44.88035682568378,-1.9304172276570775
701.0400000000001,0.5961658621496737,[28.74873423],44.24182757448041,-2.023383356773878
701.4999999999999,0.6054892012323918,[28.82385187],44.37059790600409,13.546081326178738
701.9599999999999,0.6086282569697531,[28.8458454],44.922470607326225,-11.401580767033682
702.418,0.595095294064558,[28.75479583],43.780015178148254,-14.231019052700189
702.8729999999999,0.5955437359531038,[28.77469716],43.79003259626343,1.9923200862598245
703.331,0.596920342617832,[28.7308243],44.52384475191159,22.841414429132012
703.7889999999999,0.6164664715701783,[28.69450644],45.22800496655256,8.767158451453483
704.247,0.6049510597593474,[28.64417588],44.85426532578208,-14.707714905766945
704.706,0.6030003899969446,[28.82281855],44.25367421252196,-5.874828173704216
705.1650000000001,0.5995579674958862,[28.62846088],44.221881589041786,-6.482025816311077
705.6229999999999,0.597054338930147,[28.55355343],44.0743651947811,-11.042359381284284
706.0769999999999,0.5895317483198583,[28.6170575],43.74834469931461,-2.966394587256782
706.5369999999999,0.5945073712033644,[28.61606462],43.96393161288844,9.233612979123729
706.993,0.5980023464173647,[28.48295108],44.41181570317264,2.832757045899692
707.449,0.5970908456292271,[28.61621024],44.581127243856294,-5.170444977525168
707.9029999999999,0.5933098998262548,[28.5816516],43.92512568884496,-11.901267300632124
708.3580000000001,0.5862654393967915,[28.54183867],43.368279069007805,-10.019141170928393
708.8159999999999,0.5841953111369413,[28.5517117],43.64090389225139,-1.8011665989936532
709.272,0.5846083218135799,[28.53381366],43.91375663417387,4.0128223433099075
709.7320000000001,0.5878960222017687,[28.54640904],43.587341179417756,9.736529274449346
710.1919999999999,0.5935659287460705,[28.58900128],43.575623563396555,0.752522682325063
710.65,0.5886330308306525,[28.61079608],43.4215456090345,-8.73127463315826
711.109,0.5855634328496282,[28.54555777],43.714769095730375,-4.6273795102306226
711.5679999999999,0.5843850964402603,[28.41684644],43.40242968305521,4.128327752453642
712.0279999999999,0.5893707716602463,[28.25365696],43.72961093390894,1.9504367217788587
712.4820000000001,0.5862737558743545,[28.47418896],43.43186423039924,-3.6659384170105724
712.9429999999999,0.5860609581515306,[28.42317403],43.866349382245694,-2.5885523035724667
713.398,0.5839279992926888,[28.35983267],43.49225708680855,-8.711508488813413
713.853,0.5781334854267115,[28.32229017],42.5241896060186,-8.76117120147124
714.3149999999999,0.575950069610285,[28.18713961],42.6496036901791,-8.570087507141722
714.772,0.5702958077871652,[28.35994754],42.38723036434614,1.1896552298584773
715.2299999999999,0.577065758261016,[28.26441391],42.45513489313895,23.42597622880782
715.6899999999999,0.5918355071622762,[28.1285018],43.88406337706143,-1.1225062905108052
716.1519999999999,0.5758975958746382,[28.20369421],43.48184443917439,-16.607279680937115
716.611,0.5764332089069224,[28.33761923],43.401791962580305,11.108911923498944
717.071,0.5861265915904611,[28.28298649],43.56897808802289,9.523502617529545
717.5310000000001,0.5851948313150502,[28.1645513],43.72326614818218,-18.32108423235446
717.993,0.5691692281544063,[28.14297844],42.52909356592607,-11.8489666117102
718.455,0.5742463861658302,[28.07970938],42.76910256395844,-2.874038849308258
718.909,0.5667565050091817,[28.16591911],42.55549686158193,-8.329555624564055
719.3670000000001,0.5667154631342566,[28.21547213],42.262089912964434,-1.0123931989831636
719.822,0.5658377085779475,[28.02485003],42.42507109642028,11.25051404400823
720.2769999999999,0.5769534309143024,[28.13250268],42.8919218997375,-4.351768559021862
720.7320000000001,0.5618775991892241,[27.92461979],42.139160823370354,-11.47624729895147
721.187,0.5665100458722457,[28.06178507],42.99328825370698,5.943839491025393
721.647,0.5672736058813215,[27.90979513],42.17456356904905,0.5070884705468126
722.11,0.5669711490277409,[27.95522654],42.84167502156156,-5.074591061522304
722.5690000000001,0.5626300508255753,[27.89820488],42.56709629204781,-9.307159360589456
723.0300000000001,0.5584091660118722,[27.9953847],41.77087875420126,6.128668283810645
723.484,0.5680254225068554,[27.96509039],43.19075234698311,17.491201600990046
723.946,0.5743715468232744,[27.94867203],42.8820600191778,-5.438054064609954
724.4050000000001,0.5631316467122226,[27.84319647],42.41947679042829,-9.659723235125096
724.8659999999999,0.5655440429739478,[27.84405106],42.71119245439022,-3.8920310624130927
725.321,0.5596753336151561,[27.81162587],42.2584636277392,-14.488805055005937
725.7769999999999,0.552341556987683,[27.78490391],42.04715996394358,-9.232273090403641
726.2330000000001,0.5512555005567108,[27.65299076],41.828621666225246,-10.169941614556643
726.688,0.5430922995751832,[27.67643734],41.20728856516017,8.66558831014208
727.1419999999999,0.5590793654281337,[27.61874027],41.96922577604213,9.18808199392318
727.5970000000001,0.5513921573433879,[27.62646385],41.50240057705169,-8.422583626242375
728.0569999999999,0.5514578907174306,[27.71883518],41.13564073794229,8.407971495272504
728.5169999999999,0.5591274911190411,[27.79148937],41.75446992502523,-0.583753130582898
728.975,0.5509908824743728,[27.44285902],41.97992948578301,-5.48212892007538
729.43,0.5540488484388809,[27.89651287],42.272993662212095,-1.9468512912219627
729.888,0.5491612298636984,[27.72605737],41.47536121415926,5.976307516799895
730.349,0.5596412899729784,[27.55962135],42.58857118392907,-10.597230587998885
730.8059999999999,0.5396984597728356,[27.51027295],40.9994462349239,-12.097956513079211
731.263,0.5485837577200386,[27.48627683],42.07547123707206,12.819421649936436
731.717,0.5514165619207185,[27.62747646],41.65051939915969,-1.441604320616685
732.18,0.5471221734120563,[27.47970213],41.41888375711247,-11.035544937676
732.641,0.5412267448206793,[27.51861533],41.30843498212526,-6.484828814231847
733.099,0.5411249176767402,[27.69064839],41.45299161024162,-1.423912593604637
733.555,0.5399300845462942,[27.47019272],41.10558040730137,8.972353895999596
734.0120000000001,0.5493398874101436,[27.34084496],41.4877922978526,-1.508204536484925
734.468,0.5385972426143201,[27.46409727],41.15603544619341,1.1233869449902567
734.929,0.5506182045937277,[27.56575303],42.000532828912725,7.885275049098417
735.389,0.5458959226043856,[27.34339336],41.114369781290435,-16.76849023734661
735.85,0.5351614056292624,[27.30643142],40.57514681152676,-11.902752858558907
736.313,0.5349434078606098,[27.4770936],40.3726193405518,-7.360373390893904
736.773,0.5284089842828682,[27.46698428],40.58683272745951,-0.06911758612471175
737.2330000000001,0.5348798196813751,[27.28639143],40.894159344919174,8.942698197740073
737.6899999999999,0.5366400842831267,[27.2864804],41.027111246414336,3.5936755982086677
738.149,0.538170591842592,[27.28278338],40.949878666104865,4.781486355448394
738.609,0.5410371674908486,[27.27942986],41.048862406836506,-6.61283237457988
739.0690000000001,0.532086786057978,[27.13082836],40.17756856177075,-4.232748966583211
739.5300000000001,0.5371692879935341,[27.20986065],40.82624823885597,4.289407524185829
739.9879999999999,0.5360690333308828,[27.19673021],40.47100677123491,-3.805241418315286
740.447,0.533677072672431,[27.2220715],40.99385949988473,-6.566050864396433
740.911,0.5299949465157837,[27.28712121],40.26603365084162,-2.4752811820564213
741.368,0.5313214706365319,[27.1541369],40.541932849772444,11.317792006814486
741.83,0.5404806088494738,[27.19427937],41.12770561236266,-0.9804239559588757
742.284,0.5307534065348432,[27.00154438],40.53958204654014,-6.060012961056294
742.7399999999999,0.5350275946053358,[27.00045325],41.07206508240284,-1.5488424330540873
743.1999999999999,0.5292469071408341,[27.14445605],40.32563816795277,0.29938564986264904
743.661,0.5353290889536942,[27.02536726],41.0220083942841,-4.118976361308868
744.1170000000001,0.5256419912587702,[27.19317607],40.14077784731202,-3.557170122352571
744.573,0.5320849498021004,[27.08707174],40.43909036861715,7.9554271825446055
745.033,0.5328795549880873,[26.93743757],41.17662925979818,-0.12203145091593814
745.4909999999999,0.5319803065842417,[27.08063177],40.294908609076515,-13.452760802299291
745.947,0.5206295886165897,[26.84306138],40.26898524213328,-10.630972050461928
746.4050000000001,0.5223207670394663,[26.89755341],40.21799009074291,1.8922085254317045
746.87,0.5223506999838748,[26.94284359],39.98754630158579,3.803525348347714
747.3359999999999,0.5258693354868171,[26.92091436],40.409646720506146,7.974784026485771
747.7800000000001,0.529589535073422,[26.85975844],40.28943710494073,-2.58267656946648
748.294,0.521739549149555,[26.61202307],40.41690042622584,-8.643979437886863
748.7479999999999,0.5204731833297822,[26.76964896],40.052123695699336,5.726155958631685
749.2030000000001,0.5269616746885498,[26.83872829],40.457841592473436,-2.490137029354633
749.657,0.5182431130708892,[26.76076076],40.193120123629235,-9.627977126243303
750.1139999999999,0.5182482327757537,[26.81241418],39.757503367179645,6.093363774597349
750.5769999999999,0.523922472794448,[26.85095812],40.4272475628036,9.88363769063072
751.036,0.5273798386882825,[26.66557417],40.479693970972804,-6.161250049862788
751.4909999999999,0.5184001620116917,[26.6488828],40.32523413484531,-18.86666854468466
751.9530000000001,0.5100913615892606,[26.81511973],39.725106271250624,-4.894685737519722
752.4129999999999,0.513835016169645,[26.62776669],39.6382999481889,4.977610855506631
752.87,0.5146747335146342,[26.51348991],39.29715395701944,1.5874974601863823
753.332,0.5152914130773119,[26.69145221],39.77102745014266,8.319243646228824
753.7900000000001,0.5222728040393297,[26.55661823],39.90021260363891,3.2169921801729062
754.2479999999999,0.5182381779143554,[26.35660171],40.347300896069825,-2.6809610674540796
754.7119999999999,0.5198749788282807,[26.64973271],39.91450705614858,-5.106466998202386
755.1750000000001,0.5135217325094888,[26.4826196],39.56322142942576,-13.850481794887681
755.6339999999999,0.5071058587104523,[26.39257143],39.38230614869362,5.070580333298769
756.0949999999999,0.5182630264918676,[26.47895935],39.82827977350265,12.061963530961117
756.551,0.5182874222673491,[26.43091399],39.94237631678047,-14.051950764755183
757.014,0.5051502917180033,[26.6139812],39.38232403852551,-11.184637816406218
757.476,0.5079072908245691,[26.43192424],39.18803929567981,1.899174276659088
757.9350000000001,0.5069237621106547,[26.35171456],39.39143738354869,2.0335481482127715
758.39,0.5097326889136993,[26.4646985],39.505849780402194,1.6459111072192334
758.8570000000001,0.508331197949718,[26.49607336],39.72031571321544,3.739128351674781
759.3159999999999,0.5130882026003897,[26.2542876],39.6273518429782,-0.2807715090792362
759.775,0.5080734497043785,[26.5709605],39.46776031589558,3.2891249413617984
760.234,0.5161076192965602,[26.32411359],39.84388701762718,-0.728160033563463
760.697,0.507255596242455,[26.3531123],39.67819995079572,-2.7612646001946572
761.1529999999999,0.5133427422166466,[26.3982222],39.92258923984115,-3.792710787886122
761.612,0.5036820772575057,[26.34846147],39.52891712719473,-4.983997340447743
762.0679999999999,0.5086863203968593,[26.40309146],39.79970852942882,-4.626805670170042
762.5279999999999,0.4993185676746592,[26.22246213],38.65566184997576,-12.050431669631267
762.9909999999999,0.4976138201248286,[26.27240619],38.87422512487718,7.005913442383549
763.4530000000001,0.5057776849456446,[26.04339245],39.874155263062875,-0.7159834785293029
763.9139999999999,0.49698970094924655,[26.27777326],38.264011145394306,-12.370513339407086
764.3739999999999,0.49437107195976304,[26.13534283],38.95479034040914,-2.8614423097542696
764.8369999999999,0.49436563246740084,[25.98340612],38.649165568856795,-2.07969465183111
765.2969999999999,0.4924638812761917,[26.06201776],38.68004692181694,6.056215772715645
765.754,0.4998582389645432,[26.03357437],38.90071653805736,1.2493896674256044
766.2109999999999,0.49360582343222537,[26.10802514],38.682597647670775,-7.628086475791385
766.678,0.4929322786036995,[25.97374302],38.700544232826644,-2.5387321274589203
767.139,0.4912629529186472,[26.01458996],38.27007117787367,-6.445734118795565
767.6,0.4869893117461699,[25.77403564],38.10196543799732,2.756253507197659
768.0579999999999,0.4937240249359822,[25.991112],38.15700980445227,-1.9506776585344054
768.516,0.48520249101094504,[25.83936736],37.71829743212251,-1.9938899000617738
768.975,0.4919288883272772,[25.97234598],38.501171631058284,9.443747918962409
769.429,0.49387645617774245,[25.93574688],38.650722794115936,0.4350965965997933
769.8919999999999,0.4922577995657076,[25.83166332],38.21856830597369,-4.170896328155149
770.35,0.4900417729963056,[25.87650086],38.47146434710882,-2.5154332460108897
770.8090000000001,0.48995579845670933,[25.85987185],38.28411430570029,-5.369321692264339
771.2679999999999,0.4851127356828099,[25.66888803],37.65891508905609,-6.18469107632269
771.727,0.4842782520486477,[25.64249213],38.08359757712081,-0.559261065634753
772.187,0.48460129507808003,[25.85697651],38.22689537410249,6.996230365099998
772.649,0.4907540070270212,[25.76073864],38.30517978658499,12.758979947920967
773.109,0.49636730406741925,[25.71469737],38.43462206940043,-2.5058587241647556
773.5679999999999,0.48848050824088673,[25.80881489],38.044380280435355,-10.014735478567903
774.0289999999999,0.48718248119679763,[25.7907539],38.1947367943864,-7.521468641565443
774.486,0.481613283037319,[25.71464091],38.3408843727694,2.3413509748761996
774.9419999999999,0.4892911108658914,[25.6429851],38.57550784119282,7.628473805845748
775.399,0.4885596416913197,[25.54679274],38.46014576600966,2.695830593656967
775.86,0.49180040512933754,[25.70933108],38.413490352981086,7.079909276551999
776.321,0.49508731804430084,[25.63667367],38.4501218542628,-7.164816157193554
776.782,0.4851944446324049,[25.69947104],37.9998477711046,-5.187014829813097
777.236,0.49011511297260313,[25.53691953],38.445486239312075,6.167034305739061
777.689,0.49079727734261835,[25.69048038],38.647978826628325,-1.1933971963364876
778.1450000000001,0.4890140656202294,[25.40866498],38.776183191079916,-4.857624266198068
778.601,0.4863671240118459,[25.33374569],38.200533351902344,-3.3932394940708877
779.061,0.4859252345123126,[25.50286864],38.074260653433086,-4.37234545092946
779.5200000000001,0.48235575455787527,[25.29571762],38.310617931582684,2.500558832761568
779.9809999999999,0.48826694701458917,[25.25740127],38.82916390864669,1.570179611964928
780.4440000000001,0.48376149343021724,[25.44329744],38.20880775292243,-1.6998289327956329
780.9019999999999,0.48662152649279944,[25.33560665],38.349322663339024,-7.4276696619630656
781.359,0.4769924904040389,[25.59075352],37.667402055153566,-10.146847019447126
781.8179999999999,0.47737080324665415,[25.29863906],37.373941046926184,13.320648684555735
782.276,0.48918255959773915,[25.32072677],38.43542345203369,4.1493485769503735
782.737,0.4810537862639206,[25.48561721],37.77141926505821,-14.650511275913324
783.2030000000001,0.4756315214072726,[25.27074406],37.716985456993655,-5.328351677081233
783.6629999999999,0.47604453096083676,[25.08960218],37.777802205600295,10.438238776414366
784.1159999999999,0.4850290841823873,[25.27912921],37.82370290574488,6.342095655740287
784.5759999999999,0.4816445259924155,[25.25608914],37.7063143304912,-3.719682460982421
785.036,0.4816069763182832,[25.07756558],37.54670758792143,5.893656283995408
785.4920000000001,0.48699552069650964,[25.17706969],38.08404656057899,-2.521036486041628
785.949,0.47927656252396533,[25.34822281],37.41513503748081,-1.904797898297339
786.408,0.485310799793092,[25.16172756],37.81277404715617,-3.5188340712656307
786.868,0.4760093870635921,[25.16348782],37.88682946404786,-8.893400332839253
787.33,0.4771564914308958,[25.08568714],37.532125927977994,3.098709512835973
787.786,0.47884666078523885,[25.15146579],37.655193724092925,-1.6151958093391094
788.246,0.4756342116825487,[25.09294588],37.62769837207101,-2.268089303898435
788.709,0.4767815995916501,[25.10335861],37.52488930314523,0.4851496390885224
789.168,0.4760973948568068,[25.08772527],37.586112985113544,0.5799587804993234
789.6260000000001,0.4773092851026727,[25.05585108],37.53098336303682,-6.020404156243386
790.084,0.4705827046496921,[25.13145723],37.56267471543899,-4.055345998740023
790.544,0.47362909637099915,[24.99640431],37.85472551662883,11.046246727914987
791.006,0.4807850772235215,[24.99095048],37.672539260861775,-0.04432565712020331
791.4689999999999,0.4735569945925492,[25.13840822],37.31949825468929,-9.223229916830888
791.9309999999999,0.4722408269885112,[24.94183523],37.565849210820886,-1.8550012983256092
792.39,0.47184259467945744,[24.8169227],37.35668766211656,-3.6844094880260636
792.852,0.4688305298128186,[24.8546721],37.04009127325949,5.956078310027091
793.311,0.4772535316406954,[24.71223007],37.502802785149086,2.187317275457623
793.7700000000001,0.47083848707168885,[24.88639205],37.37816290168829,-3.9436605393453616
794.228,0.4736171518405097,[24.98866499],37.481272912425155,-7.345778153481808
794.6829999999999,0.4642120044393774,[24.73012661],36.88329119807287,-6.335684183122692
795.141,0.46791896554684376,[24.96390504],36.99764310952046,8.488119084679614
795.5959999999999,0.4719592990070479,[24.80292],37.01776109727515,2.6793225078416416
796.0500000000001,0.47036685714142956,[24.79933535],37.27923656508844,-0.055733996331186475
796.5079999999999,0.47193620603103814,[24.72747662],37.333485919854475,-6.0581876108852795
796.9619999999999,0.464917336405162,[24.88900773],37.10473277615375,-11.66826586341141
797.419,0.4613292417936512,[24.71214913],36.73931009947318,3.4413086605302734
797.88,0.46816719487776337,[24.74435516],37.3150169816458,-0.1802800108365865
798.3369999999999,0.4612833288802629,[24.64844124],37.221524294619705,-6.431835917828643
798.7979999999999,0.462332122321645,[24.70644659],37.00456121109091,2.9239190766400247
799.2589999999999,0.4639791822689251,[24.80331974],37.09568796903801,9.748114364109384
799.716,0.4712317031058668,[24.72302227],37.077121359461415,2.1678299318190764
800.1709999999999,0.46601093131151383,[24.68760811],36.96497276381992,-7.643357716838994
800.628,0.46427631801008173,[24.5559579],37.06314755821182,-0.5767628371967648
801.082,0.46546625041912437,[24.70293347],37.00876399007378,-2.093373852369851
801.544,0.4622826930548998,[24.61358728],36.93020016434645,0.16480044220723578
801.9989999999999,0.4655193421061986,[24.65694975],36.783586388522416,-4.566197822065909
802.4540000000001,0.4581274530368141,[24.58987371],36.582680036438695,-1.8689714516877953
802.917,0.4640356795817008,[24.50165905],36.58817584577729,-2.902492700779191
803.381,0.45540548199094255,[24.48440628],36.40194384319859,-5.476744667575972
803.84,0.4588501231109182,[24.43612083],36.41203838535007,4.915754509007053
804.2979999999999,0.45991840105585613,[24.45967473],36.66960464376871,4.183005225657843
804.7599999999999,0.4627133567305699,[24.43532633],36.877862241574284,5.430548960214942
805.2220000000001,0.4649362282950956,[24.32802087],36.87871723772012,-8.823910089370946
805.6850000000001,0.454523939743422,[24.43487768],35.91270103880208,-7.8697071093774
806.1429999999999,0.45754282704158244,[24.39534753],36.861370780060106,-6.005900872642744
806.601,0.4490225345440759,[24.37866007],35.93530267705577,4.146816287378896
807.0569999999999,0.46124221551878786,[24.44444229],36.3376099138444,2.9212911866948743
807.514,0.4516418685276897,[24.34218663],36.08245260654012,-7.879886634298172
807.9699999999999,0.45402165287251883,[24.31156646],36.20609386869783,9.106043749765092
808.4309999999999,0.4600311959455916,[24.18319434],36.63121257013572,-0.8797114309432308
808.891,0.4532392396521875,[24.20279597],36.26049283870152,-4.304691283932238
809.349,0.45603773858284047,[24.2210762],36.3698329466847,1.0406470348045538
809.8069999999999,0.45419247233607063,[24.32046773],36.345806543965125,-5.905915426725694
810.265,0.4506279200519593,[24.38950649],36.020656271478636,-5.996320054822424
810.7189999999999,0.44870959849657643,[24.26580422],36.47242788680816,-6.495173606151705
811.1809999999999,0.4446417043258265,[24.23790328],35.774702636593624,2.354357486315517
811.6439999999999,0.45090972197224466,[24.19618465],36.59220723928095,1.1030898202145645
812.103,0.4457578013917963,[24.36923693],35.75105561679921,-10.862749634362178
812.5600000000001,0.440958000544465,[24.28641315],35.54063779167743,1.72046793920827
813.0210000000001,0.447435405425185,[24.10170048],35.98813387975706,7.756361108379018
813.4789999999999,0.44812373997091925,[24.15683282],36.022924477959755,-1.5312323189182186
813.9399999999999,0.4460099384240933,[24.18150819],35.86786942283109,-1.7740288194017517
814.4,0.44648424307836276,[24.12993513],35.97566522275035,1.3386092374451097
814.822,0.44716818616792575,[24.20557618],35.75768344101194,-5.887184354782137
815.352,0.43905041961217306,[24.14602577],35.68045046008604,-8.40862915881857
816.023,0.4392765784791737,[23.88706146],35.35924469188485,1.7133683273633515
816.485,0.4405059600479432,[23.97575539],35.62482017943125,5.796273479026615
816.939,0.4445362349190908,[24.15998563],36.003865509776276,-0.6293291511262344
817.3950000000001,0.4398951604156365,[24.04714292],35.65625436793719,-6.804228178912519
817.853,0.4383306942233933,[24.04636012],35.22680002148823,1.0504173040860043
818.312,0.44086733539989853,[23.89680364],35.451257498365294,3.742084295805137
818.772,0.44176609706959047,[23.95745474],35.544157032882794,-4.796441364503301
819.2289999999999,0.4365093682246177,[23.93267986],34.901518085003126,5.7494259955499505
819.6840000000001,0.44694071612099895,[24.03487353],35.63289034277856,4.107146811944851
820.148,0.4399417459029593,[23.87668434],35.27354018798587,-13.455002945648998
820.609,0.4344850960853991,[23.75121536],35.2938588991767,-6.23915825521959
821.07,0.43418924199164666,[23.89245454],35.2730875041245,3.8324238037344416
821.5269999999999,0.4379676229057671,[23.87817222],35.21583231198776,-2.729832875498217
821.984,0.4316941747434364,[23.78822914],34.64503693949151,-2.016039471115949
822.438,0.436060973078911,[23.86845911],34.60861398118228,1.225046656474993
822.9,0.43268083903280363,[23.73272656],34.58814676516752,-6.561739284587754
823.3559999999999,0.4300283003950859,[23.86584528],34.55775466270728,-1.8290759181898708
823.8149999999999,0.43103124064478215,[23.73391164],34.772521461048704,-0.0705546204488594
824.272,0.4299726751445484,[23.68427921],34.7711560200516,2.458491780227612
824.728,0.43326630443299474,[23.6189005],34.76594802793364,-2.814989304585125
825.189,0.4272904010254279,[23.64050314],34.78535089817201,-3.9754624729467225
825.6450000000001,0.4295314182177894,[23.70734488],34.86757314822903,3.9788959702996007
826.103,0.43092336127346365,[23.67418185],34.99208879783982,2.035316586656788
826.563,0.43139581463543697,[23.61486059],35.089467132005524,-6.09221048111519
827.024,0.4252981813776401,[23.65384166],34.794345786601724,2.3046374724626784
827.485,0.4335206903850476,[23.72923505],34.94610999507679,2.247308678376192
827.9440000000001,0.42742792584565137,[23.7944705],34.512545073125764,-9.248335112629292
828.4039999999999,0.42502953051045567,[23.58846639],34.50087938973753,0.4903308754109492
828.8629999999999,0.4278671438531091,[23.50766999],34.26416443768452,0.06748277516821499
829.3190000000001,0.4251278454422409,[23.3901713],34.71914990936564,-4.810375298522517
829.7779999999999,0.4234728552255108,[23.48805829],34.47570965597827,3.404287472880352
830.235,0.4282181941335368,[23.60437228],34.538900733517515,1.3296637677934764
830.695,0.424637654534087,[23.53629264],34.13575860210474,-1.4802662524196486
831.151,0.42681206137514716,[23.61548193],34.56520127110252,2.4267687378874414
831.6059999999999,0.4268531190537007,[23.41144884],34.93429127712888,-2.8395540938513375
832.0649999999999,0.4241931675817574,[23.48557308],34.609851941502136,-5.280245451954602
832.5210000000001,0.42201861542560837,[23.61071733],34.033298252715234,3.402616257207114
832.978,0.42731611688622784,[23.55009629],34.327247560469694,0.7210215687669108
833.437,0.4226354924912247,[23.4883601],34.33762311951123,-9.214107516693327
833.8950000000001,0.41886481577324797,[23.455644],34.12441834670322,7.589894591561286
834.352,0.42954863496374407,[23.38747919],34.39367789967285,-0.6715270068881063
834.8090000000001,0.41825104008894143,[23.34195416],33.79653491069376,-14.190976716138282
835.272,0.41662012874973864,[23.34642376],34.13942768072141,-0.5906060826327275
835.728,0.4176675370558671,[23.26888911],34.11984763918846,0.6084474047439725
836.1899999999999,0.4171582881569914,[23.34835783],34.006142068967314,-2.025800743714834
836.6460000000001,0.4158188623745266,[23.28517765],33.951617400674614,3.588653764498906
837.103,0.420447795337373,[23.33475905],34.236752685054164,2.5199815829019534
837.5600000000001,0.4181221255412956,[23.3259469],34.078752129761625,-7.243494800276418
838.0210000000001,0.41378095566509476,[23.29422069],33.733983160853974,-3.452876926478221
838.4789999999999,0.41491326421444774,[23.32922085],34.00407028389524,4.5871352120390725
838.938,0.41799159296370825,[23.3053916],33.877082543579256,-0.3171396348677358
839.3929999999999,0.41467934365772696,[23.22020496],33.671523238643516,-6.545886850943372
839.8549999999999,0.41199936669141346,[23.02778135],33.649842091978925,0.8193114978794491
840.3159999999999,0.41542234224466557,[23.14382591],33.61740780474019,-0.26934563454161786
840.7789999999999,0.41171964674075,[23.13356669],33.5147648524262,-5.37814441059531
841.234,0.41044366309295255,[23.13740737],33.87487488285092,3.4916201546388304
841.695,0.41499402070369784,[23.02124267],33.77604707796825,7.174277935794726
842.1529999999999,0.41705294995148035,[23.00851456],33.68489551229676,-5.872978326596279
842.6139999999999,0.4095343391323798,[23.15926429],33.42206201419945,-3.030367552396329
843.0790000000001,0.4143535223414677,[22.93137418],33.82219290863162,1.1731502623545387
843.534,0.41079547457435694,[23.02568882],33.62769787586552,-8.940079400493683
843.9899999999999,0.4062068671572582,[23.01015578],33.203259453477465,2.6930718913164564
844.4540000000001,0.4134789839224229,[22.88148681],34.03731328592569,1.8024232399754259
844.9150000000001,0.4079570610725829,[22.96496936],33.16527567703848,-6.560607498134086
845.3729999999999,0.4074173861978827,[22.91278094],33.146085978543894,1.6436228831590571
845.83,0.4094553382675349,[22.89476722],33.562249870357796,-4.72798923059975
846.293,0.402956663536187,[22.94607157],33.441304237615924,-8.60441403124035
846.7520000000001,0.4014788034277711,[22.80771461],33.22798354190057,-0.6945433328150452
847.2099999999999,0.40231472241057886,[22.89368146],33.04338883555521,-0.9320546573057253
847.6750000000001,0.4005796211203855,[22.96886132],32.9075628116065,4.804886387392681
848.1329999999999,0.4066310240506943,[22.77132876],33.49175319335964,5.328394518922086
848.5949999999999,0.4054183944395042,[22.76411208],33.14581426181087,-11.776031439672984
849.055,0.39581004899943506,[22.89398551],33.02125275465087,-0.5068555260999696
849.516,0.40499238651006964,[22.80104766],33.717421361653834,7.1670392395513645
849.9720000000001,0.40250904511578356,[22.78356165],33.282059395084936,-9.171556312631557
850.428,0.39662792715295103,[22.83393647],32.68825646647548,-2.6357636032580123
850.849,0.39950674701979605,[22.92206791],33.048365722831974,2.029438102894743
851.43,0.39683026743275507,[22.7127721],32.84382149472647,-1.052870155246577
851.8919999999999,0.3976494160166081,[22.62753491],32.805378566654035,10.203113752371152
852.352,0.40620389104053856,[22.76147995],32.934771688747674,-1.8288156782567677
852.813,0.3959241813726466,[22.6460362],32.6916702646862,-10.898636206382651
853.274,0.3961553484582535,[22.68936238],32.65839684002506,2.6282956124099033
853.7299999999999,0.398313175302365,[22.75257238],32.93667426456488,-8.693387941165254
854.1899999999999,0.3880843303203889,[22.61159326],32.26358607607568,-5.485906670990026
854.65,0.39326614116505376,[22.67223638],32.43190290581116,13.406265409043549
855.11,0.40041809449670995,[22.61001222],33.048483101498164,4.506431781635067
855.5669999999999,0.3974645708406357,[22.59018958],32.66126636339106,1.5996980973675967
856.0289999999999,0.4019692836141313,[22.49877364],32.90999220296073,-3.0230071686476734
856.484,0.39486994705329637,[22.49230082],32.46242279478643,-3.066889019511465
856.946,0.39933380109789995,[22.46781964],32.90879217844169,4.995096051505998
857.408,0.39948541580488783,[22.51838112],32.75139762912391,-7.146836298590642
857.8649999999999,0.3928402041143957,[22.44680162],32.43959622838943,-11.548762973579596
858.323,0.38892428859479666,[22.47643501],32.373868188240124,2.5587867053379343
858.784,0.39525860031574656,[22.37798435],32.44920694216427,10.1042274224864
859.2409999999999,0.3982289323289694,[22.52737819],33.06211204699733,-2.1336206543065006
859.698,0.3933084710377066,[22.30788772],32.476654413321846,-15.893224292032382
860.1539999999999,0.3837286600340871,[22.29250044],31.908463903924055,-6.983564855525481
860.6070000000001,0.38687653863350757,[22.59135559],31.793786121419558,8.593921012591432
861.064,0.3915623459487909,[22.37674289],32.246043496163516,-0.08486950288805195
861.523,0.38675735457187543,[22.23174972],32.239264011811166,-0.41286478417768
861.9820000000001,0.3911833360769158,[22.43546823],32.30151814013465,5.246944309199031
862.438,0.3915845967257968,[22.49280482],32.099373245436766,-7.247104924993364
862.8939999999999,0.3845739763853232,[22.31813234],32.16584017184714,-6.826263783765385
863.3570000000001,0.3854318494840667,[22.3072469],32.092879529145165,0.6972073794321298
863.8159999999999,0.38522600685536346,[22.27488162],32.49855292737564,-0.3354809545519921
864.2789999999999,0.38512344380565056,[22.37549928],31.931949229875173,-5.08799964998119
864.734,0.3806324141870798,[22.18850047],31.95460661561135,-1.636754902277604
865.1919999999999,0.3836786512822551,[22.16575416],31.46867607820614,4.645051081016039
865.648,0.38488599784087796,[22.21164445],31.635862149059122,3.6171491960492186
866.1070000000001,0.3869941786869543,[22.2447303],32.13356299245031,-0.016566939377571366
866.5649999999999,0.3848800150219346,[22.17749822],31.826681167148532,1.3974293100619262
867.023,0.3882742239349737,[22.07612996],32.093163699598,3.392801023351655
867.4799999999999,0.38799245545601735,[22.04806993],32.24043352611695,-9.885846393205998
867.9399999999999,0.3791531045352836,[22.23631324],31.680628803584078,-5.388927199678706
868.397,0.3829681174248355,[21.9991438],31.99943783264529,6.000073114878546
868.859,0.38464356452508264,[22.34492925],31.44797427496355,6.917578940297153
869.3179999999999,0.38931952532020964,[22.06657931],32.24124151548775,-5.813767372027156
869.7789999999999,0.3792307549169768,[22.10989729],31.752092256323486,-4.469293557210596
870.237,0.3851080930893528,[22.0906278],31.90064633646206,0.30101438293733684
870.7009999999999,0.37935692594075254,[22.053503],31.589335925546592,-11.20300383522066
871.16,0.3747558672307658,[22.1356066],31.41068151155907,-0.9715746321252161
871.622,0.3785165983154327,[21.97127867],31.518102453030394,6.003954709673909
872.084,0.38030352138250434,[22.06461143],31.603638435849522,-9.20277802239533
872.544,0.3700838061210905,[22.21834429],31.374435849913215,-8.021834682369388
873.007,0.37298481532346617,[21.96407915],31.403037248694893,-0.972713688215443
873.465,0.36925992989543543,[22.00377066],31.22467127771041,9.407142845499761
873.927,0.38178032013891616,[21.78246076],31.682577884988554,6.142958191689473
874.3870000000001,0.3750073857127195,[21.97589815],31.474942258266324,-15.16599774585281
874.8470000000001,0.3678276022127305,[22.10951385],30.977765298981197,-3.649721433404085
875.3079999999999,0.371669935276429,[21.86383304],30.896558031317117,2.260873884038006
875.7669999999999,0.3699318491040301,[22.17012465],30.776042835514584,-2.8148013847185682
876.2220000000001,0.36908946565908596,[21.95104143],31.06295416404841,1.025175131216971
876.6819999999999,0.37089880807542,[22.08070434],30.84696087261754,2.611522294409585
877.1450000000001,0.3714919438902109,[21.79481793],31.2911509307553,-11.631936019592503
877.603,0.36031422782372946,[21.89198192],30.686752122239344,0.12136817988095405
878.0600000000001,0.37155399560336455,[21.97466904],30.866375958366994,5.789787897459098
878.5189999999999,0.36554228938376,[21.88485699],30.385323653331938,-11.41355820374218
878.975,0.36110051981762636,[21.82070379],30.551143784906234,2.525345634810161
879.436,0.3679813644963723,[21.72636643],30.72265758185956,2.2392277611942846
879.898,0.36314192615608076,[21.82918592],30.70160390391594,-3.7717672734397523
880.3580000000001,0.36447704027673344,[21.7409644],30.5954464924503,3.6954590732622417
880.8190000000001,0.3665470317606927,[21.89618635],31.062149858268434,-6.615307106221491
881.2810000000001,0.3583488766731209,[21.55913839],30.211717204144655,-2.9106716499157637
881.7389999999999,0.36375105356086634,[21.73107357],30.41780158446441,-0.23266077074185487
882.196,0.35816002141992687,[21.63764065],30.19420747648254,-2.4410422752293437
882.6560000000001,0.3615715696399945,[21.52344275],30.21104615297114,2.2685273679389217
883.111,0.3602869230034681,[21.67331499],30.413773732982985,1.8854961223302436
883.572,0.3633555634038692,[21.92412771],30.773252391460968,2.8744137803151104
884.036,0.3629229894757633,[21.50672655],30.646383649431552,3.3851072148378125
884.497,0.36646096704818254,[21.77781239],31.025328682902202,-2.6119796202536127
884.9609999999999,0.36044498819682114,[21.61015493],30.668226949408655,2.7000792823879682
885.419,0.36876366896588775,[21.74744429],31.023391148903162,-1.4926047352525895
885.878,0.35903691541193405,[21.75097601],30.11834050877472,-8.991439619144948
886.334,0.36046354245747947,[21.62977416],30.519956957641337,0.9813297926111186
886.795,0.3599152047274632,[21.56813562],30.322571355674604,2.9953367486600935
887.2510000000001,0.3631686453016131,[21.49174244],30.514224521278198,-6.806228221911848
887.706,0.3537425821776584,[21.42156315],29.535829250072357,-13.435051973073985
888.1619999999999,0.3509438920981506,[21.49768725],29.615909351797114,4.421129455074057
888.619,0.35780021374038606,[21.50410348],30.601071408743607,-1.9298025639871708
889.08,0.34903627895836353,[21.39720546],29.76412118510261,-7.8516032470382076
889.534,0.3504609554599529,[21.2885549],29.560655956819154,5.89179295848602
889.9899999999999,0.35440884976856313,[21.2108316],30.24924242576319,-2.874124118708188
890.4530000000001,0.34765695121445583,[21.22060344],29.575565892678455,-1.5170812580460047
890.9129999999999,0.3529304426293358,[21.5151917],29.85349625063055,4.7723830785976755
891.368,0.3520902353373896,[21.0109181],29.976772448531076,1.790226686781582
891.831,0.35463257166068485,[21.3900454],29.732374350538347,2.1724323347281915
892.2889999999999,0.3541240520773983,[21.16223162],29.968228817006025,-3.0007740135147842
892.7489999999999,0.3518702827286435,[21.18294055],29.86138986572529,-0.23858235076079648
893.2109999999999,0.3539227633446368,[21.27483262],30.10040469941541,5.1109188306495135
893.668,0.35656057009757103,[21.38886951],29.997713228925914,-1.9572089733311815
894.128,0.3520814752096214,[21.37222557],29.830174094004057,-4.623927570930664
894.581,0.35226788360281447,[21.30065852],30.00406412859747,-4.4806508250067605
895.045,0.34786378440590227,[21.44422229],29.481395100343715,-0.8675566832321291
895.4999999999999,0.35131687184459515,[21.24877099],29.62258768002207,-6.470899939317709
895.93,0.3428207297862308,[21.07847213],29.47046634418752,-4.114274574746391
896.436,0.35005397009584827,[21.11130574],29.64380914441782,10.599965417530555
896.897,0.3533886569705611,[21.22421995],29.770318886824747,3.384293843108066
897.3570000000001,0.35317859497594917,[21.03336408],29.5950254319152,-13.143704561441927
897.8169999999999,0.3412964487740423,[20.96943677],29.23141057827185,-5.438147121918813
898.2769999999999,0.348175499623794,[21.15426857],29.329495006052408,0.8951166396376498
898.7330000000001,0.3422283613292012,[20.98272922],29.300918683643875,-8.400865926182
899.189,0.34051390989911356,[20.98487361],29.061747925464953,1.4998338785737197
899.6519999999999,0.34368090818048724,[21.09322194],29.083308529516128,0.37710609662666705
900.112,0.340900631572271,[21.00726197],28.926258121459426,1.6769574341955473
900.5690000000001,0.34517250298931,[20.94948476],29.298699023843625,-5.001911172064499
901.0279999999999,0.33626135713671024,[20.85506566],28.86502553926277,0.866596471191583
901.485,0.3458853586660803,[20.99698192],29.61747140126991,1.5413182267701164
901.947,0.3374815832147986,[20.70977764],28.916501239424118,0.027799046394605398
902.408,0.34587462103994615,[20.87172379],29.470287657354163,2.8353273435975934
902.8659999999999,0.3401791739330754,[20.61295212],28.893177710076305,-4.911519523150554
903.3259999999999,0.34139600764712763,[20.85932757],29.191745520673265,-7.482768353169577
903.786,0.33329502704815883,[20.44595036],28.980021384172296,-9.954725557271393
904.2399999999999,0.33220611443898573,[20.78106273],28.69097158062007,-6.612552427648078
904.698,0.3272305181887506,[20.58074296],28.37433911815789,4.825741126701422
905.16,0.33677186028713024,[20.67760031],28.888410530411196,11.483866344495219
905.6170000000001,0.3378753791271767,[20.77906222],28.93106375216881,-0.8362205990470328
906.0749999999999,0.3360002094800755,[20.60339942],28.653208297499223,0.17600074469859006
906.5310000000001,0.33801920007219544,[20.96298168],28.823894076314662,-4.303460914702906
906.993,0.33194417020288514,[20.8053816],28.7163371110126,-6.247825571334131
907.448,0.3321940537538485,[20.77949633],28.744224605613592,-2.9770308549453284
907.909,0.32917461623602606,[20.48080816],28.240744795445803,2.889543619891022
908.3659999999999,0.3347714680111816,[20.55919579],28.67419607724271,0.2925734794381185
908.8249999999999,0.32939469144198785,[20.5710938],28.19249421799177,-9.884599348253031
909.286,0.32568497059753454,[20.83651597],28.102712767585462,9.96655939231561
909.746,0.3385379043651483,[20.62187465],28.79573648391794,4.63271958621736
910.208,0.329862901610823,[20.74139014],28.381545909687638,-14.694372994873916
910.6729999999999,0.3249407962672719,[20.78155323],28.261133104534565,-2.115897856557414
911.13,0.3277777010519213,[20.33358561],28.540506532718936,10.079448960753245
911.584,0.33410001984092486,[20.7122126],28.47005242315401,-3.8650093540875674
912.042,0.3241098589583614,[20.32719517],28.149676076092074,-11.639425561110194
912.5010000000001,0.3234470351190788,[20.87913478],28.112347748483927,0.9666902974190261
912.956,0.32497421191749765,[20.74588028],27.90786036612216,3.7480824450118466
913.411,0.32685779014403904,[21.01582735],27.988856591378063,-0.1582852258659173
913.8649999999999,0.32483891723617664,[20.5401233],28.093467180908576,5.794355838397324
914.3269999999999,0.33233072318657886,[20.12290779],28.709242811971333,3.0517681838955757
914.782,0.3278202921193627,[20.37951094],28.29270028343063,-14.188814256117787
915.2420000000001,0.31930496541988485,[20.62485967],27.47459570663471,2.2306411760060207
915.7009999999999,0.32982881200997327,[20.18584485],28.266700028146417,6.773375573187579
916.157,0.32559921368515654,[20.19615988],28.34961661636031,1.499050452190176
916.612,0.3311729216294216,[20.16713905],28.805470564078643,-6.174612091193133
917.07,0.319850881286877,[20.01398025],27.826462786719595,-14.48783417333649
917.5300000000001,0.31791411033924866,[20.13303379],27.99158521197896,6.7870281443763725
917.9920000000001,0.32615260646463307,[20.56892401],27.969414356871543,-1.128534719166241
918.456,0.31679307991706834,[20.20992312],27.521933171238157,-10.166287598247226
918.919,0.3167084692121409,[20.20784795],27.65016924109074,12.19161581861794
919.3739999999999,0.3277887039681414,[20.19530232],28.190640123934042,1.8960382554766286
919.8349999999999,0.3181739899931981,[20.18905395],27.434166764067225,-4.677991086063093
920.2900000000001,0.3233107888512303,[20.19632308],27.730977249854007,-4.02662563835765
920.7489999999999,0.3143705852171488,[20.13693906],27.416333042966365,-5.060215504498866
921.208,0.31866551101810753,[20.18610189],27.403354123458165,7.778581009041385
921.6639999999999,0.32149742722322044,[20.1156615],27.75473008191462,3.008571178436059
922.1270000000001,0.3213852190818213,[20.54007756],27.668284337485016,-5.128742058099545
922.589,0.3167631030494387,[20.1024956],27.429525080610016,-1.9840432541575748
923.044,0.31945441456412765,[20.39957142],27.595175208119095,0.020825600687668366
923.4999999999999,0.31677027392797863,[20.12260958],27.36614002677834,-4.575822048938805
923.9619999999999,0.3152696387951936,[20.28619295],27.646061131696236,3.4291917603202493
924.4219999999999,0.31990533726427334,[20.38817753],27.52559491596351,10.844241636042584
924.882,0.32524634110035355,[20.13038964],28.198885991244016,0.3421434859515182
925.3359999999999,0.32035239932250326,[20.24606038],27.536257434740712,-11.417358245274677
925.7900000000001,0.3148793798136424,[20.39188288],27.397481347079918,-7.121481048571077
926.2520000000001,0.31390875621944747,[20.52130561],27.02957078830785,0.4790260559638382
926.7130000000001,0.31531636656173606,[20.10020478],27.17195848293659,2.447958024929142
927.1740000000001,0.3161657735184322,[20.31123014],27.436501135458492,4.4418178184323365
927.629,0.3193540832270665,[19.85503536],27.696779021471976,-1.0570203180097493
928.091,0.31508271730270127,[20.20477103],27.507225346822647,-3.63903801287635
928.5500000000001,0.31596900037502285,[20.04131058],27.451195094084316,-4.600763946779662
929.013,0.31078833194940697,[20.07999507],27.19540079525619,-3.7509490602171125
929.476,0.31249562154526206,[19.99239436],26.821790427626013,8.824205453494383
929.938,0.3189404595785472,[19.84771592],27.456373726870822,-7.169139575256112
930.3919999999999,0.30626366820498785,[20.12688621],26.685011941740328,-6.410339704240597
930.8559999999999,0.31349074824499346,[19.9261565],27.123809841020382,2.51808017614924
931.32,0.3086004466084487,[19.88548192],26.731843472211235,-7.726377813415564
931.775,0.3063400629317356,[20.04574307],26.57686676947124,0.19541179419962917
932.2309999999999,0.30878880467686354,[19.45214893],27.270653802058906,-2.818062573832103
932.6919999999999,0.3036735695393711,[19.42411048],26.7408533711084,-1.2072507902545215
933.1539999999999,0.30769431105591877,[19.75416274],26.777317025049957,0.7347224655878115
933.6139999999999,0.3043827873890595,[19.59447785],26.89016022865786,-4.41087277264235
934.0749999999999,0.3036374794768248,[19.71621981],26.69716657254284,-1.940576019505924
934.5389999999999,0.30258580511222943,[19.59046986],26.407748210721863,2.12815295204255
934.996,0.30553644674491015,[19.53409149],26.633403723935775,0.6854945780391808
935.4540000000001,0.3032014779196856,[19.41173681],26.561813953222874,-1.4066394782895064
935.909,0.3042301081681446,[19.68571688],26.358317389616946,0.4788471865991295
936.3659999999999,0.3036310433744603,[19.64661467],26.95794953469164,-8.222484117805074
936.8280000000001,0.29660415096412257,[20.09698402],26.06560388221052,-10.399038752430311
937.283,0.2940282854715401,[19.60532823],25.9946774387336,5.26103414531004
937.7420000000001,0.30150049846889787,[19.4043154],26.001350278101544,10.639055109365358
938.197,0.3037973074388884,[19.53611906],26.581895118670587,4.0541439774455235
938.6560000000001,0.30519800081529985,[19.26579422],26.724855553594548,-6.382725189960913
939.118,0.2978620264833051,[19.34336059],26.39036522121074,-2.636570855658882
939.5780000000001,0.30271422849127333,[19.86430334],26.94219655057181,2.7617702338942896
940.0379999999999,0.30040285509849096,[19.46512827],26.34092386406671,-3.854315113324347
940.496,0.2991712957561035,[19.47254172],26.187322312132235,-5.697505259193325
940.956,0.295160484951098,[19.31619789],26.215352457818025,-0.5357682154617516
941.4150000000001,0.2986625757846465,[19.85557734],26.280197806353247,0.32097028261485194
941.8749999999999,0.2954408230029055,[19.62998735],25.96632844913507,-6.407719275411006
942.3359999999999,0.2927622598100839,[19.30520917],26.246216437294642,4.203705170626737
942.7979999999999,0.2993408926727697,[19.48013076],26.47217895285759,4.674452596522771
943.2610000000001,0.2970669777334258,[19.53351975],25.99150774540704,-1.4878084857002372
943.7199999999999,0.29794186391503025,[19.50683019],26.26468949592889,1.14309869662238
944.1809999999999,0.2981155699996663,[19.43406212],26.20485453772967,-10.388367890084904
944.6370000000001,0.28852279847208023,[19.39932912],25.727152241482653,-1.2203782833615229
945.0959999999999,0.2971182133918582,[19.15720946],26.353502013505395,7.287124855038629
945.5590000000001,0.2951496146794864,[19.16431252],25.939599163513506,-6.553538457145902
946.0200000000001,0.2910719307938514,[19.33381383],25.8183599506713,-5.472605057070368
946.4820000000001,0.2901051529202808,[19.13956818],25.884340973652595,3.8534743911927127
946.945,0.29464829961036176,[19.0426664],26.160905531581555,4.455880233553533
947.4060000000001,0.2942437661058489,[19.12865372],25.970124803256542,-11.64989869043348
947.861,0.2841054198103987,[18.96298705],25.46435436685756,1.9295354027073497
948.32,0.29620190578276995,[18.80901111],26.36182324106904,7.038859406946041
948.7810000000001,0.2905037415789952,[18.83382268],25.802988491054112,-5.935582687831841
949.2389999999999,0.29070868156214,[18.88624555],26.37664001138365,-1.9467807320263097
949.697,0.28872049042845815,[18.92635161],25.74579017924579,-6.565409359936936
950.16,0.284639574316641,[18.83602665],25.310457821137348,0.029300274412669136
950.6239999999999,0.28876535763089806,[18.74021696],26.09579312130334,1.0022282375453662
951.081,0.2856722470061922,[18.74338676],25.19687802113311,-6.0883805741666075
951.545,0.28316755081928663,[18.91992197],25.745205045957434,-0.12871749318038583
951.9999999999999,0.28546002746884735,[18.758056],25.784126378468773,9.768825187708552
952.455,0.29205718174010437,[18.73794163],26.139826893240645,1.2487173786218109
952.909,0.28662158348954797,[18.71610534],25.972899108043297,-4.081469711930907
953.3670000000001,0.28839828917654625,[18.80928717],26.040611391481235,-0.9498902126638953
953.822,0.2857832137908545,[18.90237042],25.82187992260791,-9.061458272769606
954.2769999999999,0.2801523621483272,[18.74740832],24.95108227631115,-4.4953619956428215
954.7309999999999,0.28168118678355697,[18.82359339],24.873903009467558,1.8529540688987933
955.1909999999999,0.28182766806180687,[18.64224636],25.130904453561158,-1.1730046969632424
955.6460000000001,0.2806227208517743,[18.67005313],25.1800031872234,-0.06565719099849154
956.101,0.28176792001799705,[18.84733493],25.372180743806876,5.5894582114910385
956.561,0.285767969305672,[18.64935116],26.19806739723665,-5.129427751856374
957.0189999999999,0.2771142858710719,[18.75732974],25.235965179314157,-6.523324430718902
957.4789999999999,0.27982915024706523,[18.78203989],25.420369088053878,5.34261323058044
957.9399999999999,0.2820337129089461,[18.52917278],25.656180976498256,3.6492927251691176
958.397,0.28318822436205227,[18.66609075],25.293939916564604,-1.0014115231170018
958.86,0.2810698040773894,[18.68038899],25.360466285905463,-6.575688646141387
959.321,0.27712027183955446,[18.53830377],25.182075047383663,-0.3031972033578634
959.776,0.2806935513790632,[18.62343726],25.419124208666076,9.15431915925602
960.2389999999999,0.2855449351401229,[18.48222813],25.343182050620506,3.8727276377632514
960.7019999999999,0.2842796971716317,[18.5161158],25.537529294138825,-4.961696166293105
961.1650000000001,0.2809504044901337,[18.54747182],25.520300068373658,-7.553934608249435
961.6229999999999,0.2773261361608884,[18.76812672],24.732836893029205,-3.414260465438468
962.0859999999999,0.2778511060710949,[18.58412423],24.877521091688998,7.109432578159103
962.543,0.28379557169801584,[18.37161304],25.527538760407776,-2.5462971461900907
963.003,0.2754225219918445,[18.58139008],25.16141506649295,-5.135597728992525
963.4599999999999,0.2790080841275982,[18.45297313],25.024985800817415,-4.085873282680785
963.9219999999999,0.27154763430103995,[18.66956807],24.311107533932063,-3.3252488249685963
964.3770000000001,0.2757806702071961,[18.28736905],24.75869913388535,6.303702862852257
964.8380000000001,0.2772855927136083,[18.37363405],24.78634350673471,-3.056432800485398
965.2959999999999,0.27300961050260564,[18.1883286],24.52028381440397,-5.882312479026542
965.7599999999999,0.27190381881166664,[18.32521727],24.31402503911431,-0.09236504263365752
966.2209999999999,0.27291047243169014,[18.62874434],24.480128529957934,0.22502711650557172
966.676,0.2721332939404354,[18.33766563],24.848542745631057,-1.5521773138973405
967.1329999999999,0.27149551172115816,[18.3314387],24.780617618527405,4.443472988765073
967.592,0.2762269225367268,[18.23577422],24.9733806936166,7.0254687346417715
968.0559999999999,0.2779470144132128,[18.3712195],25.19188550552446,-8.288347343404945
968.5189999999999,0.2685675895809547,[18.43640358],24.476905183444348,-6.1966790031945385
968.976,0.27207842795023984,[18.29244392],24.61457311623468,4.386338596848837
969.4399999999999,0.27256090973092967,[18.39125069],25.139076945558283,-4.663716400623297
969.8950000000001,0.2678941407764622,[18.3043637],24.45225896064498,2.362618539582917
970.35,0.2747108926019446,[18.28489648],24.726723576421495,-3.1648853128043997
970.8100000000001,0.2648158060660895,[18.27526034],24.237043030268257,-9.871494520870383
971.2669999999999,0.26558912247789274,[18.25729679],24.16395623479044,6.183342874615194
971.7309999999999,0.27057402298486405,[18.07229824],24.649233188295305,6.202055285068564
972.1940000000001,0.27134750046948747,[17.94457082],24.537193731408568,0.5386207452353076
972.6560000000001,0.2710745086433265,[18.05376464],24.6838238063249,-4.853860650043673
973.1170000000001,0.26687590380079357,[18.0828375],24.334324273795414,0.21504991759324632
973.572,0.27116035055274174,[18.20632001],25.02525720400876,2.2645749197496845
974.035,0.2688393489457477,[18.1272528],24.368011381085633,-6.402293973925611
974.4899999999999,0.26530508194348745,[17.97375377],24.605701167670073,-6.484680684674116
974.9519999999999,0.26291099606798174,[18.08110043],24.258960893991404,-3.948592338138268
975.4139999999999,0.2616565826230478,[18.02832221],23.93048727772766,0.989700123744941
975.8729999999999,0.2638003527705099,[17.92434697],24.262218798734814,2.5759270202671547
976.3269999999999,0.2640292358695613,[17.83436111],24.119416410440934,-3.310430139931486
976.7889999999999,0.2607064277775107,[18.00061697],23.52392132240716,-2.402997133043927
977.246,0.26177324837991933,[18.07825547],24.350698521965345,-0.34147160058639603
977.7009999999999,0.2604056857412579,[17.92523029],23.57942853468995,1.6408074102362002
978.1560000000001,0.2632663831232365,[17.93266168],24.14863515096327,2.827456545639151
978.6139999999999,0.2629663263893267,[17.86795414],24.1406389340738,-2.682603378630133
979.07,0.2608225757587992,[18.0094272],23.733067667140595,-3.705866382803069
979.534,0.2595729944723939,[17.88690687],23.928749197657446,1.276556688251218
979.9879999999999,0.2619159179240135,[17.80749582],24.03731946207554,4.324789941449914
980.448,0.2635157561884453,[17.7575143],24.394599231669087,-2.365425219331918
980.907,0.2597537661135255,[17.75415188],23.664872832171877,-4.050293156124929
981.369,0.25981039206304873,[17.96457611],23.91666573935002,4.217066326568652
981.831,0.2636503353992749,[17.80619832],23.89198892388885,-3.309371043381082
982.286,0.25693715940656686,[17.75190927],23.404263309491025,-6.764190436005125
982.743,0.2575134241338329,[17.64187849],23.713136481577,2.26137714380914
983.2009999999999,0.25900832249021705,[17.76991355],23.56935972691966,-1.303881587854161
983.6629999999999,0.25627715068301093,[17.69411964],23.739544124661386,-3.493932285207002
984.1260000000001,0.25578127574951326,[17.72246703],24.123269004624888,-0.9859115669283991
984.582,0.2553699156619576,[17.66521409],23.44471909427979,-0.6602138962178983
985.045,0.2551779516534477,[17.66140404],23.780453965848846,1.8493517542393922
985.505,0.2570633275739357,[17.56035278],23.91692993645393,-2.558220639957254
985.959,0.2529190993839114,[17.63361046],23.69239386152097,-9.50249091211186
986.4209999999999,0.24835300538305777,[17.5983532],23.180326198912486,5.376275796720453
986.8770000000001,0.2576725944710069,[17.6606156],23.95549236120751,1.4702439675172707
987.3369999999999,0.24954734372149895,[17.5856355],23.269084508811744,-0.8539820694753453
987.7979999999999,0.25691973274068275,[17.56545556],23.527700687803343,6.271086391971492
988.265,0.2552494997951689,[17.43239732],23.93604017486809,-8.648211995257228
988.728,0.24891729539090446,[17.37220882],23.30574954742671,-2.5563817845856707
989.1829999999999,0.25272635706480445,[17.4902763],23.721326135860814,-2.048108798913262
989.638,0.2470535163838885,[17.45627035],23.18400018661988,-1.743087565175161
990.0939999999999,0.25115987725198297,[17.50440138],23.324983822161396,7.79257938257566
990.554,0.25418177576735235,[17.59556116],23.540403225580885,-4.703365194095143
991.016,0.24677818568029397,[17.50850458],23.037808707601986,-12.68764259080296
991.478,0.2424583940134507,[17.45694414],22.627521797838597,2.401307465859426
991.936,0.24889378348041408,[17.41098367],23.24035204428162,8.047681085772751
992.3919999999999,0.24983793564499368,[17.52545817],23.064356933472258,8.03965435145393
992.849,0.25624593928396205,[17.39764726],23.52775666315228,4.548232585085577
993.3069999999999,0.2539806004158168,[17.41652603],23.517550930471934,-11.40476811105412
993.764,0.24582347958732303,[17.39795811],22.829393181564427,-13.007284581920853
994.225,0.24207881865345898,[17.33495241],22.336599458228292,-1.037746505548387
994.686,0.24486667730920741,[17.26452532],23.187389389514813,2.5989909105792464
995.148,0.24447078293395258,[17.35416309],22.694195089869634,2.758834872645999
995.611,0.24742583889091108,[17.44925158],23.140477737674058,4.650895756011741
996.073,0.24877632079752737,[17.2791388],23.178386616054993,0.04300808879981188
996.5289999999999,0.2474996572471006,[17.34212984],23.148741569227703,-8.455268419848505
996.9899999999999,0.24096597391599617,[17.4165555],22.455096660734913,0.3608069948341508
997.4499999999999,0.24780292470397358,[17.31045946],22.75807120249014,3.504114953943205
997.907,0.24424717802019819,[17.31357189],23.070108773753642,-3.5418454845681513
998.37,0.24459562614857172,[17.27695789],22.607994454522764,2.953616589270014
998.8349999999999,0.2469969573457642,[17.17117244],22.915871396001037,-1.6584270508308019
999.2979999999999,0.24308383747719092,[17.2121944],23.044963537761888,-2.0630352250397
999.7579999999999,0.24505456825269,[17.24998367],22.831395969145238,3.151167252326781
1000.2199999999999,0.2459846717110581,[17.19795749],23.129061063882208,-1.9408180295541477
1000.6809999999999,0.24327109271086383,[17.12281516],23.059130330875057,3.6934602974370567
1001.141,0.24936720992776223,[17.14697059],23.005721841292534,-1.0541761119580717
1001.6049999999999,0.24218208352362453,[17.18873248],23.006393661868195,2.1572577264235004
1002.0600000000001,0.2510352456105809,[17.12780755],23.178207059828416,0.8929642126739856
1002.5210000000001,0.24277579548156492,[17.08531102],22.757102466553913,-11.562687352960065
1002.977,0.2403690689644587,[17.06790709],22.557749311774245,6.720154906118047
1003.4409999999999,0.249151990956949,[16.99515921],23.174383912921375,5.9482676634816105
1003.9019999999999,0.24594884743849627,[16.85465687],23.023956425129334,-7.289065446074828
1004.362,0.24243944257154654,[17.01104333],22.605717759849735,-2.715653649679517
1004.82,0.24343626616460595,[16.86540904],22.96449124341913,1.4071764621272354
1005.274,0.24372891498421856,[17.0100468],22.732144623915783,1.121998071447583
1005.734,0.24446753902295582,[16.96089546],22.69169978003155,-2.560550934939676
1006.1919999999999,0.24139495801910604,[16.94293528],22.638966536182366,-2.2804037503124097
1006.65,0.2423786891876718,[16.95927509],22.596534378173047,2.962860750716667
1007.1059999999999,0.24409975995854322,[16.90348284],22.797512304658706,-3.030286615206934
1007.5679999999999,0.23951469409698284,[16.87682807],22.665092494683943,-2.7102065325069202
1008.023,0.24151426721008573,[16.88528936],22.697057321290803,5.188587021532909
1008.4830000000001,0.2442702340520993,[16.8407468],22.976386890392252,3.3855034892195657
1008.939,0.24463614360237512,[16.86022255],22.63392536231131,-2.800990087413302
1009.4,0.2416654943527211,[16.88569199],22.851535496233495,1.1516711398744106
1009.862,0.24571434373234446,[16.84627535],22.80547532044564,-4.260296306417944
1010.322,0.2377894845541646,[16.76972963],22.75768910365129,-6.781665481995603
1010.786,0.23953201849019556,[16.88159027],22.953253633582953,12.921094744953454
1011.2489999999999,0.24974902786890474,[16.80655409],23.18831459509821,3.7009130951936586
1011.707,0.24312322838091066,[16.7905851],22.85893056501132,-14.902600421217048
1012.167,0.23606669371895728,[16.64767141],22.08575187097984,-2.740224381522216
1012.622,0.2404906071745207,[16.77636058],22.544369957000345,5.611952963114897
1013.0769999999999,0.241173570915391,[16.8080416],22.932967845535607,1.6195824041527196
1013.5379999999999,0.24197557679587,[16.78707765],22.680229029706805,3.408567868239787
1013.993,0.24427592310013008,[16.63869484],23.24792934333581,-1.9596569128004782
1014.4540000000001,0.2400957916451405,[16.65489014],22.74207497450549,-3.282333193348308
1014.909,0.24120033530252882,[16.70136335],22.233370540631032,4.494487816943282
1015.3649999999999,0.2441944084277332,[16.61500587],23.166887067275667,1.8613961901835507
1015.8190000000001,0.24291298278216217,[16.56155137],22.787910109686756,-5.780144104101492
1016.282,0.23884025143125154,[16.6390941],22.774775383853072,-4.878329153625516
1016.735,0.23836691817512967,[16.62786079],22.69111566447988,0.30837064398764324
1017.196,0.23914394549110662,[16.59227182],22.798187521289403,1.2086762665221573
1017.6560000000001,0.23948106168094557,[16.5180487],22.548418697252313,0.7129680353085699
1018.1129999999999,0.23979785614975052,[16.57598512],22.87428320562342,-2.1069679779546213
1018.574,0.23752436566046953,[16.56270407],22.526430435506946,-2.349329508857967
1019.0369999999999,0.23763742737038407,[16.4274647],22.574874744632552,3.060055570031084
1019.4979999999999,0.24034061788702987,[16.5507025],22.884730429780117,4.475385048315683
1019.9519999999999,0.24175169428191567,[16.62543245],22.71604074422772,-1.1510402950989929
1020.41,0.23925664593146628,[16.47084614],22.210445581224036,-1.3152996764400071
1020.8670000000001,0.24053993929239847,[16.51174223],22.678260881745253,-5.363262394535773
1021.3269999999999,0.23428934532717305,[16.44378977],22.27727436807063,-6.679301993542442
1021.7889999999999,0.23440931871517318,[16.50362815],22.47744456426128,5.09695806668764
1022.2479999999999,0.23895471428677906,[16.39240605],22.509644527387763,4.690166898041415
1022.7109999999999,0.23869176964481031,[16.45318089],22.720686982654605,-2.6579856750578723
1023.1740000000001,0.23649341955167408,[16.46154606],22.32343370971662,0.10037428664477765
1023.6360000000001,0.23877492947044066,[16.31221307],22.63617666294903,3.413837416327503
1024.096,0.23964706243339529,[16.37128387],22.682333428167556,-5.870709735744661
1024.5590000000002,0.23330951252237164,[16.45580476],22.17982585304121,-8.134886028023313
1025.0140000000001,0.232091154634678,[16.43232197],22.126655289446813,1.4867988465762927
1025.478,0.2347515831892315,[16.42604096],22.025700051246602,-3.8495338106878108
1025.931,0.22876946381173996,[16.38381827],21.8526451679747,1.3285259135553673
1026.3939999999998,0.23626240308293256,[16.17250141],22.09117460980757,7.182188871363543
1026.8559999999998,0.23543097160712323,[16.30893682],22.527426944718865,-1.5893756413731808
1027.3159999999998,0.23479615952366517,[16.39094582],22.141755269947684,-3.5523468415103454
1027.77,0.23221002443316185,[16.27749214],22.367516740744172,5.268166202830216
1028.2269999999999,0.23966146328635468,[16.3006868],22.73109806679863,-3.5981929056679016
1028.6889999999999,0.2287031632428283,[16.09170142],21.76218952713417,-11.030285513384474
1029.1439999999998,0.22937039157024514,[16.29824718],21.907906862425726,9.65117921100289
1029.6059999999998,0.2376687624197868,[16.08217087],22.390347552364535,7.970190908157148
1030.0610000000001,0.23681788002309084,[16.29118677],22.52907634748396,-2.9932382098200594
1030.522,0.23491338934953188,[16.13230511],21.9916629511036,-3.6131671988393066
1030.982,0.23348911805868577,[16.08699813],22.22967705124187,-0.41959708297217846
1031.435,0.23449310930569173,[16.05699647],22.478993700644196,0.524370956925202
1031.8890000000001,0.23396133489111454,[16.15536591],22.223019827176305,0.5159361177408672
1032.3429999999998,0.23496157930059886,[16.10166238],22.262997203156583,1.658403381389173
1032.8000000000002,0.2354688609031691,[16.33081934],22.333581285231336,-0.25613221943471265
1033.254,0.2347364128897078,[16.13459971],22.37015748758491,-1.167563577111841
1033.7109999999998,0.23440789386926453,[15.98398559],22.186440858021257,2.2955575323160837
1034.165,0.23680963866134674,[16.18658236],22.30741921837791,-3.0482009003851007
1034.618,0.23165983406145968,[16.01604677],22.395731573793288,0.7067889251128334
1035.078,0.23762529323099274,[16.09275572],22.43966048359563,2.830706594258048
1035.538,0.23426408412817729,[16.23012476],22.426658490847462,-1.7341050666721536
1035.996,0.23601114175456278,[16.20904698],22.43893846839899,-0.367658497205825
1036.4499999999998,0.23396209103424842,[16.00544928],21.990875868403716,-1.8050986259454116
1036.913,0.2344050976219294,[16.08760266],22.093226346200993,-0.7968907364400146
1037.3760000000002,0.23322417021230468,[16.02527903],22.49829258853917,-5.180976596154963
1037.8310000000001,0.22969068355139904,[15.95489105],21.561648398594027,-0.41078870354432917
1038.288,0.2328790160392153,[16.19968938],22.32555608160851,1.9206885318623912
1038.7530000000002,0.23137995481699553,[15.96549872],22.045881200782393,3.629882932831341
1039.208,0.23608290883490357,[16.01483677],22.33742736556589,-3.559560777546489
1039.667,0.22801486183786257,[15.96216763],21.631117063116747,2.2066952456175626
1040.1280000000002,0.23819237743042598,[16.02369759],22.505543459797266,4.934558286842083
1040.589,0.2325645245783467,[15.90994546],22.246918730449643,-7.257115869010844
1041.0479999999998,0.23149607055650473,[15.8987827],22.101230696008276,2.759434885467704
1041.5079999999998,0.23511063076421518,[15.99371093],22.24218318211134,-1.9619285812520204
1041.9679999999998,0.22969109626175271,[15.93172164],21.89941085778241,-9.307550277901393
1042.4250000000002,0.2265608112858351,[15.92885909],21.76339992265641,1.8926301686310043
1042.888,0.23153791191456802,[15.92307904],21.94625412811775,2.73927886813341
1043.348,0.22913707236252095,[15.90055476],21.68688368465164,-7.9595240911076175
1043.8090000000002,0.22420170365411674,[15.86548169],21.602686951184598,3.359031215910968
1044.2640000000001,0.23204626545159945,[15.88509858],21.867303303583192,6.082417060188694
1044.723,0.22967137343981037,[15.91874678],21.871550078990488,-8.704808016208709
1045.185,0.2240078835301793,[15.86228885],21.55402251136815,-3.191492349917974
1045.6439999999998,0.22667778275529676,[15.77879288],21.748845288025525,3.342242174004695
1046.103,0.22707606184591378,[15.66312431],21.680237231837875,1.1956824596933147
1046.5569999999998,0.22776617898417018,[15.83533646],21.704743572107784,-3.5139363178069427
1047.0189999999998,0.22377604224755787,[15.80036393],21.62838923788176,-5.55915145280364
1047.475,0.2226261876585235,[15.67476215],21.53512522554176,3.493825530196948
1047.9340000000002,0.22700910395223767,[15.76564552],21.731769490060856,3.4791353951228734
1048.391,0.2258373015928407,[15.68659554],21.54734520973363,-1.094280280701465
1048.8449999999998,0.22600342453100725,[15.84156183],21.278440853803847,6.247405461894228
1049.301,0.23154601836614136,[15.82046225],21.91843496710666,2.101495618216709
1049.7640000000001,0.22779287229774225,[15.55829236],21.63699342288101,-6.158449470110433
1050.221,0.22585702392393364,[15.73638891],21.50031313982277,-4.896758895363923
1050.676,0.22332966546897465,[15.66976082],21.71765393677937,5.7837558732316
1051.132,0.23114872722367108,[15.75837951],22.291022812431336,0.8577825271104955
1051.5949999999998,0.2238881672698097,[15.69623645],21.50583562097698,-12.819182024518373
1052.058,0.21927816466897054,[15.65986334],21.282454511396946,3.168434814778492
1052.5210000000002,0.2268221379082958,[15.68835489],21.314841565315223,3.3185938443030247
1052.978,0.22248596316214803,[15.67459957],21.19102159446584,-0.3467095321627589
1053.4409999999998,0.22661358492172634,[15.67006644],21.7513417705047,1.389782233481407
1053.9050000000002,0.22375922470437137,[15.71813654],21.411711040935717,-4.261096174053513
1054.368,0.22265977175836932,[15.82504153],21.704436203860826,-3.014194360200145
1054.8229999999999,0.22100233893065535,[15.55679087],21.095863379151645,1.8869744639565256
1055.286,0.22448126706159333,[15.55112758],21.65078626904869,-3.2012451588715463
1055.748,0.21806259427349817,[15.50571994],21.207233273881222,-4.9927827341871565
1056.201,0.21975422325667976,[15.6831831],21.08567762111565,2.0060336103211176
1056.658,0.21987419784341816,[15.6384678],21.304983160766742,-3.7003351714364197
1057.1149999999998,0.21637211690998776,[15.51091432],21.056584132821406,-0.7242843011606437
1057.5700000000002,0.21918595564527132,[15.6760568],21.11047217866406,1.5823145500635238
1058.031,0.21776592957092722,[15.49555817],20.90752120735959,1.543946847686245
1058.493,0.22062027714405158,[15.4981555],21.10187510397054,5.144040361808405
1058.949,0.2225004884496275,[15.50911267],21.141734685042913,-3.3186068842847307
1059.406,0.21757548898421447,[15.59081934],21.361845580908657,-1.3095679362873092
1059.862,0.22128593916756362,[15.47382774],21.27953033479147,0.30921410868406385
1060.3229999999999,0.2177803317891001,[15.4252174],21.10729080232342,1.3867811149344544
1060.7820000000002,0.22252589126544314,[15.38980988],21.09317842782584,-1.4367606380265852
1061.243,0.2164113067012179,[15.39379999],21.013070073611253,-6.185059116134262
1061.6979999999999,0.21677598571551188,[15.41901187],21.082205792641247,0.25852572695456155
1062.1570000000002,0.2166432363894254,[15.34559235],20.762973504168873,4.709545976456369
1062.6109999999999,0.2210260858536931,[15.37700046],21.15848614606756,0.23918647187737285
1063.0659999999998,0.21684180682125875,[15.52197801],21.06657858606326,-6.866031471791989
1063.524,0.21477142632863394,[15.33088599],20.916922886917376,-1.820874029011904
1063.98,0.21516675310651517,[15.28208263],21.00515125386214,4.326563573537473
1064.4429999999998,0.2187963446743969,[15.21550628],21.16089708901066,4.06331759491671
1064.897,0.21896012226452521,[15.3712379],21.020208385830898,-0.7591343505710113
1065.357,0.21808896854178716,[15.24850632],21.306515068531716,-1.3238311972903205
1065.821,0.21774148191361103,[15.13554639],20.934038238488533,-3.901124552562724
1066.284,0.21447892374987293,[15.32518624],20.795332446092203,0.4107805120794339
1066.739,0.21800029176551394,[15.4147405],21.216327308282537,4.6297269928742555
1067.1950000000002,0.21869037911947675,[15.51226144],20.925670575477362,-3.059326244210042
1067.6509999999998,0.21521018623079913,[15.41680176],20.95157733308856,0.4036031698138043
1068.107,0.21905846521035416,[15.30626065],21.051898963835786,0.008090030438195894
1068.565,0.2151837820884105,[15.32056764],20.812338005568737,-6.357775706171492
1069.0210000000002,0.2132390676505681,[15.23012655],20.65519225769768,3.815750357835407
1069.478,0.21868374083545455,[15.06574536],21.01630637471629,-1.1011742838058225
1069.9389999999999,0.21212361302657018,[15.35259705],20.73005254168266,-4.34950939428369
1070.395,0.2145969695230469,[15.25889078],20.837174893573923,1.3191582906025012
1070.8519999999999,0.2133197858057585,[15.1391421],20.674281172413863,-1.1760577374881342
1071.315,0.2135345477733876,[15.19148333],20.6651941742749,-4.125643307775068
1071.775,0.20953926477239387,[15.31619091],20.348698822522522,-4.155431596325309
1072.239,0.20973132627228047,[15.2388077],20.492883778608913,-1.2768878238681725
1072.703,0.20835431287184436,[15.2895346],20.474570679530878,-3.3564306475325765
1073.1660000000002,0.20662069168294533,[15.04687299],19.96319457452873,4.5456852307242945
1073.621,0.21239575771335478,[15.19307167],20.33211965747607,7.733796242898966
1074.0790000000002,0.21365179762996667,[15.1150809],20.608992063884077,1.8506067170544482
1074.5320000000002,0.21409053013660723,[15.27970027],20.757189161081655,-8.413907146913147
1074.989,0.20591975144606073,[15.26383941],20.006428768854438,-3.0808018966709536
1075.442,0.21116913160545275,[15.1237686],20.71301524846919,10.177055546079616
1075.8980000000001,0.21516220102397476,[15.16796898],20.895038408862145,-1.967123019564282
1076.353,0.2093985067258109,[15.05554985],20.50270484128328,-8.662838126855199
1076.812,0.20727654477285123,[15.13431436],20.16462586270828,1.897719273491083
1077.27,0.2111256880458604,[14.96775217],20.409883081307388,4.489105692921935
1077.7269999999999,0.2113918982080641,[15.14583952],20.21667614822874,-1.7762965717133816
1078.183,0.20950864174104378,[14.91884559],20.41856444752759,1.0197198091219106
1078.645,0.2123902035640099,[15.20628101],20.701277640631112,7.726687031645696
1079.101,0.21658398202142137,[15.06036042],20.761313199134637,-2.035866652171064
1079.5590000000002,0.2104843919141013,[14.94613352],20.750340520588633,-3.064488556562522
1080.0169999999998,0.21377691050360165,[15.05648932],20.925041114314503,2.220980655354421
1080.478,0.21249556796602248,[15.0505502],20.84690830156347,-2.5099007854048896
1080.9389999999999,0.211462781979458,[14.91516386],20.732202905997735,-8.075144436801018
1081.3939999999998,0.20516829794691588,[14.80371845],20.164339007664395,2.0845265002496784
1081.851,0.21342768432042453,[14.90883619],20.689521758567505,1.289942182335968
1082.3049999999998,0.20644380343425006,[14.83010108],19.932556598859716,-5.276632757961947
1082.7599999999998,0.20865146013373587,[14.84265352],20.224143545834313,-0.6516615023940131
1083.2220000000002,0.20576858597584274,[14.73138533],20.208797014074477,3.701659461015833
1083.685,0.2120953999475097,[15.00644869],20.44466176490505,3.8582280613000397
1084.143,0.20941955047573463,[14.96402039],20.403296573684035,-8.353049429882187
1084.5990000000002,0.20447073317544057,[15.08616477],20.167188237966737,-3.5454869031244227
1085.0549999999998,0.2061860664200792,[14.97908],20.38782070737245,3.5429052224714153
1085.518,0.2077235764976571,[14.83190208],20.27291382445989,-1.7687922284323199
1085.973,0.20464304440486886,[14.8700553],19.995301916868137,-0.34487643826458525
1086.435,0.2074979741159711,[14.75275397],20.169615204316802,-0.3590716978413844
1086.8899999999999,0.2044046221982272,[14.7197377],20.07417217970714,-5.659933920176552
1087.3519999999999,0.20232387831824966,[14.89178983],19.611746684288892,3.085973706955042
1087.8069999999998,0.2071290085840673,[14.97767303],20.19386054255613,-3.7414135055719724
1088.263,0.1988868149026652,[14.83229726],19.67877743985819,-4.964162136867401
1088.719,0.20260169271524292,[14.72626536],19.806292304579532,2.9255784043164814
1089.1819999999998,0.20150176525024305,[14.61720004],19.91341653707992,-0.2183699712677012
1089.645,0.202399482121851,[14.60795575],20.03038339943745,0.20342608257387096
1090.101,0.20171282697231052,[14.84779648],19.611010834970525,-6.955268085435007
1090.565,0.19591267952258667,[14.75053157],19.129641623799877,-1.8654671492264185
1091.0210000000002,0.19982790646088938,[14.80488884],19.376167804660227,8.18253135989988
1091.478,0.2033825227840681,[14.97339603],19.97492808272904,6.002818445497798
1091.933,0.2053095626858792,[15.04122765],20.140977467546115,-2.712332281745833
1092.388,0.20091430040767977,[14.72061384],19.39531757690314,-9.664452279961793
1092.846,0.19648589045345688,[14.75032997],19.646273176298994,-6.058934055926751
1093.3029999999999,0.19536316346216076,[14.63799474],19.581266918558708,0.7576278860473018
1093.7620000000002,0.1971927631751632,[14.79406656],19.484991717450878,1.6578843775960639
1094.219,0.19689107794953153,[14.57873958],19.667137779751627,-0.979903191307252
1094.681,0.1962890170453287,[14.57139091],19.448472760186526,-0.3178778101348978
1095.1399999999999,0.19659241997432642,[14.56452654],19.01049884087438,1.022797108456014
1095.594,0.19721923262512248,[14.74059078],19.164146430018388,2.731606200530617
1096.056,0.1991163770834618,[14.56478874],19.641378345005357,-0.12104923198666406
1096.5120000000002,0.19715850909083188,[14.73540747],19.60922739467551,-2.1487037515455496
1096.9679999999998,0.19715675926205073,[14.54116444],19.535538320190778,-0.05881872487517592
1097.4229999999998,0.19710503507465943,[14.60563931],19.43410343007353,2.9570305656277664
1097.8809999999999,0.19987501316838063,[14.40002073],19.497763734356514,-7.547620293539698
1098.341,0.1901218184766702,[14.70436834],19.179208267711285,-9.390950352539813
1098.7979999999998,0.1911928729117161,[14.4973066],19.25207298983397,6.178438921375595
1099.261,0.19585230166666345,[14.71018509],19.647664220414878,1.159686088370554
1099.716,0.19239869596663445,[14.62021391],19.401809709937492,-3.035452640356151
1100.1709999999998,0.1930900397639398,[14.54595897],19.27514250887471,0.40932911971525154
1100.6260000000002,0.19277118546557442,[14.51832501],19.139274229522307,2.214765535978991
1101.0819999999999,0.19511352866342957,[14.56200197],19.21477491624828,5.645140845479152
1101.54,0.19793288235142026,[14.46399621],19.57684766936729,-4.357090384064566
1101.9940000000001,0.1912235980465214,[14.50284832],19.200862560600655,-0.4237014416919316
1102.4569999999999,0.19780528940776815,[14.54342973],19.495368475839687,4.851139928971682
1102.9209999999998,0.1957018561832981,[14.45803925],19.39616371734885,-10.849455028185378
1103.3780000000002,0.18790070102771933,[14.5574397],18.879076354825177,-5.208553429974949
1103.833,0.19090431204657132,[14.29592923],18.84424662719766,7.488475082564699
1104.2959999999998,0.19478944005188276,[14.56580989],19.349242537576796,-7.286092247852094
1104.7579999999998,0.18419599745193443,[14.39189759],18.553663008529053,-4.635595211883503
1105.2199999999998,0.1905061500761025,[14.34603015],18.893056036831833,9.744574847996484
1105.6819999999998,0.19319998461148297,[14.53730023],19.16182038243084,-6.345837128925225
1106.143,0.18467326934533956,[14.39169945],18.542920573410697,-6.076706301768486
1106.5970000000002,0.18746724650248942,[14.5061705],18.926620904508756,7.41738859947913
1107.0520000000001,0.19141820487254796,[14.48101169],19.034161427185023,-2.259836824436978
1107.5140000000001,0.18524059196397102,[14.4264103],18.444196792259106,-1.170502997424272
1107.973,0.19026720357174137,[14.49046257],18.820947421150393,8.262602668794832
1108.4360000000001,0.1928371089365885,[14.34307394],18.92601781789905,-1.9797793936558172
1108.891,0.18856921047369457,[14.29132945],18.953234244370613,-0.3416512111259762
1109.3470000000002,0.19254396123857304,[14.36591214],18.92029880135825,3.779630540608536
1109.804,0.19201012847436727,[14.12345302],19.17674725524907,-8.241719454242958
1110.2579999999998,0.18507805708228636,[14.20563757],18.565377904855225,-1.4534455910242827
1110.7130000000002,0.1907166077308704,[14.32254001],18.794842461544,8.351295621576465
1111.1689999999999,0.19267799626518628,[14.19000325],18.82929076456256,-2.8355630650560846
1111.627,0.18809629307058207,[14.11107166],18.870842345716518,-2.805156912744078
1112.0819999999999,0.1900738380891877,[14.21065116],18.800579342034187,-2.3292688300335653
1112.542,0.1858978900880161,[14.27656405],18.40404892650724,-2.1451123883588497
1113.0059999999999,0.18814745967492386,[14.13305679],18.810127768829446,3.8433027044512125
1113.464,0.18945339610589595,[14.18487158],19.065267631813562,4.169037998360103
1113.917,0.19193234873135895,[14.11700344],18.973444425962345,-2.940753829306031
1114.3719999999998,0.18674946511969892,[14.13998671],18.49605009538674,-2.447544619172959
1114.83,0.18975157784688096,[14.14524239],18.724772758082526,6.929935484830923
1115.2910000000002,0.19312033382652083,[14.19554772],19.007639716817355,-1.135298183138983
1115.755,0.18865060543137302,[13.92225781],18.8669030720169,-8.593109399980815
1116.2109999999998,0.18519817780165088,[14.00964986],18.799655196439446,0.1388282310083866
1116.6729999999998,0.1888711777244811,[14.02608418],19.079875035491916,3.9918860242282306
1117.127,0.18891753034386394,[14.19906255],18.669786281906518,-0.6320134577957603
1117.583,0.18829310256298848,[14.07294492],18.74656686289144,-3.7467619496503737
1118.04,0.1854919766646696,[14.15947355],18.684538507636972,-3.273506953421684
1118.502,0.18531346461588155,[14.11722667],18.543266410710597,1.5770040062656754
1118.9630000000002,0.1869436288247796,[13.90078169],18.759011660074066,-0.912084915500988
1119.426,0.18445286662608623,[14.06544976],18.52063941663248,-4.808872821858823
1119.8870000000002,0.18249795229557697,[13.99578538],18.490439808058717,-3.015863256925461
1120.3449999999998,0.18167396381221573,[13.8298557],18.352281740902924,3.254478988922477
1120.801,0.18545237590560654,[14.18199932],18.49359723703687,5.148888881658348
1121.257,0.18636975047228949,[13.8969735],18.579512074124857,-9.060078216964362
1121.716,0.17709575462616428,[13.86714973],18.099237534403375,-7.569502629636821
1122.1779999999999,0.17947429798910713,[13.94557457],18.035109573591825,0.25409374909313165
1122.634,0.17738736253835868,[13.98054773],17.95654069267162,2.3506723863457593
1123.089,0.18160192115404655,[14.12404699],18.288060865725072,9.025150707258872
1123.5500000000002,0.18565153040009064,[14.11056126],18.649542376912237,-2.2410781076102615
1124.0059999999999,0.17965650941774908,[13.97729778],18.208001367257804,-9.157761706910017
1124.4609999999998,0.17730083980511468,[13.87801716],18.122669864302363,-5.350490560121574
1124.9160000000002,0.1747875630080366,[13.97541688],17.76838826763304,-3.813613562026946
1125.3760000000002,0.1738285780729038,[13.78289797],17.853241591115815,5.227224251175583
1125.83,0.1794780745257355,[13.69424522],18.265418287017116,13.609076895039735
1126.2869999999998,0.18623346173664573,[13.72792467],18.259587664629887,-1.311643958792852
1126.7420000000002,0.17834608906310928,[13.87346897],18.259876173935655,-14.09177608288384
1127.201,0.17337963731158473,[13.80211532],17.484684698032282,-4.469360214925749
1127.6570000000002,0.17421864421523114,[13.72291461],17.72218077753524,-2.884236448679217
1128.1109999999999,0.1707738373587328,[13.77271145],17.566320403359658,-3.696676942142041
1128.574,0.1708995237295946,[13.76610313],17.55781693490623,-1.522315251821449
1129.036,0.16936927942874402,[13.81665193],17.525989601317853,5.003904524082614
1129.4989999999998,0.17554478565787973,[13.82366494],17.79374317102792,7.02016960986776
1129.955,0.17590859666697434,[13.70133828],17.817530337774752,-9.74593522414921
1130.4099999999999,0.1666873030791577,[13.8464989],17.33742460037191,-4.362576335237539
1130.87,0.17207675319633964,[13.75903167],17.47070955956408,-2.469061144791368
1131.324,0.16459969412688252,[13.62679992],17.245194734425663,-5.703958956676941
1131.7800000000002,0.16692930673111123,[13.64707785],17.26595513408737,4.947746456384655
1132.2440000000001,0.16914902141298233,[13.59368178],17.135471035609925,1.4589190925426154
1132.6970000000001,0.16833941734523322,[13.63156395],17.3634088028976,-1.5705703503650914
1133.152,0.16772381198813247,[13.73735541],16.928575805496227,-0.5423578384844141
1133.607,0.1678458717122125,[13.50018439],17.142885105476164,-4.829920998889515
1134.0700000000002,0.16320765645787066,[13.65967072],17.16017415208048,3.6768810687589637
1134.525,0.17100402753321314,[13.60266703],17.522529629480974,5.0341261375052575
1134.978,0.16782693963184409,[13.46942671],17.238873403147565,-2.9228140800690583
1135.4340000000002,0.16837181455510142,[13.69458621],17.23512747949871,1.0932437986279353
1135.8960000000002,0.16882930952521813,[13.66091584],17.06688192221634,-2.811944006447603
1136.351,0.16584608933834383,[13.54042521],17.182052569118838,-4.612021173075825
1136.8049999999998,0.16463309753911382,[13.7687096],16.897263668678328,0.20837509969443002
1137.2689999999998,0.1660956153411205,[13.80077685],17.21791956989686,2.1104730019528564
1137.7309999999998,0.16659155258050884,[13.47418049],16.873153549340156,0.013213148006452347
1138.19,0.166114125460809,[13.55009464],16.884479152207987,-7.022866290884333
1138.6509999999998,0.16010653257566437,[13.87596664],16.895078096291098,7.399732946212989
1139.107,0.1726964746873833,[13.61920147],17.617651876109868,3.1826781574895993
1139.565,0.16291757876498203,[13.46758717],17.06768637979025,-6.2587677553739285
1140.02,0.1668919611045777,[13.63156732],17.074189284755814,0.44896887825410237
1140.475,0.1633261404441932,[13.48276731],16.791262348582183,-4.885701719464036
1140.9299999999998,0.16244597253986615,[13.40438678],16.839020875674585,-0.3277116801450597
1141.384,0.16302504061165324,[13.50796596],16.606853774777747,-2.0511302355863403
1141.8470000000002,0.16050461360935347,[13.52941801],16.8688817578656,-2.8458922808926035
1142.31,0.1603897443595445,[13.5747359],16.598876134038502,2.9944599100410474
1142.772,0.16326801091422288,[13.37598986],16.760086330078224,1.381536691506119
1143.234,0.16166628426249613,[13.37875503],16.6330565475339,0.8146875920868046
1143.6889999999999,0.16395559075071492,[13.23708226],17.038111989355613,-4.244260104434599
1144.1439999999998,0.15780400756746127,[13.32756441],16.513151842337823,-0.6994131482508381
1144.598,0.1632942112762103,[13.07528197],16.56419014253071,-0.5918580424451869
1145.062,0.15700419151671485,[13.36795361],16.597865391684955,3.9407791779934307
1145.525,0.16691235757046968,[13.42454739],16.99995029382155,-0.8835117139714965
1145.987,0.15623146192971532,[13.33096371],16.586738915367835,0.6684819680027876
1146.442,0.16719485617915508,[13.16910657],17.17639801842033,1.059004062986646
1146.8980000000001,0.15715009126587914,[13.20226667],16.308919931486905,-9.2450476268027
1147.359,0.1588456777807956,[13.42255644],16.803435064691225,4.250382126176816
1147.8179999999998,0.16105815850677607,[13.07636464],16.520996221898262,3.1344056594093117
1148.2730000000001,0.16172395229904118,[13.27320364],16.675062762442057,-3.5317513237528573
1148.726,0.1578712645299558,[13.12505415],16.57126616919445,2.7250251414601134
1149.1840000000002,0.16431936849860496,[13.07071664],16.868369501525923,1.5549657779896642
1149.6399999999999,0.1593424893277161,[13.19736047],16.68219293554409,-5.320292924594433
1150.096,0.15946726135138095,[13.05705883],16.6891806266147,4.321543600547622
1150.5500000000002,0.16325893782932632,[13.15245939],16.811430008800574,-3.6311376997653353
1151.013,0.15591967890763725,[13.00983449],16.487097945393387,-5.062615905737894
1151.469,0.1584564908060101,[13.0393945],16.314520717171003,-0.11691761774920706
1151.9319999999998,0.1557320998326593,[13.1612847],16.058284372831217,-4.010647965190461
1152.3870000000002,0.1547449979021825,[13.0278395],16.37471343773582,2.3153149493915226
1152.844,0.1578616455720142,[12.9761277],16.466512843932396,3.6408597015968045
1153.306,0.15805898468278773,[13.29184882],16.269432346220825,0.3027767517400637
1153.7649999999999,0.15814124672277197,[12.98636691],16.734968873525723,1.4505440551842164
1154.2220000000002,0.1593826088207156,[13.08058083],16.396286705055324,-6.129931971631447
1154.6770000000001,0.15258605637732858,[13.28743214],16.085421581634723,-3.433940782697209
1155.1390000000001,0.15639597348505052,[13.07700632],16.439600768748942,7.70699859809107
1155.594,0.15966087091729586,[12.97094299],16.500151222414726,-5.098218625400746
1156.049,0.1517565945359366,[12.91947449],16.060258013500988,-6.370458863665801
1156.5120000000002,0.15399036238927166,[12.85636491],16.23328528456079,3.7689257324943215
1156.973,0.1552432953003416,[12.76199012],16.162383260478205,9.270376843441813
1157.4299999999998,0.16244837560655695,[12.85303668],16.784070878463503,-3.4307153704792315
1157.8899999999999,0.15198177071877483,[13.04136149],16.092533385221852,-9.861201608643261
1158.344,0.15328153885053752,[12.84015219],15.988971714408082,1.626413842801988
1158.8000000000002,0.15345685037512008,[12.8780581],16.09475612775896,-3.327924484705841
1159.2599999999998,0.15020333072695957,[12.79257695],15.769680692532347,-2.9615031312144047
1159.723,0.15074813161879286,[12.91000296],15.69931923058017,4.321249733328786
1160.1779999999999,0.15412035947022568,[12.94088998],15.987601710517367,-0.25476390796030923
1160.641,0.1503905199620303,[12.68764853],15.902282375749992,-11.936131201405159
1161.103,0.14308719037275636,[13.04607578],15.39667997822514,3.2127479241899346
1161.562,0.15323570641190004,[12.96759238],16.055034176776044,6.940847698407026
1162.0230000000001,0.14941196122560912,[12.9163291],15.942060765004834,-8.98634154856831
1162.478,0.14501246612479268,[12.85377588],15.538429980517888,-5.799848235744726
1162.94,0.1441480882997317,[12.80946581],15.608913189715562,0.6433826652136043
1163.404,0.14561831756322802,[12.80535642],15.606413304007743,5.928342491695715
1163.8670000000002,0.1496381482473799,[12.78975608],15.443957877099718,-2.7939709487408426
1164.3249999999998,0.14315921176560176,[12.72774327],15.555355246742177,0.7413184685152452
1164.7800000000002,0.1502259397497019,[12.78127577],15.881767384773276,5.149878559124021
1165.2440000000001,0.14770323699431576,[12.75042785],15.770782701753259,-2.609327891099994
1165.701,0.14778346191813785,[12.96032579],15.855427502192311,-0.8643049700743088
1166.1639999999998,0.14689551628572478,[12.68587934],15.606351598821584,2.6124435294459234
1166.618,0.15009832063617362,[12.58808341],15.771916054874191,-0.886391375534118
1167.0769999999998,0.14600639341358546,[12.80893038],15.69478020750651,0.16789237773265353
1167.5410000000002,0.15034460766989927,[12.90317755],15.93660658055993,-0.9304380548176838
1167.998,0.14529229488610623,[12.80320471],15.498985987334962,-4.328938478804057
1168.4609999999998,0.14644323154950295,[12.77472362],15.696459129580884,0.6062322474309767
1168.9160000000002,0.14587862974849455,[12.74861645],15.421538306319102,-5.801987500566819
1169.371,0.14116342292398953,[12.6619004],15.371324153719284,1.656011129230639
1169.8249999999998,0.1473599320744684,[12.84745019],15.5211191162111,6.616977453202278
1170.283,0.14714160477841445,[12.44172066],15.49061246641673,-4.672288023729432
1170.745,0.1430277157948115,[12.67337614],15.416858334855437,-10.743837657538723
1171.203,0.1372719249626047,[12.62823904],14.895666454513705,0.012706511905130613
1171.658,0.14296408443172867,[12.65485118],15.465746011852376,4.954262062168424
1172.1149999999998,0.14175992162299994,[12.69963002],15.415039400171732,0.579952657418864
1172.5769999999998,0.14352938561489748,[12.57428364],15.22223984813385,1.5556396526571203
1173.0410000000002,0.1431913267739015,[12.80236683],15.37903772845949,-4.709527313166539
1173.4969999999998,0.139259766625528,[12.54968994],15.198888013079484,-0.6267547463131573
1173.955,0.14265052341886342,[12.65199466],15.304254700946903,1.8425867443314647
1174.4099999999999,0.14097530392370541,[12.65088918],15.378522725040499,-0.5095325519922922
1174.871,0.142222109816351,[12.48400177],15.145526803226131,-1.8309741049063188
1175.3319999999999,0.13928714579898585,[12.61555692],14.890030049933788,-2.7131900552305463
1175.79,0.13970683952116025,[12.39651451],15.307997367946257,0.6966511687439003
1176.2440000000001,0.139924241674759,[12.56449619],15.055544950220328,-0.1875804696869765
1176.699,0.13953499452660822,[12.3934667],15.123977795971571,3.571705449607859
1177.1550000000002,0.1431869294568244,[12.34504832],15.214620280844576,0.7273120481601225
1177.6129999999998,0.14017056859869131,[12.53114337],15.069130360542824,-2.733798432512896
1178.0720000000001,0.14068774898961803,[12.45856187],15.034877697041,2.5819881652316132
1178.5259999999998,0.14251345071962107,[12.45144325],15.10141811967688,3.3022795801737894
1178.9879999999998,0.14370103027765213,[12.40568559],15.22906867170641,-4.588693309763387
1179.4429999999998,0.13840508860989428,[12.36650076],15.12512297019809,-4.616112020518676
1179.8980000000001,0.1395003683389851,[12.25001907],14.971921030026756,0.19415672570549658
1180.3539999999998,0.13857753442022558,[12.35542524],15.292970460670992,-0.9720523370412293
1180.8110000000001,0.13861499027415466,[12.40276864],14.96269924229695,-2.8409523652395685
1181.27,0.1359635048195548,[12.40892963],14.968609957020636,-2.9235200083216895
1181.726,0.13592290658986697,[12.52469754],14.712996440537909,-0.6010985566558547
1182.1840000000002,0.13541204797754758,[12.42287554],14.913142046413975,1.515319514981961
1182.638,0.13728392404014814,[12.27055422],15.008893287276528,2.7500842499919855
1183.094,0.13790912058509264,[12.33708175],15.02037709990353,-4.559252146966869
1183.558,0.1329936949872996,[12.21856492],14.643959926518422,-2.8864218526138408
1184.0120000000002,0.13510690299598288,[12.33686099],14.768166905432134,-0.9035903181386362
1184.473,0.13208849467963102,[12.47940689],14.698545888560547,-1.756149233208798
1184.9270000000001,0.13343345648677507,[12.22759833],14.613368832437095,3.19096524038362
1185.382,0.1349895395750304,[12.36929268],14.90050680646153,2.0268632069767034
1185.846,0.1352708199783973,[12.4214607],14.787258974944061,-3.019187861652284
1186.301,0.13227953016990368,[12.03796081],14.617214186901391,-3.4688365949452904
1186.7599999999998,0.13212525594619967,[12.20436177],14.70436333083633,5.733973694468652
1187.2150000000001,0.13747203305505262,[12.09985197],15.176737773539331,2.1875422716405577
1187.6689999999999,0.13413283808461568,[12.01559167],14.658070408656954,-4.213516070562751
1188.1239999999998,0.13364823694446393,[12.39712575],14.579262659559244,-0.3391872891318204
1188.5859999999998,0.13383204369337923,[12.0198508],14.98471702106603,3.0396541222776907
1189.045,0.1364319590307003,[12.17183667],14.770544582234653,-1.4717248216944423
1189.502,0.1325124256826568,[11.97078618],14.416151801718197,-0.5850193607630227
1189.958,0.1358818705614167,[11.99548908],14.81686054359623,-0.83792548417011
1190.422,0.13160874661843389,[11.93679412],14.424268283621428,-7.3644409239141115
1190.88,0.12906986063162346,[12.2116844],14.227765352223358,-2.8834786460534554
1191.339,0.12896992238881042,[11.97889745],14.349209048393384,-5.213749455444116
1191.7979999999998,0.1242836386315275,[11.99592609],14.103290621690864,-0.1800565024577261
1192.2559999999999,0.12878477300322233,[11.8868677],14.299065262109437,2.996207641379034
1192.7199999999998,0.1269636259355203,[12.00609965],14.250194842095135,5.9576813905017065
1193.1819999999998,0.13426214089612418,[11.89896988],14.522739607667969,2.825460818465686
1193.6399999999999,0.1296663781600433,[11.81654789],14.185019592060126,-12.328565009543047
1194.1039999999998,0.1228674938485759,[11.95190236],13.980531299898615,-1.9109263629669138
1194.567,0.12786949319934515,[11.89182401],14.365224883634799,5.069123388947827
1195.022,0.12761190576405537,[11.89337815],14.325390262650217,6.684693581938628
1195.482,0.13405889442164684,[11.90923125],14.615622752155948,2.1010422188332267
1195.94,0.1295882155216948,[11.83247687],14.407942872393491,-6.431895956729439
1196.397,0.12816705806732595,[11.91997211],14.306101711863692,-0.13212154895916872
1196.859,0.1294967350301702,[11.6816247],14.425411144846786,5.10086928185366
1197.313,0.1328041977572839,[12.03261114],14.548286046670933,3.5427472323454614
1197.768,0.13270959919525505,[11.78557296],14.562406920014016,2.4104543340049966
1198.2289999999998,0.13504380145357262,[11.90861306],14.69828885583244,-1.2592166947865968
1198.6909999999998,0.1315346833467643,[11.85163508],14.65302878188136,-8.286829299612192
1199.1480000000001,0.12743508127291217,[11.9514724],14.114246450727125,-2.031542217750537
1199.6059999999998,0.1296897156829424,[11.84840761],14.213232126106163,4.948046404438633
1200.0700000000002,0.13199748520980695,[11.89413557],14.382096946404697,-6.156301707468559
1200.529,0.12411814896260229,[11.81185891],14.046608548138657,-7.155978635470294
1200.9850000000001,0.12538989905173537,[11.77509435],14.08029119533974,8.23734850903196
1201.44,0.13161148855687452,[11.89428412],14.487070908042776,0.4732820443207608
1201.902,0.12563766951503338,[11.87422505],14.089805969588127,-0.28482165684703964
1202.357,0.1311746109730802,[11.94127393],14.327193088116104,-0.5768876001377987
1202.821,0.12487581292950392,[11.69595299],14.092632441004405,0.4470742208809997
1203.283,0.13153263430151335,[11.56101839],14.350159317950002,3.722510523501282
1203.7399999999998,0.1284030837808153,[11.56721961],14.360915995417168,-5.4744259414152285
1204.2019999999998,0.1265154480622302,[11.77540096],14.216598965865991,2.188790333025298
1204.6639999999998,0.1304255260485306,[11.51511167],14.332854053286264,-0.0005412454798514599
1205.12,0.12661585863527167,[11.81818392],13.949439479997372,-6.401848076418359
1205.576,0.12458704060283537,[11.67060469],13.95251703828117,-5.545160549786515
1206.0320000000002,0.1215586722138649,[11.56441903],13.699185784569869,6.1299722258529314
1206.487,0.13014593104550154,[11.65213647],14.309651462365029,-2.3023897072579347
1206.9499999999998,0.11910329215605797,[11.73773889],13.650552651013074,-3.0572283644779708
1207.413,0.12731493758001408,[11.51121138],14.368876970738453,0.7965902322404905
1207.868,0.12010324682956872,[11.46901591],13.640774126355499,-5.448483553835093
1208.3290000000002,0.12244976624625761,[11.533811],13.786989741348778,4.265688335865548
1208.7849999999999,0.12402308208247703,[11.43199529],13.83238291572131,3.2881363507110684
1209.2440000000001,0.12545743510141044,[11.65524336],13.919407500681913,3.358118148163891
1209.701,0.1270981876739948,[11.41452964],14.224453071255262,-4.38082553549482
1210.1639999999998,0.12133079456393955,[11.4556358],13.629529345325134,-4.73476309240678
1210.623,0.12267122847119671,[11.27577326],13.977054637382032,5.724313183766233
1211.0839999999998,0.12660840304003446,[11.59733918],13.831385856638484,-0.45810521454095476
1211.547,0.12221186671771028,[11.46928249],13.543014876012753,-7.206978676944475
1212.007,0.11994267353082722,[11.51228507],13.413368031752123,-0.5403426457145644
1212.471,0.12174788439031961,[11.70091648],13.52091984004654,-0.4753467724199767
1212.926,0.11958365367204513,[11.34416986],13.508282421303434,-2.717036391217731
1213.3829999999998,0.11927812318988024,[11.57438089],13.762269180338448,1.4452504514514686
1213.841,0.12091029007513335,[11.48905091],13.629633610581534,3.8318593370849365
1214.2959999999998,0.1227750069773873,[11.39813233],13.793449359895757,4.7332818690561105
1214.7510000000002,0.12521757657597646,[11.414924],13.887115759654584,-5.467940883592426
1215.2069999999999,0.11777201656513764,[11.30465692],13.257577104806755,-4.902046889163458
1215.6619999999998,0.120728985045651,[11.39455977],13.670925797012707,0.557507708609184
1216.1190000000001,0.11825664606749689,[11.60239858],13.546342601990291,2.045190983478662
1216.574,0.12256444398288874,[11.16416679],13.756419434525784,1.0990576629522908
1217.0300000000002,0.11924113194572314,[11.47365547],13.680432732471433,-5.384069801760289
1217.4850000000001,0.11765575277830875,[11.53901754],13.60317425428445,3.4538417567137323
1217.942,0.12241884938923633,[11.3360274],13.68107119678,0.22863357782978988
1218.3980000000001,0.1178848607233402,[11.27273446],13.300294077724269,-5.493297951129711
1218.8539999999998,0.11740896165780307,[11.27724995],13.378169515557941,-0.7215125964445956
1219.3090000000002,0.11722691920298525,[11.24971684],13.326486669914122,-0.3431083245742095
1219.7669999999998,0.1170960467945385,[11.44890885],13.426368456590744,-0.4842831143651305
1220.2240000000002,0.11678419679085264,[11.21555333],13.359221628596256,2.305226813248462
1220.6860000000001,0.11924458979143096,[11.19869836],13.63779013761238,-2.535088653708578
1221.1439999999998,0.11451452791740116,[11.0217818],13.182476355659828,-5.141371763521432
1221.6039999999998,0.11454560090449445,[10.91079449],13.335376863215595,2.5478297880782845
1222.0679999999998,0.11688865115071637,[11.53576092],13.375464245072214,-0.351574591895637
1222.522,0.11432971640316741,[11.44708992],13.20475906225058,-0.7652168830956929
1222.9769999999999,0.1162028221400338,[11.27889104],13.269428642870349,2.551302795143373
1223.435,0.11664963241225712,[11.09844176],13.086174795879192,0.44467456366864555
1223.8960000000002,0.1166082822693382,[11.24626569],13.365282967340198,-0.2921119456539556
1224.3519999999999,0.11638377893435561,[11.08107512],13.35816930489271,-2.9624083425147383
1224.806,0.11392234931618053,[11.07655102],13.183270607171982,0.5088348288760369
1225.2620000000002,0.11687059282349102,[11.05243114],13.375275870869412,2.3497115964750543
1225.726,0.11601765458290136,[11.43631774],13.153456378098264,1.5024198173592407
1226.1799999999998,0.1181837212075523,[11.24076149],13.108360545180108,0.4718737743172885
1226.6349999999998,0.11643797997798222,[11.18266015],13.064140988938018,0.7946462020576306
1227.092,0.11892700502024267,[10.97061854],13.548731348192428,0.6786277472316526
1227.5459999999998,0.11708472285926469,[11.37490416],13.53344421756492,-5.972590378013953
1228.002,0.113484272106022,[11.23223678],13.018673800108187,-2.1192506645825726
1228.4609999999998,0.11518038135856559,[10.9392136],13.24161655599229,2.4879933072788214
1228.924,0.11576850198252792,[11.17041261],13.401415108212687,0.12880331522577282
1229.379,0.11531672799232132,[10.93250446],13.196371507906079,0.6399839897058557
1229.8359999999998,0.1163587133116834,[10.97834423],13.223181444424815,-0.35557575610584147
1230.2939999999999,0.11498609914591895,[11.02088937],13.035990694365053,-2.0083053271042206
1230.752,0.11451910563205561,[10.95273171],13.154290798342382,0.4765549120895607
1231.2150000000001,0.11544004980384284,[10.86248153],13.254356344739145,-1.8460011669442222
1231.6750000000002,0.11283818249565677,[10.99594712],12.754059116403269,-0.6965111115307954
1232.132,0.11477168781960723,[10.88076345],13.433050896188801,-2.6887146502462405
1232.587,0.11041369248814997,[10.82940523],12.903195650638052,-1.5405040735545912
1233.0459999999998,0.11342824979516006,[10.86713752],12.982973382065047,4.995976644351419
1233.509,0.11500735467711815,[10.76392041],13.349594768176255,3.715931948299417
1233.964,0.11683463211827019,[10.97898805],13.18238458697643,-4.489670566187195
1234.42,0.11090023476766406,[11.05420245],12.950141707574934,-1.546898569080482
1234.882,0.11555309010014633,[10.86949667],13.028907098685462,0.7753116742986454
1235.3449999999998,0.11159878633807946,[10.76804929],13.006377956769358,-2.2406975109992846
1235.806,0.11345754036543979,[11.01653343],12.903880707161978,5.644581073300362
1236.2669999999998,0.11680309008766107,[10.97366369],13.12932513092484,-3.163422066791294
1236.726,0.11058878396606531,[10.78190585],12.841630216521905,-6.542132021007382
1237.1889999999999,0.11082746154679404,[10.69952221],12.882464389305229,1.6935932444718804
1237.643,0.11212080943715924,[10.81197881],12.953885238061897,-1.4274823391848546
1238.1,0.10950128276656942,[11.31113667],12.880129176376254,-3.951869493231203
1238.5549999999998,0.10850959949499339,[10.75345106],12.741315408302398,3.5932002531072205
1239.0099999999998,0.11277109499689647,[10.98169054],13.01675059470494,3.2028906735092066
1239.473,0.11135037770893844,[10.91657409],12.804713448919271,-1.828516057418614
1239.929,0.1110734601406792,[10.99579577],12.823300590206127,2.020169370494665
1240.3890000000001,0.11322196460127074,[10.77685434],12.872019871602705,2.0158743140811923
1240.8490000000002,0.11292806450963405,[10.67168293],13.010827785049887,-1.8201421749498432
1241.3049999999998,0.1115641231142524,[10.75848541],12.994748253118482,-2.120332565876404
1241.768,0.11099176318864981,[10.73417655],12.909337780252963,-0.2066522789854336
1242.2269999999999,0.11136538892118428,[10.76909201],12.987448983846868,1.8139534893958364
1242.687,0.11266078853209816,[10.74673008],13.101023826181953,-3.12134575554826
1243.149,0.10846370677726205,[10.66037767],12.613236611719683,-4.697200232570073
1243.6129999999998,0.10832876867206023,[10.75831921],12.738438090899164,-1.6618549878685551
1244.076,0.10692590632889112,[10.70655076],12.618131451283405,-3.0465130550007826
1244.5320000000002,0.10552925343963557,[10.51709802],12.309452183458369,2.40289284540704
1244.9859999999999,0.10909072385067489,[10.8284248],12.744157450237054,6.146711336285082
1245.442,0.11111595404726932,[10.65028101],12.970755563659601,1.1023794398801328
1245.9009999999998,0.11007930164942659,[10.90268877],12.765869126952145,-1.4669427228734406
1246.3580000000002,0.10976907517430462,[10.68498959],12.671564697833855,-1.9457713840568407
1246.8159999999998,0.10829638418305226,[10.79716278],12.621062535275296,1.1548841810303108
1247.2710000000002,0.11079734811199196,[11.03936242],12.93767681398932,-0.6553757701578261
1247.728,0.10767401939800053,[10.57264533],12.334221763253298,-1.951387549091646
1248.1860000000001,0.1090216052490782,[10.98001697],12.662268606376362,3.3378222844417382
1248.6460000000002,0.11073972568961882,[10.5331972],12.739236692325699,2.8455143980309487
1249.1019999999999,0.11163518173780254,[10.55566236],13.008256506869644,-3.3984314244769194
1249.56,0.10761206372791901,[10.98163077],12.54930127443661,-4.756600491756941
1250.018,0.1072781356873524,[10.53765024],12.502193966793872,1.2402969785451217
1250.4769999999999,0.10875335915224593,[10.46297315],12.53924887749832,-0.6941663089354289
1250.9360000000001,0.10664089101574603,[10.81452261],12.57435663267122,-5.673958815403196
1251.3899999999999,0.10358369270324952,[10.63564372],12.401511952304304,-2.6391773280216717
1251.848,0.10426686351787828,[10.57339796],12.32340678665574,4.688553227571751
1252.304,0.10785627061831948,[10.47994254],12.518326963345968,3.9574189007894196
1252.763,0.10786434003297743,[10.43698843],12.544002166595492,2.737678179737815
1253.223,0.11037764298714947,[10.40771876],12.838524562527457,-1.2699932211681504
1253.6799999999998,0.10674002667472887,[10.68750645],12.412811867764711,-4.790605504397333
1254.147,0.10601520032537462,[10.392015],12.29616876105509,-3.540495265356866
1254.6109999999999,0.1034557176897403,[10.27919228],11.961192803729393,-0.37153109418935903
1255.074,0.10566051289800202,[10.46439492],12.432252580296117,0.8679307698056526
1255.5349999999999,0.10427322826286606,[10.31179187],12.203040284854048,1.4719424542359998
1255.989,0.10694507924386012,[10.53243516],12.549355218668863,1.1541096010540264
1256.4450000000002,0.1053045022179156,[10.42851842],12.563669840393343,-2.4753292720539055
1256.9,0.10468781188375437,[10.25465187],12.329864671002841,-1.5546244807776444
1257.362,0.103876100454628,[10.22972844],12.139551232120661,0.9907005073144792
1257.8179999999998,0.1055645172323619,[10.54265581],12.505964488319647,1.159256870014752
1258.272,0.10494117554172036,[10.33908218],12.36057279381991,-2.006118363836351
1258.732,0.10372327741599999,[10.8831142],12.202827629896056,2.526462828406739
1259.188,0.10721420292050951,[10.29693566],12.482587222719202,-0.6769860462065569
1259.6419999999998,0.10314047711937244,[10.22458709],12.252298671114028,-1.9636940589258938
1260.0970000000002,0.10544323900039773,[10.71569679],12.38979393492941,1.1176639220831648
1260.551,0.10416431166024748,[10.68837786],12.343326195587053,-3.4450848497580564
1261.0079999999998,0.10230098586599548,[10.35437099],11.899627092905956,0.8399548966728926
1261.4650000000001,0.10493203043581115,[10.4800948],12.151239171400851,1.6293827574728192
1261.922,0.10379024170632975,[10.42116191],12.315710231182681,-0.3362366347643697
1262.3760000000002,0.10461278820145106,[10.20233996],12.364771200553514,-3.8570888120329077
1262.8339999999998,0.10022702600410197,[10.20526167],12.085516756014465,-0.9722040061052456
1263.29,0.10368985409737691,[10.21061306],12.376135906363274,5.198900859258379
1263.737,0.10496431841592133,[10.17554345],12.39490464210599,0.2698225450791514
1264.217,0.10376332320617004,[10.64842298],12.340174043481248,-1.3389943060458513
1264.6709999999998,0.10365485562659091,[10.27532236],12.221213228689768,0.3745670000840917
1265.1309999999999,0.10411308787890988,[10.26474234],12.289235791727261,1.0820278781709103
1265.5900000000001,0.10464906769169022,[10.41641172],12.246565051877138,-0.9350863896546435
1266.045,0.10327516800580527,[10.15002407],12.163077071068686,-0.8463548277034688
1266.5059999999999,0.1039000570744553,[10.14167289],12.108209204059293,-3.2487552494288865
1266.9630000000002,0.10032948498986374,[10.61137593],11.8238317630635,1.6582958408480897
1267.4209999999998,0.10543636122162214,[10.73441374],12.105674509383947,4.064367855190543
1267.88,0.10404232280755046,[10.24152506],12.14466599147683,-5.115950261726315
1268.339,0.10073991888135866,[10.5235587],12.085437500442314,-3.023690575293378
1268.763,0.10109155977607265,[10.37853915],12.01322327354591,4.907288568718651
1269.2689999999998,0.10603715061277905,[10.04226349],12.129418314569115,-2.1059299358063694
1269.7240000000002,0.10021843718819395,[10.45984521],11.970172690433477,-5.670582863466403
1270.1779999999999,0.10086837083681194,[10.00700644],12.102822601471027,0.3420838707202667
1270.6329999999998,0.10052721005083964,[10.07442675],11.854748175799127,-2.425603841409413
1271.092,0.09863790359720462,[10.58130014],11.764900988716521,-2.4293515119268028
1271.5549999999998,0.09830090103185235,[9.93567056],11.883809637695759,-0.6884517868405993
1272.0189999999998,0.09799978770698423,[10.04745497],11.84849590630957,5.880745358609607
1272.4769999999999,0.10364509850899772,[10.59324232],12.097633816586209,0.5994075310926661
1272.935,0.09854884500546521,[10.41306549],11.760814821311776,-3.796927828516372
1273.3960000000002,0.10019984745842953,[10.41576212],11.993560972256109,0.3566836469459239
1273.8519999999999,0.09890799570202363,[10.22518813],11.564253389363705,-2.2525574028445376
1274.312,0.0981411688508001,[9.85378881],11.687055562178507,-0.029031227819484307
1274.775,0.09889105982825014,[10.38586388],11.83964078137026,3.2082652743566085
1275.23,0.10106115788200704,[10.00928264],12.010864375182138,-0.9559930750287216
1275.6889999999999,0.09797127730876815,[9.84975782],11.77644798692476,-1.9253385616292695
1276.1460000000002,0.09927836393606404,[10.12157323],12.012449113339766,5.933649879717256
1276.603,0.1033946332988282,[10.48130525],12.315253738503191,0.1580133775530984
1277.0569999999998,0.09947523469463693,[10.13628252],11.867739703926851,-4.378686719343064
1277.513,0.09942708326690383,[10.06351504],11.89683269465107,-1.7635312210749488
1277.971,0.09785672087133682,[10.10642518],11.813897055157053,-1.009890341323219
1278.4250000000002,0.09848679698876633,[10.62956621],11.690227914696735,1.8743019509543242
1278.884,0.09957285003143526,[9.95330404],11.916076089900441,0.5144210821698136
1279.346,0.09894943225214628,[9.95984864],11.792264369394438,-0.18571651007892598
1279.8029999999999,0.09939060280174444,[9.73683375],11.642631169224835,3.2671070324153533
1280.2599999999998,0.10193556807977314,[10.28928729],12.063748672844046,-0.8407799475248362
1280.7199999999998,0.09858102357023393,[10.01898888],11.6754777141206,-7.104149496206399
1281.1770000000001,0.09541993664522633,[9.77178615],11.759832216918733,-1.0230563526008318
1281.641,0.09772193638844812,[10.43430269],11.827525925319378,-3.129597955333713
1282.0970000000002,0.09266904342208512,[9.89487376],11.23141001931907,-2.6342073754335864
1282.5610000000001,0.09543479827659576,[9.94804892],11.853340921689584,3.978107343771145
1283.016,0.09636026425759878,[9.85106501],11.790291568837658,2.1068058147162008
1283.478,0.09736776645533524,[9.97037373],11.82062704774054,0.5880431746710935
1283.935,0.09691651672532212,[9.83849767],11.797196255322225,-0.5611236519001417
1284.393,0.09685519183405664,[9.72468056],11.810104073680879,-4.729053622089419
1284.8559999999998,0.09251485594726716,[10.1855014],11.377387325833467,1.1356778575549313
1285.31,0.09770926615968137,[9.57363626],11.802512377778632,7.304129170584789
1285.772,0.09913865818713699,[10.44745794],11.730486124246925,0.8818029586962206
1286.2269999999999,0.09854861452260641,[10.14004563],12.014857021495063,-1.0585034149075274
1286.683,0.098174838691579,[10.07693169],11.82523855719259,-1.8899695806770533
1287.138,0.0968289904589735,[9.62945263],11.407376438430028,-1.5199065283419966
1287.5949999999998,0.09679444858620498,[10.07136079],11.651239128687983,-2.9344514882864994
1288.0500000000002,0.09416418114882857,[9.87596155],11.55045048198533,1.2902792445988187
1288.504,0.09795318578678772,[10.11172888],11.815987360310322,4.186371358042659
1288.9630000000002,0.09794451461554501,[9.84915648],11.78433741099005,-1.9881054680123689
1289.424,0.09611623473920203,[9.57868362],11.614071484213172,-2.4728558565686036
1289.8870000000002,0.0956655809352748,[9.97802183],11.728128524125335,-3.6720777867654957
1290.3429999999998,0.09277909204912982,[9.8207728],11.273844144605004,-0.3416359948258396
1290.797,0.09533079117569973,[9.60203065],11.36306604594153,3.4092104761281607
1291.2530000000002,0.09587260901110736,[10.01275607],11.548554448941028,3.1870857495346074
1291.714,0.09827344728364049,[9.97079565],11.676679752122485,-0.43900023297800683
1292.17,0.09552620849050017,[9.66624737],11.580425404761273,-4.392929051793934
1292.6260000000002,0.09426709598840327,[9.72080456],11.22010219417318,-2.3994711040545846
1293.0819999999999,0.09333789084360253,[9.75029433],11.326936556595053,2.0113805860600547
1293.542,0.0961420555686468,[10.32891941],11.533616744143592,3.4100927415128823
1294.004,0.09647122932535188,[9.60004216],11.633792039487012,-1.0914476782721976
1294.458,0.09517090271800205,[10.1507884],11.46239439510274,1.2579823614627257
1294.917,0.09766121559017865,[10.26457563],11.604772520096594,-0.7376205489487697
1295.379,0.09445445451382589,[9.27737835],11.355552580756001,-4.589712979316777
1295.8339999999998,0.09341977957509018,[9.62997565],11.335826053479892,-3.0317752617109726
1296.295,0.09166819524622344,[9.78823653],11.14767019096483,-0.4632553215625085
1296.755,0.09298645610728234,[9.61661025],11.41469129117354,-2.186655517187719
1297.21,0.08971765525884504,[9.50175927],11.159457983110425,-0.6790122600385529
1297.6689999999999,0.09241810897810673,[9.89975445],11.41484971535771,1.619536778251593
1298.1309999999999,0.09118358219965192,[9.61766034],11.186054731271094,-0.6699619638120824
1298.587,0.09177921382183649,[9.70185615],11.243605837363134,2.4158209217024633
1299.0410000000002,0.09337755052693808,[9.69792207],11.204310152366736,-2.267903702933019
1299.504,0.08959432093737141,[9.54484201],11.031849804957046,-0.17054603076410713
1299.96,0.09310965737121829,[9.41485127],11.163641820659306,4.533775574015353
1300.4229999999998,0.09371606534714913,[9.92302802],11.390188250101135,-3.4845539746168193
1300.886,0.089882960390719,[9.54453765],11.170439878845093,0.18106193899995737
1301.3449999999998,0.09381561755517734,[9.60969222],11.447704119306092,3.711040985957509
1301.801,0.09330760869799895,[9.66820469],11.45389308679082,-0.5078010147280682
1302.263,0.09335677912773441,[10.33717795],11.367948230556738,-0.9055795625960289
1302.7179999999998,0.09249125303170255,[9.82890375],11.553326026252325,-5.267090296209142
1303.179,0.0884914801660083,[9.85075017],11.032142498756645,-3.177188784070112
1303.6370000000002,0.08953852924837047,[9.33247593],11.177567412677941,3.7553168914947337
1304.0929999999998,0.09191797590203399,[9.25447232],11.285163309554113,2.9481488608003454
1304.5479999999998,0.09222882775443966,[9.42632984],11.31333631474217,-0.5060279298631926
1305.011,0.09143424748665621,[10.06503662],11.155781250667019,-3.6418177987212057
1305.476,0.08884150155398787,[9.35211692],11.114506717096992,0.6759384796134194
1305.9319999999998,0.09194534458716686,[9.76982008],11.241152229028659,3.870171778052267
1306.3939999999998,0.09235884939868377,[9.90147855],11.305370528643676,-2.500780232891353
1306.8490000000002,0.08969931032378645,[9.64242368],11.112814030797189,2.2667385854635986
1307.3029999999999,0.09440310884234734,[9.82515615],11.365342526863104,2.0106327123692176
1307.759,0.09149551189446592,[9.89752784],11.435736152212254,-1.3509871639042492
1308.221,0.09322360322501155,[9.69565467],11.280618029724483,-0.38431900317348333
1308.6799999999998,0.0911662223983285,[9.58364603],11.202287390828825,-0.25126385147009045
1309.136,0.0929683934787244,[9.55186609],11.388655634609233,3.8851349190708873
1309.591,0.09470571415197065,[9.98894028],11.809531119984971,-1.1080128663751436
1310.0529999999999,0.09188284695479146,[9.8711461],11.334071826673153,0.7837013558302519
1310.509,0.09534296353394875,[9.83098098],11.67230144825944,-1.1223194038405686
1310.962,0.09091474846914732,[9.83352317],11.332547300139385,-7.185594972637155
1311.4189999999999,0.08882488129155394,[9.77716132],10.928638551623541,2.4969594049145534
1311.875,0.0931803479303929,[9.4767051],11.42778252207524,-0.7399359500785546
1312.3319999999999,0.08812871440452769,[9.60588838],10.838716449121819,-5.052869080875016
1312.795,0.08860419350833384,[9.5007746],10.93861300195962,2.372122237492849
1313.2579999999998,0.09032529959644467,[9.37435483],11.048025090879099,1.6224272558453823
1313.7220000000002,0.0901039893209323,[10.02825408],11.019416860504272,0.7940886671098657
1314.1840000000002,0.09105555245764818,[9.32868664],10.980342730271394,0.629971761308315
1314.6460000000002,0.09068608322838118,[9.85381672],11.322632021565893,-2.478757755787306
1315.1039999999998,0.08878846950020114,[9.72171548],10.977397617803279,-7.419191721488
1315.5590000000002,0.08393195239431878,[9.24661303],10.476261175975477,-0.10542679730747573
1316.013,0.08867152329398631,[9.89765826],10.931789537326372,1.56403359429462
1316.4720000000002,0.08527067082531434,[9.1324732],10.62758350433068,-0.505929040269415
1316.929,0.08818053911049178,[9.90249123],10.754364783800769,0.1647508648554702
1317.384,0.0854456796277524,[9.22123026],10.663719027622085,-3.7239722467817953
1317.8380000000002,0.0847908799480295,[9.68485817],10.791494837262082,-4.446707925170129
1318.292,0.0814080688317011,[9.42720037],10.424589726000377,2.8499858913107605
1318.7469999999998,0.08740214203630395,[9.70693072],10.801116022986387,4.1484079977008035
1319.2089999999998,0.08508483169195807,[9.22528379],10.668851233884908,-3.194337390294788
1319.6709999999998,0.08445057428767164,[9.46363159],10.456539836850203,-2.506897262508731
1320.1239999999998,0.0828112346938473,[9.54394672],10.607553687019422,1.8638231771754694
1320.583,0.08621660882701376,[9.71925413],10.67201325557988,1.9048163949696995
1321.223,0.08251486992695936,[9.27666123],10.446641980421424,-5.954418026561576
1321.692,0.07966366572975045,[9.50110708],10.285271529481063,1.7895900193737324
1322.1529999999998,0.08405435977504908,[9.81924195],10.474846962278308,3.0554990215719
1322.6080000000002,0.082539623075945,[9.16088158],10.481323731100412,-2.3182633810655133
1323.067,0.08194358921648542,[9.16605327],10.30400572646172,-2.7740649008402842
1323.5210000000002,0.08002157661754558,[8.98655111],10.180182658327597,2.273964010687593
1323.9850000000001,0.08416267098091407,[9.65358203],10.708265866485892,2.332845697350025
1324.4409999999998,0.08227235625404977,[9.36153577],10.437084672544517,-1.035455633822402
1324.8960000000002,0.08321315777582133,[9.11221544],10.510436751989813,3.6136606668008415
1325.351,0.08556078746083826,[9.67006089],10.645236997384668,1.295336742659206
1325.806,0.08439191421164102,[9.17715349],10.642453869668696,-0.30576255200961966
1326.263,0.08529100466815415,[8.88517818],10.590645464472937,1.8038130717799583
1326.721,0.08604207569020242,[9.1748717],10.650452282580261,-4.437545771517379
1327.1770000000001,0.08125934451024835,[9.08336252],10.27967679262106,-3.8367183826819167
1327.6309999999999,0.08252411340169158,[9.21158087],10.307052937199655,-2.117263977356412
1328.094,0.07922868288738977,[8.91351195],10.110089763716612,-1.9023086681758117
1328.556,0.0807540586439936,[9.41390915],10.30695842716853,6.904082968004474
1329.0149999999999,0.08556579905457082,[9.002366],10.611126695506211,0.7860231291146047
1329.4720000000002,0.081512759609973,[9.0948432],10.292893663924353,-3.022992094825108
1329.9270000000001,0.0827854982180973,[8.8361828],10.315977862020043,-2.440041297414486
1330.3890000000001,0.07920135596055194,[9.31027339],10.229503169758797,-7.04636102919319
1330.848,0.07629154443517128,[9.34089041],9.750160816077239,2.752965472426788
1331.304,0.08166594310585357,[9.19225181],10.236428173144207,5.082085015105861
1331.7620000000002,0.08090969582511331,[8.83507938],10.273424782040212,-2.0122019941060945
1332.2199999999998,0.07982276607925329,[9.05417075],10.241765614484532,-1.6210036558819003
1332.676,0.07942509623153296,[9.27639035],10.188918016095208,2.3929250811996483
1333.1329999999998,0.08201404385465355,[9.55941322],10.490560946984296,-2.534768811753643
1333.5880000000002,0.07714611475229899,[9.49909959],9.875676469171589,-2.6269652959386436
1334.0439999999999,0.07963703977018557,[9.45653697],10.250637685167963,4.197403446150161
1334.505,0.08098241283686891,[8.83362943],10.264811711721507,-4.039767880558667
1334.958,0.07605505629938655,[8.79345395],9.781963501877687,-5.545187291935191
1335.413,0.075968757775118,[9.14755967],9.789346597807608,7.588159691942361
1335.8690000000001,0.08298344252643094,[8.81221968],10.397831506108885,4.479603682970998
1336.326,0.08003680507271846,[8.80801704],10.296978199190516,0.8357364768362269
1336.7849999999999,0.08377817497329923,[8.93521723],10.3681923465027,3.295993264661734
1337.2469999999998,0.08304318883415965,[9.58001773],10.525453465065707,-8.032136914484886
1337.7019999999998,0.07650219986856543,[8.85041251],9.888249269839454,-1.183876749739396
1338.159,0.08201637690405736,[8.93842718],10.234366660850643,6.382635253031857
1338.623,0.08230042998993431,[8.96215723],10.523268355209211,4.587637093163649
1339.0810000000001,0.08619878129970904,[9.32140775],10.704645674497876,-0.5118357533099305
1339.547,0.08168185650797083,[8.8465529],10.322695337394864,-7.307853062529346
1340.002,0.07941639533197206,[9.38769305],10.147633190731668,-2.9533390854787482
1340.4569999999999,0.0789943179401856,[9.03647454],10.011394637115636,5.242532023922664
1340.9119999999998,0.08418709947374092,[9.516961],10.493895080957314,5.440685617243271
1341.373,0.08390584920142302,[8.75738666],10.43137549501942,1.6061879027184784
1341.8269999999998,0.08562596912045531,[9.46109275],10.405690619709175,-2.3947445166574988
1342.292,0.08156739274260238,[9.59491185],10.258352371397615,-2.8224667105515855
1342.75,0.08293877549944889,[9.52991369],10.727878773770254,-0.7599498389542492
1343.21,0.08085470906102413,[9.31673099],10.163353099205324,-3.8307472295085883
1343.665,0.07942668149895091,[9.18231734],10.207798510377373,0.5565408030536317
1344.1219999999998,0.0813770870091482,[9.51666137],10.327581629777766,2.900180440711997
1344.5839999999998,0.08207819585324072,[9.14636729],10.527421440544986,-6.389299842826324
1345.038,0.07564990265495647,[9.4912672],9.826342919702304,-0.47490982834463846
1345.5,0.08186405673915462,[9.11852002],10.587069355781221,6.207265527976596
1345.9560000000001,0.08143452741111717,[9.20273041],10.2140543281802,-2.6007503044347957
1346.4119999999998,0.0794921724615121,[9.71676826],10.14618157419345,-7.47346929105254
1346.875,0.07452106891182878,[8.86832482],9.901324129958425,2.396800249423986
1347.33,0.08148411412407505,[8.73629267],10.32945055498003,2.490779540275545
1347.786,0.07676451568035675,[9.65305549],10.017715987585765,-6.659138082881724
1348.2420000000002,0.07541098019248518,[9.37036223],9.933238815036187,6.53572290072707
1348.699,0.08275065953578534,[8.73228547],10.518253104771707,2.8091318279813287
1349.1529999999998,0.07804934693256368,[9.30852774],10.00043285616342,-4.291967105423275
1349.609,0.07886927627940957,[9.30656167],10.047349544021445,0.7730081281837609
1350.063,0.0787568756674378,[8.78822998],10.06006758962595,0.9506229525149817
1350.518,0.07973579158524124,[8.85061234],10.15791492046521,-3.668965523384124
1350.975,0.07538744622518948,[9.39555812],9.723647155899425,-3.492838849094099
1351.4319999999998,0.07654333687717008,[8.80433382],9.864355953628806,-0.6288053555148776
1351.8870000000002,0.07482658052513941,[9.25645511],9.79279951391356,-1.0635792874339605
1352.3429999999998,0.07557984112447669,[8.74982271],9.905458090710782,-1.032661843319238
1352.801,0.07387196585517689,[9.21263455],9.623048036087466,2.459352824714295
1353.2620000000002,0.07787723800406277,[8.56689848],9.954112594230521,-2.2865450667428897
1353.719,0.07186033474868983,[9.26307736],9.335998943678941,-4.162750395583087
1354.1770000000001,0.07408634777282813,[8.86681147],9.724051644448258,5.298757209361765
1354.6349999999998,0.07671399635246329,[9.37537169],9.936902598968105,0.2601499852178668
1355.096,0.07429245553721839,[9.01076674],9.649857323975457,-3.62817732244973
1355.5520000000001,0.0733707996238529,[8.69495194],9.555846039260095,3.7853314310519885
1356.0059999999999,0.07771393204702093,[9.15478568],9.855298386681786,1.6582656870085533
1356.462,0.07484811930293095,[9.07008141],9.561082687463097,-2.7449365331168876
1356.9160000000002,0.07520191189009062,[8.664613],9.801063418518915,1.6176790221954924
1357.373,0.07632687191359394,[8.62679804],9.836636884730867,0.3535039585300659
1357.8269999999998,0.07553656117191068,[8.80364593],9.781703540754494,-0.012675652759280842
1358.2820000000002,0.07631880974543093,[9.25301828],9.64701934584743,0.3915529570171078
1358.7359999999999,0.07589513524122887,[8.54419494],9.912363178024332,-1.595400186239132
1359.199,0.07484379009368586,[9.32738783],9.662226347291643,-0.9664971960132024
1359.6619999999998,0.07500015883771952,[8.45666433],9.731080752390168,-0.22494577112461278
1360.12,0.07464221140884617,[9.13694834],9.688095482066691,4.58810329625435
1360.5769999999998,0.07918754578211037,[8.58087079],10.06261457006342,1.161351925020343
1361.0409999999997,0.07558788917797724,[8.94632923],10.024282618205405,-6.05140852426371
1361.5029999999997,0.07357713031125668,[8.62612429],9.595581736243744,2.5629169280343005
1361.962,0.07790697912747824,[8.95995318],10.055534774842178,-1.5411889598458406
1362.4159999999997,0.07227917116395435,[8.36685587],9.5049962362083,-2.1252886464607905
1362.879,0.0761447956422513,[9.25119231],9.951130679558734,2.4302408272149636
1363.333,0.07461320564723214,[8.50732379],9.710177738393757,-3.061309765496387
1363.792,0.07335295938478192,[8.58698782],9.576472246137495,-1.3467198901269684
1364.2469999999998,0.07337116111421799,[8.68037198],9.665211733173397,5.2118272923569045
1364.7039999999997,0.07812687863595569,[8.65757256],10.11783770829165,-1.432270403023614
1365.158,0.07213716155754923,[8.43592162],9.51244563357242,-0.9596388382146492
1365.616,0.07734998771923748,[9.07194811],9.973429807143342,5.9334928545553005
1366.0719999999997,0.07758211933849915,[8.62267755],10.156138051041154,-3.544781912998812
1366.531,0.0740821092039004,[8.56357182],9.751412172421709,-2.400740025712583
1366.9859999999999,0.07534622863945506,[8.74120243],9.734504482612936,-3.436084862308966
1367.442,0.0709393934977075,[9.19053727],9.405410184698164,-3.0942800445936394
1367.904,0.07258503621477205,[8.948367],9.569581844031436,3.0622967653308324
1368.3669999999997,0.07377101752311971,[9.05152437],9.606229268813417,3.5328624245164475
1368.824,0.07582368899864925,[8.53754128],9.773103657760375,0.8465625759388196
1369.281,0.07454477571753129,[8.37776595],9.759708284934439,3.1948192364806283
1369.7359999999999,0.07871344333395522,[9.17956422],9.981605836134708,-3.4869103404103208
1370.194,0.07128508347721049,[9.07604199],9.485547290505078,-10.092369954068037
1370.6599999999999,0.06948697773895363,[9.12270446],9.041744994618162,-4.428319765587912
1371.116,0.06721344487023517,[8.58439932],9.198049217792368,3.1443331378108867
1371.5699999999997,0.07231587160813757,[9.01250119],9.466830587650824,4.70259800839358
1372.033,0.07140690899551674,[9.06410691],9.233858332267053,0.06478316810877571
1372.496,0.07237586082180633,[8.51666331],9.642253377872503,-1.305711485517322
1372.9519999999998,0.07025417919410262,[9.09907549],9.48988611798374,-2.293253757444047
1373.4069999999997,0.07028199270958435,[9.0791678],9.307621542304036,0.6364268606664225
1373.8719999999998,0.07085132431019725,[8.44250893],9.461868166822311,-0.31456668715895697
1374.326,0.07002636205569993,[8.72119462],9.298063964655503,3.581150540484912
1374.781,0.07411739853794452,[8.40355661],9.645784297167975,7.628580393411341
1375.2349999999997,0.07696346405550192,[8.46983528],9.814213261469687,-0.5840840557581467
1375.6889999999999,0.07358705021530995,[8.17225877],9.52603287429814,-4.8964236422585765
1376.15,0.07251907918724687,[8.49197599],9.478646460402695,-2.349397460020372
1376.609,0.07142573529780491,[8.37561826],9.256168621049692,0.07001035894942109
1377.0719999999997,0.0726033303972928,[8.36225367],9.25086775404382,4.249901121154309
1377.5279999999998,0.0753076840410736,[8.79561687],9.726703838890248,-4.094777153020687
1377.984,0.06886889363373686,[9.01179948],9.105726065698676,-2.5963770363689047
1378.4469999999997,0.07308418472839925,[8.72075182],9.543293770802608,1.376067949686019
1378.902,0.07025470746567558,[8.49883447],9.284377361292407,-2.323116378257384
1379.362,0.07099770243125786,[8.3189637],9.482357308815288,-1.170338497350848
1379.8179999999998,0.06920486487313887,[9.06881889],9.195671701885537,-1.8616051077060547
1380.274,0.06929991857303217,[8.52213626],9.364122888341885,1.9031204773116843
1380.7309999999998,0.07094580692406594,[8.33844408],9.338046617457596,-2.231217397615684
1381.1879999999996,0.06726058587161196,[8.3339505],8.923486145222558,-1.2706389512029126
1381.6419999999998,0.06974762881197089,[8.31945661],9.380596820930753,3.058961533514426
1382.1019999999999,0.07002725561040865,[8.49843347],9.196613294047156,2.3214932675234694
1382.562,0.07188340261809265,[8.84499527],9.34145603448975,-1.0192447619856992
1383.0189999999998,0.06912283535598815,[8.99822038],9.297612454138676,-0.5342241821950505
1383.4809999999998,0.07144781586428123,[8.24603369],9.590786137802873,-0.30565182235570143
1383.94,0.06887325450206899,[8.46369295],9.186324070213754,0.5377643925382897
1384.4029999999998,0.07199302354712664,[8.36213077],9.659033272391149,1.7760046818462576
1384.8599999999997,0.07056633887170216,[8.21232228],9.502646067052792,-8.265221529656266
1385.3139999999999,0.06449416568113961,[8.225104],8.863768561464562,1.773086367201207
1385.77,0.07224057259641342,[8.26602213],9.5999825374899,9.11698947256337
1386.2259999999997,0.0728088600801228,[8.95286372],9.551771415432695,0.5077107601080544
1386.683,0.07270263383335618,[8.08183418],9.437693440885836,-5.100005335688038
1387.1459999999997,0.06805806097751002,[8.73426477],9.055456157372419,-1.2936991621140814
1387.605,0.07144024295375975,[8.62716642],9.445593876566308,-0.5485958831709797
1388.06,0.06761970583255852,[8.35065808],8.92972124085618,-4.006292305017395
1388.518,0.06780892787964879,[8.24225399],8.969350830099,-2.2309166423641473
1388.9759999999997,0.06557618618815603,[8.80301418],8.975901977634607,-0.7673329142503654
1389.429,0.06706903532196956,[8.40020376],8.937853429311403,-1.3027386226738824
1389.8869999999997,0.06434315542524316,[8.16104532],8.912976253796831,4.049249692852516
1390.346,0.07080222103151734,[8.69823703],9.482077687484201,6.506143197172298
1390.804,0.07032440404394535,[8.81997006],9.439158158302359,-3.239947183963851
1391.2639999999997,0.06781914361706684,[8.80780645],9.017430599737201,-3.3487375712363683
1391.728,0.06724702332996316,[8.21030583],9.234113588643723,5.85292273881019
1392.1879999999996,0.07317080104570359,[8.14082186],9.469854203191813,0.8198646896056955
1392.6439999999998,0.06809406328358722,[8.58600091],9.204284416251488,-3.2898728735196725
1393.1059999999998,0.07024543684527593,[8.20729538],9.437306081190485,0.42605583782463763
1393.5609999999997,0.06854353614370587,[8.36286651],9.195873061438384,-3.3757979976324766
1394.0149999999999,0.06717610798063181,[8.03104943],9.0794035161275,-1.9326209431243802
1394.478,0.06679094334404193,[8.96321479],8.97596414350386,4.051210027105679
1394.9359999999997,0.07085870509093745,[8.19949304],9.532830129747644,5.233167175679954
1395.393,0.07158658016120775,[8.72960676],9.672453500948995,-7.228812828173462
1395.848,0.06430123672815158,[8.80475366],8.841524318306954,-8.200455881272815
1396.3069999999998,0.06415412847179844,[8.75615407],8.929014640003025,4.164917752242619
1396.7619999999997,0.06807224458769601,[8.17423941],9.044185979432044,-2.5985697459661865
1397.2199999999998,0.0617141536774036,[8.10556898],8.540418582962195,1.9029804560046633
1397.6799999999998,0.06988245960905079,[8.48087421],9.408766414599597,0.8592285416938045
1398.1349999999998,0.0626684090084223,[8.04764408],8.704716701866076,-8.28029099310179
1398.5929999999998,0.06236815235450513,[8.06644609],8.686048903616038,8.975584022104785
1399.0499999999997,0.0708618270849194,[8.03755519],9.283156264388255,3.0302498927774755
1399.5119999999997,0.0649965463340062,[8.35271754],8.890397037452942,-9.066256988458864
1399.971,0.06249010016103665,[8.62134758],8.471769665535952,2.605969878234471
1400.4279999999999,0.06735141849226545,[8.64514974],8.927096317665068,8.249559068267311
1400.891,0.07005085161017008,[8.69319409],9.517238291685311,1.557287671386229
1401.3539999999998,0.06879346687597288,[8.10128105],9.174583609704067,-4.7788630555457425
1401.8159999999998,0.0656345250863645,[8.59025207],9.030583790731015,-5.061248574625782
1402.272,0.06412606364330184,[8.62921415],8.70101009076926,6.011110648887333
1402.7269999999999,0.07109202904394965,[7.94103268],9.385233694595108,6.327102646258534
1403.1879999999996,0.06981318641019768,[8.00928849],9.30473543544121,-9.443104961269682
1403.6439999999998,0.062499030561191965,[8.85655621],8.501177985849607,-4.16424700884889
1404.103,0.06607438819401931,[7.89936467],8.916522297770182,4.562134663439799
1404.5569999999998,0.06669635688437398,[8.00454827],8.987303688620656,2.0925507510616557
1405.016,0.06799215257576988,[7.95942401],9.091823907150884,3.410550456546285
1405.4719999999998,0.06981349727408792,[8.5117881],9.15473704290475,-2.8658721494884687
1405.9319999999998,0.06531189259040052,[8.49041053],8.950049180700178,-5.136993617100849
1406.3849999999998,0.06505882988296784,[8.64466877],8.496937730162756,-1.1801523796552278
1406.846,0.0642232012666259,[8.55415655],8.65140473970581,-12.688704802328052
1407.3029999999999,0.053497229888315734,[8.55971032],7.644532193827467,-2.9821730462503275
1407.759,0.06145954565972356,[8.06062824],8.463604633593715,13.774903233883855
1408.2199999999998,0.06609175089752412,[8.00676164],8.796761942159733,2.993134050669144
1408.676,0.06427441732510858,[7.93870601],8.898382685891969,0.430897639298794
1409.132,0.06648472954456472,[8.13958159],8.896863063232457,2.567029201259202
1409.589,0.06661354969210045,[7.8350737],8.84252042858578,-0.027181789984884186
1410.0439999999999,0.06646117330274712,[7.88399537],9.041677568077272,-7.89404176193649
1410.502,0.05936078515023821,[8.45241721],8.389077273879893,-4.907625220502018
1410.9589999999998,0.06194952854869684,[7.98569473],8.52027170436862,6.898499687136142
1411.4159999999997,0.06566601386427898,[8.34277085],8.820076986392005,5.886249323521345
1411.879,0.06733774774640389,[7.87943206],9.046782403912488,0.7246620612354066
1412.3359999999998,0.06636711049491434,[8.52653535],8.928601957019405,-3.038895868386529
1412.7929999999997,0.06456019692269932,[8.32675063],8.853385478900984,-0.6792616694799164
1413.25,0.06574626532901254,[8.05833539],8.810706596111938,1.4057514888199258
1413.7109999999998,0.06584111846743651,[8.33354527],8.972330264458261,-0.46457837747200526
1414.167,0.0653269139403094,[8.32399929],8.781943784703701,-5.126735667831158
1414.6219999999998,0.06117865169242226,[8.46926085],8.444563902953584,3.410722181292389
1415.0769999999998,0.06843067112528498,[8.52897561],8.993387234614877,5.0866355301698585
1415.536,0.06574064001307298,[8.14864201],9.025440231963051,-0.20206366721091384
1415.993,0.0682229958360202,[7.70296695],8.965786594324275,-3.0470201833643213
1416.4479999999999,0.06299559887652936,[8.59226306],8.574487076950875,-2.988799986562957
1416.902,0.06548919536044356,[7.9915872],8.749674298282864,-1.8871062384295394
1417.359,0.06123202114446419,[7.70671144],8.42578149774953,4.505471163252325
1417.815,0.06957507887358452,[8.47134293],9.316064257127382,5.175008066010414
1418.27,0.06597266706043617,[8.22796738],9.034532828510448,-2.3233462106539426
1418.725,0.06746083382188978,[8.65956695],9.008536552299962,2.0840278078589902
1419.181,0.06786884044859068,[8.18717996],9.001168374746065,-8.989418943166323
1419.6349999999998,0.05931991256163939,[7.98404197],8.372570683610741,-4.5568603025960694
1420.096,0.06390068107310365,[8.54652365],8.827936391288173,6.0730692128329045
1420.5549999999998,0.06492255680215575,[8.30614791],8.651138302258206,-4.423837590372723
1421.0119999999997,0.05987498847245068,[8.41786878],8.457628568087673,1.1148312888771135
1421.4719999999998,0.06601805559716595,[8.39097841],9.040881502532855,3.1657454470922914
1421.9359999999997,0.06271827288790224,[8.53109465],8.64937397232957,-2.599714534102404
1422.3979999999997,0.06359271128962818,[8.51603909],8.699754149279284,5.550870473877062
1422.855,0.06778313933845251,[7.70086087],9.101783581106192,0.5108961655548167
1423.3089999999997,0.06410991836217303,[7.7481894],8.706538478687607,-3.634291679117607
1423.7669999999998,0.06450447441187315,[7.71469611],8.707123519841637,-2.47556788918693
1424.2219999999998,0.06186968156812775,[8.54114313],8.431927422408474,1.95841043092361
1424.6799999999998,0.06633915139907656,[7.87427076],8.79020135105739,-0.8800716194284769
1425.1349999999998,0.06112979955763112,[7.81237721],8.510014642942563,-3.678380320736474
1425.5919999999996,0.06301561983922524,[7.78218605],8.639493477767077,-10.08385721040745
1426.049,0.051913154067303624,[8.18084296],7.547668238072595,-2.785579774033459
1426.5059999999999,0.0604695999257385,[8.20018123],8.379491253066886,4.364751528976744
1426.9679999999998,0.055779992008609725,[8.14246096],8.058399986859492,6.402400188084051
1427.4249999999997,0.06618877076054577,[7.63686313],8.870983741003341,3.1588646847971678
1427.8829999999998,0.05863107535571965,[8.47670513],8.136129044134538,-7.137839315391386
1428.3419999999996,0.05966211991111331,[7.69569182],8.370396318887435,-2.6388536266164913
1428.799,0.05623338341396848,[7.76286115],8.115750247155358,4.541758174052488
1429.2619999999997,0.06398601979554044,[7.85923876],9.090511006469404,3.655527684776609
1429.7219999999998,0.05968571400466527,[7.5923626],8.342611926197916,-2.4079197701956936
1430.1859999999997,0.06181686790768259,[7.58204968],8.56734349776722,0.738397662314691
1430.641,0.06043301147757313,[8.31286979],8.295577904898185,-4.049004177548679
1431.0989999999997,0.058114061794950655,[7.79452919],8.157145416386642,-1.2293223528606623
1431.5569999999998,0.0593069522023566,[8.45388432],8.181431415963964,0.2131555844632066
1432.016,0.058304737427238615,[7.52131273],8.202134053648422,-1.01742818607313
1432.475,0.058372953127540275,[7.74737067],8.314980928354792,-6.291410233734577
1432.9339999999997,0.052529222832672376,[7.76661193],7.72601042407657,-3.6980236392313364
1433.3899999999999,0.054935238133961575,[8.30805604],7.964282617599921,4.725647589676106
1433.8489999999997,0.05684987529758105,[7.78824233],7.826204285730387,5.814331381233523
1434.3139999999999,0.060327525296656775,[7.60862038],8.260060263632347,-1.2083284967783423
1434.768,0.05592827808833563,[7.50148708],8.06844839767556,-1.3531530062010633
1435.23,0.05922260147843669,[7.73017874],8.345522119754559,2.4600105324863106
1435.687,0.058235480627543024,[7.61138672],8.174377080160413,-0.9555536822420246
1436.1439999999998,0.0583492254128677,[8.19148414],8.215191664829927,1.5510170569564692
1436.598,0.05964067007462556,[8.31429972],8.405212684065082,9.32956390475448
1437.0569999999998,0.06693232408128183,[8.14032841],9.081523946761143,-6.971089805881521
1437.511,0.05350339060715463,[8.20147691],7.682592025216152,-9.570546691071893
1437.9719999999998,0.05845755380467077,[8.36705068],8.399118594702921,7.8806696809259265
1438.426,0.06075402118324974,[7.74148203],8.514116316273881,1.6584843436405898
1438.8799999999997,0.059963457588699365,[7.85425827],8.48749557661729,-5.318237331234078
1439.344,0.055799553291454626,[7.55381728],8.002652912799462,1.1259470571825247
1439.7999999999997,0.06083912390829843,[8.02862886],8.386402959628512,1.5158413528096188
1440.2599999999998,0.05711144259067072,[7.56824317],8.10673814241611,-7.45467134331064
1440.7169999999996,0.05399930908182002,[7.63738973],7.739666040960586,2.8695393351982763
1441.174,0.059734201543051355,[8.13896659],8.294804045306774,-0.482934603413282
1441.6349999999998,0.05345126338825398,[7.57557746],7.841394265246372,-6.496002199730011
1442.0919999999996,0.0537140556403371,[7.59621194],7.847093914839795,8.791616316797459
1442.551,0.0615373221662496,[8.13600478],8.733677529251803,5.330069670563375
1443.0079999999998,0.058643153710985635,[7.56688937],8.435170701257956,-2.0242325567164654
1443.466,0.05969377628515715,[7.80005645],8.282340520409411,-4.217314810872772
1443.9209999999998,0.054831684841696246,[7.58068518],8.124124244877173,-3.04445847248707
1444.3809999999999,0.05698493121097503,[8.16184603],8.173538528471974,4.87783170834364
1444.8379999999997,0.05930347920183973,[7.47724793],8.366117552813952,3.6177696097692973
1445.295,0.060291572634303625,[7.49068959],8.349748967101867,-2.8327591661228557
1445.7509999999997,0.05672714893187095,[7.55282142],8.22665318984691,-6.800271156673809
1446.2069999999999,0.054089725339419345,[8.02266437],7.937578859883771,1.404845452026779
1446.663,0.058008367984119735,[7.4353582],8.24769457565283,9.10179802182108
1447.125,0.06245131545249419,[7.41305924],8.585537296527521,1.8996759249694932
1447.5839999999998,0.05980412173895128,[7.52410334],8.40127965248886,-4.600206577095242
1448.049,0.058214821312373335,[7.41625977],8.299423985952636,-5.113711361626402
1448.504,0.05513305980460673,[8.34513689],8.065803931741709,-2.7687809531180343
1448.962,0.055711029436102955,[7.87248041],7.90180525943424,1.0112648649700795
1449.4179999999997,0.05605835641211317,[8.05208202],7.9290309230342055,5.027775512485122
1449.875,0.060309930021570965,[7.8684749],8.219576045333659,0.08906929595287744
1450.3339999999998,0.056103006617224616,[7.40723228],8.14520297595063,0.48570876347392433
1450.7909999999997,0.0607163188776062,[7.36133037],8.630906191649336,5.555554995379721
1451.245,0.0611912631453288,[7.59692151],8.603316811813576,-0.22828735837535086
1451.701,0.06050346847268706,[7.34672253],8.323310117319744,1.7224330410342825
1452.1589999999997,0.06277851830355016,[8.08728787],8.746570389095725,-8.388493335218142
1452.62,0.052714045540117674,[7.76821891],7.619894286603306,-6.464673255306495
1453.0819999999999,0.056842392533015235,[8.14202322],8.090676067238938,8.117281584612627
1453.5389999999998,0.06018196836756115,[7.30615257],8.470148779952952,5.217159966137211
1454.0029999999997,0.0616179064809414,[7.93703307],8.47976372656996,-4.692785705068939
1454.4629999999997,0.05590786568160544,[7.93438446],8.07896425422663,-7.7322789644751335
1454.9249999999997,0.05450750939159804,[7.47101182],7.784968313738115,3.1858641214323606
1455.3829999999998,0.058789340471810766,[8.2086088],8.116989901418034,-5.2338742217253875
1455.8449999999998,0.04957517286002319,[7.98054338],7.533085636961807,-4.4311788145867945
1456.304,0.054615449541518576,[7.826959],7.912012210586713,5.371194508144793
1456.7649999999999,0.054494183718610076,[7.63889549],7.977251086641828,-1.9128699532701063
1457.228,0.05284134410776732,[7.39733722],7.490942468064437,3.899720575176138
1457.6889999999999,0.05806771178778934,[7.677801],8.258008616833838,1.22394211233285
1458.1509999999998,0.053950794578067535,[7.01460743],7.808829764987301,-4.902299026278429
1458.6059999999998,0.0535166058734364,[7.45822206],8.037863060946622,1.2380614800212713
1459.0699999999997,0.055128425162419406,[7.69981911],8.123656358171402,0.8008282387675092
1459.525,0.05430021298006206,[7.61063595],7.88656825829335,0.8159632658074831
1459.9859999999999,0.05590769061097979,[7.34799314],7.733872818762908,4.295339376804493
1460.4429999999998,0.058236895360668034,[7.67296683],8.359676637118564,-3.1232685261728674
1460.8979999999997,0.05309207775423036,[7.21946914],7.819449709429517,1.2674965255325272
1461.353,0.05939031719891445,[7.25466917],8.212481380315287,5.4613447491425955
1461.8139999999999,0.05799343516019968,[7.12030674],8.196279799147677,-12.56335012340784
1462.2689999999998,0.04799594287172505,[7.80908213],7.332644739832862,-9.230531313267669
1462.728,0.0496591134431658,[7.61340179],7.467005056933349,5.414080423378078
1463.192,0.05301114278182123,[7.83721418],7.7822993839774535,1.486528213188898
1463.6509999999998,0.05108824657155572,[7.46390862],7.665024991152579,-4.731015879954746
1464.114,0.04864479366158882,[7.85633787],7.292416672014713,1.0992802390593013
1464.574,0.052064745887676706,[7.09451544],7.7393977455735845,-0.4614394640288927
1465.029,0.04830110859730845,[7.28685479],7.27771908309271,7.164398701002147
1465.489,0.05877538012814844,[7.87818134],8.200793096036081,1.8062705574489122
1465.946,0.05008283184519542,[7.68684687],7.544278683286573,-3.163055665471863
1466.406,0.05597031740808581,[7.10329697],8.103971609606928,-0.03707095620145151
1466.8609999999999,0.05017657384030008,[7.45384028],7.548368043271999,-4.1988061897213695
1467.3199999999997,0.0522011862411199,[7.15207216],7.861217714998875,-0.7765045708632081
1467.777,0.04948600014640378,[7.24552009],7.3115877398693705,5.488994256959229
1468.2379999999998,0.05733192571930108,[7.33963696],8.066839740157965,0.9041451884549343
1468.6949999999997,0.05044436784517199,[7.20490479],7.604232344753997,-9.241434516481746
1469.154,0.04889014196135971,[7.44053628],7.561815374502151,-1.2847690517455088
1469.6149999999998,0.049270804005869306,[7.7226145],7.429276278593151,6.934556945122523
1470.074,0.055245552052559196,[7.38486643],7.978710279397798,3.2528147448049327
1470.5339999999997,0.052240591352822094,[7.90363477],7.744683643969149,-4.781527222042441
1470.995,0.050845271279650925,[7.20808605],7.480847790665024,-0.8501661821161202
1471.4519999999998,0.05144280187188968,[7.69764541],7.5623596562464455,2.624472163196355
1471.9139999999998,0.05327040289565532,[7.04072192],7.685441337022447,-1.1673948731100656
1472.3779999999997,0.05034125689734367,[7.83394031],7.477553526368828,-1.7923928528806448
1472.839,0.05158540465654639,[7.1027663],7.432214819387381,2.875088157258586
1473.2999999999997,0.052992088178336005,[7.80550215],7.488790993553675,-5.580366483609802
1473.7529999999997,0.0466218592092363,[7.1629277],7.1084449972748525,0.5789408890554057
1474.2069999999999,0.053546502398358106,[7.49683391],7.484817018740866,4.414794947795092
1474.6689999999999,0.050490880027230164,[7.83055893],7.555927197236246,-0.08926067704945889
1475.1259999999997,0.053399578495522,[7.93632389],7.863501528890584,3.5431438034918896
1475.5819999999999,0.05373140739175804,[7.74576729],7.815308882712267,-3.247939610912846
1476.0409999999997,0.050403781477714904,[7.0497372],7.597597748292319,-1.4230093554244982
1476.498,0.05240467471849457,[7.02078525],7.949742323242592,-3.706090347496777
1476.9589999999998,0.046936632195532596,[7.16024811],6.841184975850581,-4.103239640040335
1477.422,0.048644380701714354,[7.56178389],7.113222854840285,3.53610868673062
1477.8849999999998,0.05021106883944504,[7.18756495],7.321771669123901,-1.5979952260225319
1478.3469999999998,0.04717618789968002,[7.24293502],7.162342404431744,2.2742808804926753
1478.806,0.05225279407875236,[7.17396512],7.52208676449226,6.211911139748144
1479.263,0.05288564918546235,[7.16561941],7.503724110718358,0.5652768955298135
1479.7219999999998,0.05276730243635426,[7.14397026],7.33439327809255,-3.4978102641585256
1480.1839999999997,0.049644662558009145,[7.06966579],7.35493133116591,-3.064642213211198
1480.6399999999999,0.04990991693085681,[7.04459182],7.3099598860955055,4.72088294202435
1481.098,0.053976142614682046,[7.23543697],7.800750282521651,6.063486457415487
1481.5569999999998,0.055464498395477554,[7.50305724],7.710209954619078,-3.471673605565537
1482.016,0.05078914624476637,[7.08891898],7.507689563728824,-6.252594716597837
1482.478,0.04972953593223603,[7.16179019],7.328684408990456,-0.3676141513583031
1482.9319999999998,0.050421863840876296,[7.87365358],7.4515201808655425,0.5516531512286051
1483.386,0.05023043699355066,[7.75174221],7.310167981518678,0.3386633658095245
1483.841,0.05073123113189286,[7.07956761],7.515266814018219,2.71401643310832
1484.297,0.05270613624993166,[7.12505024],7.774298773117378,0.3064262050024233
1484.7579999999998,0.050971758259388655,[7.16041003],7.354874734171011,-2.048307995677602
1485.2219999999998,0.05082176821538273,[7.14456866],7.366129595439232,-2.510121849956505
1485.685,0.0486492443262907,[7.49470733],7.12787442315894,-0.490447042074911
1486.1459999999997,0.050351824132697065,[7.5736564],7.030594036738975,1.096706650759824
1486.603,0.049676703113947396,[7.22288456],7.296984535558057,3.5273560205155845
1487.0679999999998,0.053684821571342745,[7.2001585],7.567593817318848,2.3769068230766606
1487.5229999999997,0.051986968929705474,[7.16080409],7.549609047881596,-4.5104185633883525
1487.984,0.0495438700505061,[7.53014384],7.335288525073175,-0.40325002604731097
1488.444,0.051605793649378284,[7.1019982],7.527099449498897,-1.127540732577377
1488.908,0.048456947417039875,[7.3035631],7.283298098940097,0.4464580564982612
1489.362,0.051872545638885215,[7.82939644],7.469616683537586,-1.416046714741416
1489.824,0.04701555819484746,[6.82967854],7.139638183339072,-7.024569043505374
1490.283,0.04538205516072927,[7.18072536],7.080530529163913,2.5764360691285724
1490.743,0.04939558684138946,[7.53349563],7.094740537543638,0.12322059498231369
1491.201,0.04552950426134564,[7.2428239],6.9739129428851685,1.660356797733034
1491.656,0.05085108158965071,[6.85872375],7.543371634903882,2.4693150374681045
1492.1149999999998,0.047712322084188186,[6.74535928],7.192853893833478,-4.462162046041829
1492.5749999999998,0.0467551120339294,[6.89459448],6.758276781078333,1.9011982117448436
1493.0369999999998,0.049481189820784324,[7.02090427],7.470861473836494,0.47332256727881244
1493.5,0.04718206910389773,[7.03594592],7.109249832635221,-5.572096289631921
1493.9569999999999,0.04436209079856021,[7.27312359],6.8624266192255625,1.201654847600958
1494.42,0.04837663974123138,[7.39786475],7.0204858593642605,2.3318875728857504
1494.879,0.04656258284370203,[7.54810959],6.957749201797331,-4.800695417324641
1495.3339999999998,0.04399556256632124,[7.70070389],6.699313786341438,3.2025127429802027
1495.7929999999997,0.04956074502408524,[7.03332981],7.26457130204913,9.351630402778026
1496.25,0.05257272365058302,[6.85943976],7.798619032993516,1.0489591333537538
1496.7069999999999,0.050519493671975835,[7.18623002],7.725163308775992,-6.103352576608864
1497.1639999999998,0.04699425939556398,[7.1189046],6.890260695349232,1.7891293863216835
1497.623,0.05219643132679906,[6.95515695],7.72382128603433,0.08172028381304292
1498.0789999999997,0.0471363247538224,[7.00376423],7.030044400495785,-4.918972312770935
1498.5389999999998,0.0477402914725807,[6.87313652],7.258621909003559,1.686531136922291
1498.9939999999997,0.048675785446188696,[6.98228244],7.295407646227945,-0.3547518303736244
1499.458,0.04737045128243947,[6.83007802],7.106144648272896,-4.833007348125869
1499.913,0.04427025527012232,[7.49661992],6.980732424939382,-3.4397625544117587
1500.37,0.04424691291330082,[6.95960213],6.842591510023853,3.337060720534496
1500.8269999999998,0.04732032876869005,[6.87072759],7.238400466150624,-3.1998222189659753
1501.2819999999997,0.041368288262631364,[7.43325196],6.5741374783974145,-2.5162761594653764
1501.7439999999997,0.04516195315550535,[7.52070944],6.950996779376777,7.215930738862661
1502.2059999999997,0.048035808265340305,[7.56895316],7.398199067369356,-0.9230534958087067
1502.6659999999997,0.04433941006012483,[7.01575246],6.822607798998538,-0.5565039841602532
1503.129,0.04756717628477479,[7.35627531],6.954375066129762,0.15905017290346324
1503.5879999999997,0.04454031784024262,[6.97560367],6.924947267714416,0.09787180934400092
1504.045,0.04763011584453389,[6.84556185],7.239554999396302,3.061267721714472
1504.507,0.047316422699235625,[7.29948415],6.948232858417551,-1.9547834808649052
1504.9609999999998,0.04585977014651847,[6.79246475],7.135620179955695,4.23422371606412
1505.4209999999998,0.05127640586070051,[7.12470603],7.520820457976655,-1.1171147132246484
1505.884,0.04475106656494414,[6.95053053],6.906800872797234,-2.3219345699461087
1506.3419999999996,0.04902082303293767,[7.01411745],7.138537582543762,0.4202048606075093
1506.7979999999998,0.045170665687306155,[6.91588694],6.8526793026887765,-5.886741023455349
1507.2549999999997,0.04365134725804869,[7.66323887],6.509441081463347,0.2989634884820111
1507.71,0.04542885805854706,[6.89365828],6.850780348345124,1.255439851381976
1508.17,0.04477341728005789,[7.50761912],6.9032727567379855,2.731249741926414
1508.625,0.04788661623855489,[7.05990785],7.123139678570309,4.798758729507413
1509.085,0.04914373487297345,[7.01675156],6.991646716147072,-1.1352628860661838
1509.542,0.04686871326813505,[7.1697835],6.741991483652372,-4.494168790610313
1510.0049999999997,0.04501494567202413,[7.68007023],7.085910867950281,-1.2472158236986053
1510.4629999999997,0.04569261032031975,[7.0267893],6.869118997565281,0.031331293117844994
1510.9229999999998,0.04503790200695021,[6.92136136],6.7373454334161496,3.668308404631622
1511.3809999999999,0.049039795361058125,[7.18838535],7.053366130462578,5.129202763170776
1511.8399999999997,0.049734155950532904,[6.76240696],7.2511443650455245,1.2200247061068676
1512.3019999999997,0.05016167591453824,[6.96085448],7.280752887145487,-1.9889496435946814
1512.7619999999997,0.04791197641707606,[7.01434796],7.070865303914315,-6.071230131863039
1513.221,0.0445845740149782,[6.89425135],6.834576756584405,1.692379826031959
1513.683,0.049524483297971336,[6.87610563],7.054262452366613,1.0761270732309869
1514.1459999999997,0.04556073810865738,[7.07583802],6.9386479615027365,-3.802850274597876
1514.609,0.046003043943698294,[6.95046438],6.6760518803467015,-0.7066325513621352
1515.0719999999997,0.0449063963660976,[6.70831933],6.681613455372595,0.15194775394206106
1515.5279999999998,0.04610766344125179,[6.94150883],6.862337882680348,2.71972520001601
1515.9859999999999,0.04739256741806748,[6.94390393],6.884660454013839,0.8836825419313438
1516.44,0.046928889060162,[6.76912093],7.0900657841724835,-3.271248423109184
1516.9,0.044375468785313496,[7.28753206],6.528419383291869,-0.5403824631799516
1517.3629999999998,0.04646027726584254,[6.69176971],6.844516349332695,0.5956278593409331
1517.817,0.04499130555179215,[6.77091719],7.0362820858834905,-4.635491679317226
1518.2729999999997,0.04223636801934415,[6.67591363],6.742153715146075,0.7805891933716641
1518.7329999999997,0.04576114157647562,[6.63284684],7.082837785474359,8.289092391719489
1519.1949999999997,0.049881422817416116,[7.37717807],7.186793011743867,-0.6614936325334622
1519.6569999999997,0.045149921460014716,[6.8400659],6.73637339687374,-4.841501626289997
1520.1169999999997,0.045396005696654584,[7.03642577],7.0252722750558325,2.4155932282267574
1520.5729999999999,0.047347625250230285,[6.82558665],6.9790639977745155,1.072912290604834
1521.0349999999999,0.04634220253694367,[6.84271142],6.895673062698808,-1.7827940322360305
1521.4899999999998,0.0457073366132527,[7.17568873],7.029884125350523,-2.0237549464134434
1521.946,0.04449730350911432,[6.65061866],6.794535225701538,1.912875327545721
1522.4049999999997,0.047485106405566635,[7.2870725],7.115435292811728,-0.8243010612804456
1522.864,0.04374059513485211,[6.69804825],6.802173904897931,-0.4673897158829765
1523.3229999999999,0.04705604264637901,[7.08349227],7.008580995540361,-0.23035224992756093
1523.7839999999997,0.04349879191246911,[6.75283748],6.495237804752865,-3.601777718955465
1524.2469999999998,0.043744494140851006,[6.81011449],6.756642978932025,-1.9970965908395686
1524.7089999999998,0.04165652764829508,[6.72108995],6.5685811982374975,-0.8471922069682863
1525.163,0.04291021933191709,[6.73430524],6.679685500902007,8.6892650530766
1525.6189999999997,0.04958752239266774,[7.17871101],7.128260735918505,0.6910359581758161
1526.0749999999998,0.04354044412576061,[6.80327111],6.909681701336249,-9.302051898009728
1526.536,0.04109734870379207,[6.60539561],6.633926401280457,5.36699360732696
1526.995,0.048435504596552936,[7.22818516],7.39618775408496,3.0737559038772484
1527.4559999999997,0.043873437551962935,[6.49968459],6.782162347436447,-5.737947922836405
1527.917,0.04314511661170141,[6.99161489],6.8483457145601045,-0.3762925915346618
1528.375,0.043520426681774374,[6.74535753],6.694962196760333,5.217178299972224
1528.833,0.04792405193447684,[7.10367374],7.484436535516387,3.5096100970104653
1529.288,0.04676121248056481,[6.69672258],7.194625012762753,0.20128022710797638
1529.745,0.04811867162404808,[6.77449864],7.00977013466843,-1.181529080220338
1530.2019999999998,0.0456812949012437,[6.66470216],6.874815970313661,-5.998081446933055
1530.658,0.042643751114953415,[6.77448529],6.830822743154982,0.8226382653705802
1531.1169999999997,0.04647906013396176,[6.98716707],6.913985126658392,2.8032962455693813
1531.5789999999997,0.0451921631036888,[7.17719583],6.815362540917355,-5.185850281195781
1532.0389999999998,0.04170728682786569,[6.58641026],6.709951914436739,-1.350461819402529
1532.5,0.04396085201374725,[6.7210326],6.825970101366564,2.478682724287647
1532.955,0.04400648896379103,[6.88856939],6.853781697571394,0.46543316593343487
1533.411,0.04438559269475474,[6.4999576],6.829124155097387,-1.3564117542882448
1533.871,0.042746436795984416,[6.36794044],6.4692326609006665,-0.012865963358324461
1534.3289999999997,0.04435961054874371,[6.6926756],6.81828606287268,4.555565525481205
1534.7869999999998,0.046919334817324826,[6.57759705],6.893118663817923,-0.31392779499023193
1535.245,0.044072052688532606,[6.76330439],6.649818420474846,-2.0081850737366445
1535.6999999999998,0.04506069301771609,[6.72859222],6.7720699965756985,-1.9816263895299087
1536.1589999999997,0.04222746437929957,[6.56532273],6.536200768799286,3.5810672994597974
1536.616,0.04830202094856184,[6.61626242],7.101709620785924,1.0064839819714093
1537.074,0.043123798814623276,[6.67637041],6.520790687608418,0.806035015111839
1537.5319999999997,0.04904034902239304,[6.62648604],7.2227173965489895,-2.429712928313725
1537.9899999999998,0.04089818177227464,[6.67091658],6.65191552494163,-3.4555841820487974
1538.4499999999998,0.04592553612115963,[7.10600769],6.9856980099869395,8.274361523478351
1538.9089999999997,0.04850762358066972,[6.74634744],6.950430081521956,-3.7855459374090406
1539.371,0.042382397730335766,[7.09559174],6.60483449233772,-4.229702781886092
1539.8289999999997,0.044544382797225446,[6.99180413],6.823141778862948,2.302859827150068
1540.288,0.04448927964998686,[6.73846694],6.813989135311342,2.0812801895527118
1540.75,0.04647449299886382,[6.59337654],6.962519310648254,0.6963132534903369
1541.208,0.045158568626835274,[6.92168311],6.808135018973096,-1.9716227805613995
1541.663,0.044669009669511525,[6.73388675],6.745808125967225,-0.17970567565503415
1542.125,0.04500642251435724,[6.63595939],6.787006729662702,-4.051073256474101
1542.585,0.04095300434596173,[6.4787016],6.649180159509888,-1.226274070713511
1543.047,0.04390620580029275,[6.67845543],6.780898037301653,3.107634706316288
1543.504,0.04384158866659546,[6.55592686],6.669202154726723,-1.3038104025913793
1543.9609999999998,0.04271452309232454,[6.56553504],6.6157951830070845,3.7288755450632998
1544.417,0.04723367539089447,[7.1379375],7.211760075429306,-1.6174145946065561
1544.8739999999998,0.04121474261450778,[6.54666767],6.795728474651134,-2.7200520926253247
1545.3319999999999,0.04476575155200939,[7.2020864],6.653332110525729,5.824879253462665
1545.7929999999997,0.04655619826159578,[6.48872203],6.847060055837515,0.7322800440250632
1546.254,0.04544091375259765,[6.54694219],7.033038441345527,-1.2980713667473387
1546.7069999999999,0.04535197747298207,[6.91091706],6.982872989000913,-1.2199196825686751
1547.165,0.04431927450858801,[6.56142468],6.850762148178459,-0.4711248574271465
1547.6219999999998,0.044917334752727495,[6.87239077],6.913292475440711,3.3051232350723367
1548.0789999999997,0.04734015714544333,[6.69814302],6.6874396333895785,-0.32965919356295337
1548.5389999999998,0.04458113893300676,[6.9862449],6.75529496661278,-1.2605025709505613
1548.993,0.04613158018845277,[6.89637226],6.90939604521504,-4.457542597557144
1549.453,0.04041184940159688,[6.482853],6.644827888658801,0.39814468375343887
1549.9159999999997,0.04657631285139008,[6.7596846],6.975864485161236,4.86544343797532
1550.377,0.044941241076986244,[6.69979312],6.75781249696144,-2.7948357619025437
1550.8399999999997,0.04399689896266988,[6.468594],6.681018729079042,0.015251993383126605
1551.299,0.044938935483109385,[6.91204716],6.870343523983798,-1.7029284080547213
1551.763,0.04238733854969287,[6.52690736],6.682109270882004,2.770083724788895
1552.2219999999998,0.04741347615022286,[6.65055185],7.066029139417191,1.4109656741491186
1552.681,0.04368260503855326,[6.60585474],6.648652196641258,-3.2374055206055226
1553.1439999999998,0.04446788557935934,[6.86097218],6.958656375936277,0.5495978524926239
1553.6059999999998,0.044193273520785906,[6.78972829],6.8104033320636885,1.6710925917560044
1554.0659999999998,0.045999590599651446,[6.77118131],6.68482120887252,0.7141559578604308
1554.524,0.044861691235475024,[6.7675522],6.746478681203893,2.9474701077614047
1554.9789999999998,0.04865814575051988,[7.01452049],6.834686997508173,1.5859051419504846
1555.44,0.04623275023925774,[6.37203879],6.656126766047762,-1.1321296376783085
1555.8979999999997,0.047593025031705954,[6.87619957],6.837571440591715,-0.6239071917484087
1556.355,0.0456690551907528,[6.67712683],6.787859332799848,-0.46396337249381137
1556.8089999999997,0.04714795195482599,[6.81981827],6.927479877590629,-0.1345515553728277
1557.266,0.04552605928036342,[6.76964542],6.8234554985737566,-2.1675177836864705
1557.728,0.045169893500042635,[6.41841412],6.84887282145488,-1.5600451153165371
1558.183,0.04410646194388082,[6.64436899],6.733692926488839,-1.035712518318896
1558.6439999999998,0.04423690180537865,[6.46898549],6.619631244359805,-4.555779579565086
1559.103,0.03993445766358936,[6.63191121],6.500940431703034,3.94285588130245
1559.562,0.04785644350440266,[6.88200292],6.7205056629695425,5.299467368831891
1560.0209999999997,0.04479936870817526,[6.43609146],6.775950439245601,-1.6300067879809337
1560.4849999999997,0.04640252408872213,[6.776137],6.806497131408619,3.123541418229271
1560.9469999999997,0.047693091342728214,[6.83144502],6.874005389189984,-0.9647905777737873
1561.4009999999998,0.04557838691848125,[6.89042835],6.6845894910017725,-5.030483135310584
1561.8629999999998,0.043079155571587105,[7.13050662],6.786134780676017,0.814157764376787
1562.324,0.04631742050747478,[6.31833406],6.969880948755162,0.8294895032534764
1562.7849999999999,0.04384394489359246,[6.69568283],6.702273880377603,-0.5990280782504007
1563.2419999999997,0.04572954673056191,[6.46086005],6.850538727558944,1.6874013445135339
1563.701,0.04537982861212715,[6.3327586],6.819019386238167,0.13195678429582525
1564.1549999999997,0.04584113326138367,[6.43615725],6.825639833604675,-1.076291155863801
1564.6109999999999,0.044392015702450674,[6.5263252],6.7677771708605485,-3.430884712351222
1565.0719999999997,0.042692468156512856,[6.38146391],6.644742194847906,-0.1003973394331642
1565.5339999999997,0.04430652925100066,[7.07905095],6.91828526472271,1.0250686681760741
1565.993,0.043651319731261504,[6.77869308],6.776327311184106,0.2722618857536885
1566.453,0.04456014109434349,[6.89781638],6.814797209699483,0.1656369464625232
1566.9099999999999,0.04381403376693174,[6.34988832],6.6788629199380765,-1.4268545268526847
1567.371,0.043251941966299376,[6.67831498],6.827283109738552,3.0473624398185475
1567.8339999999998,0.046646900284190856,[6.71011971],6.788740826311643,4.213426888923996
1568.2939999999999,0.0471595889332435,[6.64791104],7.005209018362748,-2.605395427238012
1568.752,0.044269994678591024,[6.72508126],6.832511039058605,-3.3550199298637144
1569.2109999999998,0.04408895038330264,[6.5796353],6.793699081525471,-0.15194962431941406
1569.667,0.04412951063254625,[6.28796181],6.787591145571754,2.783283066365605
1570.1299999999997,0.04668479773626531,[6.40811983],6.956887200891696,-2.833019967682662
1570.587,0.041622706845930627,[6.4561005],6.740568864319564,-3.035989647244518
1571.0479999999998,0.04396236712127387,[6.22989575],6.6866576376342,2.8323408481266688
1571.507,0.044237412342042245,[6.40991263],6.818788797826419,2.47602546919206
1571.9669999999996,0.046241592213161195,[6.42621835],6.985110230054617,1.3425302286287424
1572.424,0.045486539879848645,[6.72492577],6.937673866024264,-1.192036985714677
1572.882,0.04515179969074572,[6.35548304],6.889879581949827,-1.690461772988594
1573.3449999999998,0.04391997632769305,[6.61687136],6.699321336720732,-0.08545728463870556
1573.808,0.04507266624517263,[6.56210526],6.8942866561635965,0.18561320254657787
1574.268,0.04410507651461093,[6.72722577],6.951914411119427,-2.7287276296997303
1574.73,0.04255427284666953,[6.81996932],6.659711683372063,0.4558606811887467
1575.1929999999998,0.044534381054197394,[6.39239326],6.811742255458442,2.363795018711687
1575.652,0.04474892892209621,[6.57824586],6.843854391708839,-0.8282413328708007
1576.1129999999998,0.043767205073224874,[6.74653563],6.7007666079071555,-2.8422901082923375
1576.576,0.04211979572859893,[6.63736046],6.61939499768377,2.6408204656852634
1577.0319999999997,0.046107989964501994,[6.90429988],6.765790819127925,0.978103612018541
1577.4859999999999,0.04304087362125111,[6.27885587],6.715420326594376,-2.7201745742793797
1577.9499999999998,0.04369247036733806,[6.41269463],6.85697037572433,0.3652671948536357
1578.411,0.04338495983959538,[6.34791751],6.756315723445495,-1.916614067473024
1578.8719999999998,0.04192535219712902,[6.29261515],6.582389272849957,1.9376029210625214
1579.3339999999998,0.04518358596688345,[6.91702817],6.856976481583531,4.442007472625631
1579.792,0.046032792239463965,[6.65362091],6.837030107342834,0.10633550893218713
1580.2509999999997,0.04527759615904317,[6.22755242],6.7321977549591665,-2.368509554634593
1580.71,0.04385850046830847,[6.16410099],6.8451130950401735,-3.2657499242521313
1581.17,0.04227602352312687,[6.44813185],6.710832944671648,1.7781012328953114
1581.6329999999998,0.045531099613855194,[6.45242262],6.8713147893034785,0.8630613513698968
1582.091,0.04313224342370858,[6.38688216],6.689421328043423,-2.4314474751419497
1582.554,0.04331995196569091,[6.39460987],6.885894767821913,1.2979179373873648
1583.0149999999999,0.04432795730875563,[6.49000361],6.793230713867594,-0.25364380873609677
1583.4679999999998,0.04312682605598961,[6.35683982],6.713599760923979,-0.6691992564735183
1583.926,0.043738249230945644,[6.59011198],6.703711014636196,2.002932137131118
1584.3829999999998,0.04495817452578593,[6.40469142],6.886321574823839,3.5087492236877127
1584.8429999999998,0.04696082476919489,[6.24822145],6.818643086103662,-2.3876367864420627
1585.3049999999998,0.04272974989225699,[6.34031909],6.681976931048163,-3.7271524961144387
1585.7649999999999,0.04350271311664791,[6.25662297],6.849867636660759,2.767617676295103
1586.221,0.04525622739885661,[6.3265722],6.646391927045741,-1.1069241730067847
1586.6819999999998,0.04243786863727013,[6.12543821],6.569021463174559,-3.6589670949439963
1587.143,0.04188265973732039,[6.80165479],6.674058686609989,0.8515385915844123
1587.6059999999998,0.043232931719640086,[6.15692658],6.59961028793809,2.8060222220230164
1588.0639999999999,0.04446810356586879,[6.35276689],6.879041871279316,-2.6333229221096945
1588.5229999999997,0.04080750255270203,[6.16561896],6.7367460492616305,-1.4237393576617894
1588.9809999999998,0.0431494459956594,[6.44972843],6.789215517524934,0.3909080823751368
1589.4449999999997,0.04111087853676136,[6.46798598],6.449364650590616,1.1569547414682149
1589.908,0.0442108541649284,[6.30947875],6.745058743204719,4.103683290210762
1590.371,0.04491088926349811,[6.69338509],6.83939475701257,1.26790509714797
1590.8289999999997,0.04538102207936266,[6.21769857],6.909769997954054,-5.991265008266522
1591.283,0.03950275246115614,[6.78262761],6.520320690928945,-4.016674298437044
1591.741,0.041789578319167534,[6.06086834],6.7166972691605995,0.8330811335052618
1592.2019999999998,0.0402433123457996,[6.26885407],6.53235449968455,-1.244281578439463
1592.665,0.040648319945812736,[6.50140189],6.566932710152881,7.1812787412370644
1593.1239999999998,0.046814217023098015,[6.18780336],6.873913525713393,2.9769472702944055
1593.583,0.04338115753993385,[6.231216],6.754040407351474,-6.7012882786136805
1594.0439999999999,0.04065215116457106,[6.42107588],6.660335175180013,-0.01986899092971256
1594.5029999999997,0.04333932972219656,[6.33616987],6.873890273512764,3.615800358225285
1594.964,0.04396971350884388,[6.58035135],6.96184421629925,1.1455262015709553
1595.426,0.044396206123565554,[6.10458996],6.949955024835717,-1.0187232751464534
1595.884,0.04304795578459032,[6.57258871],6.919071357497046,1.605757004420165
1596.3449999999998,0.045899283422190976,[6.50356576],7.050533664486687,-0.39887836749313843
1596.804,0.042707266442187725,[6.63742574],6.914958701159918,-0.29750418613379986
1597.2599999999998,0.04558725692995144,[6.76016375],6.9347326828641425,2.0552577473764986
1597.714,0.044594555662858026,[7.01666705],6.9306256393681505,-1.518224387651472
1598.1729999999998,0.044207838289813686,[6.744682],6.75190112381455,-2.5259151612187365
1598.6309999999999,0.042281654579798156,[6.77122684],6.766932445364786,1.249553918075845
1599.0879999999997,0.045340281645344746,[6.77524168],6.930096705688045,4.888826007330128
1599.542,0.046746163618145334,[6.89617194],6.868352352730511,0.8095806695208942
1600.0029999999997,0.04604878205577538,[6.45241277],6.965351575256646,-2.525748849209912
1600.4589999999998,0.044440126894800425,[6.6788164],6.981997186566947,-0.3983169521843202
1600.922,0.04572687715210201,[6.54254697],6.980240067816772,4.442326842528849
1601.3799999999997,0.048514968034493816,[6.18188773],7.005458983750004,-0.8584592986368502
1601.8379999999997,0.04494052843454459,[6.50166334],7.052650884804942,-5.083061228890087
1602.2959999999998,0.04385888394882964,[6.24699169],7.021709793938074,-0.3695912961874659
1602.752,0.04459477107634312,[6.57474238],6.898409303644372,5.317631554846339
1603.2059999999997,0.04868314577761759,[6.23086085],7.045108896632478,-2.311232591128656
1603.6619999999998,0.04244618386104271,[6.32266811],6.815832677997076,-3.121325664555488
1604.1239999999998,0.0459452768723083,[6.38427491],6.856734602432417,4.361972224470496
1604.5859999999998,0.04647664619645335,[6.43192182],6.951225608697125,-3.194177174102211
1605.0439999999999,0.043041238037053176,[6.50547813],6.830449362979869,-4.602597647251939
1605.5,0.04225830408534971,[6.22979707],6.799579905552128,-0.7303019176530188
1605.96,0.042380209368101274,[6.35701586],6.812138347637882,0.9954922873722932
1606.4209999999998,0.04317661503162705,[6.80898007],6.786021767642264,-0.910800774191499
1606.8799999999997,0.04155280321080018,[6.05613272],6.7117122059605085,0.2803215456207639
1607.3419999999996,0.043457774266218954,[6.45657151],6.854657747285539,1.9191694003352842
1607.8029999999999,0.04332860008557815,[6.29747824],6.6156087828070955,-2.1011546856708403
1608.266,0.041509007735097914,[6.45299851],6.791083382416382,0.35092859340406235
1608.7259999999997,0.043626904789957996,[6.16003554],6.924571177799547,2.9173565998206126
1609.1879999999996,0.04419204878285704,[6.15876058],6.944352471120213,0.9716813233418137
1609.65,0.04452473833272602,[6.01372549],6.7795751193962595,-0.23927972996998226
1610.112,0.04397095431236554,[6.69969586],6.825176100537255,-0.30109250301466745
1610.567,0.04423616566581784,[6.11558846],6.860029226848112,4.495259614367566
1611.025,0.0480986779930848,[6.17273598],6.928878648019149,-0.2146594818808814
1611.484,0.04402200785361769,[6.6387063],7.047652973799986,-7.411582271709391
1611.9469999999997,0.04127701079836758,[6.21475608],6.798075640896521,0.15210075592100858
1612.404,0.04408944351464583,[6.38484479],6.861205765940414,3.7191365122718407
1612.8649999999998,0.044671612999846746,[6.10000795],6.8669610469219595,2.793336655071463
1613.324,0.046653204532613415,[6.47511075],7.005710411642843,-0.36375903494047235
1613.781,0.044357092738902856,[6.17448687],6.967406047214783,-1.06976533894209
1614.2419999999997,0.0457029347984214,[6.52307041],6.94004850707166,-1.7167264488328198
1614.7019999999998,0.042785249869940825,[5.99958136],6.869098943983093,-2.960649054653229
1615.1619999999998,0.04297913766814021,[6.83499742],6.810470018436161,1.196461794458835
1615.6259999999997,0.04389700725602781,[6.15522146],6.8956507781081315,-2.2340405848204488
1616.0809999999997,0.04100113879033414,[6.17893975],6.713082136766176,0.44755347653400307
1616.5429999999997,0.044403516798501366,[6.42536273],6.9722200300210275,4.014874141523878
1616.9989999999998,0.044726727211045286,[6.49302904],7.015575263791358,0.6754095095615962
1617.46,0.04502253163588975,[6.52444637],6.979637406299748,0.7161992046417626
1617.9209999999998,0.04538706287772494,[6.14273533],7.021451115007554,0.3225041431995715
1618.3779999999997,0.04532232007682467,[6.71031791],6.99950956853807,1.0282459363743155
1618.8339999999998,0.04632351414745463,[6.56647512],7.032484184289088,1.065645496676551
1619.288,0.046296567389051524,[6.4279833],7.0610571613018696,-3.048883677444943
1619.7489999999998,0.04349160950993902,[6.04611687],6.977007057785609,-3.25018177428818
1620.2109999999998,0.04330232441070839,[6.6113569],6.919760248107538,-0.3814246211405539
1620.6659999999997,0.04314145016470429,[6.13100584],6.912123996523852,0.9553098784513061
1621.12,0.044168086207580184,[6.60299262],6.935096998887371,4.266033946961165
1621.5789999999997,0.04705649676118019,[6.33707094],7.14211521584962,3.574076300359698
1622.04,0.047445337682437375,[6.31402523],7.02532950108794,-5.000724595183019
1622.4969999999998,0.042512382325799555,[6.2389405],6.980341004699562,-3.293512040350083
1622.953,0.04442337620052619,[6.51437348],6.937284466528171,3.290875077947411
1623.4139999999998,0.04552106642597088,[6.52709841],7.193492891103115,-1.4155899064007134
1623.873,0.0431361873302398,[6.4462535],6.937001498788999,0.9351434709668482
1624.333,0.04639273854998337,[6.47953894],7.068212105894047,0.3867789508345265
1624.7939999999999,0.04347901083421182,[6.16807418],7.0378866988828985,-1.638073865769668
1625.25,0.044844054972952796,[6.34182657],6.935605569176174,4.740603767502134
1625.714,0.04786856488006498,[5.99810269],7.22765139566649,0.19935977210311373
1626.1749999999997,0.0450662540789868,[6.00748813],6.879242864904161,-1.5700701884688861
1626.6299999999997,0.046376628335137435,[6.88115204],6.995481148545188,-5.005269895419335
1627.0919999999996,0.04036517942165066,[5.9545592],6.779494600391117,-1.0503460457440896
1627.5529999999999,0.04538326192922319,[6.54149509],6.970187872719582,6.202297870737617
1628.007,0.046105345014332666,[6.64608157],7.0325034562505575,-3.0253155308208393
1628.4699999999998,0.042525139538105064,[6.46435033],6.9882014192717,-3.3841053144373427
1628.9279999999999,0.04294533362198817,[6.38214315],7.007655207829702,1.37856059575462
1629.386,0.043787901043816524,[6.12055599],6.9584953334602835,5.845793273338673
1629.848,0.04835565239678147,[6.50120267],7.164511421522113,-0.2472846688378813
1630.31,0.043559410009810326,[6.72522204],6.972445706883527,-7.017196952086559
1630.766,0.041873756385548466,[6.5153752],6.841685603213143,2.063288469926809
1631.2289999999998,0.04553682961213121,[6.4217902],7.201033814000116,2.003439920161554
1631.6839999999997,0.04380662819794778,[6.67588898],6.97659728514208,-2.293790715255421
1632.1439999999998,0.04345318250906041,[6.31165363],7.101070052227722,0.292938488546092
1632.607,0.04408339897950633,[6.293976],6.956117544635444,0.6036868609487767
1633.065,0.04401671192601335,[5.86653697],7.020812765005222,-2.2753292311681745
1633.5259999999998,0.04197955121972137,[6.28482194],6.766340273008617,4.978661682091879
1633.9879999999998,0.0486308323747449,[6.10142613],7.28320654542884,2.4395144524493038
1634.451,0.04421216181084295,[6.13739082],6.879681442287628,-3.959375406129527
1634.9089999999997,0.04492870725253975,[6.2050438],6.927494173023802,2.9648680603313604
1635.371,0.04695109221406489,[6.01816359],6.9333608673318174,-2.569015567413721
1635.8249999999998,0.0426856702660412,[6.12882649],6.833575361184276,-3.191113200618656
1636.288,0.04413762191400378,[5.90932997],6.847738898446611,2.576410312243163
1636.7469999999998,0.045065577672239204,[5.88848386],6.927273038218014,4.012443291107407
1637.21,0.04785309004834107,[6.15881255],7.091354123101981,1.4766078565970204
1637.672,0.04644051799993862,[6.39361205],7.090128303275364,-1.4569812282024253
1638.136,0.04651034142457536,[5.88695727],7.004184310472802,0.39571700596877785
1638.598,0.04680597311961532,[6.17306125],7.308549191780164,-0.7910353267763723
1639.0609999999997,0.045775768788514234,[6.48656444],7.021068934502584,-2.5259417270854305
1639.5149999999999,0.04449504772919362,[6.07396007],7.0067250993224794,-1.7969307248047808
1639.9759999999997,0.04414602427034228,[5.95599505],6.928807230538828,-1.332205623492573
1640.433,0.04327666384533231,[6.40197628],6.8746712839290085,-1.3222423622137256
1640.893,0.042937019916303595,[6.26501988],6.9899480993686405,0.8748800665848087
1641.3519999999999,0.04407745566069063,[6.46549567],7.051623711109905,2.836268881771478
1641.8129999999996,0.04554779698976981,[6.18614455],6.992698655804813,1.1400619181204663
1642.2759999999998,0.045122657496168964,[5.98575428],7.087312038430627,-0.5999131442058631
1642.7379999999998,0.044992241389476426,[6.21314476],6.952304762665997,-2.0454988340639844
1643.196,0.043254843208290525,[6.07586869],7.058399380320159,-0.07295876732704709
1643.6529999999998,0.044918051266618575,[6.24431397],6.978553045917842,-1.366720049714651
1644.107,0.04203969940405075,[6.28874237],6.886291930564026,0.9438089695811489
1644.5679999999998,0.04588439568445753,[6.47337229],7.0294585587827925,4.679041168698592
1645.0259999999998,0.0463616319518214,[6.08322785],6.993562551150604,-0.5056737361658001
1645.48,0.04543554856440818,[6.28170281],7.008799954468164,-1.0380222377519635
1645.942,0.045426973750410854,[6.18022203],7.109433991767405,-3.2103165026928644
1646.4049999999997,0.042459615378257876,[6.76243127],6.937235816370759,2.606195505747359
1646.862,0.04771719245733248,[6.44938567],7.263987465758421,4.5370119560627575
1647.3229999999999,0.046568608149445107,[6.12725367],7.070024366819464,-4.4521864693377875
1647.7779999999998,0.04366236470426166,[6.30784964],7.030935925971934,-2.515105428355778
1648.234,0.04428510010024381,[6.12558561],6.966325703118633,1.5866712244376677
1648.6929999999998,0.045115499377483784,[5.82087366],6.92225152028755,-1.8102517313977953
1649.156,0.042586966633558265,[5.84396235],6.728975645368346,-0.01954881482391091
1649.6169999999997,0.045075716704567864,[6.56344991],7.0544215124858125,1.7959729393355328
1650.0769999999998,0.04424825513036902,[6.50826644],6.842692054720478,-4.0018473539925745
1650.538,0.04138560446667973,[5.91241313],7.002932062990918,2.6578035198626115
1651.002,0.0467601012509639,[6.07033391],7.129562723823766,3.552421108159946
1651.4609999999998,0.04474436193022027,[6.33045997],7.203406780532709,-3.7004658446759127
1651.9159999999997,0.04337237057565255,[6.13741081],7.075952375171666,0.6491481074256746
1652.375,0.045367128272206014,[5.84408731],7.167832894783319,0.7365300556806189
1652.837,0.04402898790174836,[6.47750052],7.004473842855339,-1.3100288231972443
1653.2959999999998,0.04415110435609586,[6.0849419],6.932273544775987,0.2045138356897222
1653.757,0.04421689395399159,[6.64615924],7.165935311734809,1.7494194095476616
1654.214,0.04574427346807554,[6.20787089],7.189258384922858,1.6824575230195773
1654.6729999999998,0.04575137159951341,[6.54463267],7.10653723167507,-0.29950729991325836
1655.1299999999997,0.04547118192305841,[6.44472561],7.0354756455137615,-0.8147811531198854
1655.5929999999998,0.04499933695611931,[6.51661751],7.055133159270276,-0.5026856899565182
1656.056,0.045005694974158475,[6.44637219],7.1393153461923555,-0.07007362278605572
1656.518,0.04493468628572243,[6.41595104],7.006487456954986,1.9867711119952793
1656.98,0.04684147148164207,[6.05596612],7.1741914813507375,-0.718352092109048
1657.44,0.04429170607471687,[6.35889803],7.1528501265549504,-4.495953579201386
1657.8939999999998,0.04271968767417238,[6.57306959],7.027862724773924,-1.4174805001520019
1658.348,0.04300463378058085,[6.52388092],7.121443216109652,2.1413020940896437
1658.804,0.0446743405860659,[6.57432321],7.214003392342424,2.4239926284405633
1659.268,0.04521473097252482,[6.64377321],7.124806179212737,1.1522291135934517
1659.7259999999997,0.04573684373039508,[6.49538387],7.083320067385237,0.7307238100369915
1660.185,0.04588398529199163,[6.82306444],7.083578412478231,-0.24867089864967495
1660.6479999999997,0.04550299539302892,[6.66936421],7.189306095003166,1.7681334539886504
1661.103,0.04746603386185179,[6.78362878],7.233567015488642,-0.05813483929968666
1661.565,0.04538799978882367,[6.45768175],7.1674473862400445,-0.8014757797627781
1662.02,0.04667972254921393,[7.13963556],7.261029450599199,1.921007164481854
1662.484,0.04713671896755264,[6.98470649],7.231755059313024,0.6365561414522075
1662.944,0.04727067521130948,[6.58435465],7.301971172882963,-0.9716337186862698
1663.4029999999998,0.04624631052065835,[6.7706844],7.122818753669173,-1.8099145869454394
1663.8649999999998,0.045606283048241575,[6.37357481],7.057804745510951,-1.404575172396394
1664.328,0.044947039975912664,[6.57965049],7.1105157706445326,-0.6050390395337529
1664.783,0.04503786940005984,[6.53481263],7.266194077308801,-1.7196472774648335
1665.243,0.0433542645386505,[7.00469534],7.273898164722494,4.264454428519068
1665.6999999999998,0.048900982364908585,[6.7135996],7.23782398368352,1.641779312266639
1666.154,0.044912691551099476,[6.48259209],7.263969817783947,-7.609339964589609
1666.609,0.041986445809300804,[6.41664492],6.97505332056304,-0.4972863905444713
1667.0719999999997,0.04455196168724407,[6.26080871],6.997851655105707,4.024251165325232
1667.5349999999999,0.04571290238839032,[6.0561981],7.175390577595394,1.159082038185405
1667.998,0.0456252716546042,[6.34434646],7.224055716159315,-3.348742513541378
1668.4569999999999,0.042650528410336175,[6.16656433],7.016689895326905,-2.418090617496545
1668.9139999999998,0.04339408472898407,[5.9772917],7.0429482445659035,4.5400510307317195
1669.368,0.046769094188402235,[5.92886147],7.143458729059007,3.2099644204994573
1669.826,0.046287631600890916,[6.14419643],7.1374675642429875,-3.688956614958036
1670.281,0.04341685133540597,[5.65752432],6.944053200975493,0.7098785919592565
1670.7419999999997,0.04702266719241041,[5.80154613],7.124046974931695,3.3326405784735518
1671.2019999999998,0.046495181742049,[5.85049896],7.192164741105713,1.558468697883654
1671.663,0.04846343309637795,[6.02520779],7.157093268259192,-2.2255930341410215
1672.118,0.04453397273675312,[6.42503533],7.145131143230927,-6.586068886258706
1672.5719999999997,0.042472600769044924,[6.05128184],6.8897674385725995,-2.650146100061264
1673.029,0.042131069037654095,[5.97291576],6.985686922582221,1.6279495096276422
1673.4849999999997,0.04395417330146126,[5.85426884],7.045793380364685,-0.6240313320676414
1673.9499999999998,0.041472317949786924,[5.99742871],6.923946803611377,-0.9734149086904689
1674.413,0.04303342617148084,[5.81114086],6.998388135707575,2.459715875896877
1674.8759999999997,0.04375001485086809,[6.46083806],6.832882155590376,3.4993719930040132
1675.339,0.0462738446370041,[5.72189151],7.053483922346942,-2.901240749788113
1675.7999999999997,0.04110260534818978,[6.10476397],6.941203790744697,-2.299871146186183
1676.263,0.04418451134442637,[6.25271533],7.098040884177085,4.703599442424933
1676.7269999999999,0.04545893224364375,[6.55148552],6.985889865122047,2.310226016776426
1677.19,0.04632696266302157,[6.09952001],7.1465783544026085,-0.4269721459403339
1677.6529999999998,0.04506355603650512,[5.84364685],6.966136410746826,-1.915431025305017
1678.112,0.044554456891491206,[6.04428651],6.983539174237113,0.08675958099405023
1678.5729999999999,0.04514816890505535,[5.81243622],7.169230328841691,-4.182781099690128
1679.0349999999999,0.040682796750227124,[5.6779484],6.845006141663395,-0.18805977770277454
1679.4969999999998,0.04497440167045799,[5.95975142],6.981968881190711,3.82223764479752
1679.9519999999998,0.04426374614934331,[6.27910971],6.999474976689533,-3.221292723101628
1680.4119999999998,0.04201023352774198,[6.16680962],7.13947152610867,-2.5255691584219546
1680.866,0.0419270812247695,[5.90292979],6.927529950350384,4.037867285362686
1681.3289999999997,0.04578968931674726,[6.17339487],7.061845471405497,2.3219619254205845
1681.7929999999997,0.04406748571787056,[6.18149807],7.189721292320005,-0.40950901535800194
1682.252,0.045378869045701764,[6.49228022],7.008683556612744,0.9401277306373274
1682.714,0.044921804271850344,[6.42608815],7.040951460062276,-0.7154447833964545
1683.174,0.04471813583496856,[6.2552377],7.110173497080616,0.1446492710079697
1683.629,0.045048316211677084,[6.11547667],7.155456072814862,0.23697810951497922
1684.0839999999998,0.044933785914627156,[6.52203836],7.171723096343727,0.9105426005192596
1684.5459999999998,0.045899680548097094,[6.23932581],7.211171230447995,2.5703527328577795
1685.004,0.047294689667199546,[6.58326935],7.18178246346212,-2.0385010268196417
1685.458,0.044081064971364534,[5.98855272],7.13442535136006,-3.9830182974166517
1685.9209999999998,0.0436985322639382,[6.50763053],7.020511236253468,0.26244581304714354
1686.382,0.044319219706349014,[6.31424704],7.063967396633509,1.8501992665983513
1686.835,0.04538162344534849,[5.91316603],7.255458695222551,0.6129826676196035
1687.292,0.04486311451402497,[6.58026359],7.036855143656756,-1.1240544717518384
1687.754,0.044348723346064114,[5.77597404],7.213983879541003,0.3660476117662015
1688.208,0.045174947897105966,[5.88654961],7.061366310291738,-0.8614595093078894
1688.665,0.04354779255457081,[5.9833378],6.972775065557715,-0.11115536127356135
1689.127,0.045107478412032054,[5.74025944],7.127487718627249,0.8668982019505931
1689.5879999999997,0.04435295225456318,[6.30625043],7.072949878913805,-3.526027307606858
1690.049,0.04185648123441672,[5.74793242],6.882851378028736,-0.9541512683419323
1690.5049999999997,0.043433625599677145,[5.61998989],6.933199309815091,4.0746961924162175
1690.9669999999996,0.045604493529508724,[5.82628093],7.102953253958244,0.39276623744330386
1691.422,0.04385362068307003,[5.83408259],6.95202069107639,0.8972095424502822
1691.8779999999997,0.04643135241532974,[6.25728855],7.049180531461779,-0.05725669177752968
1692.341,0.04372044570952076,[5.71127505],6.9238732780495855,-0.9036351824488059
1692.797,0.045532115334194406,[5.83704674],7.024517902932163,5.004832825641188
1693.2509999999997,0.04827072513988165,[6.27482424],7.164388491822686,-2.4659783667937556
1693.7109999999998,0.043175559341480735,[5.90849067],7.032666721996788,-5.9886008080239295
1694.1749999999997,0.042778137734481816,[6.19980192],6.987863017843056,3.608856822452093
1694.634,0.04646212109054,[5.99968527],7.112365091627881,-0.10900075286200683
1695.094,0.04266167810249344,[6.37571148],7.0785279680751625,-1.3379846857199187
1695.551,0.04519378151294015,[6.34527306],7.077521418558126,4.195441628513749
1696.007,0.04649480389774245,[6.32021364],7.034029298901733,-0.44178297182262405
1696.4699999999998,0.04474130027304632,[6.125689],7.020731138225086,-2.9522299317694123
1696.9339999999997,0.04375975862435741,[6.27370738],6.955859749911576,-0.1039718465538561
1697.391,0.04461759474029377,[5.70214637],6.97772310950594,0.2762519045481013
1697.8539999999998,0.0439945740557785,[6.418012],6.97856219971069,-0.4436001461077879
1698.3159999999998,0.044205462519579075,[6.80926533],7.071338758244492,2.0662062800526
1698.7729999999997,0.04587740735673011,[6.24957648],7.061984815162477,2.188853057184928
1699.237,0.046200663231922026,[6.3110455],7.142767670373059,-0.08386725877412154
1699.699,0.045802861703932246,[6.58500416],7.219649865993452,4.613687209196138
1700.154,0.05035534884319423,[6.60010438],7.218049062681537,-1.8024139369093792
1700.607,0.04421339756438576,[6.25267756],7.128859617771833,-6.213344491396537
1701.062,0.04474307708934215,[5.7531883],7.152925546369272,0.9282148304050192
1701.522,0.045060342011852286,[5.98243672],7.014159696371751,1.4601181830115815
1701.984,0.04609239440063102,[6.17842315],7.1056538250106795,1.7070170199614125
1702.444,0.046636314593113376,[5.72193185],7.051453463687588,-0.4807919251704901
1702.9029999999998,0.045653869459941376,[5.67932801],7.039678178541013,-4.831882434597354
1703.362,0.042200646518149976,[6.0968605],6.947558195355645,-0.04002885201274259
1703.8219999999997,0.04563206591384199,[6.00006592],7.146693489226406,2.928290820754832
1704.281,0.044900798564851116,[5.74704118],6.9676385845020645,-1.9489966249585031
1704.7359999999999,0.04385351716784491,[5.63502471],6.952986802558857,0.2826564644254209
1705.199,0.04520199069664042,[6.20453965],7.064471974584133,0.08506644717807404
1705.663,0.0439267128509228,[5.75443434],6.834141224597746,-4.587396158191377
1706.1189999999997,0.04101075582288577,[5.84813125],6.964591288183164,-0.8228423749566949
1706.5789999999997,0.04321775913907236,[5.62415885],7.026447352897947,3.3797708121242955
1707.0389999999998,0.04412014497004037,[6.08903627],7.111891219469251,2.260922202622369
1707.495,0.045286380573118554,[5.80967452],7.074429564640775,0.6621216325256098
1707.955,0.04471141857905156,[5.9690505],7.01960425311583,0.12685046655781795
1708.4159999999997,0.04540596638148109,[5.52230374],7.169620275413449,-0.4900592921107394
1708.8759999999997,0.044264062980998456,[5.6746948],7.077037438262785,-0.15756482490691254
1709.3379999999997,0.04527001116435059,[6.21186332],7.0743143069416226,-1.7318432959434193
1709.7929999999997,0.04273027714876962,[5.77630565],6.926020515431662,1.3312878576849028
1710.2549999999997,0.04658833031181253,[5.88438244],7.12906218987414,-0.9878521737338719
1710.716,0.04183714661214433,[6.23059539],7.068572830473668,-0.9146241013285525
1711.176,0.04572719862436189,[6.51633423],7.242042974324137,0.6867658192691167
1711.6309999999999,0.042542813751187625,[5.99978099],7.0042223449954735,2.5435273058488153
1712.089,0.048106880853203624,[6.34595034],7.309044481732796,2.7467080624930875
1712.5499999999997,0.04501044224654778,[5.92657628],7.150556686069389,-3.4305161519325167
1713.011,0.04494394496112475,[6.73625031],7.213508315241163,-2.771526863360026
1713.475,0.042430964919368944,[5.84008743],7.014468620831786,3.8733027218956635
1713.9379999999996,0.048515938188193206,[6.57802331],7.280814070431331,4.634100529519604
1714.3959999999997,0.04678359599404404,[6.2779478],7.138656873197012,-1.8734199628851131
1714.8519999999999,0.04679601306818959,[6.54019763],7.243574606991641,-1.2032786989003355
1715.308,0.045686205820646614,[6.22651611],7.130221986857372,-2.5329081755499154
1715.7689999999998,0.04447233963346085,[6.25687951],7.096267132902037,-2.9798771628291796
1716.2259999999997,0.04295344064436861,[6.33107731],7.03377960635264,2.0023424467750446
1716.6879999999996,0.04636604342342261,[6.22982474],7.22866048506233,4.531963913115153
1717.1479999999997,0.04714330514567193,[6.33921153],7.2563465173327275,1.989215405883378
1717.607,0.04819353400053261,[6.17626909],7.177800204127059,1.8033608778681849
1718.0629999999996,0.04879627916111523,[5.90931834],7.338855723455186,-1.7374842243247646
1718.5229999999997,0.0465774167571117,[6.29610217],7.292895568792836,-6.8762526165883635
1718.9809999999998,0.04249207196483333,[6.46778699],7.023218101348988,-1.9798173455758268
1719.4389999999999,0.04476390406856391,[6.3583706],7.058467072684572,4.001050702845878
1719.9,0.04616326302183359,[6.33906076],7.157011064457252,-2.2923925560006246
1720.3609999999999,0.04265031813193612,[6.66010938],7.090415836313727,-0.8512041232175624
1720.8199999999997,0.04535313769509211,[5.94363763],7.122875174217091,0.20289675402201945
1721.281,0.04281419120182271,[6.15950252],7.107778101300647,-1.8589999817353806
1721.7349999999997,0.04360146184478833,[5.83353514],7.037451423162822,5.002507422118558
1722.1969999999997,0.04744924364633879,[6.24393367],7.160462205755716,-1.9905727632792551
1722.656,0.041829857937086976,[5.92733285],6.945454601061326,0.3323241637936264
1723.1099999999997,0.04762759057488265,[6.15272126],7.1735094649068865,4.199779886965765
1723.5719999999997,0.045538519228276744,[6.01764256],7.088827345423564,-5.368379327467164
1724.0339999999997,0.042667208076303115,[5.59044627],7.037136066789438,3.8205137435336973
1724.493,0.04899719504462288,[6.29508574],7.241543146388157,6.345377655190804
1724.9559999999997,0.04845782318922383,[5.79701597],7.117062940095247,-4.818951369377704
1725.4179999999997,0.04454696513865185,[6.1766584],7.187420224978613,-5.933627381512909
1725.879,0.04297602772871223,[6.5446591],7.013560578546462,-0.7591873121538182
1726.339,0.04384246239718935,[5.64717415],7.065385791043229,2.3362056771603914
1726.8029999999999,0.04513831873522772,[6.22787877],7.105612976692011,-1.5489149049547692
1727.2619999999997,0.042455997099014264,[5.87372991],7.066379051155004,0.3215193561242613
1727.723,0.0454588317008455,[5.78912276],7.10452868730949,1.0184774919495125
1728.1839999999997,0.04339503334659674,[5.54598418],7.095580296816452,2.2124693068069634
1728.6419999999998,0.0474520860546937,[5.47884372],7.179904225646905,1.2901046503095772
1729.105,0.04450712573387895,[5.86121925],7.11745990441446,-0.6760616663147521
1729.565,0.04679408437270517,[5.65125873],7.196988424974396,1.8002781066594407
1730.0259999999998,0.046158832233612196,[5.61424262],7.067084386039692,2.568204750689515
1730.4879999999998,0.049172438301736565,[6.68625728],7.211031514119202,-2.2868984566314157
1730.9469999999997,0.044105286266384006,[5.6510232],7.165093536450276,-5.403963103517241
1731.4049999999997,0.04420574524614598,[6.03934287],7.03617167102671,1.1537714728191775
1731.8669999999997,0.04517426409495369,[6.15703505],7.103044191883882,1.916211662188333
1732.33,0.04597788034477168,[6.09287578],7.118707995484698,1.3552013032859245
1732.7929999999997,0.0464291805017967,[6.16804514],7.141060733962492,-0.37718379392278484
1733.2549999999997,0.04563168624380089,[6.0419815],7.223938397503449,-0.05331583481885116
1733.714,0.0463700720328777,[6.10347024],7.242860902690764,-2.9652887024416015
1734.1769999999997,0.04286093884014297,[5.52909534],7.111922191213876,0.9252588042428928
1734.638,0.04719106711929015,[6.19347629],7.239002207378032,4.456202856941219
1735.098,0.04697496436298139,[6.13302425],7.194936195949291,-2.3185493152587595
1735.56,0.04504595353158322,[6.19975651],7.3101713222358224,-3.8030141579286916
1736.0169999999998,0.0434762911601672,[6.19363686],7.236166158122661,1.993795420050716
1736.475,0.04688114522990762,[6.19205648],7.204282494112882,2.949936011725475
1736.935,0.046166356282516696,[6.00416905],7.108717003158885,1.338412584120048
1737.393,0.048098263926178206,[6.16193952],7.195595452454452,0.6416027743836594
1737.8509999999997,0.0467540644238552,[6.42698236],7.223528109458609,-5.407754038800082
1738.3129999999996,0.04310326125871468,[6.01183482],7.111058826956883,-0.8297389242698447
1738.7709999999997,0.04593437008682223,[6.21498271],7.256986226705201,4.686032237199315
1739.2349999999997,0.04740572029981313,[6.30204905],7.380757556743699,-1.3327164817641193
1739.696,0.044728542363589086,[5.9265363],7.083270310226769,1.2472741300314782
1740.154,0.048509775341477004,[6.07634955],7.370769645815734,-0.8317957185316055
1740.614,0.043928523473192746,[5.87676761],7.270766161519751,-4.561168100650464
1741.0719999999997,0.044301077664495356,[5.8444862],7.0855625623901215,0.6069462784629374
1741.536,0.04448563382137034,[6.24566366],7.056808178176095,3.827560483102399
1742.002,0.04787445772168711,[6.02349096],7.301784708546952,2.3563456220847128
1742.464,0.04671148024489698,[6.03467237],7.471458477480986,-3.374837832119969
1742.9189999999999,0.04479164646310825,[6.14086673],7.275958260633868,-2.2423905053268673
1743.382,0.044684876238351504,[6.38500897],7.1213184898392665,1.6041423172950195
1743.8449999999998,0.04627708224892166,[6.36612136],7.245517082904027,2.3379512104529097
1744.3069999999998,0.04684968060750436,[6.4810839],7.26550053724162,-0.7994719035674323
1744.768,0.04554324299338609,[6.62339466],7.366471908078321,-4.7708968763633886
1745.232,0.04242494132689552,[6.32715248],7.116790823091976,-1.6293695421076004
1745.692,0.0439971522264352,[6.21137567],7.123678417861348,8.429267931023428
1746.154,0.05021681560944566,[6.47754463],7.5187981309919545,3.014426312006234
1746.609,0.04690654570778725,[6.21071529],7.177683179388293,-5.011755537461589
1747.0639999999999,0.04565611807035634,[6.36637846],7.1846867172989,-0.4188831027308812
1747.518,0.046521127467753554,[6.11052978],7.215378265674166,-5.5932799019890735
1747.9789999999998,0.04043247742396128,[6.24947486],6.84485705332231,-1.7758172724123624
1748.4409999999998,0.04490493625597056,[6.00109819],7.127376905379676,4.945225781666091
1748.895,0.04503741498755838,[6.29698295],7.156255374878546,0.8117958031128789
1749.3539999999998,0.045651334382452335,[6.12433193],7.13833305851596,0.9034488816074202
1749.8159999999998,0.045866878499578045,[6.35191238],7.272022144174281,-3.260615386761874
1750.277,0.04264923263520991,[6.30282572],7.0997132355260355,-0.8776572528985325
1750.7349999999997,0.04502381830246793,[6.06019036],7.052947914065185,1.8804459716937407
1751.1879999999996,0.04439518094194819,[6.30190917],7.011474868435883,1.4480611451913732
1751.6509999999998,0.046407583943572056,[5.99919848],7.315299434610173,8.53785881796542
1752.1099999999997,0.052233700287461673,[6.48347427],7.350733578532487,-2.167472930304462
1752.5719999999997,0.04432188677051954,[6.05408493],7.080531541195759,-8.331791542091231
1753.0339999999997,0.044535124902569556,[6.16204857],7.118006246575423,0.8124915425890139
1753.4939999999997,0.04506960326262664,[6.06690466],7.0983954774264335,1.93918969661247
1753.955,0.04632267486332654,[5.83509618],7.2561133341426975,2.236668532566183
1754.4179999999997,0.04713435484443357,[6.56782068],7.227262072518837,0.9800895930282411
1754.873,0.047234658241608427,[6.16561131],7.3173387378566686,-4.28797589648966
1755.3339999999998,0.04315211113778966,[6.0005493],7.085285999653062,-3.6440391875971754
1755.795,0.04387485411064848,[6.48960976],7.169486447550921,3.200185315666848
1756.2559999999999,0.04610268199883309,[5.61467471],7.097059210297324,3.2298433365371833
1756.719,0.04685280442636093,[5.85287423],7.223911523930396,0.9705555793510166
1757.1769999999997,0.04700302440547542,[6.22636384],7.484881028487149,-1.5969050176617359
1757.638,0.04537366151222509,[5.98521178],7.259453635746948,0.8057922921282032
1758.1009999999997,0.047764974950572844,[6.07711706],7.270075968973866,-1.1260557216562426
1758.5639999999999,0.04433093391396577,[6.2944939],7.317865281246683,-1.964456421484545
1759.0209999999997,0.04589266924729073,[5.85980359],7.2537310083371755,3.095524250072479
1759.484,0.04717492879461814,[6.11284645],7.1237959948114,-0.804040242623677
1759.946,0.04515607130334033,[6.41184212],7.182818570929962,0.9914993398545333
1760.4049999999997,0.048056036203438346,[6.16108661],7.30609199013509,-0.7745134943021246
1760.8649999999998,0.0444300929103358,[6.07249153],7.160285288524297,-4.670438420371716
1761.3249999999998,0.04375923285669603,[6.22221231],7.2672821024196255,2.1542427191431415
1761.7839999999997,0.04640262455449888,[5.88753214],7.1165045515928504,2.4360215602314756
1762.239,0.04601222474223321,[6.34639483],7.196685421066547,-0.06257775246257258
1762.699,0.04635336405482861,[6.29425237],7.17216936087743,1.9886896280832191
1763.154,0.04781947270387997,[6.0563055],7.212251291163841,3.1545900145179067
1763.618,0.04925120295677554,[5.55529382],7.2177758418541735,0.8526999608015826
1764.0789999999997,0.0486215744100707,[5.59819358],7.39631872061491,-6.778142141967376
1764.536,0.04307197945133072,[5.99209769],7.136607345669242,-3.267587178538166
1764.991,0.045606108805454695,[6.15749623],7.133296419317664,0.0013811024780416292
1765.453,0.04299469240164508,[6.03410315],7.243261842740631,-2.887448334498874
1765.915,0.042938106544377797,[5.87824601],7.193418620286779,1.3336107241744415
1766.3739999999998,0.04421423969840861,[6.12966735],7.18028793352668,3.815083629723208
1766.8359999999998,0.04645802788091685,[5.90368167],7.440384091896577,-2.380609637005225
1767.299,0.04199768553100737,[5.81322355],7.03617472955557,-1.074880007643754
1767.759,0.04541472786876337,[5.90175865],7.134593707799566,2.6946863712568603
1768.214,0.0445104029615917,[5.4891914],7.047441678301112,0.9896837489137555
1768.67,0.046322290729380836,[5.61500548],7.125251085995257,-0.9214695710986209
1769.132,0.04360536856334592,[5.85949323],6.9785155064162705,-1.578043587334696
1769.5949999999998,0.044871215205028916,[5.67730671],7.320791683445106,0.5724895892888215
1770.0569999999998,0.044139239805798064,[5.96056459],7.1436761489143334,-1.9543357950630378
1770.513,0.04308154579756879,[5.5970703],7.050845726547128,0.06151064232572806
1770.966,0.04418091388311142,[5.57568232],7.082875566976551,1.7541864359817347
1771.4209999999998,0.04467165044298779,[5.68934813],7.178744279026887,-0.9670168987891345
1771.877,0.04329586587500277,[5.70698115],7.119541388544974,2.8309473242904004
1772.3309999999997,0.04722447173151571,[5.86648236],7.3199804721505535,2.3704969327474483
1772.7959999999998,0.04533445602163068,[5.89947875],7.116538811619583,-1.942077959180305
1773.259,0.045413751755400994,[5.67635101],7.1226576570612385,2.7382288380787685
1773.7199999999998,0.04785433378978865,[5.59957756],7.175527993098277,-2.875784021877201
1774.176,0.04285791363700735,[5.44487087],7.185010621072014,-1.5510838222186005
1774.638,0.046544053153189005,[6.12847909],7.322866213519496,8.27815114197996
1775.1,0.05050692529219665,[5.92785719],7.419149366682528,-2.9504216084088113
1775.556,0.043973004628907686,[5.82990828],7.152770804003585,-3.0534825490037623
1776.02,0.04787970849743435,[6.06166937],7.225321189266194,1.5996851191197246
1776.4759999999997,0.04555289322236654,[5.69221732],7.125347478424541,-1.8923521123165865
1776.9339999999997,0.04616296807927847,[5.856076],7.219875869836138,0.5887375298372008
1777.395,0.04608946858402867,[6.08658178],7.399611496468682,1.0498973418242228
1777.8579999999997,0.047137921045266734,[5.9360558],7.349414404433157,4.165168418402067
1778.3129999999996,0.049882944846637176,[5.6618708],7.287434065660709,-2.958767513642907
1778.772,0.04436135704822876,[6.15952154],7.2057016941438725,-3.7544513178850227
1779.2289999999998,0.04641083894714418,[6.32606311],7.329198843560985,2.0408716771050313
1779.6889999999999,0.046218125620777054,[6.15645804],7.3785165138393545,2.2272515945005873
1780.1439999999998,0.048422456034898156,[6.25126591],7.589292161203878,0.7641261965079943
1780.6039999999998,0.04687627132388224,[6.00633848],7.341208094213497,-3.2890050644812168
1781.0679999999998,0.045383995997290566,[6.41809481],7.352814897421397,-1.0610352173984483
1781.5259999999998,0.04587230315276425,[5.56651439],7.393888607760375,0.8605746479549634
1781.9859999999999,0.046173179335773695,[6.47225235],7.1954512775720065,-0.25873705960160337
1782.4499999999998,0.04562589583383407,[6.45468545],7.320383141877194,-0.44188740980609376
1782.9049999999997,0.045753936716606686,[6.17243264],7.375316016447568,3.8013535244870793
1783.362,0.04910684097270519,[5.94312289],7.504503602710012,1.1159112339703818
1783.8249999999998,0.04670543469123144,[6.0111008],7.120225720235426,-3.8445709010790154
1784.2869999999998,0.04554793168433449,[6.18274737],7.26928335400895,-3.284483810016718
1784.7489999999998,0.04367057165077606,[6.18054721],7.173028801134292,3.2556887484844546
1785.212,0.04857409809640334,[5.87296228],7.247424109375752,3.26579790738539
1785.6659999999997,0.04679587635244427,[6.2740749],7.259979913796609,-3.519035016933368
1786.1279999999997,0.04535708213924193,[6.01963988],7.27227095313456,1.7805347233484092
1786.583,0.04836061852928354,[6.06837952],7.294245682524634,2.4460186420356895
1787.0439999999999,0.047547444532575145,[5.81244947],7.351096875974921,-1.6614594216057335
1787.5059999999999,0.0468272966564221,[6.81628952],7.190892120486283,-2.7322616990718416
1787.9679999999998,0.045022834722632826,[6.15906934],7.23029776224962,-0.4734217086003606
1788.4229999999998,0.04634548022496153,[6.13783903],7.311838879623632,1.8479559543323267
1788.877,0.04670474227221724,[6.18983412],7.3430027679581675,0.2795450407619901
1789.3399999999997,0.046592519659404794,[6.27863595],7.41313286019639,0.3038203795756311
1789.7999999999997,0.04698190188888364,[6.16015724],7.236299997847643,3.657886545010654
1790.254,0.04990231114317445,[5.96407814],7.474401351390567,-2.057285786986059
1790.71,0.045075737400639526,[5.91992117],7.274462926318565,-1.7192566059506946
1791.1659999999997,0.04833434911853969,[6.53738355],7.491815511813255,-0.3180266878616417
1791.625,0.04473981103327522,[5.96104059],7.207275291358242,-4.401650079888568
1792.0859999999998,0.04429857928282642,[6.12533034],7.227751389191382,0.8430593521387281
1792.549,0.045526014206886276,[5.91559738],7.317650062066857,1.6713543002000522
1793.009,0.0458470984165142,[5.94513277],7.213023003230238,4.1578733422956216
1793.464,0.049296057709273894,[5.64562022],7.404733758933024,0.35873315910768533
1793.9269999999997,0.046059857345140884,[5.77232776],7.314362989516034,-3.461961671532586
1794.3809999999999,0.04605855791359548,[6.19686184],7.284439645021012,-0.8578295731363483
1794.8429999999998,0.045260285453885093,[5.5759514],7.270619968927429,1.854311485277156
1795.2979999999998,0.04770919103780387,[6.20481339],7.409884465864375,1.4552950234329523
1795.7529999999997,0.04658460392520887,[6.15161837],7.389509778155645,-3.9538886369088826
1796.212,0.04408342655106211,[5.72460274],7.14376922400688,3.5465667057617
1796.6729999999998,0.049883506708417805,[5.89477459],7.685280382877182,1.349820472360673
1797.1279999999997,0.04545376538768052,[5.66386312],7.210480306383958,-4.730290828961564
1797.5899999999997,0.04561644472315016,[5.54546544],7.296297272336389,4.352058445519099
1798.047,0.049413524159296784,[5.61259626],7.494859834947766,6.457771483859523
1798.5049999999997,0.05152159970818751,[5.93158092],7.588799887560361,2.6682737852092298
1798.9669999999996,0.05185279237045927,[6.09910352],7.305534874220852,-5.45412204196661
1799.431,0.0464463453117354,[5.68638376],7.203390724134943,-2.665011741765783
1799.8869999999997,0.04925843210749506,[6.190221],7.522792525663808,0.2441758749442413
1800.3449999999998,0.046645779383553035,[5.71256132],7.379325851010327,-3.6802162212709946
1800.8069999999998,0.04588889802630093,[5.83199143],7.274076753321168,-1.0923469336220903
1801.261,0.045636530427807714,[5.74753477],7.214320312211383,-1.1875202181053715
1801.7169999999996,0.04480572248487451,[5.83575086],7.2395408959644785,1.139837558075417
1802.1729999999998,0.04667606228077496,[6.00131109],7.184342985516438,0.3760536943765089
1802.6349999999998,0.045105938828490635,[5.46779993],7.198706593382857,-1.821056898413456
1803.096,0.044992075220570624,[5.73879711],7.224489096754782,6.959886895377028
1803.5609999999997,0.051608699260208904,[5.55642196],7.44313311094665,6.483942394358018
1804.0229999999997,0.051049012049699555,[5.74097218],7.298034694952135,-5.7810678231576675
1804.4829999999997,0.046296793657994134,[5.69788005],7.367490902901626,-5.9771084508850185
1804.9469999999997,0.04556114568641137,[5.51725424],7.20291662721779,-0.15765271866819558
1805.408,0.04614242581456035,[5.88996702],7.347526130442987,3.540947297152493
1805.8669999999997,0.04880971683935724,[5.68167441],7.350700826263631,-1.569423337157351
1806.33,0.044636116105689905,[5.81522883],7.197420902509488,-0.5312222027030953
1806.7839999999997,0.0481713755360688,[5.73593002],7.377307538561408,0.6731353773999083
1807.245,0.04515167427386614,[6.00436384],7.367897079769668,-5.280635566428021
1807.7089999999998,0.043294430580352025,[5.63043077],7.1956009028490495,-0.766224559295911
1808.17,0.044423560597713865,[6.02320076],7.199777675237368,3.8447743345802476
1808.6329999999998,0.04685259604744907,[5.75662053],7.335778823014797,2.7646192055276533
1809.094,0.046987974014287684,[5.9401581],7.148359927270865,-0.7660660549949974
1809.5529999999999,0.046152044992174235,[5.27391266],7.271799141844355,0.04658571392218008
1810.011,0.04702696161951568,[5.72898088],7.285025160361928,2.3208074177920244
1810.466,0.04826848717676213,[5.8634326],7.40383141953171,-2.7408099295904083
1810.922,0.04451913287785873,[6.26622183],7.183344167585246,-2.8202350530354763
1811.3759999999997,0.045680512532166304,[5.74387184],7.173127263396482,4.279084903579852
1811.8339999999998,0.04843548680070449,[6.04146604],7.181874339110647,5.110107872496772
1812.2959999999998,0.05037453919665409,[5.69753827],7.41203126029784,-3.2386482080838457
1812.7529999999997,0.045533124044226256,[5.95516491],7.29252930038865,-4.302797534026202
1813.2069999999999,0.04641706788583387,[5.58783816],7.279252574475907,2.5212387728503485
1813.67,0.04785553851523314,[5.74788219],7.29730021185898,1.9667558266228957
1814.1329999999998,0.04823828378128757,[5.47644477],7.189627506273103,-3.683246183663086
1814.5929999999998,0.04448287408102801,[5.61861858],7.251534722036585,-1.2859449707153316
1815.049,0.04700557350923672,[5.4343329],7.2173885690554425,2.824682814810457
1815.504,0.0470615692932526,[6.05502532],7.345605990866979,-2.4092799197889536
1815.9629999999997,0.04478314383234981,[5.96588736],7.286581460025378,-3.38311430951372
1816.417,0.043957064271720386,[5.73950374],7.043660349470798,-0.1640360622805273
1816.877,0.04465321241562782,[5.75580915],7.34077931047501,5.646463732866702
1817.335,0.04912402152566692,[5.67493835],7.454358091527713,2.6774443442328724
1817.797,0.04705954055039212,[6.26433117],7.4063537880312085,-4.4503617710570795
1818.252,0.045042786748400176,[5.85435073],7.344089320218301,2.718513450958922
1818.7149999999997,0.049670556775018804,[5.89749468],7.350467124567896,2.7267647213614215
1819.1779999999999,0.04756777088037406,[5.72598291],7.367212772231852,-1.8020445968773142
1819.641,0.04800186347830972,[5.68360762],7.29044412991243,-1.2763651465261954
1820.103,0.04639155619843714,[6.20759003],7.398938948544815,3.4689477086467386
1820.565,0.05120717116109923,[5.90880226],7.516505931215394,-0.8014094031457766
1821.02,0.045812620722495395,[5.66643118],7.417874036959782,-0.6253144101649594
1821.478,0.05070386629551331,[6.03614831],7.464747268311666,-0.059687248099772605
1821.933,0.04582235080784666,[5.5797636],7.196841155569722,-4.465897198093587
1822.3899999999999,0.04665607394070545,[5.82677504],7.299983326697406,1.6941756580508769
1822.8469999999998,0.04737082735930476,[5.77387746],7.436719710811196,-3.532856825686798
1823.304,0.04342704280202232,[6.22718005],7.053151301056017,2.577627492199766
1823.761,0.0497267788871657,[6.11568309],7.423938074074296,3.698072531179729
1824.2169999999996,0.046823534766906164,[6.47318842],7.374020457280733,-3.625695391770885
1824.6709999999998,0.04641645585299445,[6.10628715],7.208347294617658,0.941568178497526
1825.1259999999997,0.047683100725634614,[5.82146195],7.517735181056128,1.8275475969516675
1825.5859999999998,0.04807904648806764,[6.06947521],7.390184391578283,2.309214572121972
1826.047,0.049812787421221916,[6.08939054],7.456948562924394,-4.020762153885596
1826.504,0.0444499694617671,[5.89299959],7.161492210365126,-1.0563784507473875
1826.9669999999996,0.048969901873219854,[6.10454794],7.290343789156758,2.589917464431421
1827.4279999999999,0.046871680656949466,[5.7098192],7.218419765860663,-3.722904871316185
1827.884,0.0455477575272025,[5.81464784],7.171715105977689,-2.984726990823389
1828.3449999999998,0.04413386767642932,[6.18939043],7.181211709479333,-0.5810957785343449
1828.8069999999998,0.045016383336857535,[5.62488917],7.341113947614184,0.883308775464102
1829.261,0.04495926663295462,[5.91999879],7.138579019323274,-0.030188778859692456
1829.7239999999997,0.044990438427311555,[5.82777283],7.238139724713411,4.042726762901121
1830.1779999999999,0.048595585335754726,[6.18283616],7.2597097757348825,2.670981336940513
1830.6389999999997,0.04736003938362522,[6.48322663],7.368641035326893,0.3175010518765495
1831.1019999999999,0.04890097289407862,[6.06551692],7.307208749897802,-1.453064395825092
1831.5629999999996,0.04603649143360332,[6.04110624],7.303815707339601,3.1389566687766575
1832.018,0.0516647565674377,[6.1661843],7.595886793279055,1.9364225458178772
1832.475,0.04776068350954163,[6.15001717],7.392579176044895,-4.151929506515703
1832.937,0.047893282552773475,[6.06985079],7.357829388521558,-2.6102652399487836
1833.3979999999997,0.04535719697422223,[6.62478526],7.403821385218339,3.167398591819498
1833.8519999999999,0.05067101229935174,[6.00186274],7.511400281273001,3.561701132669598
1834.315,0.048475254851280486,[6.09637289],7.302496602455611,-5.025595470851664
1834.7689999999998,0.046067588216615274,[5.83424318],7.394063172355775,-1.3562045823183946
1835.232,0.04730336592038746,[6.14586509],7.2796570727742065,5.276591626883153
1835.6879999999996,0.05088054652575133,[6.10973274],7.452053864487806,0.6044397991432984
1836.15,0.04777078700281903,[5.90618342],7.337337527690222,-2.8826600320559295
1836.605,0.048183677545624776,[6.18154109],7.395340899732922,-1.531987135508457
1837.0699999999997,0.0463120339201815,[5.93722216],7.2117777732485,-2.471035716671864
1837.5259999999998,0.045880152270016766,[5.6943402],7.335086997032766,-0.7601439372842689
1837.9849999999997,0.04561762769733184,[6.08966348],7.345171539702304,3.5694159738301408
1838.4479999999999,0.049204429078667566,[6.18616275],7.472302317882724,3.2142784062512417
1838.913,0.04858230852855423,[5.81218653],7.313448256545751,-0.44966988766753646
1839.3779999999997,0.04878623608313602,[6.36367687],7.3295413164157575,-2.241084683111821
1839.837,0.04654349448823418,[6.20018568],7.320062033570029,-3.490533117865888
1840.2929999999997,0.045584051960384175,[6.12887072],7.346469558613362,-1.4029707610667062
1840.7559999999999,0.04526405467125974,[5.98280969],7.315756709380988,1.3658335480591575
1841.2109999999998,0.04680525993219635,[5.95542093],7.2125722805968815,0.6913703781944863
1841.6729999999998,0.04586000846598311,[6.23909196],7.292800619192882,3.0376751057822267
1842.132,0.049572555693532666,[5.83834161],7.512455088530247,0.4336261117720494
1842.594,0.04621329975008863,[6.04660309],7.271365926683723,-0.26531685816314626
1843.0549999999998,0.04931367179770928,[6.01859928],7.516314258570608,0.024184981661588834
1843.5149999999999,0.046248961850100495,[6.03915565],7.485133282856152,-3.803042356895742
1843.9699999999998,0.045805449735996914,[5.76107031],7.440254393402349,-2.288549120953512
1844.4249999999997,0.04416638215003313,[6.19677653],7.155580424983442,0.2257695027243073
1844.882,0.04602669763963235,[5.72982783],7.103757058674822,0.9270231235404824
1845.339,0.04501368128495219,[6.29963889],7.41592667967921,1.6284759304169214
1845.795,0.04750581429415342,[6.03392512],7.293968620678633,-0.3615658522861248
1846.2509999999997,0.04468393322767261,[6.11641252],7.189127651309218,0.143043991173257
1846.705,0.047610714345892355,[6.12125743],7.374570960531547,-0.19449559021458146
1847.1689999999999,0.04437110046676833,[6.00731497],7.361644204690533,-0.6891147963482489
1847.6279999999997,0.04691207232454166,[6.06858662],7.242319527300902,-0.5358931869519218
1848.0839999999998,0.04391706982372602,[6.19600977],7.317168949037327,-2.47074872142191
1848.5459999999998,0.04469341533515653,[5.91900769],7.169957074302648,1.6701998075171338
1849.0,0.045447134661903005,[5.85914368],7.042149191662329,2.944103005044059
1849.4569999999999,0.0473832221947329,[5.87579014],7.334100394462628,1.1129208625651823
1849.9139999999998,0.046464344330287316,[5.77289612],7.1768467732954075,-0.7512359187422866
1850.373,0.04670013886767199,[5.71978416],7.3330839868706175,0.16943221244874324
1850.8269999999998,0.046622460002310684,[5.70478588],7.36614515869193,1.3712491005141922
1851.2889999999998,0.04798109803400551,[5.74691531],7.430591106381019,4.91121500052321
1851.745,0.05110746363309275,[6.48569419],7.5039631457686315,0.17456942573174095
1852.208,0.04804726843175201,[6.12821873],7.325459754799194,-5.934083675447586
1852.663,0.04564926163292947,[5.86165393],7.273806596287523,0.09376435045731907
1853.121,0.04816516604075498,[5.94208782],7.201035624167591,-0.7071093577798935
1853.576,0.04504075105086858,[5.575904],7.270762459415967,-1.455474844080297
1854.0349999999999,0.04687834329354455,[5.84709465],7.3971478314325845,3.411978210586905
1854.4919999999997,0.04816848390007268,[6.06341604],7.401322020438988,0.810544290657203
1854.955,0.04759973525949028,[5.65491089],7.341042035635866,-1.1453608886669853
1855.4139999999998,0.0471117997270573,[5.77036577],7.42291045942292,-0.42576192179499817
1855.877,0.047212303209726234,[6.22090914],7.424672131826427,-0.1762799233700832
1856.3309999999997,0.04695716252374825,[6.1663952],7.377564759445608,4.937081514251755
1856.7869999999998,0.05172709209923085,[6.07749093],7.5694241901453845,-1.637169709408158
1857.2419999999997,0.04548986947195671,[6.10209079],7.264849665938135,-6.038891723350363
1857.699,0.046250367429368805,[6.08921457],7.313270658984492,9.01410525973275
1858.1589999999997,0.05380004871906113,[5.66732278],7.69353581012546,3.7476212651371688
1858.6149999999998,0.04978406583081099,[6.00632466],7.535221790759153,-6.6444306658533305
1859.0789999999997,0.04772207681180911,[6.51144439],7.5189616399018755,-3.9962193017186176
1859.5429999999997,0.04607557431881658,[6.04329919],7.2599150160445705,-0.3931424242226353
1860.0049999999997,0.04734543271099802,[5.87268898],7.528975765856462,4.883813887277273
1860.4679999999998,0.05059737719149815,[6.20690737],7.37984487011765,0.8774768790222529
1860.9319999999998,0.0481465481805928,[5.99797457],7.522084728536489,-6.467896049204079
1861.3889999999997,0.04465692280878428,[5.63000046],7.372674027827072,-3.015563231065346
1861.844,0.04537791344080848,[6.1664857],7.244821188451926,1.5391639093240013
1862.2979999999998,0.04605611356428457,[5.84021585],7.3746167408408505,0.8209856758945172
1862.7599999999998,0.04611907591409814,[5.6768446],7.193349165008257,-1.2362020284011412
1863.2219999999998,0.04491386289004194,[6.24696022],7.245726506696702,-0.803594859392416
1863.6859999999997,0.04538218306815654,[5.68670603],7.222908650490925,0.10211463366953388
1864.143,0.04502051540994538,[5.75941414],7.3106299346806685,-0.4281297195908168
1864.5969999999998,0.044989984454073165,[5.88231222],7.454088193579935,2.559636052698988
1865.051,0.0473446649457982,[5.9056243],7.378435745426574,2.5629050779049716
1865.513,0.047295257803244506,[5.75911209],7.40526823044593,-0.23771559880517157
1865.9699999999998,0.047127504971313725,[5.72661581],7.359575812928348,1.8780018290925002
1866.4269999999997,0.0490117514750346,[6.06663697],7.2728895520565695,0.23160830984172293
1866.8809999999999,0.04736177232059767,[5.78604661],7.368647927840679,-1.4754250461240306
1867.3429999999998,0.04769510871409084,[5.90440652],7.380074400631285,3.7035786954896373
1867.8069999999998,0.050803240296821164,[5.88140613],7.516135191405656,0.6999389228938349
1868.2689999999998,0.04836719492653463,[6.23552771],7.411505420341222,-0.7056092483208043
1868.7239999999997,0.05009273999063284,[5.87421056],7.302679760808088,4.889136962394895
1869.1779999999999,0.052809229375292546,[5.95004301],7.603777391731496,-2.818868246542261
1869.6349999999998,0.047471762572361964,[6.08819302],7.38322469068969,-5.371597443374523
1870.0899999999997,0.04788515667314823,[5.79647959],7.2789457013464895,-1.778338214272722
1870.545,0.045853474797370786,[6.19739924],7.298465452933959,-2.4272837420998354
1871.0059999999999,0.04568638142366506,[5.98714571],7.33164648936753,-0.15301434366461752
1871.4679999999998,0.045712661900829454,[6.10695833],7.298256765688499,4.222149365501991
1871.9299999999998,0.049587647437388804,[6.30722427],7.247860556721289,2.8316248742746506
1872.3939999999998,0.04831247527350463,[6.13497521],7.2973244479148685,-3.6646786200418764
1872.848,0.0462416042056579,[5.73319169],7.137352655747016,-1.839867112038568
1873.304,0.04664910627134505,[5.74451344],7.370202697305654,2.769319459384953
1873.766,0.04880649564388698,[5.86384033],7.458980225283577,-1.7108997675926858
1874.2269999999999,0.045082693122562606,[5.93754694],7.316407912660167,-0.6334915723987602
1874.6889999999999,0.04823668741277014,[5.9301019],7.517278538105838,2.75367669623975
1875.1509999999998,0.04762709038988808,[6.23113276],7.321039956178597,2.1132424372998364
1875.607,0.05013571885646258,[5.77935169],7.481424635423841,-0.8269667520004326
1876.0699999999997,0.046777831095725364,[6.01719143],7.418785146598866,1.0729227684872291
1876.5279999999998,0.05104107645945842,[5.68805197],7.413769430485579,-1.1980111440131336
1876.9879999999998,0.04563593947796911,[6.29433093],7.206604235245779,-1.1994424583491732
1877.451,0.049997502632148305,[5.8050231],7.443961093894657,5.4441284891736315
1877.906,0.05069671732862169,[5.89859832],7.555072264789879,0.17593145561980994
1878.368,0.05013963397083886,[5.86532582],7.484024947396236,-6.871993193264765
1878.8229999999999,0.0444738252022112,[5.85496939],7.323121487465352,1.811081577164926
1879.279,0.05181808745287504,[6.08074431],7.5736717481404865,2.3548920600929
1879.7329999999997,0.046671660139407004,[5.90237037],7.434475257159443,-5.43249544953691
1880.1889999999999,0.04689818159492025,[6.11768008],7.356765163596632,2.5652849327670033
1880.6439999999998,0.04900450219469148,[6.07445269],7.286684733010435,-2.3142082492176588
1881.1,0.04477603565088961,[6.14529156],7.1571653711546865,-1.5083043237780827
1881.556,0.04762892865140547,[6.0559715],7.161228517890556,2.508909157937479
1882.018,0.047033949186037594,[5.94804453],7.4324481600031955,-1.7182380311223238
1882.4759999999997,0.046051577986542386,[6.28097244],7.344881515217523,0.9475554320801174
1882.931,0.04788057324031762,[6.15306782],7.375214060916432,4.668120081167667
1883.391,0.0503294269873813,[5.73017159],7.7990924509313775,3.1608755503190062
1883.8539999999998,0.05078504274187251,[5.7869082],7.362130448947207,-1.734148281171667
1884.312,0.04875931164525234,[5.74089433],7.430454280224098,-4.488874615428511
1884.7649999999999,0.046696333180641786,[6.19290555],7.446600977308007,1.2184440333011872
1885.221,0.04990162683883982,[6.39574184],7.509678758387654,9.881416743892535
1885.683,0.05580192609808739,[5.53001754],7.772511575516106,-4.987968986493022
1886.1389999999997,0.04553439763113484,[6.30812348],7.363532711625256,-8.479750000373237
1886.594,0.048048831110543436,[5.79968623],7.29475403451414,1.1908793229689212
1887.051,0.04660310006831962,[5.92702116],7.563834305886522,-2.5508643678009006
1887.5079999999998,0.045717341078374024,[5.74082615],7.270530586843976,-0.6028761270428298
1887.962,0.04604589424994726,[6.07290722],7.307463334473594,1.3148121142794942
1888.4229999999998,0.04692873373695981,[5.67022246],7.210337864171416,4.625942646100792
1888.877,0.05024096745999729,[5.87065453],7.290541789251771,-1.3977192184790808
1889.339,0.04550810322178504,[6.37513616],7.2838933010961835,-4.471390733607701
1889.797,0.04608130467926118,[5.80377545],7.309688078452301,2.875450828402473
1890.2559999999999,0.04814814301562802,[5.99421162],7.345898342806134,-2.2700703877593305
1890.7129999999997,0.04402895312484224,[6.02941405],7.3204515372859955,-3.244012739821611
1891.1679999999997,0.045166575768580935,[5.89751419],7.415593879530783,2.3280618230965695
1891.627,0.046155417913708016,[6.0435213],7.340953160926143,5.499405569296865
1892.0899999999997,0.05026390483012613,[5.82285159],7.324724038020637,1.390448292033282
1892.5529999999999,0.04744297303212394,[5.7565912],7.402208303375769,-3.5343794155727886
1893.0169999999998,0.04699265732917356,[5.8687017],7.47642314512734,1.3363953336309187
1893.475,0.04864762567384062,[5.65347279],7.384187316129438,0.22310477339601564
1893.933,0.047197021301604344,[6.12792727],7.316758270958809,0.27480612775862556
1894.391,0.048899348086867564,[5.95771191],7.541698535607319,-0.8848220306176963
1894.8489999999997,0.04638652432156297,[5.66763089],7.438517248455837,-1.2273292965832294
1895.304,0.04775332502202889,[5.56601588],7.2445296551034275,4.9507941347006135
1895.761,0.050909453033660915,[5.8186699],7.276120402094818,-4.292591373912642
1896.2149999999997,0.04390974641300538,[5.81826841],7.25350250107168,-2.9846621029984908
1896.6779999999999,0.04839853363229667,[5.65518753],7.32975230149665,3.246382476102178
1897.138,0.04694472382116377,[5.28571679],7.315571062118697,-2.3755545399418154
1897.6019999999999,0.04620982775088428,[5.84902389],7.201011653395142,4.351343991622271
1898.0629999999996,0.05093422110490102,[5.75070791],7.372352656560496,2.04238906899798
1898.5259999999998,0.04806410104025502,[5.21844018],7.444933548746874,-6.776302862257354
1898.9829999999997,0.0447069056545769,[5.8948415],7.286190672714518,-1.119185806491077
1899.446,0.04710966432313883,[5.87388327],7.2109730024150345,-0.49943840520610266
1899.908,0.04425629080647704,[5.47911269],7.228233771212932,-0.9183740158403841
1900.366,0.04622288024236626,[5.89299419],7.399448752792723,5.4086734823520635
1900.8229999999999,0.04920299985674126,[5.94056613],7.375515986460896,2.004981804269612
1901.279,0.04806245088303629,[5.90882048],7.329788868513252,1.8478205281036164
1901.732,0.050856660406287696,[6.00686775],7.501266358279309,-1.886715858803234
1902.1859999999997,0.04633507192015851,[6.19624833],7.509019529321153,-3.3954020217974517
1902.645,0.04782266025638951,[6.00784155],7.323305822012507,-0.26677646689663576
1903.107,0.04606825575756014,[6.03028175],7.359957000682929,1.073835007639884
1903.565,0.04877178718588372,[5.86917052],7.353711257757574,1.7762977035281415
1904.02,0.04771469412637726,[5.80280158],7.303792177693702,-1.581100995297742
1904.4769999999999,0.047332798324652425,[5.83847105],7.388936771305718,0.8131930800104603
1904.937,0.048470317760391374,[6.02056796],7.320768898550469,-0.29838048805680417
1905.3919999999998,0.04708734205499798,[5.83321196],7.3129009749073095,-2.130724668478086
1905.8559999999998,0.04652870165607073,[5.89842636],7.490111618576745,1.9971206792708183
1906.31,0.0488573669868967,[5.7263326],7.447868165648595,3.218063078534318
1906.766,0.0494494775963145,[5.77726687],7.353452233865413,2.1615255469268693
1907.225,0.05084035812017673,[5.72761631],7.445197636018423,0.366190541829535
1907.687,0.049770702547553766,[5.80505253],7.5363663940430445,-0.8466943672192293
1908.143,0.050045584196455176,[5.95397667],7.3246524994019815,-2.467730410200264
1908.596,0.0475458982481612,[5.7910965],7.252394441471859,-5.309401686978875
1909.056,0.04520104439123329,[5.98138267],7.307536807009344,-1.8156648789805288
1909.5169999999998,0.045880241716072495,[5.82128616],7.298258325814058,2.7346089706313386
1909.9719999999998,0.0476909091535047,[5.68301663],7.274591185127741,1.0692024941738252
1910.431,0.046834108164970245,[6.09032216],7.627398275048813,-1.9217904578011438
1910.8899999999999,0.04592670551324307,[5.9220539],7.318408415038548,4.743310935859925
1911.348,0.0511702984881033,[5.35298714],7.512603052688388,-1.076029614719122
1911.8019999999997,0.04504512833333152,[5.85249876],7.18990919138118,-5.527772274723369
1912.259,0.04618243857002435,[5.79564802],7.247697662824407,0.8932440694045946
1912.7129999999997,0.04586841465995688,[5.48428632],7.329469397002644,3.5332080801796644
1913.17,0.04942662422862218,[5.63753974],7.331980171144667,-1.4772099080227892
1913.625,0.044558171051157155,[5.92443176],7.243977818968256,-2.3434505729027637
1914.0789999999997,0.04727973313062667,[6.26848729],7.40383908622057,4.04228332319935
1914.5349999999999,0.04822882228674173,[5.58663466],7.403698128188075,-2.7606267770725474
1914.9939999999997,0.0447246122886816,[6.23194273],7.37228905300707,-1.3162537423138247
1915.4559999999997,0.04705458562035249,[6.00735573],7.3876438444809756,5.820173204996393
1915.9139999999998,0.050072983017239614,[5.6849248],7.6744632924960134,0.8476764978895615
1916.3779999999997,0.04776677942931189,[6.17786709],7.314421805940742,-2.6888942143557455
1916.8339999999998,0.04756301305782913,[5.66230538],7.458095860764476,-0.10074808394235774
1917.292,0.04767608314859903,[5.8981346],7.401087954092458,1.1469537923484638
1917.748,0.04860773638150093,[5.48196286],7.395155707141283,-1.6535575433073921
1918.203,0.04617707743342056,[6.37935055],7.348844707864842,-2.878548652319256
1918.6589999999997,0.045990311091504976,[5.99418813],7.377713814163601,7.149087391677793
1919.121,0.05283124034795732,[6.09024153],7.695059563437411,0.33571241054761863
1919.5769999999998,0.046471025360811116,[5.71098232],7.33973308036627,-0.16468620186906036
1920.033,0.0526810465318653,[5.92954577],7.69683996295939,0.8864522062357119
1920.496,0.04710605859128218,[6.37579764],7.281749846844228,-4.058732932161808
1920.9539999999997,0.048863561732466906,[5.97109064],7.476933863369791,5.4505409618773735
1921.411,0.05209008069795042,[5.82173051],7.554714767653394,-1.2951320770576078
1921.8669999999997,0.04769779856034914,[5.69203153],7.3154296813233595,-7.207156679347793
1922.3219999999997,0.04551951619915931,[5.94656972],7.248979735131107,2.019209785859233
1922.7779999999998,0.04955092692201937,[5.91795039],7.491533348154141,0.4080649731189531
1923.2349999999997,0.04587519553072149,[5.78929706],7.307874400736561,-1.5672271949347811
1923.694,0.04814130728859263,[5.60291192],7.493117285217048,4.548217284127992
1924.15,0.05003913979349671,[5.97300964],7.477804568189876,2.1774704056829255
1924.6129999999998,0.05011440714908123,[6.09185854],7.379251233105568,1.849905525273074
1925.0699999999997,0.05172093598138296,[5.68442772],7.426750185210746,-1.8750487647302556
1925.5299999999997,0.04836253869972362,[5.69575765],7.4224369862857875,-2.2368302407479654
1925.9899999999998,0.049663052159894666,[5.97441897],7.522160125829478,-3.107839078082729
1926.4539999999997,0.04544320861730519,[6.09417726],7.362019426252943,-2.829103237895751
1926.9139999999998,0.046999053718668235,[5.60411352],7.307390168277329,0.7369472826107976
1927.375,0.04611664066452928,[5.80432495],7.552460521783506,0.6920753266208141
1927.8359999999998,0.04763714716981027,[5.97474116],7.465982648145522,8.047252912878305
1928.2959999999998,0.053518672950434415,[5.74690619],7.6888272778336955,3.401396910785136
1928.7549999999997,0.05078177958707436,[5.70821779],7.551837926901949,-1.7001504080940213
1929.2089999999998,0.051924041992216355,[5.72057072],7.715033010753756,-3.134908110809298
1929.667,0.04787733700241047,[6.11592624],7.628992845542808,-0.13078072240770705
1930.1259999999997,0.051821544715304674,[6.13371372],7.614157423487667,-1.8712790788178932
1930.585,0.0461595028080459,[5.93160563],7.333405776918764,-3.3719427243289815
1931.0389999999998,0.04865381261919384,[5.83221017],7.4024993218430595,0.685091546187816
1931.498,0.04673663674859757,[5.53076363],7.477482386869574,4.127560300511333
1931.9569999999999,0.05244291297505618,[5.95005382],7.609809356232016,-0.07591913183588317
1932.417,0.046641824029159853,[5.80119799],7.470992644066063,-4.850543421432249
1932.8759999999997,0.04796975940244315,[5.5684893],7.368929469252578,0.9561829390519125
1933.3309999999997,0.04753120309705376,[5.79965956],7.405426053204689,0.5218292221515
1933.7939999999999,0.04847277863219111,[5.912963],7.312911293443202,-0.9850733339152873
1934.25,0.04666786322125527,[5.88346341],7.194333015480798,0.6600993408297853
1934.7129999999997,0.049144561645831794,[5.85255207],7.497917696916209,0.06953174045268296
1935.174,0.04675318377206179,[5.58469124],7.34491045726664,-1.4606875366394225
1935.632,0.04777990245612672,[6.40589822],7.463421073868529,-2.1705996894799267
1936.0879999999997,0.04478686649429439,[5.7394823],7.374428092394832,-2.2408399267874817
1936.5519999999997,0.04578810180407952,[5.57624296],7.1625042562915455,2.379344565106134
1937.013,0.04698643545447086,[5.88778624],7.340150339181051,1.9119628897782681
1937.4699999999998,0.04754875955189908,[6.11676732],7.490413986415049,2.112495537329437
1937.9279999999999,0.0489211348552705,[5.69771488],7.393192814229598,5.269291358299129
1938.3829999999998,0.052346030192410256,[5.59480191],7.6243515097225085,3.505959335868843
1938.8379999999997,0.052111557850910636,[5.52064374],7.498255414237082,-5.846517584647589
1939.2929999999997,0.0470256991903818,[5.67440278],7.449937892717719,-6.183801279210685
1939.748,0.04648429868683154,[5.50441437],7.209631941143417,-0.10054832411022369
1940.212,0.04695309737956464,[5.53075624],7.266040749797649,3.862914699129784
1940.667,0.04998346895759387,[6.35124033],7.583420920551223,0.7527002908694624
1941.1259999999997,0.04759359805447995,[5.92715568],7.29473489701099,-5.393393136226401
1941.5839999999998,0.04503810045034588,[6.03839529],7.423569111476767,4.718907641111672
1942.0389999999998,0.05184037152458473,[5.59048889],7.498663456213827,3.791920967796188
1942.4939999999997,0.04848874853103986,[6.00732821],7.494850349244787,-4.1144001518392885
1942.9569999999999,0.04811583844950969,[5.53909468],7.4296871438782945,-0.37372583678300236
1943.42,0.048142678406178654,[6.05566518],7.362439640937408,-0.9879708923687878
1943.875,0.04722547164003793,[6.1092411],7.289508438594363,0.8529666556876605
1944.337,0.048965321057581015,[5.74360426],7.467469151325536,-1.3896389585755577
1944.792,0.04602280356965048,[5.69907193],7.311391304334684,-0.0024106621643316117
1945.252,0.04902811711024045,[5.79718584],7.4527090969723435,2.555994406547711
1945.714,0.04836348664370986,[5.75431193],7.239172469141784,-3.576300779656136
1946.1709999999998,0.04576275808393068,[5.91941821],7.4022742143448585,-0.08258554383825528
1946.6259999999997,0.048265784569264544,[5.69244552],7.378812091418023,3.6565545038905882
1947.0899999999997,0.04908960044627968,[6.15460352],7.524598709575761,-1.1500091383791142
1947.547,0.047247273854099256,[5.91737437],7.251382528803548,-1.8800940332771923
1948.002,0.0473663684965607,[5.78591427],7.473073412222335,2.7456369593658603
1948.464,0.049800064908630856,[5.65875509],7.405958125596803,2.239995880528492
1948.9229999999998,0.04944751219210408,[5.66966691],7.456850737050547,-2.625782857418345
1949.379,0.0474085833336189,[5.9142451],7.456495482642624,-2.0516919382600336
1949.835,0.047576369144410394,[5.75644359],7.3071899852816795,-1.9176143933266332
1950.2909999999997,0.04565971900690746,[5.74721132],7.3568965359210345,-0.4053411139228122
1950.746,0.04719951604020199,[5.66402897],7.435073464524962,3.421796145285705
1951.2019999999998,0.048777050631641936,[6.16730108],7.506215223322188,-0.2018397405620237
1951.656,0.047030455140915986,[6.10706933],7.412332224911655,-2.9925494348213775
1952.1149999999998,0.046053445827832384,[5.49036361],7.412595415153334,1.2456866897272503
1952.5769999999998,0.048198044227575176,[5.80898463],7.309688058313022,1.7872405082530116
1953.0319999999997,0.047732009060844086,[5.96881436],7.3143943703882845,-0.3285626173416892
1953.495,0.04790765264816402,[5.6203171],7.226510697196939,-0.6423552069735396
1953.9539999999997,0.04714789597242358,[5.80324474],7.436749418602541,0.8209808125980433
1954.4089999999997,0.04863830563514045,[5.90479457],7.453383407833578,0.7162886091657759
1954.864,0.047799718606762326,[5.56571445],7.451228117244267,-1.272171173111937
1955.319,0.04748062986760768,[6.09139594],7.464642412730763,3.2679904721433157
1955.7759999999998,0.05079603794978138,[5.91418299],7.5359291969330044,1.1761998795433297
1956.2349999999997,0.04853366166396873,[5.76293386],7.468930106046748,-2.4791849927806657
1956.692,0.048515326887378904,[5.96063718],7.393156637864838,2.551529019682544
1957.15,0.05087349968574399,[5.70922946],7.417684404769997,0.35322377220695783
1957.607,0.04884810741841801,[5.56368277],7.415192606556776,0.050761345210439957
1958.062,0.05090190250075856,[5.84526125],7.453492281830875,0.20393649028678518
1958.518,0.04902526429105131,[5.94525803],7.495872048330859,-4.603229103175191
1958.975,0.046698177670969634,[5.66506371],7.4924457033267,-1.2883034145200687
1959.431,0.04784144401729562,[5.96951755],7.48818866276053,2.6248472931726177
1959.886,0.04908917844462353,[5.8794392],7.347302959532828,-1.8718867341300656
1960.3419999999996,0.046126916741093205,[5.79146682],7.261058289750086,1.6094030064646228
1960.7979999999998,0.05055695398652632,[5.55972886],7.438937090240276,0.4087782674882662
1961.257,0.04644492788638176,[5.63890746],7.4131326171036465,-2.572587524843559
1961.7149999999997,0.04818513298924863,[5.80410215],7.377857443692927,0.7173564928170811
1962.1749999999997,0.047091105355980475,[5.77804613],7.529160024137202,1.9403260073353605
1962.6369999999997,0.049991425709260115,[5.76163797],7.339352681327289,0.037998706689156
1963.0899999999997,0.04723709570785052,[5.78830386],7.498594766543567,-2.6837361967206874
1963.545,0.047568209083405796,[5.78836442],7.298116459208627,-0.36937894255698045
1964.004,0.04689066796981457,[6.058353],7.508969562305571,0.314547924206425
1964.464,0.04786086387170853,[5.73862664],7.3723349578422495,2.497905735901487
1964.9209999999998,0.04917892243102323,[5.84985452],7.506274377716322,1.6287376386892731
1965.3779999999997,0.049349530073470135,[6.22633575],7.455959460900976,-3.498436466065111
1965.841,0.04591359479787793,[5.88426685],7.387238777031191,-2.5755018932695632
1966.2959999999998,0.046908360733267776,[5.4459129],7.33912672144926,2.8424249535246164
1966.7529999999997,0.04850851662841185,[6.2405416],7.424382469607014,6.1523757630175675
1967.208,0.05250874686994922,[5.47446494],7.5089560420712855,-0.19493051180955595
1967.6689999999999,0.048221409504385984,[5.67933008],7.385189924987685,-7.410020394380025
1968.127,0.045687634662794574,[5.89055151],7.332578843261,-0.9612965392821332
1968.583,0.047324540536795356,[5.75269111],7.401542588871442,5.502437125456068
1969.04,0.050715189415444006,[5.7247651],7.400958432483649,3.758783857853339
1969.5,0.05074930976957516,[5.75842157],7.503188887855099,-2.806267723436867
1969.958,0.048150532367628396,[5.64847692],7.453172419140521,-4.214904592668995
1970.413,0.04689237486106579,[5.45431764],7.382083383634515,4.133299077571623
1970.87,0.05194775569399661,[6.23182687],7.645816381305746,4.511460919975841
1971.328,0.05100724598571488,[5.82501395],7.3308891928475495,-4.137310381251785
1971.7839999999997,0.04817457098938317,[5.69772264],7.519926038539084,-5.69453035311232
1972.241,0.0458091758605758,[5.85407587],7.472475047256784,-1.9938871420560542
1972.6969999999997,0.04634779492719909,[5.74986011],7.2606852032459415,4.6008072846273755
1973.152,0.04999367954581235,[5.53537768],7.328350814643636,0.7698787349230546
1973.6099999999997,0.04700709261602834,[5.62622161],7.338199280109252,-4.5039536407186915
1974.069,0.04586759241820036,[5.36931919],7.2875307929765105,-0.6733254695246993
1974.525,0.046380179812214165,[6.18393445],7.481772523068365,-0.48994645753726307
1974.9849999999997,0.04540583249710009,[5.72049203],7.217185268525827,-2.261204026466887
1975.4409999999998,0.04431005640956544,[5.95653471],7.170206205188155,4.106672731189607
1975.8959999999997,0.04913400624991439,[5.8397481],7.394206530730957,2.4758624950878203
1976.3509999999997,0.04656309128009499,[6.03446844],7.228587597379171,-0.7611566910471836
1976.8049999999998,0.04843234715150234,[5.64328875],7.418862467682135,4.711946616911191
1977.261,0.05085334651237197,[5.98479868],7.466129948284901,-1.2354683785264566
1977.7179999999998,0.04729126081454153,[5.61682852],7.2586461351445895,-6.013812230113255
1978.1769999999997,0.04535183283952138,[5.95697788],7.367150662858937,0.07572446822771972
1978.636,0.047360775876378505,[5.56496188],7.312160430734618,3.060973200719408
1979.0929999999998,0.048160936060695325,[5.34446433],7.382484631627994,-0.03140375097461512
1979.5499999999997,0.04733207284798771,[5.84113744],7.318107257269932,-3.425661065738557
1980.0099999999998,0.04500990138207793,[5.80107934],7.294929470970894,0.2922506265556832
1980.4649999999997,0.04754636791844888,[5.49202673],7.437475652729776,5.276177762330338
1980.922,0.04982057898151354,[5.58908171],7.404029363342045,0.7983224763766437
1981.386,0.048222681971543224,[6.08090826],7.487452518249631,-0.5079536097039525
1981.8449999999998,0.049322538078631226,[5.99771559],7.501643346342919,-0.2071333234748285
1982.3019999999997,0.04804333849620368,[5.46772265],7.35141295037135,-3.479498697170645
1982.7599999999998,0.04613743453216579,[5.72212799],7.447696757894603,0.5749309960337081
1983.2179999999998,0.048569975288570655,[5.92413933],7.337052092572171,0.4124035358575723
1983.6769999999997,0.04650580023678806,[5.34493455],7.202497287643311,-2.5261445082355727
1984.134,0.04624816021965056,[5.48043119],7.344467790916088,2.409290802935678
1984.5969999999998,0.048758258630915555,[5.6744083],7.403007505696613,3.2722562359706124
1985.0549999999998,0.049283283395859884,[5.8068103],7.469779593889009,0.22833213932026836
1985.5119999999997,0.04896901655428944,[5.98154755],7.407165148518297,-3.133847108428546
1985.966,0.0464429775469517,[5.80005509],7.397518221596859,-2.287927839117701
1986.4209999999998,0.0468958494339293,[5.41245899],7.454300414679718,0.8562966956884299
1986.877,0.04722278547890625,[6.0359316],7.384990348082323,3.295924891623288
1987.3319999999999,0.04989328474604961,[5.76885664],7.399944136977354,0.7720044598943308
1987.792,0.04787791724543064,[5.51984761],7.419752129117749,5.930719706235467
1988.25,0.05529652729192254,[5.75582121],7.581405748253501,1.1404632963048777
1988.708,0.0489225816248461,[5.7030817],7.551296623473221,-6.808507017757412
1989.165,0.049052542081368444,[6.05367292],7.652064517637611,-1.1101269363389745
1989.621,0.04791182168914199,[5.93033699],7.38660845872634,-0.10353414337093553
1990.08,0.048972243944016086,[6.10748138],7.525050923325788,0.8023922600851607
1990.5369999999998,0.048652831442182395,[5.80683058],7.468931707075893,-0.24796136781420064
1990.9939999999997,0.048745607253833964,[5.75710972],7.486367620759779,3.0121080741540225
1991.449,0.05138866220292,[5.95243887],7.56435909176383,2.37195095400463
1991.9099999999999,0.050876798860065145,[5.61159302],7.178018941891723,-1.446046004765604
1992.368,0.050061753650726265,[5.92769118],7.518569243799709,-3.057448176206727
1992.826,0.048076176330659276,[6.06092031],7.540688977678404,-1.8356561428290035
1993.288,0.04839303464801614,[6.0583337],7.309413077122029,-1.6014395605951013
1993.7509999999997,0.046590265226139016,[5.51539893],7.372652499944123,-1.4277449651283955
1994.2129999999997,0.047067444030262,[6.25891557],7.479619407596099,-1.0955245651541323
1994.6679999999997,0.045615240770387144,[6.21355713],7.244074356491635,-0.3844021035826206
1995.1219999999998,0.04671241418106924,[5.76375361],7.334810505575048,6.696574708922098
1995.5769999999998,0.05171099639424857,[5.67259359],7.429211595775603,-0.37499922392338764
1996.0369999999998,0.04625505672424146,[5.81830463],7.158697390033818,-3.8535340190984506
1996.4969999999998,0.04816574509667772,[5.18557473],7.258627062808492,-1.3304430601378605
1996.953,0.04508005303686227,[5.55034195],7.093429113578191,-0.7313443562476165
1997.4099999999999,0.04751011198361123,[5.82718092],7.200528129434963,-0.07828898504583237
1997.868,0.044997615399502755,[5.44457787],7.225628892998992,1.2239295006110305
1998.3229999999999,0.048587433088839074,[5.62022037],7.275892522035931,1.3598498335475884
1998.7819999999997,0.046188049650947346,[5.31204041],7.283536051584385,-3.473636239478564
1999.241,0.04539863502099893,[5.65104813],7.327645106223421,-1.263032801260583
1999.699,0.04502893591789105,[5.56366845],7.283568712740379,-0.1419159914113552
2000.1599999999999,0.04527221902196546,[5.44031349],7.3010529117464715,1.8225997339678182
2000.618,0.04669616112893124,[5.81023446],7.20585946090437,0.3531849115730387
2001.0769999999998,0.045590571850739725,[5.59702508],7.189376938405141,-3.6893678966507664
2001.5349999999999,0.04331556933087445,[5.73144154],7.18440880016537,4.202184762850447
2001.9899999999998,0.0493723300896671,[5.62558546],7.465193050417139,1.9558971696900587
2002.4479999999999,0.04503294483962442,[5.46677181],7.190631689957022,-1.6270718805736564
2002.906,0.04788193224706136,[5.7870066],7.442156209103853,3.156776524820548
2003.3599999999997,0.04793632776072648,[5.97930669],7.381125593331803,-3.2659760749778264
2003.817,0.044886246183677175,[5.86301153],7.275000733611748,-1.7465931689791894
2004.2799999999997,0.04638898076219622,[5.65808168],7.32858941291876,6.677263244042011
2004.739,0.05101534855220731,[5.59221168],7.608993173829478,2.027956900531765
2005.1949999999997,0.048292711112585,[5.94816856],7.282140136518865,-1.6696187124458362
2005.654,0.04951353878457328,[5.80665699],7.5338472504022285,-1.714946607207092
2006.1099999999997,0.04674969739983077,[6.11432635],7.211119367384589,-3.3969123223900333
2006.567,0.04641749196334609,[5.87627068],7.370959936353317,1.1466892884909736
2007.0209999999997,0.04778312654491443,[5.65011516],7.557363477171011,0.7142874657801932
2007.4769999999999,0.04705829847535099,[5.51039993],7.3791013523480995,-0.35998172414804935
2007.9319999999998,0.04745272678357208,[5.64292755],7.449280197574896,1.5100300260261281
2008.393,0.048449254721630905,[5.78558882],7.33347632383895,1.00188880226372
2008.8539999999998,0.04837646825926031,[5.69560181],7.451201129089244,2.8586561603964404
2009.3109999999997,0.05104947341763655,[5.82545666],7.572842862286434,-2.856490076502488
2009.7669999999998,0.04578588480350104,[5.70479725],7.35834443578415,-2.24239868050672
2010.221,0.048971769966998285,[5.78649592],7.462665110664308,-0.8895616474717052
2010.6799999999998,0.0448942103172488,[5.70456285],7.1778042953821535,1.3951285450154172
2011.1369999999997,0.050208682485900546,[5.51345448],7.561534535941497,2.3969701168478075
2011.596,0.04705282585108314,[5.69120829],7.263570513071113,-3.317988674286301
2012.054,0.04715897959020335,[5.60392022],7.337106096613126,4.652200014261643
2012.5119999999997,0.05131424106414145,[5.56968958],7.59919627677845,2.415977400887219
2012.969,0.04938289766965366,[5.89385462],7.340023004706488,-2.9368108210026946
2013.4249999999997,0.04863035695879829,[5.46532793],7.307963181324955,-1.5830430856785123
2013.8799999999997,0.04794061103513171,[5.63284973],7.357166621613883,-2.509929982576889
2014.335,0.046346320674651637,[5.64855553],7.292564942780205,-0.6877810323846767
2014.795,0.04733960766248227,[5.77367618],7.334342421591482,-1.8128628394616721
2015.25,0.04472705712085029,[5.8453537],7.342450423801084,-0.29571205179158844
2015.712,0.04714527242202128,[5.74573968],7.239140005097629,3.450996781926327
2016.17,0.047916178286923336,[5.46331046],7.33646886697019,-3.87377742985099
2016.625,0.04364174629836065,[6.01807781],7.182057269902058,-1.5907126853025102
2017.085,0.04653914138482024,[5.55254966],7.294398208630645,6.6300108463352085
2017.54,0.04970491097084041,[5.61535497],7.441930465533264,3.981463005727541
2018.0059999999999,0.05013979932922831,[5.64612547],7.386531341358898,-1.2385833345746402
2018.462,0.04860590748363727,[6.12917091],7.407372463342116,-2.2777303946057494
2018.92,0.04806230754551563,[5.93868089],7.413518850012471,-1.5226314905940341
2019.3809999999999,0.04720458815405254,[5.8134264],7.30139589563948,0.8644994116557003
2019.835,0.048815463286702734,[5.74283359],7.392772150934722,-1.8547177604931324
2020.2979999999998,0.04540559579830852,[5.86642223],7.383270307813257,-2.999585970597435
2020.752,0.04598703411995521,[5.65408141],7.277081866775736,-0.2709148278978446
2021.208,0.045152843170388604,[5.8274133],7.29014214465448,0.9237707402725905
2021.6619999999998,0.046816677096493245,[5.7802635],7.450562919155077,2.0859967570755895
2022.1189999999997,0.047043681903502804,[5.71177905],7.330470479578042,-1.4328330187410587
2022.5789999999997,0.045491153850624924,[5.60150998],7.368518600547678,0.6097508496771611
2023.036,0.04757899252536399,[5.70947337],7.370034363103764,1.299964523242908
2023.496,0.046663545286016586,[5.95636401],7.271402913258571,1.7802894090177614
2023.9519999999998,0.049179705631268195,[5.41197253],7.2994738809928466,-1.9839969301287952
2024.4099999999999,0.04482009871610289,[5.53951274],7.182600360904567,-1.7839271855489212
2024.866,0.04751832427626218,[5.79302071],7.336488751827595,2.5411355846872152
2025.3199999999997,0.047146006586835626,[5.83872165],7.400193112710804,4.380435876062745
2025.7779999999998,0.051555069224572564,[5.75644269],7.361663465904499,-0.6770862120102707
2026.232,0.04661057488552864,[5.89858591],7.3104518709695405,-6.979789289603529
2026.696,0.04522670749541792,[5.58624417],7.252775686290455,2.390258513873152
2027.1529999999998,0.0487373521170372,[5.52926252],7.539879776881591,2.1505553550952294
2027.616,0.04713840612541717,[5.46549786],7.387721691348283,-0.9757997457605707
2028.0789999999997,0.04783376155246072,[5.60601185],7.271362985886149,2.7563659663653666
2028.538,0.04966978275196082,[5.65000172],7.492419577026697,-0.7056790364884034
2028.993,0.047226252680900915,[5.34180437],7.277731259554389,-4.484047722895735
2029.4499999999998,0.045583884412902065,[5.49504651],7.36931729694398,0.6471737998654179
2029.913,0.047872878387551485,[5.38474651],7.473899524206723,2.946919088740237
2030.375,0.048313774081782376,[5.3891578],7.274074292182827,-1.38734657953829
2030.8289999999997,0.04663921119425175,[5.67359264],7.470880260947781,1.6947511546884924
2031.2889999999998,0.049927802088062856,[5.74723688],7.4598529747768705,2.0644110772980935
2031.743,0.048586701380629135,[5.78513133],7.61459507237467,-5.68085705125794
2032.1999999999998,0.0447361259126509,[5.76119566],7.340704474699822,0.47220001939737855
2032.656,0.04900004353491501,[5.62152886],7.404304088554479,3.5305418121606493
2033.1169999999997,0.04791511211969683,[5.59054069],7.495830503499179,-2.1492033516674542
2033.576,0.047021961315215716,[5.47232392],7.420339877177393,0.22350888980757905
2034.0319999999997,0.04810664906330486,[5.71591645],7.512944434666562,-0.12499372307920448
2034.4969999999998,0.04686133085232411,[5.38756619],7.388674477498967,3.651460886285665
2034.955,0.051389000543798816,[5.65182864],7.559864768515198,0.4738119075142211
2035.4119999999998,0.047313672057192266,[5.83692701],7.421354639738737,-4.794242749670455
2035.866,0.046996786651860925,[5.78025463],7.405008585151175,-0.968138577277261
2036.3229999999999,0.04643007153921691,[5.51513073],7.3868297450805365,-0.9284239093105897
2036.7849999999999,0.046146698657287794,[5.85917056],7.247251573517292,4.92862316932395
2037.245,0.05095214214634054,[5.81380246],7.793093654015998,2.8607150812980513
2037.701,0.04882753702391686,[5.67766795],7.3457718399767336,-5.676992561123876
2038.1569999999997,0.04577472493059759,[5.74945148],7.238331636214436,-4.046844032392825
2038.6149999999998,0.04513933648299612,[5.31602619],7.37551035871392,1.0238249059996707
2039.076,0.04673013421517447,[5.45514453],7.180649020635799,0.27273099595339495
2039.5319999999997,0.04542103869532976,[5.57579848],7.305331534282043,-2.3171443122221995
2039.9879999999998,0.04461689860242876,[5.7417616],7.295502763859114,1.7029031188733543
2040.453,0.04705242283250338,[5.29155284],7.124771215310017,5.275566499927435
2040.9139999999998,0.04950177144488935,[5.49437559],7.28491558400143,0.22720078725652765
2041.37,0.047311349343781686,[5.57370919],7.272436076402455,0.3879074400471444
2041.8269999999998,0.049866325251799376,[5.05871401],7.208472324515579,-2.976852830013636
2042.2839999999997,0.04459050585714994,[5.52467719],7.213740604901207,-5.149745421304572
2042.7439999999997,0.04518250293870847,[5.71139272],7.197806980533863,2.5870981925627605
2043.199,0.04694476988341244,[5.76140198],7.398699972170024,0.3193228665175282
2043.656,0.04545947898566417,[5.80571927],7.21363675493014,-0.5761774768655442
2044.114,0.046422921167122405,[5.91151535],7.255351279639216,4.724173964117909
2044.5719999999997,0.049786822336792436,[5.25761833],7.283097005228979,-0.9030395691121338
2045.029,0.045613117556968646,[5.5492052],7.221569885540591,-2.6390169217766073
2045.4849999999997,0.04736442646427658,[5.43077033],7.39385369135513,2.0222121168137415
2045.9479999999999,0.047445877810189774,[5.61316984],7.335983990610474,-2.1783616674701802
2046.4089999999997,0.04536101707416633,[5.54825633],7.201096276884084,2.9931739647432734
2046.868,0.05016960047567608,[5.72316575],7.357120043969856,0.6992666719764993
2047.3249999999998,0.04604056794308334,[5.67865447],7.187594870859606,-1.491195317058505
2047.786,0.04886129838768635,[5.13101645],7.119694246088903,0.5888773946491621
2048.2439999999997,0.046614817373328565,[5.01190065],7.169436809188531,-1.658879626560951
2048.698,0.04732254476313323,[5.69161229],7.293769600803448,-0.7368053153159402
2049.158,0.045913647164515,[5.38567645],7.243415708309083,1.572779960599048
2049.613,0.048715534353636264,[5.84146616],7.465232074274048,-1.3585262427080886
2050.069,0.04466098019745056,[5.39199966],7.192119052947867,-0.9200323679120701
2050.525,0.04787646483410021,[5.17522992],7.2171453477037275,-0.17273264398250804
2050.9829999999997,0.044474142254223276,[5.31397283],7.212021516615149,2.3077451697446487
2051.439,0.04994688336492821,[5.5007557],7.3452557420409335,2.8801925298759175
2051.892,0.04714678583188377,[5.40058056],7.341228212542039,-0.7554426641960127
2052.3509999999997,0.049323460300754685,[5.33220669],7.315868327750601,-0.8427679112041758
2052.81,0.04637312488939316,[5.28854951],7.16746665183052,-1.19706411974118
2053.269,0.04822455543882738,[5.32951636],7.241428035497006,1.8284208094612313
2053.732,0.04804121043054217,[5.66767662],7.379541445810707,0.5468440331530822
2054.196,0.048733367569069264,[5.7369436],7.391720079145777,6.46944440049857
2054.6589999999997,0.054028440664799865,[5.59944158],7.685684980092059,-2.8044542230082765
2055.118,0.046261095826957935,[5.48084207],7.481510912069966,-9.4008690310044
2055.5769999999998,0.04539844289432986,[5.41767519],7.28518322016828,0.5528351400753626
2056.0339999999997,0.04675778499819838,[5.61447205],7.437006241461137,4.6731329344964285
2056.4919999999997,0.04967776053144482,[5.54579177],7.334691445922214,-0.8583824024315095
2056.95,0.04597150671757097,[5.82614693],7.333771273120955,-2.7288121576874573
2057.406,0.047162219281322124,[5.29075744],7.386153671527401,0.14589128250011574
2057.861,0.04610933891048524,[5.66530228],7.33097883716269,0.9204583755346857
2058.3199999999997,0.04802950782590579,[5.62092162],7.519328619248831,0.152579988031587
2058.775,0.046280902868984966,[5.54692018],7.263909374690624,2.072201162507739
2059.2349999999997,0.04998504979526787,[5.59811663],7.595791713472871,0.44181606260187967
2059.691,0.04674622708115428,[5.64399789],7.4251591058780555,-4.453565234280192
2060.152,0.045927766873626416,[5.80056807],7.288267311453133,3.111513355504532
2060.611,0.04958931411052006,[5.97154421],7.467120147082386,2.0733956675556344
2061.067,0.04786023113660416,[5.70155959],7.64550038637023,2.031030540359635
2061.5229999999997,0.05144161396332236,[5.61864303],7.572662405330604,1.5307145921347465
2061.979,0.049256242844625,[5.71593666],7.491916779777684,-2.554694221462102
2062.4339999999997,0.04910981686239144,[5.50491971],7.531394949930713,-3.398768384762864
2062.899,0.04606716061644245,[5.51800393],7.275574291031711,-3.940955347882996
2063.362,0.04544222312004727,[5.48097026],7.226021792591682,1.6003194778605874
2063.823,0.04753408099464709,[6.02732961],7.339607288588132,-0.19248395870717638
2064.286,0.0452454063533374,[5.50469712],7.283446951777164,-1.6242000423929008
2064.7419999999997,0.04599532722013694,[5.47613427],7.2213965692164805,3.5553658801881562
2065.198,0.04848790003607005,[5.68774732],7.362252140768769,5.371073314175044
2065.654,0.05089374608266599,[5.56850643],7.447017948066637,3.5994250624258735
2066.1099999999997,0.05177057569300328,[5.65954219],7.7103806600163445,-0.8159270678492827
2066.564,0.05016218362244909,[5.46450434],7.499306622233973,-2.557144963966862
2067.019,0.04944810422930877,[5.88120574],7.684058811619386,-0.281905727671089
2067.473,0.049903359146602044,[5.48803718],7.300442234236199,-1.3318401659693155
2067.93,0.04822074393160419,[5.39132368],7.489612816234228,2.6326151696288576
2068.392,0.05238622278429424,[5.599111],7.554382283004672,0.13477668783502816
2068.853,0.04836288641324751,[5.38929674],7.575988754141607,-3.178065716777742
2069.31,0.049424556297754704,[5.3641238],7.527085541202299,1.6193742093290817
2069.772,0.04984401526659987,[5.83801181],7.641474729007901,-1.3048476920135208
2070.2309999999998,0.048236025072778035,[5.523154],7.387921856046021,-2.14406205909147
2070.6859999999997,0.04787351644716885,[5.65698048],7.363503301007628,-1.4907787712843124
2071.144,0.04687076598690158,[5.60902628],7.332064416796052,5.1293676904096
2071.603,0.05259180015749795,[5.69103548],7.529791819858057,2.258518461254126
2072.06,0.04898030239274456,[5.66747619],7.344185461004603,-1.5108213820413523
2072.516,0.05119965062303486,[5.72823121],7.49213159332562,0.9901131597267951
2072.978,0.04984239766113356,[5.45619681],7.332958887063215,-6.050277616422135
2073.437,0.04564595930903838,[5.55879273],7.349118871511211,0.29251218851612804
2073.893,0.05005362083876187,[5.62905138],7.4535296890180325,0.794975497992588
2074.35,0.04635401058705617,[5.59182951],7.3610185397984065,-3.2386586944832265
2074.8089999999997,0.04710647905883347,[5.82725389],7.426530550167581,0.44967843165846094
2075.267,0.04676874248983812,[5.46539467],7.333257118395754,0.88567698809517
2075.727,0.04792603708170061,[5.50149028],7.460089800338302,1.388728541312917
2076.19,0.04804375410533826,[5.90636355],7.363828394672189,-0.1785570169090117
2076.645,0.04776898680110876,[5.6044507],7.342176380003426,-0.33334893525237275
2077.1059999999998,0.047741674308632326,[5.19430434],7.4504769214966124,-0.9336104998870082
2077.567,0.04690819792021213,[5.51814185],7.35646018220618,-2.219807876824388
2078.025,0.04570413382809302,[5.58011901],7.23788072157644,4.545325123382758
2078.482,0.05105283750043782,[5.71444169],7.277280761149837,4.853748996542125
2078.937,0.05015809374605082,[5.44886186],7.529512839406336,-3.142326523724988
2079.395,0.048176814985168695,[5.57217421],7.466477543350189,-5.692552090508181
2079.85,0.044968966528107265,[5.65299407],7.364324659661265,-1.4765948572060053
2080.308,0.046862235857191875,[5.59479626],7.173892717677958,2.696140852797943
2080.765,0.04743880753942667,[5.65763565],7.5113709995877,-1.4335352470603302
2081.22,0.04556560884193918,[5.38698769],7.192087669447931,-3.015182059055446
2081.682,0.044689428574170464,[5.50364403],7.241876740080001,1.1068463622867855
2082.142,0.04657413382912204,[5.6834667],7.282794823956373,1.5480735902953582
2082.602,0.0461136562772423,[5.60878879],7.265708790893639,0.24911073851378862
2083.058,0.04679236155788258,[5.23430719],7.109268577526367,3.9817513705151937
2083.517,0.04977196816794904,[5.55781682],7.398137884907681,1.0985551344040723
2083.979,0.04777166731709588,[5.56095285],7.405065816536623,-3.7580404844023416
2084.4339999999997,0.04631790305907264,[5.82287909],7.2562759824892265,-1.9434328622729287
2084.891,0.04600427416392641,[5.53137621],7.393227395964065,2.275866159235612
2085.345,0.048373502602594445,[5.65715413],7.297728731446742,0.7549822235358994
2085.8019999999997,0.04666519298873181,[5.30162594],7.249295531884014,-0.3784492237865547
2086.259,0.04802760001205651,[5.60353136],7.29908744030291,-0.9527166335641657
2086.716,0.045794409985657536,[5.52160764],7.305183391823377,0.841441777651837
2087.176,0.048833683361029334,[5.938263],7.374044532907407,2.62903979104067
2087.633,0.04822903009957062,[5.85715669],7.404049941491581,-3.1162441097653883
2088.094,0.04595856327526571,[5.35155951],7.326789785861415,0.390155764490252
2088.5519999999997,0.048555795536562335,[5.3500189],7.294199519223348,-1.6481665019674394
2089.011,0.04443254065404878,[5.34105101],7.102094559147951,-2.416920304884329
2089.47,0.04633706269667226,[5.12675601],7.323208015821642,2.7839750344243117
2089.924,0.04698788860177727,[5.69588098],7.2939864416129225,4.377566026865621
2090.3869999999997,0.0504048085177802,[5.45536916],7.340178731249342,-2.974195037151933
2090.843,0.04439846569010776,[5.42217736],7.0437344756910045,-3.6884350662256744
2091.303,0.04710240170196124,[5.66393212],7.325031115403986,5.795964240465357
2091.765,0.049742015375305995,[5.80174211],7.477317736114411,-3.0872052467133053
2092.227,0.044249824053998216,[5.89696862],7.210215962899378,-5.459148362691645
2092.687,0.04468302139818524,[5.52103573],7.143339444088534,0.7546302429573202
2093.15,0.04494522148885101,[5.44469737],7.261651360356382,7.0351959722781
2093.607,0.051078278004282204,[5.35567911],7.593478446022286,0.349073168713708
2094.067,0.04518663707449151,[5.37893111],7.114498591805443,-6.871122141072377
2094.524,0.04474195439801959,[5.46293169],7.228260454284855,3.449337140351311
2094.982,0.04835163500404986,[5.56154959],7.304396300640161,2.9069447429272492
2095.439,0.04741174688446714,[5.71161165],7.429944789370182,1.4285847189205865
2095.897,0.049665768113559286,[5.56828246],7.349624739677155,-0.8593220364061932
2096.357,0.04659971570493725,[5.53752843],7.290625749583327,-1.2781789709465223
2096.814,0.048461460483893784,[5.68890672],7.424524943008405,-1.0851593196203324
2097.268,0.04564198795980652,[5.42390197],7.299848797584943,3.6052458173866584
2097.728,0.051875219938208025,[5.70675754],7.696046430148957,3.398666960638001
2098.19,0.04873486327130845,[5.82293798],7.272926898970205,-4.155180751302112
2098.6459999999997,0.048029264352002235,[5.38503788],7.421036579559023,3.5416196160944216
2099.109,0.052061404340603065,[5.42299522],7.6600033147120525,-0.834451960743783
2099.566,0.047375344661648874,[5.39825451],7.411244133725728,-6.005484123541481
2100.025,0.04657741197237181,[5.75695566],7.417928830959219,1.9380399833507853
2100.48,0.04911742971831115,[5.36549161],7.237996932109626,0.9085033770604503
2100.939,0.04737022807455224,[5.86738721],7.477065760493519,-3.2867730555255212
2101.395,0.046106923965165025,[5.67822738],7.420184446201234,0.5298163843588943
2101.852,0.04786055811106113,[5.48902655],7.431519198081017,-0.18196625990449938
2102.3129999999996,0.04590758430037874,[5.35110878],7.476770965756269,1.4970199027120947
2102.777,0.04927981388672896,[5.58056394],7.250566278167069,3.636937085409707
2103.2309999999998,0.049318126026827,[5.61048295],7.503844051218909,1.489854579321062
2103.6879999999996,0.050645532069796315,[5.32585895],7.507326942842273,-5.005558282359095
2104.1459999999997,0.04472220255618374,[5.57297481],7.304829270599534,-1.371903033174346
2104.602,0.04934546914469341,[5.49046196],7.5659637003755345,8.362641814319442
2105.06,0.05235853719182558,[5.36794158],7.4352534613751455,-2.903083399807181
2105.5229999999997,0.04657639342014343,[5.54450298],7.526312958691816,-2.126867045540791
2105.98,0.05027828638761647,[5.37105429],7.463871919365677,1.2232115832280719
2106.439,0.047669286193323154,[5.54955372],7.3297701678620175,-1.0091039329341993
2106.8979999999997,0.04935192897718321,[5.52226438],7.304658240267519,-0.615957837482986
2107.354,0.04713129189178687,[5.4827382],7.34859999886132,-0.904698060580772
2107.812,0.048540930212003744,[5.24398492],7.435449630189067,-2.936773070230783
2108.27,0.04444120775945498,[5.73934475],7.322860076478621,-1.5230149073003283
2108.7329999999997,0.04721292240127048,[5.69113508],7.345217488179161,3.0582906920951918
2109.191,0.047287016720486075,[5.65674176],7.366925735762355,-1.2155480002712173
2109.649,0.04609948043302184,[5.55414711],7.361585401401821,3.7197031465206405
2110.105,0.050661630219538914,[5.46297887],7.4897564069634,10.00471444411352
