time,flow,h_waist_nm,Surface_mum2,flow_fl/s
180.53146666666666,1.9600892873639695,60.295553056499045,93.80631125822474,-8.372842382290498
181.00663333333333,1.9636366173918738,60.25245535534934,94.01499573117705,-5.684027823911703
181.46656666666667,1.965648218134406,60.197302579751586,94.27553570306195,-6.788933599958719
181.92666666666665,1.9690346217912433,60.14361324007555,94.62191337105799,-9.360877576603345
182.38669999999996,1.9733961206756934,60.082970488834206,94.96104960300649,-9.314885688353474
182.84656666666663,1.9767456874085128,60.024316745359826,95.34727828322903,-6.705788599955371
183.3063333333333,1.978704709503553,59.97441833574203,95.61295394972404,-4.52227180757787
183.766,1.9800465255888002,59.93257812298874,95.74226575153907,-6.073121220310317
184.22563333333332,1.9834253390106844,59.893402731088884,96.052664987088,-7.3006792167552925
184.68526666666665,1.9858615521309337,59.86391771090427,96.3107412222802,-4.251365114390563
185.14496666666665,1.9864632670850673,59.80935836729213,96.3536481563813,-3.8493536236966577
185.60456666666664,1.9885511361224206,59.77733435849379,96.64279602740676,-3.6100342173659428
186.06419999999997,1.9889188361380152,59.73062762526918,96.75575871595042,-4.368443977190791
186.52376666666666,1.9916744525556889,59.67829602141347,97.13304196296279,-9.925699080967995
186.98343333333332,1.9971582196774875,59.64620193568382,97.90732022457891,-8.144194746338318
187.44286666666665,1.9983786846548657,59.59206837729085,98.10117882274683,-1.7113018987140762
187.9021333333333,1.9979872391417806,59.541461329880406,98.09617800366829,-1.4618525658303714
188.36146666666662,1.9989497956853852,59.500518996038906,98.28604511695559,-3.8191450436621195
188.82073333333327,2.000722981062798,59.465574585848664,98.6205890436206,-4.694728252344997
189.2800666666666,2.0024903727557044,59.43284662802698,99.06162207718052,-7.731796561730643
189.73949999999994,2.0070533847850696,59.38121296875873,99.75286275210122,-7.276040859210223
190.19886666666662,2.0084249285848017,59.33927046174327,99.92912069552449,-2.818903493856946
190.65803333333326,2.008871772827611,59.29892341244241,100.10445773199959,-0.41131112048304813
191.11723333333327,2.008026617544652,59.24870733803882,100.23603859496602,-2.257434997253177
191.57666666666663,2.0101212245001454,59.213308424230775,100.55309460076575,-4.532792911893101
192.03596666666664,2.0113041783831593,59.168748567178156,101.00274146525996,-2.510600180467869
192.49656666666664,2.0115741166125947,59.109450941238144,101.17033993984481,-6.291742013761919
192.95556666666667,2.016728321004339,59.05618521702713,101.96651615757453,-7.186332251607918
193.41466666666668,2.0181607067775995,59.008400108932285,102.23951950409466,5.408678941964287
193.87373333333338,2.011691925300691,58.96821518454952,101.5239340049781,6.690173904748761
194.33263333333338,2.011967619614589,58.91768333793134,101.75706574809011,-1.1567525677946822
194.79143333333337,2.0127576914240812,58.870887330749134,102.11203008876961,-2.307803379530338
195.25026666666668,2.014097244453304,58.84543263811862,102.40814685283924,-0.7709888789136995
195.7089333333333,2.0134797690007358,58.793804028769955,102.45850606535483,0.7652299393506058
196.16759999999996,2.013423596227364,58.76303181380236,102.63603383723782,-0.09515564054730967
196.62626666666665,2.0135971001509767,58.715941323414945,102.72491878938986,-1.7615551271782455
197.08486666666667,2.0150700936254915,58.66987075364057,103.02990281325758,-3.7082537869861083
197.54353333333333,2.0170265908464833,58.633536516485414,103.65627437647005,0.6828432599560093
198.0022333333333,2.014475331073092,58.6003729502792,103.68750444139978,3.227458728569473
198.46079999999992,2.014143531605237,58.55136566721193,103.85437723279071,-0.39334544744091837
198.91939999999994,2.0149359133008016,58.50807076142021,104.16647251272234,-2.877264306239757
199.37796666666662,2.0168625710302615,58.45615381245484,104.82375168681479,-2.6372398391662912
199.83646666666664,2.0174315776110374,58.41978853345662,105.1579042438992,-3.1626274341879
200.2952333333333,2.019941243276389,58.38317916319854,105.88918327926896,-0.07603767572836763
200.75396666666666,2.017695690348948,58.33923625332782,106.04256356816569,-1.1732702883936983
201.21276666666665,2.0211128092372594,58.309491028340275,107.00920537798116,-5.2980182177036825
201.6715333333333,2.0225998174247217,58.28217172662293,107.54387440656436,-2.0688545571073043
202.1302333333333,2.023050494715475,58.238242838038,107.86707315030705,-3.6200438514346036
202.58889999999997,2.0259582378815635,58.19812621125441,108.63097146404826,-4.563492505382306
203.04739999999998,2.0272910952840784,58.148287290373005,109.00350803892233,2.2229830679333746
203.50586666666663,2.023974255751644,58.10761655243741,108.60171144121742,0.9210293416548642
203.9645,2.0265279327870007,58.072141104692236,109.3406742771133,-3.6734644197241524
204.42323333333331,2.0275058731208166,58.04082501065896,109.72387829252919,0.3239523456658378
204.8819333333333,2.026390783867143,57.994982162265416,109.72645219170315,1.1655134638172655
205.34046666666663,2.026585248727962,57.95737575009976,110.01127644315257,-3.06722855681767
205.79899999999998,2.0293516322862524,57.915887280941995,110.8001322400403,-6.828579647589272
206.2575,2.032992600047503,57.88322089962199,112.08094654758638,-1.6688186620032275
206.716,2.0310747853643054,57.85489795924455,112.14801510288191,-0.7969581712071365
207.17443333333335,2.0339453207863127,57.82745801928149,113.07488746783524,-4.560620829364069
207.63276666666664,2.0354597800037717,57.78733630962794,113.56160916771854,-3.2534038744163056
208.09116666666665,2.0371430346911263,57.74385313594093,114.00198551402406,-9.671635873803568
208.54956666666664,2.0445157554987956,57.69810907443762,115.48928983261253,-10.544171873928844
209.00786666666664,2.046992823261776,57.653974017926664,116.19687273846183,-7.955551792431117
209.4662,2.0520133805779945,57.62560222132304,117.17475200070038,-10.23096338758922
209.92446666666666,2.0565586753866216,57.592959713130696,118.57117204820742,-6.683798194343134
210.3829333333333,2.0582688706147376,57.549313490518315,119.32142610680638,-5.048983694314348
210.84146666666663,2.0612820691464013,57.52878767210783,120.33615707597474,-2.7720472249185377
211.29996666666665,2.0609053626559004,57.495525740641035,120.59221459219091,-3.004207370568621
211.75839999999997,2.0641096827446193,57.45867069229134,121.43590200988079,-5.759286579879187
212.2168333333333,2.0662477793951566,57.416739086610356,122.14494196813102,-6.6458654614716
212.6753333333333,2.0702696587852714,57.388547828238956,123.36639730777131,-5.133426699226925
213.1341,2.071021260973449,57.35563517571343,123.94466257107987,-6.913453621654616
213.59289999999996,2.0766655415226625,57.31086091758666,125.55596536028332,-4.509698074545393
214.05149999999995,2.0751517806128015,57.276471479600744,125.64445530933845,1.884059153593368
214.5101666666666,2.074928324088324,57.23706703930898,125.96328543847218,2.781079624298128
214.9687333333333,2.0726186828706332,57.18877198285647,125.76987410956508,0.07603967830300701
215.42726666666664,2.074898908619286,57.146380800511395,126.62176074706453,-3.9023512867738472
215.88586666666666,2.0762168396978784,57.10547377750814,127.26679823075828,-0.43721029863809563
216.34456666666668,2.075318696745541,57.06410842052224,127.60141358508555,-0.9226584247729568
216.80333333333334,2.0770715343827453,57.03229250302193,128.50511661256155,-4.080327975198729
217.2622333333333,2.0790423279122887,57.00848395580271,129.437772100134,-1.1033763715788396
217.72089999999997,2.078012882501557,56.969485410240814,129.758415153144,-0.5957437072417824
218.17959999999997,2.07947259766966,56.92293193287084,130.79682428150593,-3.9668482495466693
218.63829999999996,2.081527149953558,56.88244900051176,131.68990061108593,-4.879446981990891
219.0969333333333,2.083815113100122,56.83963351448,132.65002663775755,-2.6403932572088915
219.55563333333333,2.0838113949701222,56.79690664990893,133.19841014768596,0.32849152888559624
220.01426666666666,2.083382802190415,56.763067509495805,133.57897691977132,-0.24399491134963963
220.47286666666665,2.0838975495127774,56.7123095334909,133.97576482866594,-0.374498936285702
220.9315333333333,2.0836073871484837,56.66830798898168,134.3093312736331,0.6053112484100936
221.39026666666666,2.0832275856385896,56.637425285736484,134.46635872008812,0.7390607866969944
221.84903333333332,2.082807825148332,56.61230302426698,135.13938758007873,6.362106296555032
222.3079,2.0773010045525115,56.581432189607604,134.73275329931835,5.662723144735703
222.76693333333336,2.0775353230496725,56.54486445075362,135.62083215256916,2.223249937801266
223.22603333333336,2.0751559503792882,56.51306168046422,135.87536400752964,3.8500098863831607
223.6850666666667,2.0738519168952463,56.467288859170495,136.3451199471589,-0.08606496747678974
224.1441666666667,2.0750803413906187,56.44250306507279,137.08095154555673,-0.6544336954517211
224.60320000000004,2.0743291998594455,56.399309548866405,137.67881982341788,-2.720267925850776
225.0622,2.0774550756874874,56.3562427579783,139.01608296118044,-2.1042885890690584
225.52133333333333,2.0761375940350812,56.31266183554974,139.28010542955553,2.8919423217729596
225.98043333333334,2.0746769202203224,56.273245155071066,139.63857382090453,2.8205360754261233
226.43953333333334,2.0734307124330322,56.22706420093897,140.09257213429498,0.9521420119334636
226.89853333333335,2.073708185789458,56.187026528243386,140.79242746644715,2.383393476331068
227.3575,2.0711864871775294,56.18030566970277,140.75571113031862,2.9930834594983593
227.81656666666663,2.070880347783036,56.136168135952076,141.27925890903532,-1.1556693311555544
228.2756333333333,2.072141124283828,56.11110046150484,142.23749619332276,-2.319901771809554
228.73486666666662,2.0729006691217844,56.07680287759328,142.81499590845016,-0.9916079084186046
229.19413333333327,2.072921170641863,56.05254659842071,143.40400177908634,-0.10154355896327139
229.6533333333333,2.072888227016676,56.02486412614511,143.79077906308675,1.1191051116656565
230.11246666666665,2.0717871230502327,55.985842242732815,144.19931465670143,6.385594625170877
230.57156666666663,2.06692456346783,55.96771998719496,143.57889726548675,6.030132635256181
231.03043333333332,2.0661501010277292,55.93230441268864,144.32058869250588,1.0952553398885012
231.48933333333332,2.0658042091886673,55.91568688027332,144.58163840527723,0.615914537065251
231.94816666666665,2.065454179285096,55.88386466057236,145.11500963725854,0.8900136822821203
232.40696666666665,2.064849979340964,55.845704752185966,145.58624908501082,2.545499504098784
232.86586666666665,2.0630013755156695,55.82776580655446,145.7061255982477,5.781585377744714
233.32466666666667,2.059445860096959,55.79942051628585,145.3538486777027,5.36888344889041
233.78346666666667,2.057961181710902,55.75898920612121,145.5177040531939,1.6902329292336196
234.24246666666667,2.05772824938227,55.73093464995931,146.12351927399115,0.9343048753265011
234.70146666666665,2.0569028317247455,55.70029487799119,146.56303160551695,-1.1407335316289275
235.16046666666665,2.0585794543194673,55.66576078192137,147.93103491641193,-5.20234524308063
235.61946666666665,2.0614838758848766,55.64168926702312,149.40394858255905,-1.7057140796634818
236.07843333333332,2.0599593514979735,55.61639637793395,149.61815657033225,4.449493208003475
236.53726666666662,2.057199799135528,55.58429060335814,149.34940290780466,2.391967589760555
236.99599999999998,2.05755888265719,55.55115011839827,149.95044467557773,2.3465483253556294
237.45486666666665,2.0548827126611533,55.531276850017576,149.5424113449932,2.531686494510277
237.9137333333333,2.0551592748823997,55.510224755825426,150.30294871581242,1.4896997585865712
238.37266666666665,2.0534965845785935,55.48008225245003,150.08717514207194,6.9301335567424935
238.83156666666662,2.0487900655188325,55.443362376009134,149.26923531152812,4.18565048423815
239.29053333333326,2.0497444961788998,55.42653147827578,150.19676498581578,-1.3647050889049002
239.7494666666666,2.050209878818613,55.3990709653579,150.55525195329952,1.693676725206054
240.20846666666662,2.04836659983961,55.369567191665354,150.76314837565633,7.062298640089196
240.66746666666663,2.0439052706655514,55.35054798990173,150.1142228401238,7.22102550851608
241.12646666666666,2.0418833512768226,55.29900584152712,150.10503212823878,3.9516118442452917
241.58543333333333,2.0404135445837,55.26926268785806,149.99400966581084,1.8887141945364083
242.0443333333333,2.04028202194384,55.236292541989606,150.4504834830516,1.9989115211781259
242.50323333333327,2.038696743000358,55.20422574884123,150.49940038529695,5.817589034061459
242.9621333333333,2.0350571709704335,55.167542830821475,150.21712590596624,6.077497961265725
243.42106666666663,2.0332344653836962,55.13920929086278,150.21238695761414,5.108527139128726
243.87993333333333,2.0304879986083213,55.10373594315435,149.85364829142205,2.1644086181123345
244.339,2.0313832921111112,55.05946734522178,150.46290931179308,1.1321290419362768
244.79816666666665,2.029624591689581,55.03158626861732,149.98430654060508,4.325569064002158
245.25740000000002,2.0276085867569043,54.985521603964465,150.0989080191339,2.739114575215851
245.71680000000003,2.0273324104588957,54.94733779881316,150.24051410100333,2.3909344880349934
246.17610000000005,2.0257122157453296,54.92750524390924,150.14405730979865,2.7428628504907544
246.6355,2.0251619175545175,54.89908956685175,150.53144626298496,2.1072296204392478
247.0949,2.0241475250973706,54.87108159710889,150.55585197954827,5.8838013910358375
247.5545,2.020151509604935,54.845085979777465,149.77828942362441,6.7383882282261425
248.01403333333332,2.018376221773852,54.80922027288713,149.82099145340064,5.540531149583422
248.47373333333329,2.0154738776798466,54.78112924835592,149.38154842011147,7.435185422362123
248.93339999999998,2.011947128157242,54.74818072928671,148.95231020942816,8.6879856914648
249.39306666666667,2.0078935199381602,54.713276582371954,148.22464301137128,6.264534568346422
249.8528,2.006574378587032,54.676915837303476,148.09788329635649,3.9591080315164597
250.31263333333334,2.0046313607758988,54.64404294950844,147.8879204291986,6.340349556819191
250.77236666666664,2.0011233538123165,54.606201207526716,147.3108315558235,8.37911655941473
251.2320666666666,1.9973159075323934,54.570691435654716,146.7376842788418,9.308858796387726
251.6916666666666,1.992928375483138,54.52982920255271,145.9395221664857,8.465521918566205
252.1512666666666,1.9898555123435298,54.49917454664298,145.72086715578178,5.549751155294598
252.61099999999993,1.9881261836159365,54.46932655760756,145.67081561137726,6.903739223320779
253.0705666666666,1.9837216399874347,54.43459141609969,144.48200503319677,7.652046014515093
253.53016666666662,1.9812406152727358,54.406701431914044,144.344055944319,6.232739527109091
253.98966666666664,1.978122386799071,54.36631679519587,143.67696778588333,3.4879289417232937
254.4492,1.978169648728748,54.32945308162289,143.86462238221722,4.7933400328338776
254.90883333333332,1.9738808659238851,54.30801816222676,142.97267600320754,6.315704919644933
255.36849999999998,1.972542926903451,54.273640662201906,143.00456666860052,7.425562946507453
255.82816666666662,1.9672258003178031,54.23274346411157,141.81003735744264,8.89169840160632
256.2878666666666,1.9645391003682051,54.20914582585086,141.87032535507223,2.3152601977165803
256.7476333333332,1.965279844556592,54.18167917340836,142.2953352157574,1.7591581172229216
257.2073333333332,1.9631396665092893,54.14337451635823,142.2767677143263,3.555480339356412
257.6669666666666,1.9622240024759807,54.11499879335883,142.19577165036955,3.8323036826371677
258.12653333333327,1.95979385909051,54.090718281671926,141.8696753764038,6.608077078554227
258.58599999999996,1.9563208306146596,54.048883180103665,141.44252983203913,5.054797491040489
259.0455666666666,1.95536022312231,54.02048025753602,141.27921133148726,5.391161197465684
259.50496666666663,1.9515864481406413,53.99444698009184,140.38108295391018,8.229174923585347
259.9645333333333,1.947934853220504,53.96567774163817,139.8121990888582,7.568462522523233
260.42409999999995,1.944723102290198,53.91323454349887,139.14653299754482,5.915435650507367
260.8836666666666,1.9425836671614174,53.88894757707709,139.11970885718006,2.828693313327867
261.3432333333333,1.9422160761204292,53.85457931182922,139.40389511658034,5.176608270726227
261.80286666666666,1.9379327019431414,53.83504723051389,138.561418973301,7.256168094456446
262.2624333333333,1.9356657806186521,53.802639622883326,138.30182901586895,6.019072952699537
262.72206666666665,1.9325375472851112,53.767837070861795,137.49514280584938,6.69039665008153
263.1816666666667,1.9296481653269457,53.74183002024618,137.03341403308238,6.95722582943774
263.6411333333334,1.9262979478907143,53.700626349094506,136.6504882472056,5.85949883722295
264.10060000000004,1.9244497493059343,53.6710663644799,136.311701623675,5.038002881483785
264.56006666666667,1.921881072035292,53.64811747523138,136.00069249100517,5.550552163004959
265.01963333333333,1.919572103597452,53.61581011231454,135.68820570982382,7.420827432391821
265.47923333333335,1.91526951701927,53.59292303448132,134.93439022843168,9.22153967855693
265.9388333333333,1.9112947720494176,53.56356345038927,134.29592791363282,5.1803796635434685
266.3985,1.910738637761931,53.54228150718575,134.1198841032739,3.3218485940374065
266.85819999999995,1.9085153300175162,53.50415858730462,134.06713307990776,4.990660880050408
267.31800000000004,1.9064371476737674,53.47507548460775,133.980878421926,7.4154809928476615
267.7778,1.9020083120562716,53.45794279015254,133.25834530016672,10.455479096461696
268.2376,1.8971489671687238,53.42251755127334,132.57494692416182,8.165796863356077
268.6973,1.894824983137441,53.3817771028146,132.47797801663077,6.239091189284748
269.1569,1.8917322074617393,53.35504859178869,132.07294515892386,7.201466066763586
269.6165,1.8885097924557626,53.323580562641666,131.65989559721737,6.805747624180092
270.0758666666666,1.8857701062265673,53.28423600216337,131.13435496150848,10.379855141135248
270.53516666666656,1.8792475128353108,53.25484770698061,129.89063756928212,10.503114929891757
270.99459999999993,1.8763695685920263,53.231275574240954,129.41108455730773,7.690214327120663
271.4541333333333,1.8724435049493504,53.20127331947051,128.95186788820396,8.974580468570041
271.91356666666667,1.8683959273727273,53.16799486397964,128.37859766958664,7.3643265062607455
272.3732333333333,1.8659502281937435,53.12973195097289,128.3099839664148,8.157725594055194
272.8328333333333,1.8611379934713266,53.09501152568973,127.48125725717324,10.371973673607723
273.29253333333327,1.8566302891733493,53.068780815550674,127.0198911372959,7.685564908961521
273.7520666666666,1.854313828015447,53.02128725304082,126.63909933026984,6.92380847306917
274.2114333333333,1.850502319005475,53.00673365912349,126.0557954870989,8.958505192359292
274.6709666666666,1.846280196084936,52.97599496135631,125.29378613498803,8.89815958642579
275.13053333333323,1.842515418074501,52.94343682899533,124.61364229035337,5.324991799222351
275.5900999999999,1.8415906847084853,52.906345292098194,124.69732505163017,4.1576655503416635
276.0494,1.8389154918119262,52.87163850299277,124.5304144197473,6.362672687392337
276.5087333333333,1.8359590917631834,52.8527406653129,124.1588210778809,7.71429829872633
276.96813333333336,1.8320450795866499,52.81929934787845,123.26980237222968,7.20146219985734
277.42763333333335,1.8295453662766519,52.81187382192133,123.08276424962486,6.750018734707499
277.88703333333336,1.8260211137889906,52.792962907325084,122.78955151572416,6.155267862748825
278.34666666666664,1.8240545317283958,52.7561698908309,122.64408954722188,4.74952548711356
278.80609999999996,1.8218285573457949,52.72504025648684,122.65905603439063,4.878254693751737
279.2655,1.819756197667469,52.68696022618653,122.46192633519708,4.962972971341375
279.7249666666666,1.817447197461921,52.661341978375674,122.1641709974172,7.562338650393418
280.1843666666666,1.8129545776967926,52.61321831713343,121.93831925331277,9.146999179182963
280.64386666666667,1.8091542015143847,52.58879223724826,121.53889780196837,8.286218631647992
281.10336666666666,1.805443506564895,52.55753288142896,120.87964711130203,6.347796809825614
281.5627666666667,1.803424949793422,52.52830509426953,120.75525021646295,4.745029356183091
282.02206666666666,1.8011775100804572,52.50098636337518,120.44068485348178,5.680937294278225
282.48136666666664,1.7982972756101772,52.47325277523351,120.0654312702543,7.493790619056941
282.94066666666663,1.7943928879583648,52.45345271490189,119.58073554516793,6.594515633339377
283.39993333333337,1.7923535901264638,52.4269026527715,119.46521434701782,5.488597044503168
283.8595,1.7894653470576325,52.3945574563751,119.233080427852,4.748643273768464
284.31910000000005,1.7881042039272246,52.35872388330267,119.12440289318037,4.6546990617307795
284.77843333333334,1.7853046475657928,52.31785750036247,118.85637778377873,6.324032659529426
285.23786666666666,1.7823944106709126,52.294421592865014,118.40288503749792,5.963469735732452
285.69719999999995,1.7799161693826273,52.26414494870939,118.25050253444763,6.6174146645109495
286.1563666666666,1.7763972548262676,52.24600120558332,117.79588847733287,4.891938347230821
286.6154999999999,1.775508871058935,52.22553530042033,118.08276700276721,4.0147160769025945
287.0746999999999,1.77279608147067,52.19304378534612,117.79373164818709,5.4944780237150175
287.5338999999999,1.7705296907777637,52.167122339170696,117.68298415437327,5.1136456698584345
287.99309999999997,1.7681634035917353,52.12299499757117,117.46213130611343,4.778956883581008
288.4523,1.7662101549671625,52.09032549245018,117.35171300654989,5.4178309874259485
288.9114666666667,1.7632475889786148,52.055324911997744,116.89944442419181,6.6333221915892455
289.3706666666667,1.7601661752365338,52.02769407466524,116.48824043259754,6.550095487440663
289.83003333333335,1.7572707043714726,51.99936602119351,116.06032299633894,6.574991710479445
290.2893333333333,1.7541666451670825,51.95826161726929,115.828452935598,6.456883916326372
290.7485666666666,1.7513805446618378,51.92386965022968,115.58157668856455,5.468142006102535
291.2078666666665,1.7491798423053857,51.873115787179245,115.29035017183334,5.609335663140612
291.6673333333332,1.746255466547803,51.823578855891334,115.02868478277459,5.578811473092484
292.1267333333332,1.7440601871478278,51.803158890032,114.81307875268892,5.722813296273116
292.58619999999996,1.7409991481594296,51.76942766148782,114.3096735218439,6.110950356546251
293.04583333333335,1.738472298914796,51.72479273656076,113.9918878658072,5.86478674361097
293.50523333333336,1.7356874667989943,51.682338161791776,113.84311516010764,5.7720193760003005
293.9647,1.7332781643212145,51.66840012142445,113.62012279526165,4.615477670623203
294.4240999999999,1.7315626311983383,51.64709389891831,113.46446420257736,4.748379721263926
294.8834999999999,1.729032557082796,51.61481669441349,113.11946371649539,5.407710597288425
295.3431666666666,1.726683179156555,51.578770645309426,112.81691600212241,5.385663901767927
295.80299999999994,1.724159426760647,51.54092740058283,112.5802792918829,4.930271579391958
296.2629333333333,1.7222274901788348,51.504719312869184,112.6257946534794,4.512625643580681
296.72296666666665,1.720083094932224,51.45799537662898,112.47661828168957,5.607976492117966
297.1831,1.7171433367286613,51.426823663997105,112.17026030834069,5.4718764892170615
297.6432333333333,1.7151383371621673,51.39138778343756,111.91440897086075,5.872883686277334
298.10336666666655,1.71184292182219,51.35438636864438,111.52444730936686,6.107874888524897
298.5637333333332,1.7096102927675618,51.328876198844846,111.37942258745318,4.109570290839877
299.0240666666665,1.7081559166849827,51.29554297025623,111.44414577265792,3.5679311375993747
299.4844333333332,1.7064328241513786,51.27193859039615,111.23519294123732,2.5485387605451346
299.94469999999995,1.7059059371461185,51.249497955393444,111.20315715210619,2.948180577478098
300.4049999999999,1.7037977898508623,51.22019530359641,110.93219739751343,4.009463384152023
300.8653,1.7022999032811266,51.21120296938461,110.78625813670398,3.260739715513157
301.3256999999999,1.7008893724156091,51.18993119235037,110.66869467005218,4.445193085020974
301.78619999999995,1.6983018670143144,51.18326678059945,110.53039117806402,4.480629147678106
302.24666666666667,1.6968677765145395,51.14737465498323,110.4994911103671,3.923703863971465
302.70696666666663,1.6947981600859958,51.13207961243561,110.4717117354781,5.433560961802808
303.167,1.6919808885351715,51.114608863085735,110.120989976193,4.384045280205987
303.6270333333334,1.6908823838902092,51.090609393169956,110.25234343022605,2.466685235649612
304.0870333333334,1.6898241544720427,51.06324237414476,110.18830367043057,3.5340594512265415
304.5469333333334,1.6877477335351805,51.031159522649446,110.01688532990751,4.784523292954477
305.0067000000001,1.6855458376859427,51.00988862585112,109.91555951874119,4.29910320465392
305.4661666666667,1.68393131587354,50.99526016686311,109.75828764433439,4.916029340986738
305.92563333333334,1.6811865467042393,50.965226066419,109.35921009328774,5.020012182961263
306.38519999999994,1.6794614415638056,50.943000074715314,109.24152021173384,4.392138091299917
306.8445666666666,1.6772554454491633,50.92742033187898,109.09955502460079,4.667861797652669
307.3039333333333,1.675247397504021,50.92131350476652,108.95301093318407,3.323777475993817
307.76326666666665,1.6742849099083468,50.882321431571214,108.35200141536872,2.6367287329552327
308.22256666666664,1.6729178230878765,50.842901157849234,108.32410618991257,3.773487839836212
308.6818666666666,1.6709078018093508,50.82385119513722,108.18466814175903,3.269303289973901
309.1409333333333,1.6699987845287683,50.794747624762714,108.24669905097197,2.2591537519847846
309.59993333333324,1.6689144860672578,50.76746973650597,108.2320056995572,3.0235270272095534
310.0590666666666,1.6672923791367766,50.741081551000796,107.98137963571406,3.701029012538704
310.518,1.6655814489511764,50.720376354668346,107.86313701339787,3.3333529148326835
310.97689999999994,1.6643088669913166,50.689730558802374,107.62728444722319,2.6536722615768302
311.4358,1.6632252411778667,50.66570930493969,107.54887426186578,1.713978003787704
311.89476666666667,1.6628165329502216,50.657419524911504,107.58202625053913,-0.5068270610351246
312.3537999999999,1.6637887911860636,50.64798804317089,107.58821137029672,-1.1593912437490266
312.81283333333323,1.6639964983403177,50.655485608645975,107.6259598987891,-0.915094941115125
313.27196666666663,1.664737118505592,50.60727649948473,107.75779400168945,-1.1283457247223725
313.73119999999994,1.6651462688290792,50.56446234832648,107.94981116627935,-1.6650038061568997
314.1903666666667,1.6663875118067213,50.51312057028394,108.22069206167632,-0.952471854546714
314.6495333333334,1.666127630815969,50.47324220516049,107.90911937464733,2.584668079800482
315.1085666666667,1.6641251223462856,50.434258578970194,107.90218630970058,3.322407359143938
315.5676333333334,1.6632136834643154,50.39406860628877,107.96450195898278,2.984254951270645
316.0266666666667,1.661519140596982,50.367726823335786,107.69705791976692,3.1018115499864622
316.4856666666667,1.6604864187515684,50.34400897870846,107.84006659859568,2.4037806341067998
316.94486666666666,1.6594155447892769,50.31016829315607,107.73280491578076,4.34415518045715
317.40413333333333,1.6565884056628348,50.280923072196,107.26752020737459,5.194848585160728
317.8635333333333,1.6547389829110555,50.263694347505165,107.32787153319748,3.7575078661501435
318.32313333333326,1.6532308966652753,50.23963224932751,107.22826507453631,2.837110464987935
318.78279999999995,1.6522255019321006,50.207754009538505,107.2003856045339,2.8773886772937085
319.2426,1.6506799554955125,50.16978092801498,107.07903413178377,3.6560695714039495
319.7024333333333,1.6489557315427636,50.13376528436079,106.95636968277316,2.5861130582902185
320.16206666666665,1.648385655369472,50.10555190601062,106.96299248505441,1.9846850398823401
320.62163333333336,1.647207760304404,50.08074197083152,106.91488541552766,1.7470052188668006
321.08136666666667,1.6468387650645955,50.04518433827657,106.90348826163138,2.4849605523078617
321.54113333333333,1.6449436055203148,50.018231512632376,107.16441836351932,3.9673404248969253
322.00076666666666,1.6431979558295475,49.99440450500398,106.93553393020237,3.958635000384921
322.4601666666667,1.6413235091085985,49.968924173560985,106.827905805225,4.107117099065312
322.9196,1.6394631379778393,49.92872828081529,106.6341594604496,4.162945817954488
323.37899999999996,1.637538848716422,49.90384771335607,106.59197847672579,3.54565676152793
323.83826666666664,1.6362538407557632,49.87618043622326,106.52786049143819,2.1755212598368723
324.29776666666663,1.6355942418171472,49.84651744431568,106.60408845492861,2.294283738306949
324.7572333333333,1.6341894570237083,49.81915229025962,106.65417499648835,3.9413819468988742
325.21659999999997,1.6320105342344764,49.79187628205009,106.5830765785183,5.715165330995327
325.6757333333333,1.628980566910669,49.76378210472224,106.29854693634202,8.38099390586482
326.1348,1.6243501367433433,49.71340935853307,105.93215452316021,9.9907137171237
326.5936666666667,1.6198391272861403,49.6451719482114,105.58090101123435,9.522671640113142
327.0525,1.6156552370806798,49.62417090164783,105.30057013602486,9.700950025541042
327.5114,1.6109809580734789,49.6013359563355,104.81511876537616,10.963822322971618
327.97026666666665,1.6056354276127398,49.58447059043616,104.22455904343138,9.734099348056516
328.4291,1.602103247599321,49.55267667230675,104.223227548776,6.097016090143621
328.8881333333333,1.6000986568900732,49.52570780100549,103.9889923296453,4.6026503638550755
329.3470666666666,1.597918561748876,49.488790241964836,103.70749491165574,3.450821031471229
329.8059666666667,1.596973715966786,49.45434228140232,103.9000981822265,3.878755087508293
330.2649333333334,1.5944125461303102,49.42129582201045,103.57247804439181,4.575865910914662
330.72396666666674,1.592849076435228,49.38728827082501,103.69351464108591,3.5513278454090065
331.1830666666667,1.5912311061902287,49.35723984133275,103.54288562281525,4.182175323249656
331.6419666666667,1.5890891637886257,49.32280220649587,103.24996844933196,4.916854938939179
332.1007,1.5867985090129573,49.28577269491508,103.25664648676867,5.477316423451365
332.5593333333333,1.5841409736471483,49.26196647539043,102.89360171065341,4.845587676731608
333.0179666666666,1.5824240476324944,49.23712395569687,102.78844065919898,3.2143328835362004
333.4765666666666,1.5812610131825184,49.206586239357776,102.89620040133534,3.8818273716202474
333.93536666666665,1.5789384570899363,49.17754298908878,102.73682790028137,4.5102843210460914
334.3942333333333,1.5772042308173895,49.149933371285385,102.55449048832882,4.627209660005042
334.8531666666666,1.5747696359985546,49.10531432421931,102.35931805344602,5.188119107403238
335.31203333333326,1.5725188428489714,49.07746151476544,102.14554520819914,5.421740456084768
335.7710666666666,1.5698712471520297,49.04376454849132,102.03332750597666,5.081655214380621
336.2302333333333,1.5679217791429583,49.00325826294971,101.97754596266253,3.6931050670533305
336.6894333333333,1.566536636074894,48.99064257527245,101.95931635357853,3.863721965158266
337.1485666666666,1.56443366228512,48.95746759564021,101.76974972336286,3.9403441432232102
337.60773333333333,1.5629873072564964,48.92954631054013,101.68411297335837,3.997008923328986
338.06700000000006,1.5608252738797754,48.89890117169233,101.33602043474788,3.9326343059866047
338.5260666666667,1.5594177729456222,48.867151196875035,101.23266535949557,2.7439654813429915
338.98513333333335,1.5583409678099995,48.8453438968683,101.17277412812813,2.1982570412284823
339.4444666666667,1.5574192154022153,48.80077081233279,101.21891165987667,2.417730844220959
339.9038333333333,1.5561197072984703,48.77304299934916,101.20459668455119,2.046053864535217
340.3632,1.5555242903739817,48.74369555070361,101.08767205231663,1.5821800108475037
340.82259999999997,1.5546405964698324,48.7104984362502,100.99050517983198,2.1119285745712157
341.28209999999996,1.553555854603401,48.68162717236385,100.8344537086131,2.738485600497135
341.7417333333333,1.5520966380716885,48.65139141618252,100.73285701624127,2.675069791449758
342.2012666666666,1.5510743752290652,48.6120577538466,100.79100223117439,2.5294000264178527
342.66083333333324,1.5497461183974877,48.581054348080144,100.62350551782146,2.745184242533094
343.12026666666657,1.548522953949882,48.5505878302248,100.72004156868556,3.639021853475488
343.5797666666666,1.5463760154258277,48.52034667106679,100.36520753381656,3.3369416661393814
344.03943333333325,1.545426967493462,48.48253810938206,100.34012545611873,3.187307710425125
344.49913333333325,1.543401035108351,48.44562707674291,100.11112137036761,4.563944624504194
344.9587666666666,1.5411802389081133,48.41252727856316,99.99841271063754,3.387689103040614
345.4186666666666,1.5402467251407799,48.37224732810612,99.97570999761963,2.49218535631733
345.8786999999999,1.5388564433066576,48.35141464111929,99.77036201366718,2.611830169257915
346.3388,1.5378091555739963,48.31765007075006,99.84807174229432,2.212154985030764
346.7991333333333,1.536783212504755,48.284087501769285,99.98242489220263,3.8656212884346326
347.2595,1.5342149096041504,48.248012132281396,99.69529125189109,4.926905552112311
347.7198333333333,1.5322118822654982,48.21289674858368,99.62664141221103,4.332762981406746
348.1802333333333,1.530193845773899,48.16894411387839,99.59327574952665,3.3485942727363938
348.64043333333336,1.529099252313597,48.151640490729456,99.62409851934855,1.4498416051701584
349.10060000000004,1.5288316960540886,48.12350381323237,99.77425842140714,1.3189171862089337
349.5607666666667,1.5278569025571331,48.09091609354259,99.66631315218143,1.6339544891205071
350.02096666666677,1.5272977284586502,48.04970817922301,99.71004621611657,3.0444663971702717
350.48123333333336,1.5250276973312182,48.005179231870265,99.50981945683424,4.333795038936338
350.94160000000005,1.5232837081142343,47.98802920089031,99.42231286725453,3.9840979230062836
351.40200000000004,1.5213283656385628,47.950718929016794,99.36588335681083,4.204960488651895
351.86210000000005,1.5194007245479106,47.91891983345193,99.32861068135531,2.986179155924466
352.3221666666667,1.5185627459322504,47.89297648612163,99.39462141637794,2.7167240462697766
352.78223333333335,1.5168495551676489,47.85361343448578,99.17684842690919,2.656327710388528
353.24219999999997,1.5160728989059118,47.82709719761469,99.24343474598305,2.8113312363045555
353.70203333333325,1.51422928765582,47.80260669923056,99.10210568720447,3.2590736777471667
354.162,1.5130445357290963,47.76525365302776,99.1423868306585,3.4913133120489857
354.62203333333326,1.5109764848946892,47.736669715015104,99.003972749096,3.8888914887227926
355.0819999999999,1.509425650869053,47.70313623989447,99.05618266335094,2.613138549526634
355.5419999999999,1.508539693280908,47.682468559067644,99.2064025464961,2.86939542880058
356.0019666666666,1.506777051728128,47.66127729565083,99.25466953352847,3.351251390654144
356.46176666666656,1.5054573943877045,47.64503455343212,99.22204193543972,2.2304225294398563
356.9217666666666,1.5047254149715183,47.6141516329835,99.2633604575927,3.183611373618399
357.38059999999996,1.5026865362007746,47.589746222938466,99.29077431004518,5.344502758294554
357.8457333333333,1.5001651279548438,47.562034759620175,99.130143679573,3.8195240808058166
358.31066666666663,1.4992085279626648,47.53590671764266,99.0848149894096,2.369831282432307
358.77563333333336,1.4980105625090225,47.508056640421835,99.07068254245232,3.584891932967296
359.24046666666663,1.4959203368342637,47.487212007179856,98.90886143890155,3.4838107717811524
359.7050666666667,1.4947948510743971,47.45926296827897,98.91948392111247,3.7409798655738573
360.16976666666665,1.4924503144197716,47.43091503517968,98.71443055468487,4.521033261594472
360.6341666666666,1.4905943525759264,47.40820990200053,98.49367919273007,2.9042281236018077
361.09846666666664,1.489730134893804,47.39004026948004,98.45751676808939,2.09748697277926
361.5628,1.4886177981048274,47.36150044303878,98.58663814320421,3.248375461205788
362.02703333333324,1.486694573594552,47.33943771313755,98.45056340635449,4.13870750547155
362.4912999999999,1.484760464127244,47.30213188686297,98.26089177937938,5.149576114350434
362.95563333333325,1.481902331274004,47.27669545582852,97.99982094789306,5.0957956812305945
363.41979999999995,1.4800202222211456,47.247239452065195,97.91509965954718,3.373771610189935
363.88399999999996,1.4787569228121147,47.230285652688416,97.90963132477127,1.9761531865744288
364.3483333333333,1.4781582398122166,47.21227617693515,97.96733763399587,1.9628935158448837
364.8127333333333,1.4769023818152651,47.17634888043044,97.90289525462155,2.8164663300984616
365.2771333333333,1.4755106444637238,47.153627851617635,97.83357544346744,2.0475576161121163
365.7417666666667,1.4749518882580201,47.12940844584367,97.83714474864779,3.364733520370511
366.20660000000004,1.472377225989877,47.10298497955949,97.60431086126111,5.236708798375874
366.67140000000006,1.4701402669930042,47.08626664556956,97.50216667535545,5.0920826091833655
367.13620000000003,1.4677005163525692,47.0532393847525,97.22603748136801,4.451322316249669
367.60140000000007,1.46603441294955,47.019897435018954,97.08185288615825,4.007017480052592
368.0667333333334,1.4639896527004561,47.001379229733544,96.91423381568177,3.244229592116457
368.5307000000001,1.4630000526591984,46.97140502733915,97.00505735187197,3.0150426525391154
368.99890000000005,1.460701445843144,46.94242504863842,96.79673356351957,4.209162771752587
369.46700000000004,1.4581982602899344,46.90367915607277,96.44674603896156,3.8150163848013987
369.93493333333333,1.4562522049280469,46.8684925321403,96.01625695211654,2.8063227273594142
370.40316666666666,1.4546987766705506,46.82988854851254,96.08043626880801,3.6976025198952787
370.87146666666666,1.451943951430472,46.81004012492594,95.67664861255344,3.2789812860057617
371.34069999999997,1.4505996217734942,46.7835800936458,95.7195855968565,1.5543899907470846
371.80339999999995,1.4492309214039274,46.757639032187136,95.65312955878134,2.289482196196979
372.26599999999996,1.4475278532294251,46.73139556336665,95.78412247238707,3.1049826039410156
372.72866666666664,1.445391208850582,46.70550294337639,95.60338823050665,3.2840071910409017
373.19179999999994,1.4435429274353846,46.678885340954075,95.52847047003468,2.0051769622340783
373.6551666666667,1.4425880498797805,46.65054436260187,95.76834215094414,1.5309544730946292
374.1184333333333,1.4412089899871017,46.61763043179489,95.61652630012348,2.2397001931053384
374.58213333333333,1.4396434005098957,46.59072628136419,95.51628616569928,2.558891560733263
375.04569999999995,1.4379867003235332,46.55799905217464,95.5380594649155,2.6580629959140674
375.5091333333333,1.4363323914258126,46.52504962051755,95.20265554385587,1.4432759902914738
375.97266666666667,1.435799837017858,46.49901422208762,95.34498776791801,1.6170395658231227
376.4364,1.433985780551411,46.48461651816256,95.21470586454842,2.7184539049286034
376.9001333333334,1.4324388298587025,46.44916687962018,95.1991837833091,1.7190130607206495
377.36393333333336,1.4315380989816442,46.42153403412192,95.22139962994855,2.5520677922142543
377.8278666666667,1.4292026620503182,46.394305663075826,94.99791130489169,4.138508979354519
378.2916333333333,1.426840841733395,46.36421256334519,94.8587149853772,2.885644361772587
378.75519999999995,1.4256600357428237,46.338226490110124,94.87537782960514,2.9566554390129327
379.2185666666667,1.4232457018016005,46.3080060568872,94.6188385373712,4.356524291169993
379.6818666666667,1.4207874482469576,46.28077271922137,94.60661689302727,4.497643840143623
380.1452,1.4182374865937917,46.24973597791516,94.46163723738296,3.7951909077015658
380.60846666666663,1.4164192351643814,46.22142093240058,94.28902936905057,2.6949089010504492
381.0715666666666,1.4148732126598298,46.19167913714316,94.28237475252888,2.2234664469118486
381.5343666666666,1.4134910743281053,46.17287947956285,94.25031948711906,2.2104136510590813
381.99709999999993,1.4119655022568904,46.143053355571936,94.30905024068196,2.775718734673068
382.46109999999993,1.410097764156181,46.13106501639407,94.27595694360328,3.410817339726369
382.92063333333334,1.4084724409529488,46.1097809163234,94.18592672676286,3.8990668904479664
383.3802333333333,1.4065866124266164,46.09067183536221,94.11421053984797,4.699710381866267
383.84009999999995,1.4042166711963877,46.066165202462265,93.9778009592922,5.228150549310739
384.2997333333333,1.4018160701773001,46.04472177244814,93.72574004748239,4.550382338150277
384.75909999999993,1.4000627339174498,46.012476612837474,93.6036264933591,2.945673947527294
385.21853333333326,1.3991474152720464,45.98159724845393,93.57904731001565,3.2810574439189777
385.67806666666667,1.3970718709138183,45.95329111555101,93.33896256882325,5.325807245506257
386.13776666666666,1.3942855830795913,45.92427866270462,92.95705912369601,4.217144453808052
386.5976,1.3932783483745552,45.89203243823229,93.04657338175987,2.4760842907572074
387.0570666666667,1.3920887361705472,45.86553838109745,92.93367217116838,4.017509387055601
387.5164333333333,1.3896674546763648,45.83282447899951,92.43583456145433,3.575052167047175
387.9758333333333,1.3888733218115956,45.8108931406523,92.64580256092692,3.160371543230707
388.43499999999995,1.3868013742679828,45.769136111758556,92.50312255862896,3.6755045431134863
388.89433333333324,1.3855110285943266,45.73394820039152,92.46773053775918,3.1977179242993987
389.35376666666656,1.3838746610040809,45.707589457380124,92.44321732733097,4.272037793858008
389.8131333333333,1.381587911734239,45.677958101106476,92.0761730370194,3.353257213916053
390.27253333333323,1.380802998829459,45.638872657697576,92.10427787283835,2.7787904927625946
390.7317333333333,1.3790658545152836,45.611594569257335,91.8787552358151,4.482076154615613
391.1908333333333,1.3767241475325207,45.58174141003963,91.83024797450969,4.029514517881604
391.6498666666666,1.3754278743825286,45.5482313268292,91.80803807653417,3.4414482441790524
392.1087666666666,1.3736498914245165,45.52179918145901,91.53114697492818,4.5329903634819955
392.5678333333333,1.3713592745367087,45.49621773184559,91.37910962327476,3.4665947988875048
393.02709999999996,1.3705567054327248,45.474693800127106,91.4904693997782,2.5883771381918597
393.4863666666666,1.3690649149763572,45.43921490511495,91.28643271684341,2.845870962773986
393.94573333333324,1.368025158960375,45.41638878868007,91.24399684934342,2.32065796817867
394.40533333333326,1.3670222671446097,45.384611447414464,91.24998379512526,2.915733186161977
394.86516666666665,1.3654438558116708,45.36807149657256,91.0746743254872,3.170675244971092
395.32506666666666,1.3642160892619735,45.34026075393898,91.1800474666004,3.3543017774315227
395.78506666666664,1.362465639422615,45.31388346326067,91.01234649769467,4.364766515597347
396.2449333333333,1.360308543888673,45.28797866647687,90.6983024147437,3.363384237236136
396.70503333333323,1.3594750221055494,45.25784275017343,90.61963239892792,2.5071238036609524
397.16506666666663,1.3580851748771188,45.22540153595445,90.5982760866953,2.553189286819616
397.62506666666667,1.3572042134792606,45.19924006605872,90.59719625916118,1.7649235586320693
398.0851,1.3565427169302247,45.17581629414424,90.6356220234827,1.6429663341157879
398.54523333333333,1.355774916996096,45.14588410269834,90.67107265311559,3.1145821245433116
399.0053,1.3537686656103565,45.11977966986493,90.4617565897054,3.084541524140653
399.46549999999996,1.3530426838892893,45.09240439617443,90.59082103088454,1.3477812605545034
399.9257666666667,1.3526282564429433,45.06505213372811,90.64806793694575,1.9994934611832655
400.38573333333335,1.3512903309907458,45.03496345109734,90.57529628334333,3.3366973234195387
400.84563333333335,1.3496347528857051,44.99700940716411,90.59201211333584,3.691345739932402
401.30543333333344,1.3479666244726844,44.97290780741638,90.55656055144304,4.490522268273237
401.7652666666667,1.3455705134473814,44.947423317289264,90.20723831261618,3.9138428054671905
402.225,1.3444373774750211,44.92109445663738,90.13609250102458,3.4092134119574493
402.68486666666666,1.3425151301902014,44.89883619807062,89.99195069886221,2.7673506839432562
403.14456666666666,1.3419588200251873,44.877871304635114,90.20872725355203,1.9193427856299443
403.60433333333333,1.3407932208371005,44.8489912284852,90.2678042763064,3.4267032481962874
404.0641,1.3388409997750736,44.82230316999057,90.23416728356509,3.7528542378542307
404.52396666666664,1.3373553863665757,44.798253659090655,90.15185559176533,2.8501550175419696
404.9838666666667,1.336222876126997,44.77580549649423,89.96544427962846,3.703698511312426
405.44373333333334,1.3339325510194193,44.7510021562493,89.70017473636634,3.6439042341065067
405.9038333333333,1.3328413827110153,44.72683351048698,89.88475525174907,2.274273007539122
406.36396666666667,1.3318051073021067,44.69903358926447,89.92648979696847,3.042633704368059
406.8241333333333,1.3300032504320378,44.667994015502636,89.81373864713608,3.69351359076738
407.28433333333334,1.328362083661606,44.64906145544505,89.65125290250735,2.874230023431782
407.74423333333334,1.3273033458177113,44.62045803364556,89.60604809613288,2.4673343721716146
408.20413333333335,1.326024697336159,44.59540242535068,89.59375041139256,2.8822534769007055
408.66386666666665,1.3245868540849874,44.56460618269997,89.68611282230927,2.9652450021648704
409.1234333333333,1.3232321082201384,44.53320371490713,89.56756574255394,2.736938584478077
409.5827,1.322011858154714,44.50929543811163,89.5896547841203,2.38032062542135
410.04196666666667,1.3209906569840308,44.46968991989197,89.60392445503722,2.5802569614363184
410.50123333333335,1.3195795659254466,44.438645751881204,89.57672658410151,3.162899462186138
410.96046666666666,1.3180227575047272,44.41220385720168,89.41920072813691,2.5066623693842605
411.4198333333333,1.3172202317730681,44.383852967446096,89.56496235028708,3.2082922243751164
411.8792333333333,1.3150162507120506,44.34764168009085,89.40408477411194,3.918367379634439
412.33883333333324,1.3135606854995776,44.3149205050259,89.48513179909601,2.943527372759158
412.7984666666665,1.3122588375808713,44.2841887836155,89.2871585623352,3.2602224718182966
413.25799999999987,1.3105087044209742,44.259105396197874,89.0526394447767,3.8908700344721563
413.7173333333332,1.3086241201150504,44.23190221631092,88.96909772131296,4.047283604033694
414.1767666666666,1.3067228510405564,44.20443028561958,88.74457569081095,3.739743536281969
414.63623333333334,1.3051201164621882,44.18189749699375,88.61101703045361,2.983003195675474
415.0957333333333,1.3039120214019713,44.147422043029096,88.5074891147725,2.3071563361324987
415.5552,1.3029289905742496,44.11018565540041,88.60603343317256,2.563406526358462
416.0148,1.3014865538521587,44.08857665498363,88.55429372339931,3.1022047757163804
416.47436666666664,1.30000828008202,44.07274558050685,88.48244462297532,4.377806662819135
416.9341,1.297409306460526,44.04340285934159,88.12662699818833,4.793992836188369
417.3938,1.2955722697171923,44.01800688640614,87.93770512034283,2.811974097368205
417.85333333333335,1.2947975703097292,43.98486806974798,88.03109172216196,1.7985674718262434
418.31303333333335,1.2938825219301093,43.956098833782534,88.00034349432771,1.9584191208059354
418.77273333333335,1.2929530325842475,43.92408037980913,88.00314679401852,2.246712534326016
419.2322666666667,1.2917850549493122,43.8830994861103,87.98982720247655,2.391124599672893
419.69169999999997,1.290729995029451,43.86027858242667,87.85913845605573,2.3739932237991646
420.1511333333333,1.289568685321538,43.82743464684959,87.65602553383408,2.976716518978743
420.6104999999999,1.2879591040192504,43.7984600317856,87.60242221223571,2.866685617851587
421.0698999999999,1.2869020481011613,43.76308713134213,87.63532749558286,2.5485506799703956
421.5293333333332,1.2855970288312788,43.73629941309646,87.5023614264611,3.1460077980929384
421.98859999999996,1.2839968813377503,43.70087610238203,87.3929471258281,3.729869065917257
422.44806666666665,1.282145354448184,43.679036619559405,87.17984171716797,3.944159070992555
422.9076666666666,1.2803435100226552,43.65562314865175,86.98655531805835,3.5684325041234564
423.36740000000003,1.2788361864729427,43.62065067257556,86.8064415891838,3.3377796984052965
423.8272666666667,1.2772411521317568,43.594844401034486,86.7682686235686,3.33457840343551
424.28709999999995,1.27573320113999,43.56763576616207,86.74884867595829,2.4567558344358456
424.7468666666666,1.2749413565994534,43.537617869532724,86.72259315828613,2.634646262266564
425.2064333333333,1.2732662906538759,43.51299951351987,86.70428088319645,1.920262648548099
425.66586666666666,1.2731286619897328,43.49247831800604,86.88578752945128,1.1499083640658327
426.12510000000003,1.2721532286697737,43.47882930104064,86.79602873789965,2.9024331481724013
426.58436666666665,1.2704038785880596,43.44972044101699,86.72426038806161,2.908791021564317
427.04373333333336,1.2694401780779567,43.42129192293901,86.99503779256834,2.8205289028280682
427.50336666666664,1.2677731570117006,43.40128925065118,86.85412839280113,2.276287385971543
427.96293333333335,1.267301349195953,43.373840033684246,87.00381443977453,2.318314988585339
428.42223333333334,1.2656199089329307,43.35043583668404,86.87524509148304,3.420731601604877
428.8817666666667,1.2641799748412907,43.331695548391785,86.77862386165855,3.1821330150208245
429.3412333333334,1.2627360073312317,43.309846845467106,86.70273275251728,2.931577203492753
429.80066666666676,1.2615296237819285,43.28441266015079,86.62047396866689,2.9681906298897265
430.2601333333334,1.260051229834801,43.25455337614017,86.52203076033992,3.2920932780375005
430.7196666666667,1.2585430567857128,43.22008438828611,86.45268114605703,3.2106155038926483
431.17923333333334,1.25713845693531,43.188254201702534,86.41570188348358,3.8882397029903712
431.6389333333334,1.2550118786268956,43.163090046517134,86.0256314246751,4.548034307182262
432.09856666666667,1.2530118809211526,43.137651704023526,85.96785797510344,4.649100878768339
432.55830000000003,1.25080178446702,43.111607854032506,85.81809875670275,3.5038183027263554
433.01796666666667,1.249843875938649,43.09408647028617,85.791624718165,3.2142373352767866
433.4777333333333,1.2478768514358725,43.05874083533684,85.68715397327084,3.736111660037504
433.9374333333333,1.2464459634482703,43.03303835908862,85.78645919845026,2.748597770625668
434.39689999999996,1.2453977457970375,43.00603241486233,85.71856260046222,3.50703387366893
434.8560999999999,1.2432800854296668,42.98115766346218,85.62237930016862,4.710708587188451
435.31533333333323,1.2411329866946237,42.95212219220369,85.6248478156676,4.639335080349802
435.7746333333332,1.2390809233916456,42.93664540298569,85.49568421238706,3.2306181098328794
436.23386666666653,1.2382352485504777,42.90156328501002,85.39531477387037,2.6305384799562828
436.69309999999984,1.236737473861547,42.864219206243405,85.46839531513312,3.4636412998498027
437.1524333333332,1.2351205695542118,42.84369282765792,85.31934747057991,3.1010399672178375
437.61179999999985,1.233954380289988,42.8135991013474,85.25189705230794,3.263991915489354
438.07106666666647,1.2321910445892483,42.782885803381,85.02871597045932,4.1156225104972926
438.53029999999984,1.2302450168302894,42.758964048250334,84.87152632754328,3.984708082254114
438.9895666666665,1.2285992825440317,42.7347530414625,84.55842631343313,4.717268377565986
439.44876666666653,1.2259812863643367,42.70140402496103,84.3098868082516,5.413217382603846
439.9081333333332,1.2237008231994604,42.67528430226214,84.13763001059641,4.000200504554377
440.36773333333315,1.222374795060324,42.65086295576089,84.14019483207616,2.8000541534485053
440.8272666666665,1.2211858737605825,42.6249693689136,83.95471029885692,2.2911968191544174
441.2865666666665,1.2203376465032865,42.592700595953424,83.89201921288613,2.882430585098546
441.7457333333332,1.2186197632255962,42.57174498583586,83.73828917700354,2.7047995222105956
442.20519999999993,1.2179086492223294,42.54274693807888,83.75691429484655,2.534514185438234
442.6646666666666,1.2163069390631709,42.51798782685109,83.67435037239461,3.455125979832796
443.1242666666666,1.2147370894629814,42.48894149304878,83.57332126916975,3.459739468767009
443.58376666666663,1.2131285514961974,42.463603701346884,83.52389679478154,2.7605148498786036
444.0432666666666,1.212208081897308,42.43062452259769,83.53864263438889,2.2128890070819565
444.50253333333325,1.2111219562177593,42.414302247708015,83.4772043711944,2.3773126021776982
444.9615333333333,1.2100525775422513,42.39390766259348,83.42363213550269,2.5223213129041224
445.4203,1.2088317133585018,42.37372645796748,83.39644921674108,2.251058800217291
445.87909999999994,1.2080198750918685,42.34763568328467,83.49127194326783,1.9205108257894266
446.338,1.2071067361685006,42.32103094387558,83.48719179616029,2.9248467554633764
446.7969666666667,1.2053833453808043,42.293433703855364,83.28212816046077,3.189535803594423
447.2559333333334,1.2042490854005363,42.26690826933491,83.21677553448593,3.381194044737468
447.71430000000004,1.2023865742417097,42.23994381125006,82.83997366400881,3.5227159755309883
448.1763000000001,1.2013451210022743,42.22229220258281,82.8480203645127,2.128817386872535
448.6394,1.2008910898821403,42.203080669784214,82.90766118973298,2.4338137316995336
449.10273333333333,1.19956514857884,42.18395388399867,82.7226995109739,2.7698914732091664
449.56610000000006,1.198801521840928,42.15243315053041,82.5955986976177,2.527222339571414
450.02993333333336,1.1977080373701783,42.12895182063272,82.60972139935477,2.666803739273049
450.49350000000004,1.1968362093488452,42.115935397290094,82.42514853208999,2.240616293560771
450.95683333333335,1.1961375913982815,42.08598789904997,82.52105710562401,3.091987658696571
451.4201333333333,1.1944815217966278,42.06262867028071,82.48769314769868,2.645386748788858
451.8836333333333,1.1942046491705927,42.043640774890385,82.55522887631075,1.3644846446246157
452.34706666666665,1.1937430151121122,42.0284701166593,82.66061866659605,1.6865377870760925
452.8105,1.1931724324905937,42.0038110727546,82.75748053649293,2.3610045662699344
453.27419999999995,1.1920851588213919,41.98165860577235,82.6771920241388,1.5621742857171033
453.73786666666666,1.192243555218162,41.95629910291629,82.85281978427477,1.5060754771109128
454.20146666666665,1.191207081519946,41.94134365134001,82.80296032179,3.379960905966376
454.66509999999994,1.189637199352018,41.915595542655055,82.6532948776972,2.7877607825415742
455.1286666666666,1.1891188685397645,41.88983660711644,82.82494823932991,2.560520885600382
455.59243333333325,1.187731561887945,41.85571455749604,82.70504417985296,3.3238377843980467
456.05606666666654,1.1865091126135656,41.836035075519355,82.66463508859601,2.8560157878897243
456.5196333333333,1.1855543564496722,41.81297139792741,82.67799936771688,2.937607760312425
456.9831666666666,1.1842574766753802,41.79374795039475,82.63971627966679,3.009501770900391
457.44676666666663,1.1832371277106009,41.77024687082082,82.72499806649711,2.545454405727254
457.9089666666666,1.1823128808780503,41.75503619209709,82.59765488264489,2.4890815842354823
458.3739666666666,1.181008594924453,41.7254651086665,82.52290022671757,1.9105831432668303
458.83923333333325,1.1803675454738751,41.69711943537618,82.70489635768841,1.1546126487501747
459.3047666666666,1.1797609708383023,41.66725052264533,82.82462750491374,1.8703285825508988
459.7700333333332,1.17846310176156,41.63221299069721,82.56459959785575,2.308481843685946
460.2352999999999,1.1774638231390446,41.609717247370654,82.52560678993731,1.3483847175431087
460.7006666666665,1.177044871691871,41.590300234722605,82.7966624402246,1.3285745616647562
461.1660666666665,1.1760507419609636,41.56680315533244,82.76079483191475,1.929181313560313
461.6318666666665,1.17504887003442,41.54422474664589,82.85796917310466,2.3258185984388113
462.0942333333332,1.1734661138893654,41.51447538773683,82.60935337916912,2.4502376441231837
462.5556333333333,1.1722097543181902,41.490241975755886,82.43309023181666,1.5225331236800994
463.0168999999999,1.171473855984652,41.46090393052974,82.52827992281992,1.5039789729911415
463.4779333333333,1.170239848016895,41.43493194896678,82.57658371298325,2.1896416354399686
463.9383666666667,1.1688635892750887,41.40908361249514,82.50721587818055,3.126431336644593
464.3988666666667,1.1667554980409414,41.373982408596454,82.37733046493166,3.6589015812883723
464.85933333333344,1.164889693968187,41.352258403608644,82.14433231722586,2.7814076061251085
465.31966666666676,1.1635899071156188,41.32960706178458,81.98463735294493,2.997052722730268
465.7798000000001,1.1615129016446235,41.30099052491228,81.92546775574714,3.5386324209342805
466.2473333333334,1.1597728995303542,41.27159865134103,81.79663573660497,2.1079555589527676
466.71503333333345,1.1589836117377028,41.23590408149284,81.86728545697075,1.4930423157766903
467.1826000000001,1.1578241230801494,41.213946071780676,81.71973153436653,3.046083133805651
467.65016666666673,1.1556158431038084,41.18516607089072,81.39647895431486,2.9973297179623857
468.1175,1.1545018416501969,41.16397439472674,81.32042419715575,2.174741320771115
468.5847666666666,1.153047667506187,41.13597488251,81.1821007821696,3.3056249556303037
469.0523333333333,1.1509169103387162,41.1118292264079,80.86332200427053,3.043008556969436
469.51966666666664,1.1497279290827371,41.09293410153159,80.80338861667755,2.437505400203965
469.98699999999997,1.1481555874886085,41.06771400033975,80.79755321962968,2.2319824559376564
470.4542333333333,1.147151711583884,41.038379002666254,80.62568963257625,1.2245182342008476
470.9214333333333,1.1465020399717836,41.0106720386125,80.5206768033776,1.3152319931954346
471.3884,1.1454173047131804,40.977330408494474,80.40366455580192,2.457968883071596
471.85653333333335,1.1437698196592816,40.94628429623526,80.33389547402092,1.6349240729806214
472.3218666666667,1.1437546400342133,40.921773513484524,80.51961670150068,2.3235134362368193
472.7870333333334,1.1417157825062478,40.89355152679531,80.35957475043223,3.83310255511264
473.25206666666674,1.1403204510680192,40.864649347605834,80.2530299737144,3.1625209628864384
473.71706666666677,1.1389027385254888,40.8462960152266,80.28369662923673,3.5408690819793063
474.1818666666668,1.1371572191375918,40.82346059010453,80.20064640867277,3.75570340442968
474.6466333333335,1.1355433187521757,40.79504312823077,80.10681001644048,3.366233479360531
475.11123333333353,1.1341579750195252,40.770093222526306,80.09005186555198,2.949217062858714
475.57590000000016,1.1329238933263386,40.742568118845185,80.05199617390893,2.675046841835922
476.04043333333345,1.1317842414769697,40.72381253451588,79.98796136603823,2.8310641383993036
476.50513333333345,1.1304067439789103,40.6935125890593,79.98885741263243,3.095325841823277
476.9697000000001,1.1290286176857134,40.66433605359339,79.91334925869391,3.215004217759594
477.43443333333346,1.1275417028420338,40.64080787920689,79.87895770634947,2.6507844981541417
477.89913333333345,1.1266707300713976,40.61913518657171,80.05381998486655,1.790838982322318
478.36356666666677,1.1259901685602707,40.59875072751108,80.12840517668288,2.0501056925650367
478.83643333333345,1.1250338884298507,40.56883473269129,80.2843947771553,2.113491641827784
479.3113000000001,1.124293950005639,40.53766977111903,80.24633846819104,2.6736088106856863
479.7860333333334,1.122854564372073,40.51508953084306,80.19516268681619,3.5626246554585825
480.2532666666667,1.1212270593917733,40.48754143771277,80.1134775437128,4.31638141895652
480.7203333333334,1.1191190357159084,40.47406888079397,79.8726538728872,4.0534389948736225
481.1904,1.1176254766205975,40.43885184227275,79.90493749327442,3.5563235772323862
481.66873333333336,1.1160078123330308,40.41045086373663,79.8505237551005,2.974005511658513
482.14733333333345,1.1149775476965578,40.37275622285998,79.9448794681242,2.220301567625615
482.6260333333334,1.114056742462572,40.346695584038535,80.0754110369101,2.2284719988439097
483.1044333333334,1.1130083040314442,40.319904959458505,80.13868083485839,3.1076883929446666
483.58310000000006,1.1112724765448863,40.29710716388849,80.07963171954273,3.0557026801221596
484.06190000000004,1.110275344775553,40.260902297694,79.94777636266161,3.8070759432930927
484.54060000000004,1.107871401219788,40.23361197916147,79.87849664410668,4.784012962154638
485.01913333333334,1.1059834074555208,40.206563254938935,79.7386948109432,3.548965498167319
485.4979333333333,1.1047112421934335,40.18434928088708,79.73976607357629,2.8086715006936944
485.9769333333333,1.1035031867099045,40.1549089809156,79.81387190276827,3.8503181613916415
486.4561666666666,1.1012798246982882,40.130045130588236,79.61703535586557,3.3757621381222256
486.93543333333326,1.100508642484097,40.11234668821387,79.48684653767131,3.018278304193778
487.41466666666656,1.0986057203389208,40.09280165421785,79.29643102815899,3.0126603550462705
487.8938999999999,1.0978178466546722,40.058744311894856,79.29922697528964,2.412431234030206
488.3733333333332,1.0964394195167748,40.02369828497828,79.19019037332043,3.6203135678685787
488.8528333333332,1.0945368128804902,39.98990920185065,78.88978566472885,3.666443400395063
489.3324999999999,1.0931233006487238,39.955843223323356,78.67103841024966,3.0702251153135665
489.81209999999993,1.091779538860761,39.93077220004274,78.48553695724353,2.7373899555607837
490.29186666666664,1.0906782717580792,39.893856092168434,78.59842697013238,3.3909555007956933
490.77139999999997,1.088749028330602,39.86718377096969,78.37492388412544,3.131834096075177
491.25089999999994,1.0878746306325089,39.845128068072064,78.3758200981851,1.9918634903369428
491.73026666666664,1.0869803809835443,39.81387159001425,78.24293302190473,3.322154494260325
492.2096333333333,1.0848989746464224,39.78267246583855,77.84432691040762,3.8731897522167285
492.6895,1.0834828233506373,39.75206535514611,77.65858003032147,3.352089390684254
493.1610333333333,1.0817315749223262,39.72687473978304,77.41483575036489,3.637095036656198
493.63056666666665,1.0800566237943414,39.70484877719372,77.35025131604306,2.680547816216835
494.10016666666667,1.0791475678080569,39.67374086528427,77.27688328667709,1.7613681257940905
494.56989999999996,1.0783084863848187,39.64323999282718,77.16520174680649,2.1461297618927087
495.0395333333333,1.0770480456223994,39.61071373752581,77.06412045448194,2.429906849293176
495.5062333333333,1.076048419090178,39.59307739435077,77.00349448928965,2.28265261042766
495.9647333333333,1.0748850302497317,39.564634739404205,76.92465672968629,3.454744340897978
496.4232666666666,1.0728767869065712,39.53276552893272,76.63213836703198,3.2473354016485136
496.8816,1.071897666238495,39.50749028187606,76.51430713068083,2.8660200787289805
497.3399333333333,1.0702583904552656,39.48641765530579,76.35201446824689,2.3349214312592554
497.79806666666667,1.069782081804838,39.45330681809538,76.53416405717229,1.9564246375166776
498.2561666666667,1.0684768634230524,39.434156479234964,76.47622874678484,1.3432475464581743
498.7142333333333,1.0685247842278587,39.40751400775565,76.638143877294,0.9584515367378877
499.17233333333326,1.067564250592087,39.37600892433051,76.87306594414238,2.5055940581354856
499.63036666666665,1.0661990779220598,39.343196959649305,76.70758257951105,3.447333075475807
500.0882,1.0643772278436157,39.31829191422361,76.52389696195543,3.4459871854713255
500.5457666666666,1.063014654938998,39.289530692782485,76.45640016160003,3.23492041514879
501.00319999999994,1.0613885273503256,39.25607090992147,76.37610437599798,2.6013243272752673
501.4607666666667,1.0606085817130675,39.231093200432845,76.3720075119734,2.280768163457991
501.9184,1.0592887534161979,39.2094758489453,76.4583019970945,2.7401864112838994
502.3759333333334,1.058105662287815,39.18577168657596,76.46940968695615,1.660226832456243
502.83336666666673,1.0577780782949522,39.16658980991944,76.53882410408197,1.9264932303612996
503.29080000000005,1.0563275119892892,39.143561721091075,76.46466129222372,2.9993151634321182
503.7481666666667,1.0549930994234615,39.11532154477086,76.47757287730177,2.882127990798892
504.2055666666667,1.053650840988529,39.0848200097985,76.3368861791357,2.318104676239526
504.663,1.0528278278378855,39.05704339036642,76.32553083651742,2.5856281713064235
505.1204666666667,1.0512472960220387,39.03278235625826,76.13052597331767,3.278547755021899
505.5780666666667,1.0497962652860162,39.00550573789961,76.11776141851742,2.70203412320363
506.0357333333334,1.0487403548108918,38.98269340149703,76.13654572247962,2.4362821237744243
506.4931333333334,1.0475280596659007,38.953650359673446,76.19165727039345,1.9172083942616232
506.95066666666673,1.0469489930345985,38.92607336873198,76.21317125916416,1.620318836263198
507.40846666666675,1.046005795826025,38.89676016437068,76.17853469455437,2.2913466998433587
507.8665333333334,1.0448099082612468,38.87191963929492,76.12572974920367,3.06601146731887
508.32463333333334,1.0431630149521947,38.84693272516335,76.03940422740855,2.8190214897557158
508.7830333333334,1.042205871666307,38.812585181901014,76.05852511239442,2.625944589449417
509.2415333333334,1.0407308755096034,38.78543812030576,75.95011086217592,2.9613267506464203
509.7000000000001,1.0394598298411637,38.756202601799856,75.86264821103619,2.8648314376083692
510.1583000000001,1.0380792606826175,38.730139342129156,75.77041237075683,2.9156961807535358
510.6165333333334,1.0367628412740753,38.697409691253426,75.67708349982345,2.6843276459377345
511.07490000000007,1.0355777951069323,38.666083726186386,75.65165999602239,3.163907494093077
511.5333333333334,1.0338153623457447,38.6406249585034,75.37206456114771,3.1101826261580463
511.99180000000007,1.032695633155403,38.610787649325545,75.34052919188362,3.042228141196546
512.4502666666667,1.0310169596757346,38.583099336793815,75.20866546595948,2.976215222752665
512.9087666666667,1.02996250776873,38.5616351957909,74.93564707203623,1.60740962625822
513.3672,1.0295325548081533,38.539256735968955,74.93974501158401,1.5783598195720026
513.8257666666667,1.0284909545779202,38.505506771957194,74.75491068253885,2.0880903928758667
514.2844,1.0275825995311552,38.48100241107695,74.66866909872947,2.570328578020501
514.7432333333334,1.0260937305458615,38.457298355486785,74.535124397261,2.9498817472732055
515.2021333333333,1.0248424270667926,38.42330635824252,74.51001615138875,3.004547070620412
515.6612333333333,1.0233051504663855,38.39564327642041,74.16264143422237,3.351492234749087
516.1203333333333,1.0217361897054458,38.370546062167385,73.97707447224539,3.7275631414822374
516.5796333333332,1.0198670472048172,38.34537952636717,73.85772048545809,3.343473045298925
517.0388999999999,1.0186715904500496,38.31685066972961,73.82683044307961,2.800470522716296
517.4982333333332,1.0173153823614165,38.29175587288701,73.77285239272825,3.009662095164031
517.9575666666666,1.0159286449505114,38.263704572176884,73.68190526482121,2.5220176880693157
518.4169999999999,1.0150157000778182,38.235906912209,73.78347604936536,1.717988940636928
518.8764666666666,1.0143645368657914,38.20199867956146,73.8024278463345,1.1111106505326211
519.3357999999998,1.0140073968977399,38.176548615128596,73.85155027608027,1.3388834951718096
519.7949999999998,1.0131534221439396,38.14431811401588,73.90471247589103,2.4159417928172333
520.2542999999998,1.0118127313639624,38.11852253601274,73.72923284969741,2.8112146846346926
520.7133666666666,1.0105835709684372,38.08135881758801,73.72985992170577,2.616179854100609
521.1722,1.0094207958676364,38.05549557535912,73.65698029073445,2.5427663035317187
521.6307666666665,1.0082637552049947,38.027598540023135,73.65198992892299,2.2369962938206287
522.0894666666666,1.0073771283615154,37.99712954817962,73.66608832522707,2.548141576323778
522.5478999999999,1.005921592708601,37.97389683647006,73.61422030267532,3.003925997683791
523.0062999999999,1.004612943963157,37.94289409508373,73.49045847059807,3.1142545041803915
523.4647333333332,1.0030583836223206,37.913306069005415,73.44634692163082,2.8478037902687583
523.9232666666666,1.0019900600080827,37.88963471647704,73.35489738544617,3.2033708321939596
524.3818333333332,1.000120862312226,37.86842242069988,73.16566240616277,2.849184036894632
524.8403,0.9993808646788938,37.83947124672128,73.14507995560416,1.2008788949279852
525.2989666666666,0.9990205343140977,37.813423128060265,73.26064945251748,1.3005860890636411
525.7575666666668,0.9981905972114103,37.79299519654368,73.27556736090004,2.064939868896457
526.2164333333334,0.9971250270653396,37.76352638105043,73.15786282136312,1.9844304504469163
526.6752333333333,0.9963629228191224,37.73244436066001,73.12398340357002,2.973582377952637
527.1341666666667,0.9943771720315527,37.701379250141244,72.97186016232406,2.995685540684382
527.5931666666667,0.9935997843982288,37.686079984797495,73.07334151323589,2.650059800866885
528.0521666666667,0.991950538813019,37.66140404950719,72.9055270143745,2.8685224167916368
528.5112,0.9909876994334652,37.63411086387363,72.92868260006259,2.2683090912412864
528.97,0.9898811127560105,37.61416414405757,72.90576286016878,2.3746292099087176
529.4288,0.9888110935667916,37.59132193005115,72.95383591812782,1.6595791541877587
529.8874999999999,0.9883563835292942,37.57214319538721,72.9563382341418,0.9457207922255982
530.3462,0.9879388389785382,37.553107671477036,72.90702262439892,0.8739369317120341
530.8047666666666,0.9875510517132219,37.533427555411755,73.17885540916528,0.8384269246063466
531.2636,0.9871557242787203,37.505678309570555,73.18103204207517,1.9389676016570674
531.7224333333332,0.9857423535609687,37.48045402574658,73.05164451956382,2.9168599638867088
532.1813333333332,0.9844438674912489,37.45985613286025,72.94281359270627,2.9193455642069943
532.6401333333332,0.9830297473813299,37.43483626857088,72.92529622947578,3.245114255750691
533.0989999999999,0.9814310836948337,37.405049645597245,72.8404113278809,3.157885305292706
533.5581666666667,0.9800876310773861,37.37824189227237,72.63516756089126,1.9480278891464973
534.0175333333334,0.9795942481785699,37.3533679262378,72.75796330236221,1.5844924431369276
534.4771333333334,0.978595480766502,37.335012035489356,72.71726653793746,1.685675104008122
534.937,0.9780152951560226,37.311186331072385,72.81102829586227,1.9087851017395223
535.3969000000001,0.9768225792143564,37.28350863707689,72.7318445322526,2.9052128564834265
535.8567333333334,0.9753334026983805,37.262289269044786,72.65259290102583,2.3174421200201785
536.3166,0.9746731528215906,37.2395864281485,72.72263656464516,1.4412865551381768
536.7762666666667,0.9739900267065199,37.22024785484549,72.79460765703234,1.5958229778336646
537.2357,0.9731950664350594,37.19743684548495,72.70153413130329,1.5752483062659492
537.6951666666668,0.9725379127358146,37.17186729655451,72.83945269059446,1.1779835861350711
538.1545666666667,0.9721082831302067,37.14558305298475,73.00047528682873,1.9443656372849651
538.6139666666668,0.9707549266769747,37.12311496426558,72.83918661936042,3.2068694592089755
539.0730666666668,0.9691715325310291,37.10073322201919,72.63351549421812,2.819731286238426
539.5319333333334,0.9681642840549521,37.07522165754709,72.48498400172625,2.0842260139956714
539.9906666666668,0.9672531612416262,37.05301044519426,72.59694127478727,2.7971827896387937
540.4494000000001,0.9656037328954054,37.0381576044865,72.59715565297233,3.1351196343022787
540.9079000000002,0.9643997541368104,37.02313420104882,72.56463884920599,3.4551393899268827
541.3661666666667,0.9624657698071764,36.999506827879024,72.34750287067573,2.4884913090212675
541.8243666666667,0.9621328881378144,36.973928595202196,72.43449049747046,0.9752524435160134
542.2825666666666,0.9615590141750757,36.957850069240166,72.43153276803895,1.4598233648543992
542.7409999999999,0.9607830900191945,36.931544698731294,72.36183215551911,1.5855361995167383
543.1993666666666,0.9601006465128135,36.90297114275574,72.51192365615258,1.8807596771440842
543.6578333333332,0.9590582411016078,36.87727577265228,72.4653287354312,2.3588302097633553
544.1162999999999,0.957937248596315,36.85014243247829,72.44957071275903,2.7782579186062897
544.5747666666666,0.9565110337145564,36.822378753449364,72.09361089633579,2.8585113459482074
545.0330666666666,0.9553216824943424,36.79372008717872,72.0301504102608,1.7500542007343856
545.4911666666666,0.954919289760699,36.775061287007546,72.06958854492656,1.5052994429383755
545.9492,0.9539551404048964,36.74873361028139,72.05236613937055,2.1902641732482024
546.4074666666666,0.9529252614187766,36.73109147320878,72.0181844002589,2.4684784114519283
546.8658,0.9517105509781234,36.71482852697883,71.92275010429955,2.8739626453244353
547.3239000000001,0.9503155286169791,36.699041684616965,71.9421717358352,2.466280404223746
547.7817666666667,0.9494746038361558,36.67676084728014,71.98230641253134,2.4839658077202382
548.2394,0.9480686343173156,36.65394459987431,71.91870275050279,3.2948826747984383
548.6967000000001,0.9464889848578263,36.63158686543691,71.71705545630165,2.495818293312968
549.1540000000001,0.945803233093182,36.614747136610184,71.6579329387061,1.1592528732862244
549.6113000000001,0.9454427040100541,36.58701812305241,71.68263951211138,1.6124727087756066
550.0688000000001,0.9443484590647644,36.56867768386924,71.59577684257164,2.6655612977694667
550.5265,0.9430194996314337,36.54110411883848,71.52128341315534,2.219185393665994
550.9843,0.9423215332992363,36.527848213512826,71.52769968708827,1.7831562965053283
551.4421333333333,0.9413853305246197,36.50709962678046,71.35827603708718,2.5534595450871187
551.9001,0.9399795825566952,36.485860485400316,71.12780013462505,2.736498893569672
552.358,0.9388717710314753,36.454921745884434,71.16253734320944,1.607821560913314
552.8159333333333,0.9384984583560595,36.43061290337893,71.41680267197879,1.9750407731654742
553.2741,0.9370402770931594,36.40314865598839,71.41125090542349,3.460313346695188
553.7323333333334,0.935303763903462,36.38723862910059,71.11247075662023,2.70584279006592
554.1907,0.93453172911187,36.35667647749859,71.0452577108767,1.4712563723548568
554.6492666666667,0.9339235441084178,36.33276528359845,71.09414481678408,0.621242069515704
555.1079666666666,0.9339260067052363,36.29874083942757,71.2851292689231,1.204606340817945
555.5667999999998,0.9327905830616275,36.27596611761085,71.25057926780474,2.763439099612294
556.0256333333333,0.9313808246785015,36.2459476320861,71.15872264827713,3.2511762579921832
556.4843666666666,0.9297948038895976,36.22400780600306,71.05758726549081,3.20496657849206
556.9431999999999,0.9284266038231125,36.2091547012154,70.78398734144861,2.766870985378733
557.4022333333334,0.9272403598301989,36.17811284671907,70.72520171853452,3.3225471891215794
557.8610666666667,0.9253554331015418,36.15073874507449,70.4820341712643,2.9327984180403024
558.3201000000001,0.9245405085136067,36.13624893346633,70.56384440601384,2.14997215223816
558.779,0.9234006017814473,36.11467621233438,70.39846396127226,2.895708117340283
559.2378666666667,0.921908364139165,36.09575971595323,70.37335183183824,2.5849985338836423
559.6966,0.9210571926268695,36.06987151492473,70.27186197944543,2.2747333047941556
560.1553333333333,0.919845016319189,36.03919691292008,70.04488851901716,2.111501476916755
560.6139,0.9191377309652424,36.012205576382264,70.04032962252263,1.3282036944781213
561.0726666666667,0.9186325050073066,35.99220377524408,70.00927800360677,1.7373791073618736
561.5313666666667,0.9175420321426362,35.96984882910199,69.7106064866499,1.4255723363955315
561.9903,0.9173129476165648,35.94517803005427,69.80760623888993,1.4478162944624189
562.4493333333334,0.9162039914944339,35.924555389308594,69.82856515769143,2.330191720359372
562.9083333333333,0.9151639934198057,35.89725747411632,69.78682165458889,2.361059408749344
563.3672333333334,0.9140271971193733,35.87688780921816,69.71855994915624,2.7265289597698916
563.8260666666666,0.912651332744249,35.84786157366938,69.5375162176725,2.3793465390171944
564.2846666666666,0.9118394404405732,35.82272340610409,69.54091658061084,2.088454914162926
564.7434,0.9107453001537624,35.78729798192462,69.50956375042364,2.3961807633056846
565.2018666666665,0.9096531248406213,35.76313790955666,69.58491785891549,1.9556079987106547
565.6604,0.9089563874458294,35.7440429336791,69.61354339141343,0.9106668620441739
566.1191999999999,0.9088260988601048,35.73427462512565,69.83687614934568,2.1098240104461445
566.5782333333333,0.9070221874456416,35.71097623854203,69.52042298029662,3.7423753267528332
567.0371,0.9054063052896881,35.686545119563554,69.29070089837093,2.3549717424026224
567.4958,0.9048762388690512,35.65571990032529,69.27829849253334,1.8867027666059888
567.9543333333331,0.9036871532899564,35.63890634917858,69.22727741053362,2.54773990748078
568.4128999999998,0.9025548858809365,35.60990421504622,69.0950502472355,2.5068070381361784
568.8714666666665,0.901404262957234,35.59458564439116,68.95190258008853,2.8273222536925355
569.3301333333333,0.8999754257421502,35.57045718007297,68.80486421540849,2.6814086282386906
569.7887999999999,0.8989598909869743,35.54349754972167,68.66973046816037,1.8730862552724525
570.2475666666667,0.898278307435065,35.52173728417817,68.64690033754296,1.9281041077448173
570.7062,0.8972171314496077,35.492084631708856,68.57623733075893,1.7973100956592991
571.1646999999999,0.8966586014032384,35.47926929663017,68.5421867044892,1.1093256415821005
571.6231333333333,0.8962335117458635,35.46158970821104,68.65825179944815,1.9232935571615801
572.0812666666667,0.8949098292867051,35.437035819172706,68.49869371638518,2.5412059128243136
572.5394666666666,0.8938912237454034,35.42580140890754,68.57069994181354,1.8235066807296552
572.9978333333333,0.8932206390807315,35.4005298450676,68.47064982412807,1.9256521309459065
573.4564333333334,0.8921060929063943,35.38152706998609,68.38016322192044,2.167887086529285
573.9151333333333,0.8912178056665695,35.356234697398754,68.3699523458224,2.2939716833567427
574.3738666666666,0.8899945136619805,35.33577620456589,68.255845113449,2.391027932189126
574.8323666666666,0.8890255008502184,35.308635354198266,68.20630643561289,2.947055933643682
575.2911666666666,0.8872870346519355,35.28693978984146,68.09336044349551,3.773765972275618
575.7497999999999,0.885546969194166,35.266261312820944,67.88450310038519,2.410914500125327
576.2084666666667,0.8850483421074286,35.24117470692402,67.85678903114109,1.807289657350579
576.6671333333333,0.8838686844361342,35.21795347000998,67.79923500583394,2.8874419050950273
577.1259333333333,0.8823829987721996,35.20541490564236,67.71496977507313,2.647446076052677
577.5847333333331,0.8814248863934822,35.18155699847351,67.61296672927384,1.6849153800208647
578.0434999999999,0.8808218955841732,35.162900938697646,67.50413647230633,1.870269353221136
578.5021999999997,0.8796816066517387,35.14854037956013,67.52131520042852,2.935445720519122
578.9608333333331,0.8781024439068766,35.12426038126059,67.3658328431562,2.834273197609246
579.4193333333332,0.8770616433529588,35.09562138566834,67.35227543568512,2.7069833396724428
579.8778333333332,0.8755922860641905,35.06484813574926,66.96934938832855,2.0370820007783346
580.3361333333332,0.8751726574784001,35.04070848411639,67.01052838535384,0.5536674080420134
580.7946333333333,0.8750643165807426,35.01517323851697,67.2063306611305,1.3897447766608724
581.2530999999999,0.8738833922453907,34.99349032075506,67.2130945969527,2.3552833229761645
581.7118666666665,0.8729017598144262,34.97371175554279,67.09236276947165,2.37424144520227
582.1704999999998,0.8717016480920371,34.960439592161556,67.04294041667417,2.6616202179924993
582.629,0.8704557590978655,34.94004274131826,66.94427720158815,2.6673497914039275
583.0875333333333,0.8692497245050921,34.92335605563859,66.82277967709247,2.5266109710690245
583.5459999999999,0.8681309577340629,34.902501173031006,66.85043341556057,2.3606192714567316
584.0041666666666,0.8670711031118178,34.88099887139927,66.86799817321402,2.593459748608077
584.4622666666666,0.8657315806977788,34.865566295552576,66.75943631053853,2.680875867216555
584.9201666666667,0.8645831578304609,34.83507464688589,66.65623712842076,2.4436584598422124
585.3780666666667,0.8634509768127893,34.808174434404094,66.51603440669787,2.227271034606992
585.8361666666667,0.8625037738255651,34.77985592567627,66.43852008931552,2.2132099082018404
586.2942999999999,0.8613872650962604,34.75637714392742,66.25736836753697,2.6738469715094633
586.7524333333333,0.8600168392737614,34.730946445730986,66.17739605838013,2.812133254871151
587.2105666666666,0.8587751826435741,34.70601392834773,66.16242647422816,2.6321965706721033
587.6684,0.8575690003736387,34.68699919113502,66.07427306746104,2.8072361556741265
588.1261999999999,0.8561660725558554,34.66160448373404,65.95297073016522,2.8899067663005717
588.5841999999999,0.854889033715094,34.64062272131262,65.81085407100481,2.9338819665756906
589.0421999999999,0.8534476225587043,34.61415493688942,65.76249637800993,2.7332045321929086
589.5001999999998,0.8523464046495499,34.58667827812903,65.67490614580402,3.0412975369419297
589.9581666666666,0.850620702081987,34.561550548476404,65.44539797618187,2.8140750613616277
590.4161999999999,0.8497226657623245,34.53930408594818,65.38903698589397,1.796582376563675
590.8740666666666,0.8489324696559625,34.509983411188465,65.22783275213521,1.3896378980803945
591.3317666666666,0.8484057673589956,34.490566724289074,65.27352728262254,1.893339616299076
591.7895666666666,0.8471463610735924,34.459248549617136,65.36315872391454,1.8458053690610192
592.2472333333333,0.8466695496979649,34.43944304475523,65.29820168218276,1.2838621546548539
592.7051999999999,0.8459114521538027,34.41297580755532,65.28666026830223,2.2802769299924748
593.1633999999999,0.8445097381135305,34.390745157886776,65.0839084549204,2.667233528064639
593.6214333333332,0.8433925411400458,34.369728803202385,65.04466263132052,2.47101639941667
594.0795333333332,0.8421695735485535,34.358670274106906,64.96930129434674,3.0082741684744416
594.5373999999999,0.8405739176706398,34.33505165202228,64.73494441697368,2.7973422298527577
594.9952999999999,0.8395461420817444,34.30915800360073,64.70890578599794,2.4251138293872962
595.4531333333331,0.8382783577571968,34.283382913992284,64.63576699778217,2.4596183312892923
595.9108999999997,0.8372140434048897,34.25331918582847,64.50685130638139,2.1858735240379215
596.3686666666665,0.8361963460403419,34.22821467097747,64.47653808060635,1.7050052840171133
596.8264333333333,0.8355783264028439,34.201457388075525,64.52690346134098,1.667036920734118
597.2842333333333,0.8345996897822489,34.18241437918807,64.35789849164372,2.7169148709680235
597.7422333333334,0.8330189683264073,34.16470083587614,64.11211518248268,2.293830413650373
598.2001666666666,0.832421044215027,34.146892541241606,64.13917990327121,1.8298369095512632
598.6582999999999,0.831267433998887,34.13011139286129,64.12914954032325,2.389486145827483
599.1165666666668,0.8301606823834021,34.11054569941505,64.06075500469632,2.2970108004178016
599.5746666666668,0.8290849541538472,34.09491834365754,64.1355847645851,2.3733898839793413
600.0328666666668,0.8279003667805713,34.07902067848597,64.12017434652003,1.8022216301726919
600.4910000000001,0.8273449244233764,34.05718184529054,64.12164806645875,1.1859457795301727
600.9490333333334,0.8267234408309562,34.03476753009453,64.07640248541038,1.6525956116076912
601.4072,0.8257419025461823,34.009095582321756,64.05328328341054,1.578853377481141
601.8656666666667,0.825193865961201,33.98574904297772,64.11805481494966,1.7828850239900846
602.3240333333333,0.824028140965067,33.96570499656596,64.10300904192641,1.5556378196189937
602.7822333333335,0.823700145322899,33.94155221269513,64.11586849116827,1.299250834730137
603.2406000000002,0.8227910719160165,33.91928201838922,63.992103467243396,1.5225181641352854
603.6989000000002,0.8222593294957872,33.894331805707154,64.02024491335186,2.173327803545407
604.1571666666669,0.8207554634258406,33.86996604360556,63.83772924867512,2.681243626068464
604.6155333333335,0.8197564994685553,33.83829005497368,63.867286656807565,2.5042694713689357
605.0740000000001,0.8184145023847856,33.809232371362455,63.70626644716225,2.4812998573538536
605.5326000000001,0.817441486948126,33.79501687649053,63.448002992352826,2.829892753885395
605.9912000000002,0.8157825621226403,33.7619135851669,63.24879893192883,2.9568157348299757
606.4496000000001,0.8147059787690127,33.73417721806605,63.072808167637376,1.7764986583586604
606.9078000000001,0.8141357150348777,33.708501310320635,63.10664049711455,1.6972243866340475
607.3661000000001,0.8131382718106248,33.681766749307805,63.054455633213465,2.6297746229312766
607.8243333333334,0.8117166286838917,33.64712717039644,62.8534455999753,2.052174047267034
608.2826,0.8112389971967128,33.62845843363127,62.87688293822696,1.4756307240754865
608.7410333333333,0.8103389225408596,33.60429905782259,62.72770062878977,1.8617749077125618
609.1993000000001,0.8095119355331112,33.57222282198312,62.74640666634611,2.491411833430024
609.6578,0.8080287782530642,33.55157731077924,62.5843761961401,2.2657726689977045
610.1165666666666,0.807411600676585,33.521238289594514,62.59277601309015,2.372034976542429
610.5752333333334,0.8058432073048849,33.49080072574936,62.40343631057097,2.2199284793815273
611.0338999999999,0.8053685909222885,33.456919929507215,62.51923502057002,0.9831896223063055
611.4924,0.8049461590075395,33.42680283392373,62.55490359070232,1.8126778736086626
611.9509333333333,0.8037240328060903,33.39320382821084,62.37401850731685,2.4914134700644888
612.4094666666666,0.8026898354587519,33.36065383975857,62.359376842796706,1.7925132813228017
612.8680333333333,0.802110249787258,33.327016451851975,62.39260232928215,2.1486600133419524
613.3267999999998,0.8007462738068012,33.300415637171,62.17966376806825,2.4077793733725423
613.7854333333332,0.7999227840112274,33.26386149038108,62.14668332110193,2.164397339741504
614.2440333333333,0.7987837251349788,33.24621026342002,62.10410609248994,2.724762496525893
614.7025333333333,0.7974483097391961,33.21829772960495,61.99378386610125,2.531826970610151
615.1610333333334,0.7964864399772481,33.196304958486586,61.86178459563903,1.934590894126627
615.6194333333334,0.7956954973130322,33.17718053202981,61.787866213288126,1.8221868726904307
616.0780333333333,0.7948216256338451,33.14708594175308,61.71304185823447,2.1324333360405325
616.5364333333334,0.7937339680632848,33.128328438582464,61.56198969351399,2.1405719112383905
616.9948333333334,0.7928572298946696,33.10589037611969,61.50688142208005,1.8896328418785113
617.4533333333333,0.7920024645646279,33.083325362116675,61.41022005157505,1.6424837261466119
617.9119,0.7913511885018388,33.05992428017943,61.41821622244127,1.9268661513025347
618.3703666666665,0.7902359202665541,33.03979844671505,61.283270150134484,2.4046164186984726
618.8288333333331,0.7891523473586614,33.01550461969233,61.20061813788659,2.361054353224279
619.2873333333332,0.7880762827641061,32.985571545379734,61.13427800450727,2.0621525111077506
619.7458666666665,0.7872643205361121,32.95808053647206,61.121972124770906,2.0591593078567874
620.2045999999998,0.7861862601368528,32.94118286784554,61.06541324698076,2.080006601940028
620.6635333333332,0.7853590973152175,32.91970176679742,61.06586309913646,1.9252318075350445
621.1226666666665,0.7844257472238946,32.90066675493006,60.95687503139102,1.8306715734074606
621.5817333333333,0.7836811936668004,32.87797520691675,61.03742224469578,2.1419385087114344
622.0408666666666,0.7824644967284784,32.849410166796694,61.02749875938397,2.1178897922938957
622.4998666666665,0.7817433558587034,32.828254469804,61.021589193377025,2.2280764460168134
622.9589333333331,0.7804229346522562,32.81022774530122,60.755288714756475,1.535302614558813
623.4179333333332,0.7803546111169297,32.78079347846545,60.907072283318364,1.639673478689855
623.8766999999998,0.7789491031428332,32.75272991405519,60.75328364698226,2.066753657490968
624.3353666666665,0.7784772378019974,32.72939464987091,60.762507998236835,1.6005696213906313
624.7938999999998,0.777493131109893,32.708513570418944,60.64603879889339,2.0149430451345283
625.2524666666666,0.7766300523088444,32.67288182954443,60.52006024601202,1.7110397756644915
625.7109999999999,0.775923584391489,32.64685915989243,60.51720268699725,1.9117131879094031
626.1694,0.7748742817414135,32.62378873184169,60.268957199678184,2.3916299813455706
626.6277666666667,0.7737287696006938,32.60619995466936,60.1471595982779,2.0977665186961136
627.0859000000002,0.7729582611100139,32.5728638343416,60.09884132330577,1.9231929517925848
627.5439666666668,0.7719851356326,32.54427137854739,59.97242048682462,2.1383808697601925
628.0020333333334,0.7710189198980627,32.52005238828995,59.82034159925985,2.157670401192117
628.4603000000002,0.7700224503555575,32.49422881443508,59.7381756851747,1.7672548380748385
628.9186666666667,0.7694118322961874,32.46880837632141,59.73247202226951,2.092747397994477
629.3768,0.7681252207643947,32.44288979622267,59.64058389662293,2.0103384932898027
629.8346666666666,0.7676002521612277,32.41992407572475,59.64279562598674,1.6221539261930964
630.2925666666667,0.7666856056326077,32.3951061705914,59.702851183417685,2.1041005003430793
630.7502333333334,0.7657182655743395,32.37181336032094,59.717097131641154,2.2993247407310533
631.2080333333334,0.7646213704995272,32.340239549988524,59.73318252165426,2.113901331008431
631.6659666666668,0.7638238223174586,32.31332159270008,59.73917293001099,1.6109269493127707
632.1239,0.7631875221844052,32.28922508682644,59.78395504208268,1.978570014663909
632.5818333333334,0.7620488755332447,32.269739926566075,59.73914335211564,2.613391800487082
633.0396666666667,0.7608336577212492,32.239762202486524,59.662702189263634,2.393687087970819
633.4974,0.7598930068876307,32.21780721774755,59.59388510610663,1.9792474494471193
633.9549666666667,0.759059275224719,32.189325702249484,59.608392263463195,2.434682743853704
634.4123333333334,0.7576980022050928,32.16065824407682,59.435770410119346,2.597889829151778
634.8696666666667,0.7567171980538121,32.13550896475323,59.46572201685756,1.9370426680562847
635.3272,0.7559677606287117,32.11166990391135,59.37021633427347,1.876452861842278
635.7847999999999,0.7550417356289263,32.088393977438656,59.22981440278886,2.400493495618787
636.2425666666667,0.7538139530896998,32.061172615603816,59.16735545212072,2.123006235306838
636.7003,0.7531467692540104,32.03277563460416,59.21445218050463,2.364773914852214
637.1578000000001,0.7516892220754855,32.00977914152277,59.07918802591697,2.2863777694774248
637.6152666666667,0.7510791939102383,31.98993517344751,58.99242961569963,1.7261254845368041
638.0727333333334,0.750131212491448,31.966537145011653,58.96604286593744,2.2922367376382424
638.5302,0.7490048908633724,31.941736840706817,58.917442862555724,2.5220776030388783
638.9876,0.7478489609543575,31.922517227928743,59.05673313307193,2.3001795686805786
639.4452,0.7469256478356731,31.896861048722133,59.08760750642227,1.45538951142978
639.9029666666667,0.7465430684643635,31.875191694348487,59.30121696798219,1.4493437539823577
640.3607333333334,0.7456257874369273,31.843313402035406,59.41097273269921,1.6906069450174184
640.8186666666667,0.7450185029962131,31.823346558513663,59.4438892621794,2.005139764197132
641.2768,0.7438095550685561,31.794263625484863,59.383784378561195,2.3945039431203043
641.7351333333334,0.742849839016096,31.76526587819726,59.353200073444974,1.8076726847478815
642.1933,0.7421895124581461,31.745672479427103,59.394830579363166,2.29289008067752
642.6512333333334,0.7407899790253605,31.71855331920622,59.31962605962423,2.9976697184906627
643.1093666666667,0.7394742409057785,31.687135337518377,59.20999403819841,2.896737246044017
643.5675,0.7381609678007854,31.65884226049341,59.01853187190528,2.7052574014993582
644.0257666666668,0.7370137471380259,31.632439086882993,58.886752545481,2.4227955408724173
644.4841333333333,0.7359549831023889,31.606735524536735,58.72310214347413,2.3513343407997604
644.9424333333333,0.7348740591348116,31.585277267873217,58.64474002437739,2.324915095437493
645.4005,0.7338384557239072,31.555607693495116,58.54852801303762,1.9062311848417406
645.8588,0.7331407452781237,31.53247207850152,58.51069239696103,1.431881381749381
646.3171666666666,0.7325402329004712,31.507821098113748,58.469365959371345,1.1931808708479834
646.7754,0.7320614485699747,31.48721498407797,58.53179979904538,1.372309076541141
647.2336333333333,0.7313021594437763,31.466960165053525,58.47531461956796,1.5610787847400736
647.6921666666667,0.7306500100072202,31.442174531201875,58.454679084173705,1.3086892781515647
648.1507,0.7301170063793063,31.41780491307024,58.46030524589769,1.543137228566275
648.6091,0.7292445106538739,31.392005977462905,58.36246709298856,2.287624045210804
649.0674000000001,0.7280256361017683,31.365100112826852,58.2017930709264,1.978000080303991
649.5256333333335,0.7274369875360952,31.342722452594113,58.2623967515645,1.2650786948919932
649.9838666666668,0.7268717115103208,31.31838221010705,58.20978520344721,1.4448628846607545
650.4423333333334,0.7261127927012297,31.290725426192807,58.23782753020865,1.0112463167462578
650.9008666666667,0.7259309825659165,31.268887825899768,58.26018902210058,1.2258776911429736
651.3594333333334,0.7249762630346653,31.246353523567077,58.32533060934627,2.1673790110185442
651.8180333333333,0.7239365350372686,31.21079374859135,58.258077843693485,2.2675178434344043
652.2766,0.7228882567174303,31.188851013911652,58.134443860741364,2.0281776448904503
652.7351666666667,0.7220655640222705,31.173138340014667,58.03123189680353,1.8583112129624826
653.1936666666667,0.7211697025966337,31.153881996000404,57.93425464242473,1.8643509122756663
653.6522000000001,0.7203445104142032,31.134506893938696,57.83027531014137,1.9732409484969982
654.1106333333333,0.7193575883753608,31.122015022764845,57.61984156325454,2.0052039164099034
654.5689666666666,0.7185054164692065,31.09915408772092,57.52124452453238,1.4459325296966141
655.0272333333332,0.7180320718523473,31.08436596073445,57.54757301055218,1.4689663307436003
655.4852333333332,0.7171540010681957,31.05766753295859,57.54966841763239,2.2769511271105385
655.9431999999998,0.7159352251707805,31.032599358073522,57.41830542049867,2.2727974642793636
656.4012666666665,0.7150579303630187,31.0105891590083,57.34091144794735,1.500047921557775
656.8591666666665,0.7145438090887432,30.990502322081028,57.321320477626145,1.1614301092855366
657.3172999999999,0.7139809169456873,30.964917903743554,57.35294300883721,1.268268994651182
657.7752999999999,0.7133809270485612,30.932633629323206,57.32705138574397,1.6250787088729846
658.2334666666665,0.7124967681128758,30.91087808618263,57.338725962495694,1.7287271896921215
658.6914333333331,0.711799127914398,30.88495198442783,57.42333679027949,1.6804744383432673
659.1494999999998,0.7109579584356758,30.868972820104993,57.32435097504933,2.1222435818651646
659.6073666666664,0.7098537836150648,30.83576980778723,57.31559071190933,1.8936961454987873
660.0650666666664,0.709218694710348,30.80219732686492,57.3282330313203,1.9456051106386556
660.5228333333331,0.7080620277459595,30.781237396237938,57.247253593074326,2.434310946334594
660.9806333333332,0.7069772952596686,30.755132797395312,57.199676089392305,1.7810277982471734
661.4380333333332,0.7064170622203,30.73795236581609,57.25438399394333,1.378738174746045
661.8953666666667,0.7057013124938757,30.71555603198689,57.331417519175034,1.26518403900252
662.3526333333334,0.7052475933761613,30.695163391016198,57.384071459591105,1.101910078493832
662.8100666666667,0.7046757912331401,30.66796154333665,57.53296764434676,1.5078974408771038
663.2673666666667,0.703842920247858,30.64208908814376,57.48347569874126,1.543775273227284
663.7244333333334,0.7032360042881067,30.617580480417654,57.584303953223866,1.4895135095751686
664.1811666666667,0.7024590242631915,30.59741207163134,57.4843442859061,2.4233985546619334
664.638,0.7010149731601084,30.57939235120068,57.408387757595094,2.7006995606834203
665.0949333333332,0.6999838296304264,30.552730194669103,57.27406033764443,1.7011683458306657
665.5518,0.6994507076785058,30.54497155276273,57.28384466256828,1.2628162147121778
666.0088999999999,0.6988214566269402,30.52941658332915,57.43494410400975,1.134037901094239
666.4660666666666,0.6984066340524174,30.502109047182266,57.441009948397884,1.0726636936384688
666.9234333333332,0.6978256411401758,30.481242836779973,57.58497761308689,2.138248906282136
667.3807333333331,0.6964245551712017,30.452142656918756,57.45728644113212,2.193262429995579
667.8380666666665,0.6957769476271273,30.433835983881522,57.494549600885314,1.8054294526411758
668.2953333333331,0.6947302558170866,30.410775870054046,57.532071048554926,1.8391438371158164
668.7524666666665,0.69405233764259,30.392405034469665,57.53446857805807,1.4299305417101524
669.2096999999998,0.69337885166444,30.37557382078181,57.46496188866231,1.0173778075107702
669.6668666666664,0.6930776233537447,30.354550659592032,57.507960295268255,0.7341973904702888
670.1241333333331,0.6926619699062974,30.33372151284872,57.53576840405485,1.5503858873949747
670.5813999999998,0.6916199288436814,30.316948973593448,57.455006129241795,2.2351162312415926
671.0386333333331,0.6905857853750332,30.301364333925942,57.47279690899281,1.978854756027249
671.4961333333331,0.6897689650073832,30.284700885679815,57.491910701449086,1.8917098295521129
671.9535333333331,0.6888087660305788,30.267201026046433,57.38345338898522,1.9480265146286868
672.4111333333332,0.6879455157110118,30.251975324137714,57.18215660926593,1.5253833419847396
672.8685999999999,0.687374225626206,30.23683719137861,57.205039612543395,1.2199729790067817
673.3262666666665,0.686786250129071,30.226515481266773,57.13826688816918,1.821590012792677
673.7841333333331,0.6856642923651168,30.216549217289696,57.06786324889364,1.8372777843854158
674.2419999999998,0.6850657788197121,30.19700585194159,56.97981851979351,1.348037292652356
674.6997999999998,0.6843936346765017,30.175964323291055,56.97980872416116,1.924723348046105
675.1576333333331,0.6832720060892163,30.148960021609337,56.886646563843854,2.506920666513657
675.6155333333331,0.6820708322274586,30.128700331932972,56.681712502694374,2.7188721716480466
676.0734999999997,0.6807549632910394,30.102927953141634,56.59832461741541,2.066887050343236
676.5311999999998,0.680152579499784,30.08540976403342,56.4774589492776,1.867973080055018
676.9891999999999,0.6790102536147046,30.068289920299108,56.32186745702813,2.5654780472527676
677.4472999999999,0.6777609546583325,30.05334075483311,56.24024047307658,2.0616852289170646
677.9055666666667,0.6770781669895077,30.03575432613037,56.20537424129491,1.3275598378656954
678.3638000000001,0.6764963379189024,30.00854302691842,56.1412737233889,1.209350499633821
678.8220333333335,0.6759222599685882,29.9975670514271,56.13460475022548,1.7771726925864593
679.2805333333334,0.6748164696526754,29.97591463558132,56.03758359924268,2.097829082854311
679.7387666666666,0.6739364812379625,29.947172966117613,55.94772478248665,2.1419940216436886
680.1969333333333,0.6727884109054894,29.937329487729315,55.76785131125059,2.330665977432851
680.6548,0.6717453063491707,29.910926803339674,55.59633377594378,1.7370233668397106
681.1126333333333,0.6711475511780172,29.890293323133307,55.559992566980874,1.3459308027321688
681.5705666666665,0.6704682236403957,29.85648034048874,55.51719098074165,1.775101344055674
682.0286666666666,0.6694744646445011,29.840821129118336,55.29865095890455,2.038347548478573
682.4869,0.6685507553828275,29.81648851474005,55.30856711564619,2.499909193697044
682.9451333333334,0.6671362008988293,29.79225977787851,55.23983802599083,2.8456066883943607
683.4034666666668,0.6658966942730059,29.769777763237578,55.14077005119233,2.2067964385972325
683.8619000000001,0.6650734385054996,29.757278815432997,55.20383545502783,1.3394612444381637
684.3206000000001,0.6646264584365602,29.73857401368738,55.32598618679586,1.4498870568061466
684.7793333333334,0.6636883767341475,29.712873190775145,55.1679474961379,1.6501802019514233
685.2378666666667,0.6630496875319873,29.693635099816703,55.15561272122544,1.2376330676751
685.6963000000001,0.6624907112971167,29.668558525561455,55.203688919750384,1.218958563188969
686.1546333333332,0.6618686992387496,29.641044904231343,55.25412238278496,1.5971623063981444
686.6129999999998,0.660964498691844,29.6098721330314,55.26309827849539,1.932206993303772
687.0712999999998,0.6600401768306537,29.58580980928327,55.17204833567945,1.6158305396429706
687.5296,0.6594285062498451,29.5585393513835,55.27925574445078,0.7143647097469727
687.9878666666666,0.6593299563719693,29.533838550218192,55.44242011731039,1.014427615479348
688.4462333333333,0.6584441428534697,29.51071096147051,55.343474312368876,1.8528049724477191
688.9047333333333,0.6575806979412491,29.489525541328874,55.281363650868514,1.5253343596064528
689.3631333333333,0.6569920630625601,29.467411445166835,55.229507844955414,1.547573193116318
689.8216333333334,0.6560982044291563,29.44160747094966,55.12560813495343,2.379688621103681
690.2802333333334,0.6547473382234809,29.418946555814248,54.94453608799309,2.7517616965611538
690.7387000000001,0.6535273918488782,29.396129637994466,54.837396548779054,1.5563902625080712
691.1971333333335,0.6532711916740621,29.366733317953443,54.87209936872172,1.008179181991191
691.6555333333333,0.6525454279456214,29.33904867810267,54.90320979765125,1.7012718833131082
692.1138,0.6516553789835008,29.316373022866863,54.822216154924334,2.0536373192139967
692.5719666666666,0.6506097553303342,29.282189197966996,54.70430990690923,1.7943915904429308
693.0299333333334,0.6499637996505053,29.25370711532379,54.743908676403876,1.817046992199467
693.4879333333333,0.648911687735374,29.226829469922542,54.60588861892364,1.9373407310664839
693.9460333333334,0.6481604789134878,29.19235513020354,54.64363579350062,1.7510377071869314
694.4042333333334,0.6472771428669455,29.166696699456192,54.57260598875829,1.9563437803774382
694.8624666666668,0.6463359977742256,29.14509073500892,54.44678215340262,1.641156890646923
695.3207000000003,0.6457425965554224,29.124797257822166,54.55356338146016,1.3135852571237474
695.7788666666669,0.6451074754252966,29.094188558291954,54.63289169289908,1.6407205416738018
696.2369333333335,0.6442167843975819,29.068467825482692,54.48574351688104,1.1067424773227088
696.695,0.644071969427637,29.043945547897106,54.569571370842596,0.012850995830478903
697.1530666666666,0.6441832829969695,29.0200669367326,54.63201049108658,0.7184864088448653
697.6109666666666,0.6433870729766892,28.987503294734775,54.54122752547645,1.5509021619604069
698.0687333333333,0.6427332655376223,28.962812293006316,54.44632107938102,1.1056120377465841
698.5263666666666,0.6423492772491068,28.940457792370555,54.57153542591888,1.0761876855329737
698.9840666666664,0.641730193674971,28.913786108633747,54.528011520569585,1.7382587901670614
699.4416999999997,0.6407463765294803,28.889194928361395,54.45364245605341,1.9911987833857618
699.8994333333331,0.6399064542832841,28.871728687286556,54.352655129319956,1.5877753637246013
700.3571999999998,0.6392929955586674,28.850283011287807,54.36361187171086,1.3790239370924942
700.8148666666665,0.6386438629166001,28.82966514494625,54.41094970104594,1.6357362360496195
701.2722999999999,0.6377951454838757,28.811301844200617,54.27796310415262,2.3054474196192554
701.7296666666666,0.636534569018133,28.791514626873415,54.191449351152954,2.234254290232089
702.1870666666666,0.6357487661765698,28.77462219701934,54.21001686191466,1.5768390223031599
702.6443666666665,0.6350854066391193,28.757846642717006,54.259075601639985,1.507534330573653
703.1018666666666,0.6343655598750629,28.739349062427966,54.31853911299124,1.4079133088915472
703.5592666666665,0.63380275884221,28.72746790061227,54.2644219671169,1.2172173997666458
704.0166666666665,0.6332612893133512,28.712797076867144,54.26646633232127,0.899583645100314
704.4740666666664,0.6329903011421949,28.693790577692102,54.33300920773161,2.1403346874350784
704.9315666666664,0.6313223660019034,28.678276105722013,54.0144591502571,2.573263242876886
705.3891333333331,0.6306663310393724,28.656636635952022,53.993626683597164,1.680253204725827
705.8466999999998,0.629828328793829,28.640422200608402,53.93747770981909,1.7701475433682758
706.3044333333333,0.6290928196345781,28.628523902631127,53.89411930476934,1.4597062766608768
706.7620999999999,0.628534697529117,28.613097560292964,53.8446296348213,1.1491237198395545
707.2197666666667,0.6280814388365926,28.599150847414258,53.835926473656556,1.518796934801773
707.6775666666668,0.6271802007294113,28.576415200714802,53.73839051930031,1.901484282681583
708.1353000000003,0.626376977833215,28.563455644579776,53.699181210785355,1.7689217929280205
708.592966666667,0.6255981873485781,28.54480771270607,53.68220452225358,1.5887932461302707
709.0506333333336,0.6249620437062257,28.520896259665502,53.59016559540425,1.4234851582079855
709.5084333333334,0.6243257504596597,28.502526205453066,53.613131932755294,1.3548898458627572
709.9663666666667,0.6237473812966119,28.48795694113905,53.69424352968025,1.303154724854501
710.4243666666666,0.6231584436308933,28.473029014347304,53.61855513412868,1.9336122245108835
710.8824333333333,0.6220032247346131,28.455363842890772,53.53368710817178,2.452527322499894
711.3406333333332,0.6209342257845161,28.43865726162812,53.46710503349547,2.0624645856888795
711.7989333333331,0.6201347168569965,28.413886955974505,53.46070931077836,2.5494119729289944
712.2570666666663,0.6186384647812816,28.39846889709007,53.21509437488432,3.128136856668081
712.7151999999998,0.6173192609339576,28.38719952050828,53.058215933187704,2.1273130804416542
713.1733666666664,0.616731453631215,28.36745927162962,53.105819654094944,1.378978277379313
713.6313666666665,0.616083082728511,28.351340540291336,53.105629505196724,2.150187255029915
714.0893333333331,0.6147888868256933,28.332729497311107,52.946181042032826,2.442413752886433
714.5472666666666,0.613874521984249,28.314248658476842,52.93016317602609,2.1105985072360496
715.0053999999999,0.6128786237516762,28.291853442940713,52.829861030235065,2.150235321231093
715.4638,0.6119285165516489,28.272299705308736,52.782355584359806,1.936371610400456
715.9222333333333,0.6111317134337472,28.25051614452223,52.75173960079243,2.1376287841660013
716.3808333333335,0.6099967465894314,28.23256851250732,52.52902807786313,2.1033964569458607
716.8392333333335,0.6092203474256628,28.21319122439515,52.53595609996713,1.1881077615194486
717.2977000000002,0.6089213158855267,28.19184691610591,52.717792718995895,1.2472248008726445
717.7562,0.6080961069657055,28.166260262450468,52.715703323577415,1.686376683942973
718.2147666666667,0.6073951392297605,28.142876705565588,52.705029810295464,1.083242196700414
718.6732000000001,0.6071210076492647,28.122702686770733,52.85292332761738,1.6956090246542284
719.1315,0.6058557405865059,28.107077585262743,52.79974361186313,2.551200206312446
719.5898666666666,0.6047869911655036,28.079704311930882,52.815212831221466,2.204957334763372
720.0480333333333,0.603833475487303,28.054813089018513,52.87246502295555,1.7893711163369164
720.5061666666666,0.6031441348168028,28.03011000885575,52.899296327568656,1.662127940391089
720.9642999999999,0.6023047104937472,28.006915798321874,52.91245663556797,1.8642359684523357
721.4223666666664,0.6014327226702951,27.991305650842037,52.831639331170436,1.6598041460760378
721.8805333333332,0.6007805425193978,27.972357045201647,52.746389030132775,1.3470985432807558
722.3386999999999,0.6001943079547359,27.944971882060866,52.90700661830904,2.0934968546325776
722.7967,0.5988550786784403,27.937238917673863,52.832557868815236,2.361290621613169
723.2545666666667,0.5980285110492083,27.921317689751767,52.80193984881198,1.219716992789898
723.7125000000001,0.5977468043802505,27.895384427029008,52.8912513887943,1.8021978037685453
724.1703333333334,0.5963971933221178,27.869627308829397,52.823536323361225,2.553790932964039
724.6280666666668,0.5954275565283972,27.84701816007692,52.92725517314679,1.2240544274679461
725.0855333333335,0.595296074467543,27.8298347607119,53.12860945504767,1.2419165534107708
725.5430333333334,0.5942920680342462,27.80983451895573,53.03689088838784,1.457980588276934
726.0007666666668,0.5939364145622343,27.78825772623484,53.17045294262602,0.47661513529962213
726.4585000000001,0.5938189313187759,27.77076360146617,53.467856711743856,1.1814320161336949
726.9162666666667,0.5928245504526578,27.752275024406536,53.369127622537256,2.088169617842369
727.3741000000001,0.5918829337050925,27.72588643371883,53.329548382793064,1.658742300373909
727.8319666666667,0.5912808859328722,27.71053568308488,53.38424231674789,1.449256344386011
728.2900333333334,0.5905325090017468,27.69400128147379,53.2883512849992,1.1049138991407064
728.7481,0.590252407542055,27.67512122224479,53.43464001316632,1.4935679016518635
729.2061,0.5891423830011429,27.65349471814054,53.290784140132686,1.936556032237361
729.6642333333333,0.5884546367592928,27.63945767571575,53.28340860095722,1.6215826640552802
730.1223333333332,0.5876380269985965,27.62184432836416,53.32809886332747,2.1897486158068373
730.5806333333333,0.5864396309575123,27.599221029645626,53.179488199652376,3.069045783993096
731.0387666666664,0.584821431567013,27.5771479751748,52.91341731131059,2.607125983767885
731.4968999999999,0.5840431844072342,27.558467538649452,52.846213136511366,1.3892177876337417
731.9549999999999,0.5835423762806118,27.539646831951504,52.84781133067193,1.9405390965972342
732.4132666666666,0.5822598847952933,27.516953581501248,52.64410955990781,1.8652587603424184
732.8716999999999,0.5818300207145737,27.497785472821835,52.62332934286031,0.8764614720984404
733.3301999999998,0.5814562485394429,27.48257678783945,52.62008249271461,1.0165443755606758
733.7888333333331,0.5808974003256597,27.46743125967785,52.585218405313775,1.7996894502730085
734.2477999999999,0.5798103239845862,27.456377291299123,52.460622342960235,2.1517685589797093
734.7068333333333,0.5789308386866007,27.440633059766316,52.36977216923515,1.4250328957936433
735.1659333333332,0.5785128413301364,27.42314786603768,52.448941290713854,1.4681517030722477
735.6248333333333,0.5776074592051633,27.396816366192663,52.409391881372876,1.635106104439821
736.0836666666665,0.5770407438938823,27.382069507332492,52.427741326906734,1.4917692028024365
736.5426666666666,0.5762594036521376,27.357000946640163,52.37152527702861,1.5067333204266937
737.0017666666665,0.57567871379752,27.33364460951464,52.346661025110535,2.36259397813033
737.4606999999999,0.5741142779728674,27.321429766771278,52.09577046747596,2.0942021272835176
737.9196000000001,0.5737680756908349,27.307323059975637,52.10799361088272,1.026325051245136
738.3786,0.5731781481035908,27.289028417735548,52.018241269843045,1.973653384698356
738.8377333333333,0.5719697853124688,27.270800261179314,51.711543594725384,2.4187474135330214
739.2966333333334,0.5709925898019369,27.249578902839392,51.62029129734152,2.1500797387180395
739.7554333333334,0.5700396579052502,27.228876838950995,51.490673691586046,2.7371027492841633
740.2144666666666,0.5685225371228946,27.203950012216957,51.07514479461855,2.1305392177439733
740.6738333333333,0.5681254439031612,27.18564073373905,51.0905655704637,1.2825206641457325
741.1327666666667,0.5674012168309508,27.169604516532633,51.012068603173965,1.626411948658298
741.5936333333334,0.5666596557703917,27.141202043193687,50.93496808757945,1.4615818287847342
742.0542666666666,0.5660383262988858,27.114665240832622,51.032850551648636,1.6362826876953525
742.5147333333333,0.5651323278260169,27.09784307174728,50.94605608442779,1.4824489744026204
742.9749666666667,0.5646594258320632,27.07965404985725,51.04812635632364,1.466006526467134
743.435,0.5637722462902006,27.05749806918944,50.93109748197806,1.2128539102954452
743.8951333333332,0.5635349145319278,27.036963864013625,50.94994646859658,0.2876224832608557
744.3552333333332,0.5635002209526259,27.016269955447736,51.08959001304096,0.5731531836496958
744.8152666666665,0.5630081402227431,26.995016702188103,51.182749074021366,1.2353469280370362
745.2754,0.5623750353188947,26.97942791407048,51.33081119672789,1.9225689130811239
745.7355333333333,0.5612523918645937,26.957705808339416,51.24559672786047,1.8190462757932864
746.1955666666667,0.5607141168407896,26.937127860032582,51.250717464690005,1.6282069126644387
746.6556333333334,0.5597660156629216,26.91984757870371,51.17520531783296,1.5143278234969266
747.1157000000001,0.5593263272915102,26.89851051273604,51.17833963412504,1.202409183654418
747.5757333333335,0.5586642347327099,26.869661519656287,51.12924910852517,1.1470912791153678
748.0357666666669,0.5582824858297172,26.848415236142102,51.1674210205916,1.0847605645264915
748.4960000000001,0.557680662446191,26.82603132605726,51.201943041246864,1.882532563180983
748.9561333333335,0.5565626456080299,26.799307728120404,51.13481531596174,1.8716000735755927
749.4165000000002,0.5559583878450791,26.781888227274848,51.1110674001464,1.342521241963701
749.8768666666668,0.5553176199858039,26.76290358514515,51.0014315455964,1.4460478378805817
750.3373333333334,0.5546136338647824,26.74522109018896,51.039980965606475,1.961506529305982
750.7978333333334,0.5534943049955563,26.725439656498462,50.86152305459861,2.109646252307458
751.2584333333333,0.5526456312190566,26.697390939478638,50.72457481146889,1.9544746610149597
751.7189999999999,0.5516646168849417,26.676645164833054,50.60410654254135,2.179087041179806
752.1798,0.5506082482285517,26.661933024741852,50.41655938767746,1.9130050265854939
752.6406333333332,0.5498693313926782,26.634388219248727,50.36779861667519,1.3695969117995863
753.1015666666665,0.5493090787588174,26.625318189984263,50.349275730685164,0.6991067741588751
753.5625333333331,0.5491829379516249,26.606203529328024,50.400975948778786,0.2856998151059072
754.0234333333332,0.5490007930237453,26.586545819810112,50.552609237461574,0.6310790209590059
754.4839999999999,0.5485457511079812,26.569122747716502,50.56886579966754,1.1825801795162794
754.9450666666667,0.5478361634247164,26.552079515419575,50.66438403042073,1.4436935225824454
755.4042,0.5471704381694414,26.545115128397462,50.603901647801145,1.8984918321654647
755.8635333333332,0.5460890010279045,26.526875567653804,50.35015383940348,2.500414265303715
756.3231333333332,0.5448727952066668,26.50799816459851,50.17771375690852,1.745554414227779
756.7829999999999,0.5444826009024096,26.48408588746846,50.15678794342224,1.2032385097785483
757.2429999999999,0.543761827324688,26.466264523459863,50.08486152633497,2.0615018895890938
757.7029,0.5425744379565247,26.44241068026456,49.92241775757458,2.865619555020738
758.1629333333333,0.5411133215734673,26.419671745237405,49.66852346574081,2.1815127756474912
758.6231333333333,0.5405451895759036,26.400109577170205,49.66668368718512,1.4269581186496612
759.0831666666666,0.5397687039331884,26.374058065070756,49.42158091586616,1.6395437311127248
759.5431,0.5390057886514127,26.356733346829312,49.35579184407989,1.4944453539033953
760.0033666666667,0.5383691795854169,26.3387417839149,49.412019041634565,1.7802202350549081
760.4635999999998,0.5373454001488588,26.316179708749786,49.22319453979898,2.347884511416006
760.9239333333333,0.5361885991552748,26.290093622115783,49.12485114827697,2.214387725313246
761.3842666666666,0.5352895602311681,26.277910631943957,48.97221837911814,2.627488048831524
761.8444,0.5337478490251106,26.25089845357311,48.720711001278474,2.4519730510311164
762.3044,0.53301079029245,26.23388933273274,48.621500612760784,1.395243505557438
762.7642333333333,0.532444976607837,26.218661847613053,48.59321567319406,1.6119795859727335
763.2241333333334,0.5315036386664014,26.197085313226136,48.48066528463134,2.1523268753814158
763.6841000000001,0.5304393859721637,26.178604875742124,48.3439974512807,1.925731510109755
764.1439333333334,0.5297164087867487,26.153467897482074,48.21106983852427,1.6146313046340397
764.6036666666668,0.5289424565506781,26.12803335712984,48.12743493575542,1.5301283083736426
765.0634000000001,0.5282988306696138,26.104392609699996,48.121671518759136,1.4973803948173936
765.5233,0.5275590827485962,26.084135210046302,48.13529014318882,1.5150827762104966
765.9830333333332,0.5269049033732798,26.05962405241479,48.11027612624542,1.2448081434941396
766.4427999999999,0.5264149523457776,26.041637711433342,48.08848749427251,1.1614578249504068
766.9025666666665,0.525838424984374,26.01623285764391,48.032114544200404,1.6203442881216996
767.3623999999999,0.5249278810327215,25.99845420105004,48.03633322971526,1.940095956973168
767.8220333333333,0.5240650911416211,25.9771718213463,48.038567436495555,2.064433425680411
768.2816666666666,0.5230479111643237,25.951997251503528,47.872020968903676,2.0585370936694987
768.7412333333333,0.5221933378749191,25.925274960590514,47.66831000997341,1.4503123882499336
769.2009666666665,0.5217373404999971,25.90214961451065,47.64888804924963,0.6787152304115603
769.6607333333334,0.521592587447923,25.882623332473063,47.71615151401421,0.9437836393129192
770.1204333333335,0.5208919808038781,25.863525493939285,47.58680306722068,1.6615602434600953
770.5798666666668,0.5200712477935602,25.846643063229106,47.392033612651204,0.9667736489284205
771.0390333333335,0.5199988566520798,25.827066633690016,47.49479125705944,0.021332007844558246
771.4980666666668,0.5200451719223428,25.802844038838842,47.633567313041574,0.022918598390397928
771.9568666666667,0.5199719907497193,25.78118869093393,47.70387870806309,0.6697234726325924
772.4156666666668,0.5194249708070773,25.76255038715866,47.58134657834821,1.304472931352374
772.8745333333334,0.5187662717882461,25.737955161972742,47.58995774277875,0.8056803044948935
773.3335333333334,0.5186787139357402,25.70960103288203,47.655288332536934,0.547776209651285
773.7924000000002,0.518249204506796,25.691919513528372,47.59717814502108,0.5314850092078808
774.2511666666669,0.5181698271363412,25.66928673659552,47.658322435818185,0.9311437109962849
774.7098000000001,0.5173764190193921,25.66317733281763,47.505535788288284,1.2609476767367678
775.1684666666667,0.5169959960092466,25.640094901445003,47.52082434071016,0.07981921059711324
775.6271333333334,0.5172852389580255,25.622806881756983,47.670582694208676,0.4425996926179843
776.0858666666667,0.5165655275311786,25.606582589523892,47.52662579445306,1.38702222535535
776.5450000000001,0.5159848705379343,25.58441582879944,47.46935948604439,0.8417830385393601
777.0040333333335,0.5157713956592153,25.5596804572504,47.564789619200724,0.5508518968657521
777.4629000000002,0.5154612991032183,25.53976806891274,47.510389002233595,0.7310228900829219
777.9218000000001,0.5150789811319116,25.519641978536615,47.40781468139254,0.6433651052795215
778.3807333333334,0.514848878979778,25.499931229944004,47.404677023198694,0.25411125148987834
778.8395666666668,0.5148210913872219,25.484417148337386,47.406006160330406,0.40432887121778505
779.2983,0.5144519718526726,25.46745869174629,47.27587577468296,0.7518286282143015
779.7569333333333,0.5141060502496283,25.447491655728797,47.1514456561267,1.2677301104080014
780.2155666666667,0.5132617347285394,25.429118004125037,47.089649117261956,1.5628398789618083
780.6743000000001,0.5126438251554685,25.405013745802748,47.05028111132966,1.1829252605247216
781.1328666666668,0.512145741281573,25.383704142335006,46.883002653242954,0.7678907270587175
781.5915333333334,0.5119052320856945,25.362980974735336,46.788142244426325,0.6302894847802814
782.0504333333333,0.5115317247067774,25.34499342482446,46.772842770649916,0.533427663076099
782.5094,0.5113782048229762,25.329691175623694,46.829687114325615,0.6325834359378947
782.9682666666668,0.5109107071429503,25.30790850906188,46.76330638643823,1.482575994407187
783.4270333333335,0.5099759972679632,25.291067961025597,46.64651861339199,1.0644613542939922
783.8857666666668,0.5098969517815164,25.2676324034003,46.773722789232096,0.33920956664929725
784.3447666666667,0.5096452030651383,25.24943343496816,46.77821582420109,0.9877945239568864
784.8041,0.5089776130802037,25.231031029676586,46.680639752418244,1.3206469247770025
785.2636333333332,0.5084227253247562,25.21547003799576,46.578215141221115,1.266336480924494
785.7232666666665,0.5078050573281981,25.1982426051592,46.489814695488285,1.2891398219419794
786.1829666666665,0.5072286124805986,25.176636053647876,46.421491720415375,0.6929640826629244
786.6426666666665,0.5071565802846004,25.15718646886247,46.47114597342575,0.7691770119473715
787.1022999999998,0.5065072935387142,25.144819494930026,46.37607276146234,1.0976100559379443
787.5617666666665,0.5061352543422447,25.12966507985657,46.3403433848651,1.2466135714104674
788.0211333333331,0.5053572992261979,25.10948241195385,46.25528960282733,0.8923216751383892
788.480533333333,0.5053123047821416,25.0885874626337,46.318336119482524,0.3872565186961294
788.9397999999998,0.5049939259949815,25.072063494034726,46.28040409966905,0.8847989939275862
789.3989333333332,0.5044917012238377,25.054683780290453,46.25639474287518,0.8708722300348654
789.8579666666665,0.5041889991958296,25.029412427353964,46.27329500443873,0.9272162865665752
790.3165999999998,0.503635753417397,25.0166878832597,46.16636975022421,1.3036508548932308
790.7751333333332,0.5029889242915987,25.004106115209183,46.092350201797124,1.3954647109147733
791.2339333333332,0.5023564800355815,24.986280313579762,46.0468432927656,1.4000755015541582
791.6926333333331,0.5017121490040524,24.966025383381034,46.09768192926683,1.2736481238386628
792.1513666666664,0.5011970455037894,24.953654750461325,46.12976867721038,1.1038820352128516
792.6102666666665,0.5007122382667893,24.941196418801034,46.181139849449856,0.7362113413679614
793.0691666666664,0.5005362446837325,24.92035640072767,46.228483380545015,0.7322905067218518
793.5279333333332,0.5000553474074665,24.904552419383787,46.268317483786724,0.8793947466795332
793.9865999999998,0.4997474134376707,24.884301422010083,46.29027646352946,0.5715071619318611
794.4449999999998,0.4995475002134648,24.871542966370694,46.31526171161144,0.9568779072816909
794.9035999999999,0.49888054826138445,24.853613682611766,46.24803238794376,1.0300771853650639
795.3620333333332,0.49860335371827763,24.839080478151963,46.204138254208694,0.9274950008563487
795.8201999999998,0.49803157448640106,24.821964314810803,46.16697400351338,1.230989988538837
796.2784999999999,0.49748706140350674,24.802428774218352,46.052020277562676,1.3738376150010392
796.737,0.49678253618214574,24.783380614161622,46.065062796626755,1.049365641206749
797.1955333333333,0.49653112022221557,24.760202734101178,46.08533541017517,0.8324995893415732
797.654,0.4960236600893097,24.74231174823796,46.006555502201415,1.3246949843535285
798.1124666666666,0.4953191351782444,24.723790943424124,45.940614999125735,1.192606740600847
798.5708999999999,0.49493453276910404,24.69677803178605,45.91157463294626,1.2617378898678937
799.0293666666666,0.49416554851536415,24.679879446661154,45.77335966997184,1.4369329587713344
799.4878,0.4936140446259211,24.66582694084452,45.74939501551688,1.2297864418757243
799.9461000000001,0.49303573695032005,24.649959873277204,45.74736093819678,1.1093455826846805
800.4042999999999,0.4925928956620599,24.64103361391775,45.64053956283986,1.3263289587076341
800.8624333333333,0.49181387974121826,24.62289343324262,45.51808023541347,1.4210499952957125
801.3205,0.49128402445895886,24.600323482260773,45.46846085339997,0.663206121916134
801.7787666666666,0.4911939697113691,24.58209240659773,45.52487809799454,0.6889265665819635
802.2370999999999,0.490636284592182,24.556722104253456,45.49556445066107,1.0809244639543434
802.6955333333332,0.4901848930998421,24.537327310927566,45.51409617055397,1.375730113136849
803.1541,0.4893579100350356,24.52136505676756,45.354734005826074,1.5208647171756704
803.6126666666665,0.48877509832567495,24.51009938585648,45.304200210749755,0.8687806995293219
804.0712333333331,0.488541868370428,24.489325935541345,45.41401962458383,0.8396709146596439
804.5299666666665,0.4879739417712746,24.47351774054746,45.34346491446387,1.1317957630730584
804.9887666666665,0.48747081546618093,24.455245390038485,45.36746200903734,1.2744277939423712
805.4476333333332,0.4867739738631755,24.4459385798397,45.213164633569924,1.5233898122237186
805.9063666666666,0.4860411289768373,24.431937465240217,45.11945179621316,1.6160166677348802
806.3650999999999,0.4852601091314591,24.40855015664711,44.98481099613487,1.6556958342245578
806.8238666666665,0.4844905114067973,24.38967717480883,44.952859915582565,1.5056923002276752
807.2828333333332,0.48384411787025566,24.37280717735497,44.904797677786696,1.4178672380781783
807.7418999999999,0.4831523952848531,24.358606418449636,44.83516658117508,1.3891023938762592
808.1999,0.48250786342249397,24.342027842328623,44.76469583987904,1.351485855865329
808.6601666666666,0.48171522665537897,24.326442458609637,44.70750253373705,1.9436738408552832
809.1276333333333,0.4805404067173527,24.300779515680247,44.57014225272597,2.0821895978601144
809.5953333333332,0.47965814762751013,24.280308904963174,44.43367995238014,1.5623900405299447
810.0627333333333,0.47894328455233826,24.268919790956286,44.44293015416712,1.3278055311789603
810.5298666666666,0.4782742863583193,24.254344345707995,44.36319779612068,1.4395300795561319
810.9969666666666,0.4774621903118768,24.241352322222667,44.234739136628136,1.3147991285893166
811.4640999999999,0.4769076859725958,24.22258995258314,44.22110076689029,1.0604305355679244
811.9311666666667,0.4763282352903676,24.206660899680475,44.21480151885656,1.2850034213771735
812.3980666666668,0.4755667611820352,24.193482866181345,44.17959982929124,0.8412217407546939
812.8647000000001,0.47539428083718516,24.18014939470533,44.21869306447713,0.6047947835467637
813.3315333333334,0.47484320936666097,24.162860621922377,44.150538947091505,1.1328362059245942
813.7984666666666,0.47418100117705353,24.14194579808576,44.07437867665902,1.5555385048038346
814.2655666666667,0.47324532251249285,24.1235462063249,44.061168734043186,1.2496814869978352
814.7326666666667,0.47286661786261575,24.108079059307546,44.09502375550338,1.2103833696076651
815.1997999999999,0.4719683781970812,24.09063448200232,43.9948688669045,1.6868243982255855
815.6666999999998,0.4711525450703008,24.080143307759414,43.86084384011969,1.574879819315811
816.1336666666664,0.4703500288766761,24.064474327496956,43.73328759758235,1.6832494629590689
816.6005666666665,0.46943315976705163,24.052633296734395,43.61498060207864,1.7063169326133498
817.0674999999999,0.46860808793500913,24.03308142692361,43.54477752828677,1.6468647540184345
817.5343999999998,0.4677445563132047,24.009573850940324,43.46640012645764,1.5636251209999916
818.0013666666665,0.46699605244151626,23.9880103933924,43.30074842572698,1.1781259140368963
818.4682999999999,0.46649077238822195,23.968097055167718,43.319431492184556,1.06246879408687
818.935,0.4658454895577805,23.951802396263563,43.255403329741874,0.9121957199305585
819.4016666666665,0.46547280480188297,23.92863389339364,43.27702691218826,0.6905248885462586
819.8684333333332,0.4650309821832347,23.906248807919827,43.24305120931994,1.0424901278275351
820.3351999999999,0.46433281330610293,23.891320180739637,43.2306322375345,1.087346622775868
820.8020666666666,0.46385019854277343,23.877066921830558,43.19990002418188,1.2452169937614237
821.2688666666667,0.46301129677375014,23.864165665294195,43.08382341606091,1.5203308379434974
821.7356666666666,0.46227711727748466,23.846116707149072,42.970560004510304,1.4851674695612251
822.2037,0.46149654192035855,23.822853167429923,42.893602606595856,1.2673380811611161
822.6692666666667,0.46110602292202313,23.79765801847593,42.91620863558721,0.9484675278813377
823.1277666666666,0.46061688854930627,23.78435791274133,42.92058677175247,0.4633414809605791
823.5860999999999,0.4606316791259449,23.77197847583127,43.05996994057812,0.6899009981106818
824.0446333333333,0.4599370925003243,23.751188709377065,42.926369737381734,1.2507520016556344
824.5031666666666,0.4594374530326811,23.736800009781604,42.85271825497379,0.7499076661090693
824.9616,0.4591987354480268,23.715636300307274,42.96574554564089,0.7520964633107233
825.4200333333333,0.45869340063678454,23.701928614941885,42.950680360588585,1.4914613780509345
825.8783333333333,0.45777997695328776,23.69037070109977,42.77634539847194,1.5180263802922496
826.3366333333333,0.4572519641939739,23.677617915253457,42.68890774027249,1.2981631548713737
826.7950666666667,0.45654107197778615,23.659400800776208,42.64386988457018,1.5570893837856445
827.2533000000001,0.45578826560858543,23.64536612269517,42.56382106022771,1.008930405092482
827.7114000000001,0.4555840830090721,23.633241583656144,42.526904760493444,0.7926801191462235
828.1693666666666,0.4550295903600739,23.61489157092679,42.41132451949273,1.2944728456642052
828.6275333333334,0.45436424658563324,23.59716662225218,42.351667623125444,1.1477911098797293
829.0856666666668,0.45394181753283064,23.579855288051398,42.348501157121916,1.2063750897083891
829.5440666666669,0.45322330428149776,23.56251857845384,42.309452873123135,1.3356109978439537
830.002266666667,0.45268793011323427,23.547600281305343,42.34131870488469,0.8539055984475982
830.4605000000001,0.4524141315621733,23.52989740705186,42.37130290487565,0.365487755040067
830.9186666666668,0.45232703558253506,23.516298582491075,42.474767457466385,0.44225147494851097
831.3769666666667,0.4519818357323129,23.50329663165561,42.49093426237672,1.040830075930506
831.8353333333334,0.4513458257466636,23.49364064350678,42.48229880132678,1.0452516764462165
832.2936333333333,0.4510015465671551,23.482470258864403,42.41324082838948,1.134947397874316
832.7519000000001,0.4502899733346371,23.466232261539268,42.28313944687434,1.469385909346745
833.2103000000001,0.44964460846788623,23.444685578422867,42.211291955963134,1.2554764891745487
833.6687333333335,0.4491302397931413,23.42898442256874,42.146901485637514,0.9458865886299551
834.1272333333335,0.44877038297219035,23.411641923542515,42.12430600460671,1.2141228016482077
834.5855333333334,0.44801105901902105,23.39191433409712,42.07183454002533,0.9642551050651831
835.0439000000001,0.4478808555991915,23.36614007317841,42.153204681136856,0.3990262180998053
835.5022000000001,0.44764198217115486,23.346808345557545,42.17578385681667,1.0022607776839645
835.9605666666668,0.44695613422733493,23.335194822053992,42.078801755022376,1.0054895748138022
836.4192333333335,0.44671955224069476,23.319901584627154,42.06001999615844,0.5997260863671064
836.8777666666667,0.4464168490128255,23.304489268958772,42.03378239824117,1.3204208263337198
837.3362666666668,0.44552366969414753,23.284682052280086,41.910931885748624,1.048738293150527
837.7949000000001,0.4454874142722449,23.26285519127301,42.034957930117535,0.6390667732817434
838.2537,0.44497924010530465,23.241171438862587,42.0091160412597,1.4506761745129308
838.7125999999998,0.4441973465291804,23.224549175441656,41.85113620581437,1.6504452883978409
839.1714333333332,0.4435090610201257,23.204855646510257,41.716813403431615,1.2293845750086203
839.6304999999999,0.4431077657378537,23.182700788019147,41.8029368311385,1.4140804125160389
840.0896333333332,0.44224684983578705,23.15795473219892,41.77049282744219,1.9545458315252027
840.5487333333331,0.44135124872794673,23.138132110684865,41.63805632943912,1.6972670773712877
841.0080666666665,0.4407226909734337,23.121906021317496,41.597262440335044,1.564982890552613
841.4674333333332,0.4399461189976985,23.101367673665568,41.58377458520419,1.5440981685554112
841.9269666666667,0.43933584646507745,23.082106270940876,41.544726440016426,1.472967590504028
842.3864,0.43862362597839805,23.067024995838196,41.55398055309135,1.4732013381036742
842.8459999999999,0.4380151321502531,23.051430280764453,41.55475810556374,1.1746286970077493
843.3054,0.4375790906020848,23.03260374156527,41.597345025416786,1.174511689897552
843.7647999999999,0.4369728246372408,23.01756236902896,41.54011883360772,1.5983619036169974
844.223,0.43613421436365424,23.003805997810357,41.42956846360708,1.7844446763822035
844.6853333333332,0.43534809614722464,22.98336683795569,41.342700370443225,1.5473859331244284
845.1477,0.4347379748828704,22.961143978775006,41.30799956285578,0.9984811706154025
845.6101333333334,0.43445698084098905,22.942219282170633,41.25788797957639,1.2868729120521467
846.0726333333333,0.4335798455508574,22.92024076891045,41.17232638530568,1.71035029207293
846.5353333333333,0.43290378031627263,22.90254601621845,41.13752313529363,1.1837040563034993
846.9978333333332,0.4325006263210915,22.89337238380842,41.184445307647486,1.3611061905118609
847.4602999999998,0.4316549916799849,22.87563129557977,41.136482198926764,1.8000481581430066
847.9226666666665,0.4308475264406111,22.860253618400094,41.00812277580489,1.0796642282992672
848.3851999999998,0.4306623303507756,22.842673780006905,41.02683608735077,0.9845225267528496
848.8475999999998,0.42994440666360156,22.828305343653856,40.94816507937593,1.3041222698342958
849.3101333333333,0.4294687166343915,22.811313979597173,40.93506311949589,0.9473606428254381
849.7724666666667,0.4290862064003423,22.789081864166068,40.940417269703325,1.1163310951012972
850.2347,0.4284546794035587,22.773630046149357,40.90278420724259,1.1493800509932617
850.6971666666667,0.42803197362516354,22.756719789519387,40.87687354483691,1.074318615196601
851.1596666666668,0.42747136722370116,22.737941317445923,40.80648821507337,1.8405653163877456
851.6219666666668,0.42633535746273893,22.72443959080897,40.6563758466001,1.8923469075048125
852.0842666666667,0.425722580779733,22.704873423697233,40.58190331576488,0.8614525201351121
852.5465333333334,0.4255334218178874,22.692026665489813,40.694765983547335,0.6239601629213848
853.0088000000001,0.42513787335367914,22.672464015624556,40.73112781068941,1.2932370902786483
853.4708333333334,0.42434104277721346,22.650678311115335,40.60736720062057,1.3676828322886174
853.9326666666669,0.42387628416118395,22.64346634380639,40.56119887667667,1.0563895419208547
854.3944666666669,0.4233615913929639,22.626235058444017,40.492432395762805,0.9957631781269831
854.8560666666668,0.4229550593632167,22.601664671906068,40.486047149293114,0.9382737477775479
855.3177000000002,0.4224968853326241,22.590469321144152,40.428676327226945,1.0919907402158073
855.7791333333333,0.42195218981251476,22.58142574591786,40.33732831995851,0.8660883593564429
856.2404333333334,0.4217017685041505,22.562230640497454,40.29680107061082,0.7959680635214775
856.7017999999999,0.42121766692136464,22.545770615112833,40.25598267010026,1.012603125309101
857.1632666666666,0.4207659518485777,22.528814613942515,40.26339256773475,0.7854256783778898
857.6249666666666,0.4204886043838596,22.51353337425805,40.27871269549801,0.7313767153407498
858.0878,0.42010108099110594,22.489081126098025,40.352178600913355,0.8005793062801766
858.5465333333334,0.4197710695866011,22.470847194616944,40.32517584486615,0.8993579668657308
859.0050666666667,0.41928544729187595,22.456984179269877,40.21995920087936,1.0713585701960107
859.4635666666668,0.4188010863914717,22.439759190755808,40.233495698923,0.9195697027266378
859.9219666666667,0.418458233025885,22.42414125804759,40.205443339765374,0.7145188999244823
860.3802666666667,0.4181650065424524,22.40370017743273,40.15067432394005,0.5654662551065059
860.8385999999999,0.4179612217915154,22.38021676253502,40.16826333077011,0.4689651514972527
861.2969333333332,0.4177574228240319,22.367707428407478,40.205563045579765,0.549709723932984
861.7551666666665,0.4174777924897003,22.345271009050443,40.19463732623242,1.2113130753324912
862.2134666666665,0.4166652457576267,22.336434910080165,40.02280675159086,1.0042539062588822
862.6718333333332,0.4165690687661266,22.318981234641434,40.08772657572968,0.7863564618564617
863.1301666666664,0.4159482682437008,22.306018689543528,40.05863558708871,1.0397324052804007
863.5885999999996,0.41561041437853613,22.29262958867103,40.06430542279382,0.9639946837261214
864.0470999999997,0.41505140738201435,22.278819034099502,40.000650184757134,1.4962343843632653
864.5054999999998,0.414223009791299,22.26605988328528,39.945273995817914,1.067162039708517
864.9640666666664,0.4140574713797451,22.250209118433016,40.032075332290596,0.3253250204232764
865.4227666666665,0.41390968277561113,22.23648166573908,40.042249635617964,0.7845370293847853
865.8814333333331,0.41332043182869055,22.231160330406873,40.09951806115689,1.6238803297301745
866.3402999999998,0.4124057958051421,22.212383695835044,39.97533985450196,1.9089548123173652
866.7991999999999,0.41155741973903154,22.202246460686283,39.883394955182446,0.6127325488420781
867.2583,0.41183538495687,22.185245137936224,40.047545600042774,-0.1285395170040745
867.7176333333334,0.41167466953473575,22.16472988974658,40.153959445256156,0.8992270385270228
868.1770666666667,0.4110114662159935,22.15582225485189,40.171344825707834,1.2953742533092985
868.6365666666667,0.4104872745705998,22.143558365423928,40.14043453830476,1.2569617635220796
869.0960666666666,0.40986024351308475,22.13471357930015,40.10844834257011,1.2291535840366166
869.5555333333334,0.40935996929871354,22.1166547996952,40.17065999976907,1.2293424494235314
870.0151333333333,0.4087322499118248,22.108740532859038,40.054542091414135,1.1631437698225164
870.4747333333332,0.40829698313893265,22.091659567297533,40.002545633093845,1.4782691237397094
870.9342999999999,0.4073858952818923,22.0788962439473,39.852372307298104,1.6288902857897818
871.3936666666666,0.4068118892677817,22.06553523588775,39.750513126119095,1.300778543199865
871.8531666666664,0.4061993565477232,22.055413786696647,39.626668805465705,1.6716294779539431
872.3125999999999,0.4052861203983835,22.043912107614116,39.51767940793587,1.368970106151024
872.7721999999998,0.40495606105006915,22.027736173591677,39.57720809446597,1.4924150244562413
873.2318999999997,0.40392474359252667,22.013884694381545,39.42549419042819,1.7198834097694478
873.6916666666664,0.4033812257920286,21.999333567103605,39.43281231591944,1.1743445503316627
874.1515333333331,0.40285022478718124,21.993335446558742,39.464916513895695,1.9755103965120828
874.6115666666666,0.40157092159681795,21.977037728543035,39.2320858419309,2.0652001571526797
875.0715333333333,0.40095777388783915,21.960196406188278,39.13156699566351,1.5261230509171735
875.5314999999999,0.40017633027333116,21.9481463013734,39.08880853468848,1.5053789800795023
875.9914,0.399584487237808,21.92076341825037,39.10971371020424,2.0448712857359785
876.4511666666667,0.3983146523925364,21.907654607541517,38.88395483150118,2.1596001831274183
876.9109333333333,0.39762750687607096,21.901462288162545,38.83731402006372,1.6541910694767328
877.3709,0.3968240057446822,21.881998913181835,38.73744241093582,1.5193152490997097
877.8307666666667,0.39626190521886717,21.872809226117287,38.735975915000054,1.1621340331915693
878.2908,0.3957856830696962,21.855294170587996,38.71609707165206,1.0105743334859507
878.7507,0.395353905961208,21.847833024666677,38.686116427221755,1.2006237588496742
879.2104999999999,0.39470009946215623,21.837378510884392,38.617037384120124,0.9957913822606371
879.6701666666665,0.39445562041204574,21.8177595064643,38.603958744990315,0.7822840657152164
880.1297666666666,0.3939945325872012,21.804561388584446,38.51605805572853,0.6381024354322086
880.5892999999999,0.39387641446909705,21.787493780961267,38.56875717241596,1.433108142311347
881.0486,0.39268166347368644,21.77546386057867,38.32204001837141,2.4478542121811366
881.5077666666666,0.39163187008443145,21.7595234974241,38.1248081228465,1.3616595692362212
881.9668333333333,0.39143525472161433,21.73934315168175,38.16662592694125,1.0827200774222205
882.4258999999998,0.3906342823490117,21.72378889895164,38.08537286551688,1.486519507240162
882.8847999999999,0.3900561190612599,21.694403240544588,38.06394353132416,1.3222509744915216
883.3437333333333,0.3894031594388862,21.669729579669013,37.98986964977066,1.5019575782723338
883.8027666666667,0.3886593601682312,21.641059549618863,37.995748047069455,1.4235520239432864
884.2616999999999,0.3880758584304795,21.631738675273745,37.97107829248121,0.7235344575630593
884.7205333333332,0.3879712347731886,21.60236988154245,38.037475537991575,0.6773536950383278
885.1795666666666,0.3874275343644075,21.582882426692894,38.01251107491889,0.8905736156663364
885.6385666666666,0.3871263838365835,21.558794914363343,38.063884074169536,0.5684776820260158
886.0976999999999,0.38687496478512234,21.53753613986257,38.091489251469156,0.7508182254627072
886.5568666666667,0.3864012954347786,21.522485012789364,38.09863669983767,0.7402595188255959
887.0158666666666,0.3861644686340026,21.507807798951596,38.09905618347119,0.6540571632592826
887.4748666666666,0.3857744843980926,21.495516504692908,38.074811468690115,0.6708762966759209
887.9336,0.38551943960484975,21.475665577089384,38.160440641692446,0.4463621479258773
888.3924,0.38532846528565845,21.471835040246276,38.19303270106299,0.6154022259299284
888.8511,0.38491743494609815,21.455758287764038,38.184407708546004,0.9244671459360939
889.3089,0.38446166166940177,21.43711933711476,38.1917213765169,1.0877716011312322
889.7682333333333,0.38395392089236197,21.423381436756692,38.13297930295884,0.5547524314018707
890.2277666666666,0.3839917768693886,21.40841160189498,38.20435038040256,0.16462789068728353
890.6872666666666,0.38383684588967804,21.37871948114674,38.212941753971556,0.7321834788424816
891.1466333333332,0.3833536090828603,21.360809821989232,38.22027621130377,0.9377552641672318
891.6059666666666,0.3830105497554374,21.340025028083186,38.21257451621278,0.7963218172770309
892.0650333333333,0.38266132834890926,21.319110837548124,38.22895403393138,1.5500867912105254
892.5240333333333,0.3816339220630484,21.29369181468437,38.093815122330795,1.6799637102369829
892.9831666666665,0.3811753459056255,21.271766678989675,38.096707237357066,1.4648840873572986
893.4424333333333,0.38035025317270216,21.251016272812876,37.95225705298236,1.5231587439642866
893.9015666666666,0.3798375195581734,21.230394577691136,37.916890376570926,1.656504895221326
894.3607999999999,0.3788928784398214,21.20917201849316,37.8569906690287,1.2321693864889662
894.8200999999999,0.37876356892951357,21.195019311051254,38.006198127772755,0.5585819830545345
895.2795999999998,0.3784254699593315,21.168755657210202,38.02145901803063,0.7628815349661645
895.7392333333331,0.3781082410582748,21.14767633429015,38.03280850897881,0.5608440254210886
896.1987666666665,0.3779669554486577,21.121534556346614,38.0827279396429,0.8616170454197934
896.6584999999999,0.3773839185456174,21.107226978741647,37.99163992938818,1.294913905657826
897.1183666666667,0.3768472545808296,21.08173093717154,37.98814677022838,1.182094898449794
897.5779333333334,0.3763697900988397,21.067079580340934,37.93529683296634,1.708636887594095
898.0374333333334,0.37535171076719437,21.03593128897133,37.8221407539865,1.6607354593925296
898.4971666666668,0.3749271195676564,21.024820696013286,37.80731996734768,0.7647552431146437
898.9567000000001,0.3747424361284518,21.004454589991276,37.94246985926797,1.0177746393187819
899.4162333333334,0.37408834573228555,20.985826849948673,37.88523796901485,1.3269228771017367
899.8756333333334,0.3736212425556006,20.97849488763588,37.90003001986878,1.3050329723210246
900.3350333333335,0.3729856492765671,20.96284652040938,37.90641269902488,1.3761687494227481
900.7943666666669,0.3724505063165254,20.942534081277877,37.966677007211054,1.4709433583406784
901.2537333333336,0.37172557221343233,20.912820167422126,37.948704281625254,1.665635536907889
901.7132333333335,0.3710115934613637,20.888104743216537,37.81286049046182,1.6360231054101952
902.1725666666669,0.37032197983491105,20.859000460351076,37.76081913097811,1.7200294982650153
902.6321000000002,0.36953702292901985,20.84525862617155,37.739906223277,1.2405737817726044
903.0926333333334,0.36926804111564376,20.83003871001559,37.72510580991752,0.9282512622813839
903.5517000000001,0.3687131844032,20.817708190024792,37.733216292762876,1.7136914305341815
904.0109000000001,0.36770949109630163,20.802952632842832,37.684598829882226,1.9930508325254488
904.4700000000001,0.36689006593790374,20.779626683880142,37.65049869912205,1.1879599813062192
904.9289000000001,0.3666238874742339,20.771052544845908,37.70066351992473,1.2538000586878872
905.3877333333334,0.36574116341328816,20.74348343143105,37.63638600294606,1.6144240715273077
905.8466666666666,0.36514223133329676,20.740030283597008,37.64112157368807,1.1598550368971912
906.3055666666666,0.36467713375253036,20.73206383922353,37.641711218913734,1.1405474365052644
906.7642,0.3640880112959548,20.729484019490585,37.61978756818301,1.0288044175463231
907.2226333333333,0.3637223343646232,20.713912730550646,37.692578726180614,0.5766804719258648
907.6812333333335,0.36355827500488286,20.68636016473924,37.8171961104146,0.5638165646869845
908.1397000000001,0.3632171246282505,20.67050834064781,37.777970585624,1.157020316867846
908.5982666666667,0.36251649557385024,20.65810426561532,37.7419864973481,1.0476082665943947
909.0567333333333,0.36228225897997074,20.64063983929748,37.767434067512376,1.0973714313383287
909.5150333333333,0.361538899656029,20.618121042451286,37.715635829591896,0.7940265821084926
909.9732333333333,0.3615746784815034,20.603260606678056,37.86369769599816,0.5660904579474916
910.4313666666666,0.3610333469731184,20.575082362657312,37.90754662295708,1.1213209926792775
910.8895,0.3605635524034743,20.564651810573018,37.914020403557096,0.8214477346088214
911.3479,0.3602977865247437,20.55758051977739,37.94052624389051,0.4790383122938166
911.8064999999999,0.3601400316220014,20.545219858294637,37.96540396749846,0.9955785754087991
912.2651333333332,0.3593889168195909,20.529561446288348,37.906098632798766,1.5410499332615295
912.7236999999999,0.3587215326301941,20.510102783005923,37.774363990277266,1.3945227339441648
913.1823666666666,0.35809923397308846,20.4962912672522,37.69115914841127,1.0738489117568917
913.6409999999998,0.35771945436985586,20.470735980558548,37.64365288361286,1.122245937398712
914.0995333333332,0.35704837939178347,20.448454562594094,37.539047220908,1.2623321091616087
914.5581999999999,0.35653949629636583,20.42867474785145,37.4715906498206,0.9179144672936163
915.0166999999999,0.356186116702417,20.416503192536133,37.39016692036359,0.7547437789009793
915.4753999999999,0.3558321526575812,20.415865917971,37.43523125543365,0.762080605139696
915.9342,0.3554735937785712,20.40024597794171,37.4430724782959,0.6573095555332938
916.3928000000001,0.3552117259956738,20.385681159724694,37.40997754469493,0.7420343437072932
916.8512666666668,0.3547743648875785,20.369038990953097,37.46508168039724,0.8256474891586282
917.3097333333334,0.35443450707100926,20.35386575108015,37.472115598713536,0.30797555688706924
917.7680333333334,0.35447566503384725,20.340753227773494,37.51182910775186,0.06384440002054259
918.2264333333335,0.3543671541799295,20.333980028782534,37.50122339026267,0.6624669249213643
918.6848333333334,0.353865781857918,20.318441621483817,37.43963643624528,1.01684843307772
919.1431,0.3534405122151867,20.32059787844473,37.37809367238999,0.9938550822562288
919.6014666666666,0.3529660417234388,20.308670239517216,37.27187528761762,1.0221125779355895
920.0600333333332,0.35251237653043516,20.287147722947335,37.20280264601404,0.9702937506938571
920.5187999999998,0.35208513250418016,20.263661149231414,37.19097585044749,0.9135056495135724
920.9775999999998,0.35168603839779894,20.240824884644816,37.11281923307553,1.148145290149018
921.4363999999998,0.3510387535664237,20.243553659239566,37.032645090050586,1.0838910944412805
921.8953333333333,0.3506886933298112,20.232280313965447,36.98947161010489,0.7781611303651164
922.3543666666665,0.3503166224247589,20.214118160671863,36.94722753067673,1.1208161975034698
922.8135333333332,0.3496509787216525,20.207669811001495,36.841088478605165,0.9850915763239673
923.2728999999998,0.3494019150661244,20.19605501241398,36.78564094881192,1.517402886382766
923.732233333333,0.3482637034861671,20.194713251069434,36.567273484045245,1.1977313292512908
924.1917666666666,0.3483328187316742,20.19178579279513,36.65650838760081,0.5081765108061741
924.6514333333332,0.34782291010621286,20.18353406362367,36.535529460161406,0.9874190792207915
925.1108666666665,0.34743518489248437,20.166094698987816,36.53992836098679,0.6428515716248157
925.5700333333333,0.34724105945183753,20.140835559284145,36.55996443589392,0.7132592101702565
926.0291333333333,0.3467889260474827,20.114710976860557,36.54769310710542,1.034889215763339
926.4884666666668,0.3463019965584816,20.100006324430073,36.582048797958265,0.885810964280796
926.9477666666667,0.34599398282693977,20.080187120981495,36.666426077017945,1.024318845994136
927.4072666666667,0.34538634710174565,20.064183678757036,36.68950448920802,1.1545973497463389
927.8669333333333,0.3449615741398598,20.04596803873687,36.63357455178026,0.9610014242710592
928.3265333333333,0.3445280785143525,20.024234358753407,36.582334023851246,0.7827831256726925
928.7861999999999,0.34426568518288914,20.000770202517128,36.680253327636585,0.967858362850153
929.2456,0.3436623831981805,19.972291513404766,36.5551502474347,1.16894751125306
929.7048333333332,0.3432176905370583,19.95709548225803,36.60619362070888,1.3462502010483157
930.1642999999998,0.34245306491202715,19.947009235375862,36.5428085883796,1.7454167896570874
930.6237333333331,0.3416372947917963,19.929766523735946,36.43693532371671,1.6231158277026665
931.0830666666664,0.34098663702825394,19.90037060565158,36.321836948532024,1.4286971661532333
931.5422333333331,0.3403476260227497,19.8719686565091,36.29465156456942,1.5974263252711696
932.0013666666665,0.33953843433253916,19.843148809193824,36.20669750481235,1.5786151087624811
932.4607666666665,0.33891196134183926,19.81305881592088,36.16772973374915,0.8303316615514477
932.9203666666665,0.3387837523571288,19.795472831542007,36.320901855807215,0.7505867269843388
933.3798999999999,0.338223278586827,19.76026692017442,36.27854036924592,1.0706562873396182
933.8393333333332,0.337799450299724,19.739344818292604,36.28765555878874,1.1902526672099993
934.2987333333333,0.33712877978246564,19.70617707672551,36.22818053988909,1.0620301225265563
934.7582666666666,0.3368194627568361,19.706195142468275,36.308714695953,1.1829475995637364
935.2177333333334,0.3360337606149994,19.687035686558215,36.20895620717585,1.4685416994746272
935.6772666666667,0.33546126261879816,19.66249897286749,36.248529501988685,1.2123312070209908
936.1367666666667,0.3349112106044355,19.642503495630514,36.174300564315466,1.178731132624389
936.5962666666667,0.33436977090447695,19.627207675235322,36.1531633658635,1.0129965741702496
937.0556666666668,0.3339683390207006,19.6158448174548,36.2452510023322,0.6034885094587924
937.5153,0.333788843342453,19.592750681324542,36.3330113551094,1.2269687534028946
937.9746666666666,0.33280014806027847,19.575189768618685,36.19761083435334,1.2278219761677793
938.4338666666666,0.3326256631631719,19.55091402010808,36.29043164711561,0.7651234267933921
938.8933333333333,0.33207468251504935,19.521533001641583,36.202220048161564,1.2944090336439953
939.3529666666667,0.33141539532354086,19.517588498423315,36.1900713215231,1.272163914524197
939.8126333333335,0.33088567136327446,19.508103755065974,36.073205973835165,1.2186833239263835
940.2723333333334,0.3302753610054582,19.484387210100554,35.964986142266326,0.9386003962592238
940.7320666666668,0.3300027401032887,19.46885973923025,35.946172606471954,0.9465017322092665
941.1916000000001,0.3293941305294897,19.4437519803613,35.8938226233787,0.48538116735776593
941.6509666666668,0.3295545415675351,19.417703355098226,36.10562641129519,0.4732813922448674
942.1104666666668,0.3289549906860915,19.394361061421193,36.06565201133188,1.392505993602316
942.5699666666667,0.32826698216253075,19.37684468612499,36.002991941613885,1.376100396615946
943.0295666666667,0.32767998811512566,19.35153251035642,36.01074095476468,1.2993284993035998
943.4893666666667,0.32705901277907634,19.32451290995062,35.87544350479382,0.9484890778845103
943.9492333333333,0.32679643809023684,19.27928734138931,35.89085897638708,0.7612162181333778
944.4091666666668,0.32635526657163116,19.2505559588579,35.80022924954363,1.0868060911469801
944.8692666666667,0.32579569838499106,19.234409511232837,35.80308866383913,1.4172957772715065
945.3293666666668,0.3250531466631746,19.208474075943073,35.70246940500274,1.1118707061942956
945.7893333333335,0.3247740357167248,19.190878989398445,35.74487201738087,0.9330389988292925
946.2490333333335,0.32419749631920675,19.169970481158575,35.72882336179745,1.4032451978348182
946.7086666666669,0.3234929422348488,19.134803275520834,35.59785862536662,1.3113599084124092
947.1681333333336,0.32300205937638704,19.116044680360623,35.596154680522105,1.2130814843128834
947.6275000000002,0.32239088976269814,19.091873566799862,35.55177472547181,1.4229966444500048
948.0866666666667,0.32171068248263,19.075453416727658,35.42715208464089,1.8355737713634692
948.5458666666667,0.3207242902478483,19.035009050679086,35.20144347767664,1.6987625543681366
949.0049,0.3201702647652458,19.003011243426588,35.10760231628014,0.8929898285821636
949.4637333333334,0.3199188960670334,18.987748768803538,35.085459768794614,0.4435502805477554
949.9225000000001,0.31977162040677526,18.960056115748248,35.1968649126806,0.7766453267106418
950.3811,0.3192181335931787,18.934183115406338,35.179791947816945,1.4190494227693917
950.8397333333334,0.3184874763352287,18.910023438625892,35.06153283488913,1.7215612214440563
951.2983666666667,0.31765708785244606,18.879860460461146,34.888468364289864,1.2176038082038783
951.7570333333333,0.3173822531890293,18.855419181554094,34.855238172789626,0.7478631921545796
952.2158333333332,0.316978900416729,18.83952516581616,34.84811651888435,1.2416458204569951
952.6745666666666,0.31625427361301023,18.81865820770863,34.74411838980828,1.1974781557008114
953.1330999999998,0.3158846006166991,18.79497898884142,34.676854268550215,0.6188474835718051
953.5916666666665,0.3156900230442603,18.77306765368089,34.692396572353964,0.48590841903430715
954.0502333333333,0.31544323591163614,18.755515967098432,34.71117043614394,0.9371326215046882
954.5088666666667,0.3148322267122856,18.73614323696398,34.66209883751784,1.0746659243141554
954.9675999999998,0.31445008012877335,18.72964789266507,34.59710247290916,1.6828981952828261
955.4264666666664,0.31327187114147353,18.722151663534152,34.27541977550483,1.510301027840699
955.8851999999997,0.31304819636487186,18.70674467546963,34.294579184559204,0.8665017682878786
956.3439999999997,0.3124624665468874,18.696582826228955,34.20965926309495,1.0074530853204717
956.8027666666663,0.312106768323168,18.6808035437128,34.16397547072643,0.944415978107932
957.2614999999996,0.3115750293518916,18.675254924389428,34.10635643524323,0.9218602361274418
957.719933333333,0.3112317815530271,18.660159994125532,34.08276936772492,0.4362399983178278
958.1784999999996,0.3111415953828488,18.647834903781447,34.14705782355106,0.5749407990672621
958.6368666666663,0.31067309211091804,18.623448458006028,34.059653429650524,1.0717837427164256
959.095533333333,0.31012893364328903,18.609020500464506,33.98253010708498,1.5642820488210547
959.5543999999996,0.3092104689778485,18.605380590771336,33.83014114863144,1.236550872668633
960.0132999999996,0.30896020320797396,18.592765933687172,33.852809349950405,0.7930616317353478
960.4721666666662,0.30844002242237356,18.576837651197025,33.793530388267925,0.7044652973112798
960.9311666666663,0.3082715106638087,18.554617777882072,33.84409446798229,0.18166281769990322
961.3904666666664,0.30822787551014164,18.54207815060138,33.94772159407897,0.17601164009379824
961.8500666666663,0.30805931552352084,18.529171823499265,34.04728169242252,0.346830313808477
962.3095666666665,0.3078520748974603,18.517511742186148,34.12077934198829,0.14933523705856577
962.7693666666664,0.30787158522509656,18.508218327367796,34.315798912554456,0.8409268863548574
963.2291666666664,0.3070474253489934,18.490119286289566,34.1686858063316,1.684995096261401
963.6887999999999,0.3062997774005892,18.477970796802474,33.957526962083996,1.3847967692998435
964.1484999999999,0.3057438529319864,18.46190181680985,33.874787864407445,1.5372086619485452
964.6080999999999,0.3048520894922871,18.44441038020891,33.718186567665185,1.2015228957644173
965.0678,0.30461371326801495,18.42918122888995,33.76468574669804,0.7894611183218156
965.5277000000001,0.3041078934850004,18.405130564418105,33.667066490943455,1.1757159327481301
965.9875666666668,0.30351386163705657,18.38424308610238,33.55368169617913,0.8908275423860467
966.4474333333335,0.30326905547332955,18.36906087712867,33.62279470920197,0.4928416658176706
966.9073000000001,0.3030438652532094,18.35515696868147,33.69660293500835,0.6873985952627322
967.3671666666668,0.3026166196956073,18.343324457979524,33.74382453128263,1.161887633792941
967.8267666666667,0.3019570137407089,18.325245723636975,33.69556089949806,1.5442169224461069
968.2863333333333,0.301179732205579,18.309700010890595,33.5750528383563,1.6167660887988042
968.7460333333333,0.3004517812593636,18.285039860730517,33.43863007691718,1.2658031490701342
969.2055999999999,0.2999961296465781,18.263047285432705,33.43507762273937,1.2333794279273997
969.6650666666666,0.2993031004894711,18.24513888767172,33.36527356228408,1.3489942649918205
970.1245999999999,0.2987415377234826,18.225779784095646,33.25061686174204,1.1816344477449574
970.5841333333333,0.2982013615051954,18.21328919544606,33.277634411659406,0.9017457780027565
971.0434333333332,0.2979020730134037,18.18847793597393,33.25088268033338,0.8988583430455387
971.5027333333331,0.2973733719232028,18.176654357021082,33.21340157365256,1.320415972371219
971.961933333333,0.29668888108051167,18.15979836012637,33.11898115994301,1.3377513457763517
972.4210666666663,0.29614298567059694,18.15383498004178,33.048120912942714,0.7671276037230279
972.8801999999997,0.29599011481459625,18.13922463332465,33.117596394195544,0.5356441308284312
973.3390999999997,0.2956693015396854,18.11184968264226,33.09465282468205,0.9567551767471463
973.7981666666664,0.295139664109772,18.092511305229046,33.02895781479773,1.2489858101940863
974.2572999999996,0.2945542764545905,18.073268411127646,32.93917585968917,1.4662083920913263
974.716533333333,0.29382549713265216,18.064228474150163,32.826909449669635,1.616615240734037
975.1756999999998,0.2931043429720724,18.045394435033867,32.6128592808408,1.6013105964048164
975.6345999999999,0.29239648178628086,18.02257795829627,32.426409074772174,1.195569927179209
976.0935,0.2920540603142409,18.000892444122357,32.39285202421553,1.3374158516587427
976.5522,0.2912086251286184,17.980181206274494,32.12925788407391,1.3977982375067846
977.0111333333333,0.2907988484902528,17.959839737823568,32.11412539054375,1.120087703870089
977.4703333333333,0.29020614483703944,17.941092089371832,32.13242372059887,0.7907976890079066
977.9294000000001,0.2901006541907416,17.92075721452901,32.20762391503431,0.21919560085615888
978.3886666666668,0.2900301547986287,17.90089412293421,32.26667961718552,0.6492800769931749
978.8478000000001,0.2895209729282899,17.88382927425221,32.18692191969245,1.2252274657501816
979.3066333333335,0.2889207354002547,17.873463928970178,32.21496837767528,1.6057238479388702
979.765466666667,0.2880636830726112,17.85828354738698,32.10948108624887,1.4428721953610775
980.2241333333335,0.2876061320108964,17.844209483995947,32.03491499929309,1.535947556272691
980.6829666666669,0.28666352595114436,17.82352000018431,31.849461563844173,1.736167383169568
981.1417333333336,0.28602889372653106,17.8047934253044,31.747662610727208,1.068145725703281
981.6009000000004,0.2856987340639437,17.78674821033453,31.79934772379637,0.8707903785473887
982.0601000000003,0.2852456309751907,17.763118489850545,31.751388606664996,0.7357516807444471
982.5190666666668,0.2850330996378979,17.745183625930185,31.840701310148898,0.9139077159422951
982.9779000000001,0.2844192090453741,17.729581071969704,31.77363177009926,1.3439592528818007
983.4368000000002,0.2838146846428858,17.71858241442895,31.681081862068368,0.9389809790131488
983.8956333333334,0.2835767761779427,17.705080554036833,31.727293087657312,1.075586918002508
984.3546333333335,0.2828473421353889,17.68608885754856,31.55900836322707,1.5929060695977268
984.8138666666667,0.2821316778099514,17.670479319220043,31.498522156014097,1.462726369394581
985.2732000000001,0.2815200122349936,17.653090052127244,31.416375933626753,1.4131429879862765
985.7324666666667,0.2808505275607036,17.641673519769675,31.297088729429937,0.948718637715442
986.1917666666667,0.28066270889900763,17.621280855118744,31.304968319636984,0.7329972680163223
986.6508666666666,0.28017992650532897,17.605601493659968,31.222935652609852,1.236741051477889
987.1100666666665,0.27952006751167263,17.591950236842447,31.11669595281877,1.6780556135906457
987.5692999999999,0.27862987033021647,17.57786484043441,30.900185300345708,1.4547732986487465
988.0286,0.2781748390274998,17.56154395519304,30.895008795902488,1.275697131399097
988.4879,0.27744674458132856,17.54119685455208,30.73071523662071,1.5013631469446345
988.9472333333333,0.2767835850543651,17.529298629801772,30.66808569525402,0.8984374384026294
989.4068000000001,0.2766061493155773,17.51353961388098,30.744868692142116,0.8671773635329951
989.8663333333334,0.27597379368202274,17.503547992248258,30.638593597308283,1.3243504168312454
990.3259666666667,0.2753780858935406,17.49176939060042,30.57486819064166,0.9145900709959335
990.7855333333333,0.2751196616580405,17.47898071779176,30.54715642321855,0.9151536570822202
991.2448999999999,0.27452815047201834,17.465350879823603,30.390766563703494,1.439397041334308
991.7044999999999,0.2737955356524431,17.45240900625704,30.23678041947746,1.3359799709303606
992.1641666666666,0.2733053286758075,17.4360679530151,30.10507593624654,1.0076035993262586
992.6239333333332,0.2728775816806337,17.424462673697082,30.136075930135814,0.8977772367663578
993.0838999999999,0.27248563708211326,17.41167511397105,30.020473040126898,0.43898022336502834
993.5438666666664,0.2724799149143343,17.39832859040898,30.07386375309475,0.492453139434823
994.0039999999998,0.27204658150247957,17.380401909089418,30.060377616135597,0.6116573993460029
994.464133333333,0.2719358797292186,17.36577974554141,30.027937581231313,0.6551104500465623
994.9243666666664,0.2714595085744501,17.353222309491596,29.991761907243728,0.8693286002717205
995.3841999999997,0.27114311008713243,17.343069317264824,29.833948519265803,0.704005612547002
995.8439666666665,0.27081002867531945,17.333506057133896,29.788095906902708,0.8039970702398591
996.3037666666664,0.2704059969143806,17.31942708360498,29.693365213023416,0.3043852422691248
996.7638666666664,0.2705342239554441,17.30405671223848,29.75273245057431,0.04920115012781439
997.224133333333,0.2703653906372073,17.282398561758317,29.77934266516699,0.7849736281702178
997.6843999999999,0.2698162485319016,17.26291463423961,29.663438674885057,0.585213630703866
998.1445333333332,0.26983194259103466,17.241478116158607,29.7349797950197,0.12673177266168864
998.6043999999999,0.26970960321241544,17.22658153818138,29.731793912661075,0.33614728463155674
999.0643333333333,0.26953844764478074,17.211578597665024,29.69924164336876,0.3151291797316232
999.5243333333333,0.26943525169480953,17.192161168097698,29.766262567256934,0.5215911664544841
999.9843666666666,0.26907500971933174,17.177548762617285,29.763253540734965,0.7220714833727674
1000.4443333333332,0.26878824110251015,17.16044732303516,29.728293648406463,0.46653538580713916
1000.9044666666666,0.26865611956406754,17.143076321452916,29.78229999225223,0.1269535897096367
1001.3643999999999,0.2686751648745054,17.128087552940475,29.862893521502144,-0.01636246575332797
1001.8242999999999,0.26867536510611506,17.113961602277513,29.890397898116014,-0.1105406626648931
1002.2839999999999,0.2687831075213836,17.097496917666028,29.94352333355403,-0.08102280050502068
1002.7436333333333,0.2687562545806755,17.078711597932788,30.00914552991923,0.21811419311671043
1003.2032666666665,0.2685878831781293,17.064282816329236,29.974786700170416,0.5491437398958039
1003.6630333333334,0.2682532656788621,17.04520280916975,29.96884894575287,0.4459626234000887
1004.1229,0.26818168157703337,17.02737063486107,30.052383190229605,0.04668427830527562
1004.5828666666665,0.2682187581133348,17.010573789314833,30.069778201376057,-0.1850555133111628
1005.0428666666664,0.2683637131782098,16.993140896323673,30.17433887597007,0.3210940749097723
1005.5027666666665,0.2679305195739188,16.972164680615297,30.08819565479674,0.8097324968705001
1005.9623333333332,0.2676156011654964,16.959004284979162,30.073497736226873,0.5069775320830341
1006.4216333333333,0.2674536106597411,16.94553252492041,30.031930024923234,0.2065015082537848
1006.8809666666665,0.2674115269623132,16.930102324352447,30.061591712130788,0.12147062318458461
1007.3400666666665,0.26732311813868354,16.911460236191324,30.074254057353446,0.2950877409961138
1007.7991666666665,0.2671155731846238,16.895862735529455,30.01935885686578,0.7432796547905387
1008.2580999999998,0.26661677192659095,16.881009160902984,29.9323073499518,0.6262830393882125
1008.7167666666664,0.2665191900053314,16.861884940685503,29.900023196786552,0.5855642297887411
1009.1753999999999,0.2660652513565125,16.84300973448198,29.847823806075894,0.5786034495234957
1009.6340999999999,0.26598409512205606,16.828135837451935,29.85757271820072,0.1948731947437145
1010.0926999999997,0.2658856561361066,16.81346762751257,29.902560453096555,0.3892949787930291
1010.5511999999998,0.2656222408960048,16.800038047786767,29.9176628191248,0.6056761141183844
1011.0096666666664,0.26532207028458116,16.788817775556723,29.84729573900584,0.2711304093874433
1011.468033333333,0.2653644013565833,16.774315835076752,29.940205083998315,0.3390275337413205
1011.9264999999997,0.2650005828710995,16.76422566951259,29.880616511010867,0.564305181173565
1012.3852666666663,0.26483238183730723,16.744806266187908,29.880475027117477,0.1997455920990635
1012.8440666666664,0.2647997606216882,16.73113316772161,29.96845386826516,0.054716547451523795
1013.3027333333331,0.2647665879465194,16.720549739975688,29.964816334283476,0.12127106609319059
1013.7613999999998,0.26467241388041723,16.70426877492909,29.94896687400371,0.3646289731040289
1014.2200999999998,0.26441715133010457,16.69121075450658,29.945984460771754,0.5440291197342775
1014.6787333333332,0.2641618463819563,16.676776144572763,29.893565217897553,0.4619535911340287
1015.1375999999998,0.2639864971573465,16.664054104270516,29.91823181737181,0.5075385021687989
1015.596433333333,0.26368892384210335,16.649109412586757,29.834881638323846,0.6053878153254398
1016.0554999999997,0.26342138580754637,16.635541357295295,29.81753224555282,0.6900510396111927
1016.5146333333331,0.26304456677276006,16.621403159804988,29.715299407600824,0.6708951562459855
1016.9737666666665,0.2627936670626056,16.603601083922708,29.681387048268117,0.14175988786563698
1017.4328999999998,0.2629036866362899,16.590319558632835,29.70564929593977,0.16445951198574815
1017.8919999999998,0.2626263690260598,16.576126708209035,29.60356090579074,1.0397435884886301
1018.3508333333332,0.26192230047523124,16.563652304239643,29.517577407344973,1.0500796273029298
1018.8098666666666,0.2616296113418059,16.55150083312067,29.423702517112822,0.3115203603313575
1019.2686666666666,0.2616154701546016,16.542705728470583,29.484800285407402,0.16712309564512937
1019.7277333333334,0.2614735805256978,16.522577089707806,29.463996828010455,0.5068396543606171
1020.1870333333334,0.26115311853836604,16.505940263686856,29.35598473801529,0.7191333844590788
1020.6463000000001,0.2608189441217417,16.492735869210588,29.29013984347556,0.8535633637690183
1021.1055333333335,0.26037657899220856,16.48069577911187,29.232100669104526,0.4817634200956099
1021.5646333333335,0.2603877122287205,16.468889000955443,29.25657377461168,0.2375100667843557
1022.0239666666669,0.2601616666958932,16.448566936600418,29.280076057507042,0.6618104743699781
1022.4832666666667,0.2597748194577028,16.438008313677322,29.20181293990569,0.5636605548351953
1022.9428333333334,0.25963893897659185,16.42202896384392,29.192791176382865,0.20915179567421716
1023.4021333333334,0.25957658137434547,16.41043205273185,29.186917480119572,0.3182361609537682
1023.8617,0.2593393565202029,16.393913530041342,29.103162963199015,0.6238915150232966
1024.3212333333333,0.25899548636512204,16.377071073535145,29.009306145066784,0.44781755092026704
1024.7805333333333,0.25891929720934787,16.361702666055102,29.024805299203116,0.20948298119781514
1025.2397333333333,0.2587955457807909,16.347682025942483,29.01447991303872,0.2969011988999717
1025.6987,0.2586429956163943,16.332313969532432,28.95640524223036,0.23040902507168903
1026.1574666666666,0.2585834038421467,16.329092457392942,28.962017090988187,0.2862790241330977
1026.6159999999998,0.2583779299159723,16.3152223642084,28.9121082382901,0.47966879178985194
1027.0746333333332,0.25813770476481407,16.293840802223528,28.895559239682083,0.43100735521271466
1027.5331333333331,0.2579771991180777,16.28436534290793,28.88765226332697,0.40851642106658304
1027.9914999999999,0.2577586984024608,16.267842160853768,28.88634277650523,-0.06889474001784231
1028.4498666666666,0.25804230092453523,16.256141025827,28.983984619919834,-0.2077051364635467
1028.9081666666666,0.2579503204987097,16.247024246116023,28.94179234927071,0.05158314576330085
1029.3664333333331,0.2579930119881106,16.240912276976445,28.983883600801605,0.03156205516432655
1029.8243999999997,0.25792240084864604,16.22598788999711,29.020397159140156,0.012760895322285375
1030.2823666666666,0.25798590270913524,16.21352310983631,29.068825676303067,0.22124054452940145
1030.7403666666664,0.25772305534165085,16.20395864183431,29.04150414764046,0.7471816333178412
1031.1981999999998,0.25730147285769334,16.1900788812816,28.946715043889082,0.4851314558477148
1031.655833333333,0.2572836606218251,16.18154170196146,28.961527311607604,0.09186035522475984
1032.1137999999999,0.25722787607050346,16.165980926766707,28.93195692435871,0.03472832611094619
1032.5714666666665,0.2572551359838893,16.15227412040127,28.976415939331083,0.12058783180020631
1033.0293333333332,0.2571046556783085,16.13821909877935,28.924474337928128,-0.015071937737520781
1033.4871333333333,0.25725062584078595,16.13325897124282,28.993691750680505,-0.1223318905021124
1033.9449,0.2571981485128561,16.11995925932518,29.012242171061455,0.10247981038722376
1034.4026333333331,0.2571366092599057,16.103553822094117,29.04873808954858,0.08721206598815512
1034.8605666666665,0.25709966662256417,16.094094448577398,28.999203378567948,0.45451670759782586
1035.3185999999998,0.2567017177585217,16.081795610048268,28.9220387160515,0.4960143856883129
1035.7764666666665,0.2566340956436861,16.076367532182175,28.926304294387023,0.0717735282021551
1036.2346,0.2566375610310102,16.06386192734946,28.921731283659877,0.2194785419129393
1036.6926666666666,0.2564363880474502,16.057808057065998,28.87886787285605,0.7196382154079121
1037.1509333333333,0.2559785789832343,16.04361788755567,28.805377886631472,0.5534370388024455
1037.609,0.2559261065733491,16.035377669686003,28.797555681856952,0.21573914802524202
1038.0670333333333,0.2557749076968073,16.029769291489277,28.751993532404303,0.6020794859088536
1038.5253666666667,0.2553661595785988,16.023279037299655,28.672222580543544,0.8171439219377425
1038.983866666667,0.2550159359203572,16.01072660273573,28.59366670052018,0.6038375697146305
1039.4425333333336,0.254802168163632,15.996108667149109,28.554632411416936,0.5032428198433636
1039.9011,0.25454024670705333,15.979592571326807,28.496309019560265,0.7155958065873305
1040.3599333333334,0.2541303926015594,15.96845137889549,28.445172284301986,0.9969619178037087
1040.8187333333333,0.25361170207991407,15.958143930862844,28.332281652577528,0.8647173842893112
1041.2777,0.25332545257650435,15.94411270288105,28.31490219512829,0.5788883476621745
1041.7368000000001,0.2530687887849743,15.933130995467085,28.224587145072842,0.7895995889542685
1042.1957000000002,0.25258354788838727,15.92475786578085,28.115992562971687,0.4676282053221643
1042.6544666666668,0.2526207456340774,15.911102448795843,28.127588185803507,0.29769748089826775
1043.1134000000002,0.25228753563113904,15.889410628320702,28.05194334545093,0.6555929465612415
1043.5724333333333,0.25199239919700356,15.880441949193647,28.00142806973794,0.6755054204287421
1044.0312000000001,0.2516402631465275,15.86651388790942,27.974240694710726,0.19627223864268617
1044.4897333333333,0.25178554373874457,15.857617237151718,28.05179643014879,-0.057290681060934254
1044.9485333333332,0.2516555678150753,15.84899541705696,28.06522401049937,0.5131994063141353
1045.4075333333333,0.2512717804550211,15.831001215792678,28.02266208848781,0.5534179066574625
1045.8664666666666,0.251106736602389,15.821763088269686,27.99540075115026,0.7496649769123489
1046.3254666666667,0.250552503973352,15.810421848057917,27.8666562080414,0.4138962954962909
1046.7846,0.25070642510204993,15.800685141704022,27.970935439387674,0.36294440249522975
1047.2438333333334,0.25019457733224976,15.79049977358132,27.874444789415683,0.9432677233775795
1047.7031333333332,0.24981164086426308,15.787669642642138,27.846920371955502,0.7273077739193426
1048.1623,0.24949752633999794,15.77626991512409,27.77714880359505,0.6434069221934735
1048.6215666666665,0.2491924449044819,15.761517136467132,27.73164318573911,0.7806218334482787
1049.0809,0.24875181350099737,15.747317079593508,27.659194438562356,0.6809592646376094
1049.5400999999997,0.24853104379862323,15.739127880035365,27.604731216755248,0.45623432159284466
1049.9990999999998,0.2482907403488032,15.729640838716971,27.649868275412206,0.8019836475565588
1050.4579999999999,0.2477511451958638,15.716652824044791,27.565389604108937,0.6679465810320769
1050.9166999999998,0.2476332310325113,15.710338661234744,27.58123255278199,0.6056007258767241
1051.3755999999998,0.24715266350145415,15.697353980912993,27.52238003654614,0.7256890025806835
1051.8346,0.24692940552103732,15.683334271646737,27.503658371391015,0.33149469235302204
1052.2933999999998,0.2468163438751186,15.671561732264637,27.47863612585334,0.24338384557414103
1052.7521333333334,0.24667750875564845,15.6652959477837,27.535864323804002,0.2778286101810932
1053.2107666666666,0.24653286186023496,15.658986061939729,27.549127229415717,0.42258232171008003
1053.6696333333334,0.24626253359276618,15.64531542640671,27.51276193849874,0.32586403083121157
1054.1284,0.2462081340208023,15.631630291371053,27.436879007549777,0.1652750369494545
1054.5873333333334,0.24608313177708455,15.62226488618706,27.432251267988836,0.46779578097245383
1055.0461333333335,0.24574639093247663,15.610710431104259,27.397715565215098,0.6202906472346449
1055.5050000000003,0.24547981278041037,15.599343657853815,27.355253323697585,0.49664138930839813
1055.963866666667,0.24525563816710766,15.583858278864263,27.320518973295826,0.9002165675373061
1056.4227000000003,0.2446204320469888,15.573908804370541,27.223057581336878,1.2198072272939229
1056.8813666666667,0.24411083998351124,15.566328592161618,27.16015539867561,0.8962498888941276
1057.34,0.24377327043657934,15.551185049449177,27.112045363920608,0.43365986811659823
1057.7989,0.24368839429739936,15.536043231430535,27.099983868732032,0.6640252248445591
1058.2577333333334,0.24314519174188212,15.523138511185945,26.959124157937044,0.7150708884261429
1058.7164666666667,0.24302679058392765,15.50821417362994,27.00691164226537,0.20157116421627425
1059.1752333333334,0.24295786116664753,15.490736941897843,27.016209272522705,0.5475919486505222
1059.6339999999998,0.24251887384759668,15.478631320286128,26.950993340223473,0.7015905244335506
1060.0927000000001,0.24229972839667357,15.469969351393845,26.943079014350943,0.6586634719384589
1060.5511666666666,0.24189346942338447,15.464709185050845,26.838417515396078,0.7320509227739025
1061.0093666666664,0.24160738209565535,15.45466469221752,26.82439037136194,0.4445959357927835
1061.4673333333333,0.241468203391084,15.43737199634749,26.769628834690074,0.4009066313280536
1061.9253999999999,0.24122353889461384,15.429497888437966,26.743435900528517,0.7294342504860849
1062.3832333333332,0.24078265237028718,15.418797854274741,26.702844543898873,0.4474411037741895
1062.8408999999997,0.24079784482873048,15.404132035096797,26.719951493879282,0.24046567348084594
1063.2988333333333,0.24055122618050398,15.393112499988401,26.718391073607147,0.6476723564029598
1063.7567333333334,0.24019254052709363,15.380459932760715,26.60022772989765,0.3408967286218238
1064.2146333333335,0.24022617925970588,15.368067525432764,26.649828531772002,0.16265855443699698
1064.6728,0.24003250425161404,15.35191507649888,26.607983112721843,0.5737108754299225
1065.1309333333334,0.2396935820636177,15.345936167971534,26.547790079824672,0.7928014759133555
1065.5891333333334,0.23929979321685496,15.337291241315887,26.50249855828863,0.8479584384929574
1066.0475999999999,0.23890606051316585,15.32997197235149,26.494898800098937,1.0436499136963235
1066.5062666666668,0.23833031923087086,15.311840427359058,26.319547043090314,1.0123670566475682
1066.9649,0.2379625296998902,15.302481891681008,26.22772378219364,0.6215679718673492
1067.4234333333332,0.2377438309403175,15.292144008544692,26.19248318857234,0.5030226745864741
1067.8817666666666,0.23748409657007646,15.288473688305128,26.23218509290015,0.8332965749762555
1068.3399666666667,0.23696203891680911,15.284141668703995,26.14731498689282,0.6287805549185879
1068.7981,0.23688416523140743,15.27430022635649,26.172320063673958,0.19159908196844277
1069.2561333333333,0.23675619331418893,15.268379447473569,26.177731660706534,0.3304372205922482
1069.7142000000001,0.23655258342226448,15.257664427104755,26.218830391377015,0.5735585961390823
1070.1724000000002,0.23619977321265853,15.244742305479361,26.13279805422082,0.4609904521693871
1070.6306,0.23609655694296763,15.232637844637589,26.120525431186454,0.11367728821442732
1071.0888333333332,0.2360622351730758,15.228096407796759,26.101931964860267,0.56486944449002
1071.546833333333,0.23554551481721722,15.21820771800952,26.00861003811774,0.653526564340362
1072.0050999999999,0.2354333268145084,15.212709154873615,26.03993421463095,0.27648517603024436
1072.4632333333332,0.2352646862891934,15.206437624915791,25.9631123972176,0.327560723968793
1072.9211666666667,0.23510727930068767,15.200123862466823,25.961759137743446,0.02323174361776678
1073.3789333333334,0.23522022605454548,15.191167298419433,26.04182098373966,0.05652129444225216
1073.8369000000002,0.23503383843641762,15.179027621638198,26.048730473869664,0.37298665906313666
1074.2950333333335,0.2348568974053028,15.159124368913572,26.056872906244163,0.5242853718045615
1074.7531333333336,0.2345359438357888,15.138688258555783,25.999904198529567,0.3803536376745391
1075.2112666666667,0.2344927208886844,15.125440776585029,26.02276202663237,0.4005558387195258
1075.6692666666668,0.23415882462127363,15.109091891296973,25.975149120263467,0.560210362700923
1076.1272333333336,0.2339723924248564,15.096176123642545,25.92177821475488,0.5359643233643417
1076.585366666667,0.23366071825245288,15.085030789434501,25.911349434896707,0.37799884499430314
1077.0435666666667,0.2336237047737745,15.073492510818019,25.86641949535374,0.22050563095489167
1077.5018333333333,0.23346103049774652,15.063663497686413,25.856264948187857,0.4176887715571946
1077.9600666666668,0.23324368874887386,15.061897586625728,25.8495218602554,0.5740870620337319
1078.4180666666668,0.23293848588103286,15.054817475592424,25.812326545360058,0.39400335671650283
1078.8761666666667,0.23288772488315126,15.038674514738853,25.836643423833205,0.31528887145350254
1079.3339666666668,0.232655062843108,15.026382768034189,25.80339455630374,0.24827093106571477
1079.7917000000002,0.23266954115179206,15.008490080347736,25.773579757020403,-0.021563496612668077
1080.2491666666667,0.23268820440854687,14.997585570639123,25.802299573954013,0.3105159257203496
1080.7068666666667,0.23239841196846964,14.987542842947919,25.779763786253646,0.6403317616699332
1081.1644666666668,0.23211210857679343,14.982962580700002,25.749364791495506,0.8877348928998442
1081.6221666666665,0.23159669639683836,14.968049146883253,25.670468660913624,0.538246911375136
1082.0798333333332,0.23163316204793377,14.95013001196751,25.717277081299507,0.3777147552838839
1082.5378333333335,0.23127358349432162,14.933244393415887,25.65930472699259,0.7133471640091752
1082.9960666666668,0.23101073901421548,14.914577285698849,25.665655282771887,0.8286569119948287
1083.4543333333334,0.23054835408717625,14.90765217366152,25.522541497658654,0.9234135375936497
1083.9127666666666,0.23019914301052138,14.894859413781342,25.480680167888767,0.7094228153975766
1084.371133333333,0.22992593564018013,14.889430636094996,25.45449633614701,0.6310875650752569
1084.8294999999998,0.22964694056332094,14.88368251980342,25.454219601392392,0.22497983742138425
1085.2878333333333,0.2297436736081006,14.887761922050133,25.513108350493567,0.37209076036850225
1085.7459333333331,0.2293226918901819,14.87157301638271,25.41413397725428,1.016556965809488
1086.2041000000002,0.22882614919645838,14.861238668024983,25.401946636476147,0.895950975851905
1086.6622333333332,0.22851541260895508,14.850967375491253,25.401153689725017,1.0966727418229962
1087.1203999999998,0.22783352009682767,14.842219950170426,25.28599764953809,1.0466225115572436
1087.5784333333334,0.2275692275749361,14.826492929620732,25.286552777027172,0.55531955311195
1088.0365,0.22733836950583056,14.815033831195683,25.297674733351556,0.3007731211960934
1088.4947,0.22730461794263282,14.807060767499815,25.341995425935902,0.711032633891557
1088.9528,0.22669916951682614,14.80145258698635,25.219354895079427,0.6307369099083348
1089.4111666666668,0.22674280086722035,14.792608842481007,25.308631728910672,0.19802593515953765
1089.869566666667,0.22653656854275034,14.789033974163758,25.335319505314597,0.4563239754559263
1090.3277666666668,0.22634380151709646,14.7826932777257,25.334099227891144,0.5292294919409586
1090.7857000000001,0.2260682766804286,14.769332965232287,25.401828571585707,0.6635529416236524
1091.2436333333335,0.2257491946345323,14.75053297679143,25.328750729234535,0.7427672832237254
1091.7017000000003,0.22540110219552925,14.737806428955189,25.33983713224825,0.6412836886601927
1092.1598000000004,0.2251739809110948,14.7217473155442,25.368177782594852,0.5369581570715377
1092.6179000000002,0.2249196207687778,14.717690082357763,25.35969196602678,0.3495990002351346
1093.0760000000002,0.2248605901748214,14.709362035898748,25.45881469192513,0.3397110224028388
1093.5338666666669,0.2246119865076387,14.70246886937908,25.499719367758622,0.47686961224146324
1093.9917333333333,0.22442551099649408,14.695755113044644,25.506266464213407,0.3085247104956343
1094.4494,0.22433359655341703,14.684762184295227,25.55969935025472,0.04804000499497585
1094.9071666666669,0.22439068687857483,14.667639623520829,25.654054344150722,-0.03730311739654114
1095.3648666666668,0.22438077006203908,14.656657992302472,25.715026424933644,-0.06315006347841297
1095.8228,0.22446917014848636,14.650563471210338,25.763027020215095,0.21473155762563398
1096.2807666666665,0.22420247925694495,14.645258111221297,25.703933272640175,0.4200029612155756
1096.7385333333332,0.22409410304942132,14.643574242975289,25.756356558864493,0.3718306198494151
1097.1962666666664,0.22387127451719352,14.625178667949807,25.78916241880156,-0.00954959490620232
1097.6539666666665,0.224124065791612,14.61902127864682,25.927386889613576,0.36649817983347627
1098.1118666666664,0.22356430051286433,14.605254903575556,25.863301050743157,1.1624538150396864
1098.5699333333332,0.22308731474898996,14.584342707320522,25.80204285274771,1.0635835508268547
1099.0282333333332,0.22262102572443387,14.56754512647631,25.72725678219971,1.1000642948763721
1099.486733333333,0.22210876979011526,14.556581313436377,25.6865715821067,0.792043461286577
1099.9450999999997,0.22191530182622066,14.548442664255889,25.677017427889282,0.5782786588382713
1100.4033999999995,0.22159703937896663,14.543209895920093,25.602563044196682,0.705992331166691
1100.8617999999997,0.2212846007732379,14.530954687099786,25.5462604812706,0.7166713763537983
1101.3202666666664,0.22095545486986615,14.528012120203991,25.491319680651088,0.630622306066546
1101.7787666666666,0.2207245722986185,14.520401554587279,25.452313244791192,0.746884953320215
1102.2371333333333,0.22029515881133827,14.511294985008647,25.39698574245982,0.3901729127705181
1102.6955666666668,0.22038863718518661,14.498805697116545,25.515026451573355,0.1239511775546652
1103.153833333333,0.2201927142780165,14.484094506317476,25.524336263610824,0.44595876491766145
1103.6120333333329,0.21998751221909468,14.466435509605716,25.512072904401798,0.5279275623873629
1104.0701999999997,0.21971807631492135,14.459148028731557,25.453440590873235,0.4887147432043029
1104.5284,0.2195488488636484,14.445293493490516,25.38545061819294,0.41847634223498587
1104.9866,0.21934328729058866,14.435661857798571,25.447557807119328,0.2865273941410424
1105.4446333333333,0.21929339436720746,14.419204618650648,25.42059563532197,0.3445558482382853
1105.9027666666668,0.21903218520879805,14.411846533647092,25.36662183391872,0.5745187416095745
1106.3609333333334,0.21877196792815767,14.392608923824389,25.317878844651272,0.4623256262545996
1106.8192,0.2186137529630254,14.378097513040784,25.293090325914022,0.3923059026355628
1107.2774,0.2184207883305484,14.363798995446734,25.246228964005383,0.7079281214924599
1107.7356,0.21797565667537214,14.351187718670335,25.1735464162531,0.6435568625701474
1108.1938666666665,0.2178445663583205,14.337295732487709,25.171515418415783,0.30900324866763196
1108.6522333333332,0.21770625115394743,14.328347449465152,25.176719783993015,0.38657813091768517
1109.1109333333332,0.21749678767450734,14.308994432246209,25.132813084542878,0.661506945025485
1109.5693999999999,0.2170929708957218,14.291201770123376,25.115503215143175,0.4534358375256666
1110.0277999999998,0.21707773260075086,14.27680326808809,25.202596632489954,0.397281303631697
1110.4860999999999,0.21673714002511427,14.264857363035922,25.077989483232408,0.42156285675524946
1110.944433333333,0.21669844031956112,14.257424552643066,25.07470094928985,0.36862113394423024
1111.4025666666666,0.21639620996037223,14.243880008018582,25.00680528896939,0.1316751407737868
1111.8607,0.21657449717487612,14.234724310871124,25.04477890015989,-0.12771662090177707
1112.3188,0.2165119479425194,14.219882695650986,25.04015783760851,0.2830532747054842
1112.7769333333335,0.21631039086615056,14.204154346539775,25.063002846881915,0.1928004087986518
1113.2350666666669,0.21633013978754959,14.190957211090721,25.120284472539428,0.19015678947847495
1113.6933333333334,0.21613813340601423,14.168413384437404,25.09943499114032,0.2923955394696375
1114.1516333333334,0.21606591045774412,14.158446305508749,25.126964254267072,-0.13385742099781078
1114.6097333333335,0.21626727720812736,14.140798412294773,25.22207198303435,-0.06761406344415917
1115.0678333333333,0.21613634033555784,14.120021317566609,25.29012221689115,0.6522587899180107
1115.5258999999999,0.21567422900405714,14.106771338495651,25.24544335359861,0.5960298153337097
1115.9839999999997,0.215583795451756,14.096411947808829,25.252917936242277,0.297381090702471
1116.4420666666667,0.21539254171606587,14.088349776012159,25.26010555083972,0.3948132138846235
1116.9002666666668,0.2152118295055779,14.087920050720838,25.21396300424262,0.4123348927944859
1117.3585333333333,0.21500417948052308,14.080308724353802,25.229643354116824,0.3870384423340302
1117.8167999999998,0.21484483988627373,14.065491296002623,25.319296152409663,0.5114662547876467
1118.2750333333333,0.21452348990074357,14.058338416792736,25.364024698696976,0.6826068847920834
1118.7333333333333,0.21420744334385206,14.047399293533566,25.392344355584566,0.3655235743965341
1119.1915999999999,0.21417053247465617,14.030185762109637,25.477241857344584,-0.01332343375382575
1119.6497666666667,0.21419971668065527,14.011897782669134,25.460939960283554,0.040277915527904044
1120.1076333333333,0.21411487099425514,14.003244855072298,25.57228421565502,0.5583101732339972
1120.5655333333334,0.21367123683928818,13.990486313092788,25.504442244738424,0.8321719126934717
1121.0235333333333,0.21333175496355317,13.97735001855498,25.53898983320246,0.340723691289289
1121.4814999999996,0.21333440123672887,13.965107510011117,25.681730854564847,0.2956467157477614
1121.9396333333332,0.21302937082970452,13.952469534645692,25.728464570750305,1.0335886080877967
1122.3978,0.2123526697095737,13.939839674799863,25.68221765087842,0.908732249361214
1122.8559333333333,0.21216712525988152,13.936553245754455,25.709076670912232,0.26673281407436544
1123.3140666666666,0.21208709733228806,13.92627619283926,25.756988140634242,0.772451103493149
1123.7719666666667,0.21143967622744894,13.920290016760305,25.679230444364677,0.9399565226767436
1124.2300666666665,0.21121013163567628,13.905622320733292,25.76467024568109,0.6651244432661213
1124.6881,0.21081864434906863,13.890750820520005,25.87414645747952,0.6982370771464972
1125.1461000000002,0.2105602472676637,13.87367096376839,26.006837933507757,0.7138676935304076
1125.6041666666667,0.21014905604711512,13.856219467386206,26.056453126980653,0.8264879794769985
1126.0619666666666,0.2097825193042806,13.847245542905409,26.120854986129867,0.8892523107033256
1126.5194999999999,0.2093152883999781,13.836309064689639,26.08702013830111,0.8533354822534477
1126.9768333333334,0.20898334061861162,13.819789031564556,26.09239135780142,0.7134236664804023
1127.4343333333334,0.20864347093887844,13.814116199105039,26.172725170665057,0.7961366500884497
1127.8918,0.2082363166566587,13.794805122552487,26.15230339486714,0.7161132185620377
1128.3491666666669,0.20796790082942937,13.780553562979676,26.186110859694914,0.8224955317449765
1128.8064333333334,0.20746230816085698,13.774801445532754,26.092070456597206,0.8747830812077425
1129.2637,0.20715266377488822,13.765312821222492,26.09209890524676,0.7946788814927117
1129.720933333333,0.20672470326212913,13.750642070513763,26.1334796655835,1.1950719167291282
1130.1781333333329,0.20605065481050489,13.738797491028473,26.046102460557815,1.349856903508634
1130.6354333333331,0.20548706406055098,13.728471344128614,26.079840389153524,0.9390234041592309
1131.0929333333331,0.2051885464741998,13.711700767799103,26.058029071791243,0.8039279711773964
1131.5505666666666,0.20474851558054988,13.700770016988377,25.9803859854405,1.0196144203769844
1132.0084,0.20425203190961116,13.697455009171973,25.986717253573616,0.7990916500884053
1132.4661,0.20401325623254232,13.69199845935178,25.946434548862925,1.0618781833161024
1132.9239333333333,0.2032826930869766,13.684443191160918,25.839855430603325,1.3302145140166113
1133.3816999999997,0.2028012345644229,13.681231279612732,25.88500085150418,1.1268750407261867
1133.8394666666663,0.2022561660748825,13.66820789121364,25.80217630012805,0.9967989592531766
1134.2970999999998,0.20189462227445007,13.654950272949014,25.829430475144246,0.9029925633485713
1134.7546666666665,0.20143718197012375,13.647785318098881,25.759907605551835,1.1087927777108766
1135.2125333333333,0.20089153000906343,13.639675536859091,25.6644998569179,1.2304065470669794
1135.6704,0.20032621469920278,13.633296629407337,25.59447773562483,0.558116368063617
1136.1282666666666,0.20040100317824835,13.618607894046605,25.62672880771558,0.5454451285985595
1136.5861,0.19984652238281345,13.603777563748462,25.574996274617412,1.2159989645967197
1137.0439,0.19929611097431454,13.588302363128166,25.498510563316167,1.0271086422640046
1137.5016999999998,0.19891267155791267,13.571004546758843,25.47897460058577,0.8723542968323542
1137.9593,0.19849480804810288,13.548212890023626,25.376133531473833,0.707430542491716
1138.4172333333336,0.1982521076632943,13.539584679850723,25.34715541474797,0.49363339922622695
1138.8754000000001,0.19803047635257506,13.532166997937516,25.237870489055073,0.526101545319239
1139.3335000000002,0.19776432744711842,13.523409728851178,25.25014887692202,0.4178990685027455
1139.7916666666667,0.19764093317088377,13.507994482746101,25.1800627614584,0.13567764322373446
1140.2498666666665,0.1976318075198455,13.49015819130644,25.26778305327649,0.21368777428078906
1140.7082666666665,0.19743610557973051,13.487570593162364,25.30691984754918,0.37784671457897223
1141.1665333333335,0.19727708942812971,13.468127057024224,25.240270640285736,0.44309621075005473
1141.6248000000003,0.1970227562965603,13.457144944215704,25.198240194917954,0.5599287613728069
1142.0830666666668,0.1967572863822764,13.44566585875617,25.236615559124427,0.2813571445243061
1142.5414,0.1967568440472471,13.424870206417424,25.273499175733704,0.19044976007981948
1142.9995333333334,0.19656962455736657,13.409418360821206,25.290097181074167,0.3957490654440251
1143.4577,0.19638057259691702,13.39330614822313,25.25362979851425,0.2278620566507378
1143.9158666666667,0.19634560142594615,13.3727644743499,25.255754250667998,0.3219880698847239
1144.374,0.19606196293126937,13.346399728753829,25.179767042490976,0.5001631712088443
1144.8319333333334,0.19585837423287925,13.331906862514645,25.148888974625365,0.15602596712688832
1145.2899999999997,0.19589135724367784,13.31894653108366,25.228719195462254,0.005970181991381763
1145.7478666666666,0.1958313055006057,13.2906756262468,25.226503365433658,0.02228614927114733
1146.2057666666667,0.19585278338070466,13.26923983401356,25.30129173086571,-0.08817004991468116
1146.6638,0.1958921947197988,13.26338188883371,25.32048154911659,-0.044543786767724775
1147.1219666666666,0.19587432814605354,13.241875208558156,25.391441067046205,-0.02447728344269306
1147.5802,0.19589605648589167,13.228468992454536,25.384547309013005,-0.018581858709254526
1148.0384333333334,0.19587192643877865,13.224570504520953,25.40099944210498,-0.11691110031287387
1148.4969333333331,0.19598359758118047,13.21020518301703,25.53742343229936,-0.22289835250495302
1148.9551666666669,0.19605402208773978,13.191589348773272,25.533682363845596,0.15766904603950857
1149.4131333333335,0.1958201647790103,13.169747301560564,25.51615210905775,0.7084408344531852
1149.8711333333335,0.195395351732237,13.152426469750296,25.46806698648875,0.5614738161009076
1150.3291000000002,0.19529893335267812,13.131867639673581,25.475138400292007,0.1430438252388413
1150.7871333333335,0.19526363364227506,13.11906612056036,25.4637626692493,-0.16912708444923774
1151.2453333333335,0.19545062627766516,13.109526023071302,25.575334053124514,0.1302193612348947
1151.7035333333336,0.1951451176374035,13.10168836398988,25.583067209180335,0.6829950243017802
1152.1614666666671,0.1948330992023389,13.085358513563556,25.49752224731984,0.8115197464522023
1152.6193000000003,0.19440847041956522,13.064292832234754,25.466290224944053,0.7847238577236125
1153.077166666667,0.19411943205921067,13.05026080718334,25.396009633774774,0.7953358147511708
1153.5350333333336,0.19368895966444427,13.042653587330173,25.362574562839587,0.6164164402230351
1153.9931333333334,0.1935691638906576,13.025499649619519,25.34983837323238,0.6535780426182377
1154.451266666667,0.1931046389059577,13.012950294216992,25.30500707454831,0.821771803706319
1154.9094,0.19282615085413074,13.009324552289502,25.270546490069314,0.638367266237284
1155.367733333333,0.19252767392806688,12.997428734129826,25.320610862209872,0.8658273441746317
1155.8261333333332,0.1920418088403885,12.988386125187782,25.262517828697387,0.9648036045789851
1156.2846666666665,0.19165603415003443,12.979677764418035,25.304702394111843,0.7349385965121746
1156.7434666666666,0.19138020449799883,12.966610962570545,25.302273844863162,0.7710603668136861
1157.2025,0.1909598873004662,12.957700870965882,25.247316767011483,0.9353568985729338
1157.6616666666666,0.19053226672153228,12.943543667033198,25.33089994705842,0.7152570934499972
1158.1205666666665,0.19031799509629144,12.935925043174894,25.321427268815793,0.7141257044777682
1158.5797333333333,0.1898914370763786,12.926292821377759,25.325184124526253,1.164216803165748
1159.0387,0.1892613306469384,12.919594191128136,25.212810452646124,0.9899879095028171
1159.4979333333335,0.18899276017164332,12.908195519045233,25.186122152439506,0.9835127415964149
1159.9570666666668,0.1883740628962796,12.895260709298789,25.086515676306615,1.3741101239070026
1160.4161000000001,0.18775195663365066,12.879163428226187,25.010749480061587,1.3577363721087317
1160.8753000000002,0.18715154805186737,12.876390449567008,24.87599007630401,1.1432899468187603
1161.3345000000002,0.18672670049184065,12.867144578856275,24.890751497538943,0.7507341711460466
1161.7939666666666,0.18648826862786602,12.850054294939644,24.9086311514963,0.6484779075226859
1162.2531999999999,0.18616042736876331,12.839107965881867,24.89116168832448,1.0463996815886076
1162.7124333333331,0.1855592484259887,12.828806546317784,24.884410990910823,0.7726244790030941
1163.1716333333334,0.18547983432510995,12.826405736616,24.908344607195936,0.5550318367057985
1163.6306666666667,0.18506426337280182,12.812584261543131,24.851666300421076,0.8269514715764498
1164.0897333333335,0.18473246291285084,12.80963046214659,24.85407996449432,1.2093277120903383
1164.5488333333333,0.1839698032282575,12.802137207512034,24.81406543252474,1.4033970404911222
1165.0077666666666,0.18345890673054388,12.78925353068877,24.695381896015732,1.0080682972257087
1165.4668,0.18305364750042966,12.784569458173102,24.691647408425123,1.0320842362042764
1165.9260333333332,0.1825173939434916,12.774443642955477,24.60204528885167,1.167194086436496
1166.3854000000001,0.1819881009500693,12.774769972407286,24.545040397668952,0.986792802390433
1166.8445333333332,0.18161895800337968,12.76275953836123,24.559785192429832,0.809278783171726
1167.3037666666667,0.18125430362263592,12.753129694456238,24.572101785746813,1.092905087408873
1167.7627333333332,0.18062149966655786,12.751904382584947,24.502179920418623,0.8730842697151714
1168.2216666666666,0.18045942312936056,12.733168582150672,24.45505154100268,0.6641330097799094
1168.6806666666666,0.1800234403269842,12.7214340668261,24.4208493066812,0.88909513342465
1169.1395666666667,0.17965586044916948,12.704106913931469,24.381231627675028,0.7490834888882656
1169.5984333333333,0.1793484247980623,12.694464257646707,24.33280435156334,0.7914613899415789
1170.0570666666667,0.17894233182793018,12.680597620419606,24.245685405861092,0.6389934631114768
1170.5154333333332,0.17877477618751397,12.665254017235497,24.23963046868567,0.4062308668359947
1170.9736333333335,0.17858108568344572,12.656633593702791,24.244983954565125,0.5191004611465885
1171.4318666666668,0.17831272187090813,12.647660880473422,24.15351563315949,0.5667319907250102
1171.8900666666668,0.17807448614707372,12.636666463133887,24.144643276307526,0.5631725802757503
1172.3482000000004,0.1778089401826452,12.625175054419623,24.093384149755636,0.3533933296573283
1172.806266666667,0.17776007840204838,12.605380886741086,24.188230971443218,0.5356985517684886
1173.2640666666668,0.17732390065908518,12.590852211268672,24.10548297031194,0.9091192084813321
1173.7219333333333,0.17692790594428862,12.5830969388625,24.07519327281754,0.701145358874471
1174.1797333333334,0.17668123090983623,12.569558214153398,24.06584002986749,0.5558003407870631
1174.6373666666664,0.17641629444843382,12.553083283255951,24.098606196918407,0.6333146609793496
1175.0949666666663,0.1760974406103528,12.54379971079717,24.10137530912574,0.9714414325734044
1175.5523999999996,0.17552014498269267,12.532071441522248,24.00782261453189,1.0407841966249134
1176.0097999999998,0.17513152858282482,12.516136034091058,23.94681571318056,0.4184426230623622
1176.4672333333333,0.17512047552203774,12.505308745921031,24.000543991331416,0.42371850520185234
1176.925,0.17471966601673583,12.484345903542746,23.99764882072051,0.6666621812235263
1177.3826333333332,0.17447921070234113,12.48085058113072,24.038751287316913,0.7935968600138621
1177.840233333333,0.1739559546922432,12.474384939386699,23.966996381616788,0.6078232647468208
1178.2976999999996,0.1738774695315486,12.46103024882993,24.00929371518746,0.6034010783649078
1178.7551666666664,0.17336050483431656,12.45151163201986,23.92030370787561,0.5678424350278479
1179.2128666666663,0.17332826680685806,12.442239321556903,23.965689136975534,0.33981503028461624
1179.6703333333332,0.17303516720986253,12.424361893858,23.985492296483915,0.6448916871183198
1180.1276333333333,0.17272787238629989,12.404428391657026,23.982488446588743,0.48586630000076547
1180.5849,0.172577757714028,12.389433792710856,23.940322683213132,0.19953127493265158
1181.0420333333334,0.17253047174088637,12.36822035977184,23.996956938778656,0.2556545851560833
1181.4991666666665,0.17232816803989262,12.359761578761017,23.97426986229632,0.4031344073397398
1181.956333333333,0.17214853453343693,12.344289879681941,24.015730919899873,0.33203402506576646
1182.4134333333332,0.1720120493437083,12.329499204768771,24.01446214146214,0.1890283661905653
1182.8704999999998,0.17196340803683194,12.315308260418634,24.056955385390083,0.33104010523772415
1183.3276333333333,0.17169832618699166,12.296341356636448,24.023565388782675,0.2259118850179106
1183.7850666666668,0.17175232525027742,12.281118937505921,24.12220563375524,0.29558029199707625
1184.2425666666668,0.1714280262514927,12.276673473428803,24.153142175167606,0.6028637301002329
1184.7001,0.1712024629474376,12.258265275791022,24.19740163469878,0.6664212131013767
1185.1576333333333,0.17081933163697924,12.242844083094976,24.229469830274155,0.5396787005874961
1185.6153,0.17071025995910744,12.224024898290148,24.310961783717786,0.47536252633680964
1186.0730333333333,0.1703807480188696,12.21070536717042,24.388124339592117,0.8261319339930896
1186.531,0.16994992835610015,12.195121004591282,24.269102312989233,0.7526648938210818
1186.9890666666668,0.16968839640364297,12.180671965242801,24.24966323761139,0.5209643921557066
1187.4474000000002,0.1694665959689516,12.167221202559306,24.30120992325147,0.32267905007572845
1187.9059333333335,0.16938700146727836,12.150189714689848,24.393129886160718,0.2976924043056707
1188.3643333333334,0.16919236704977295,12.133004665390127,24.402544568186904,0.2000164204929182
1188.8228666666669,0.16920375807681698,12.112489122485803,24.41468157483425,0.06128044278655061
1189.2814,0.16913783010921574,12.09280916675813,24.459393395981497,0.6154911015698418
1189.740033333333,0.1686444758518199,12.081123096405928,24.367072868928037,0.9707427557668558
1190.1988666666664,0.16826015394674546,12.059274527918404,24.309027938488153,0.5376026767345996
1190.6573666666663,0.16817388711516512,12.053076068599145,24.31089158507043,0.34588521710243064
1191.1158999999996,0.16797349063368425,12.034699801189332,24.274578906482194,0.13118803577301472
1191.574433333333,0.16809023439808907,12.015673340214738,24.28660681262555,0.0439997867527472
1192.0332333333329,0.16797652632668986,12.003141231914153,24.27597636534217,0.08812653511092078
1192.4920999999997,0.16805317298648054,11.989213889310069,24.402434567564622,0.2795659498269708
1192.9507666666664,0.1677522708561508,11.970112119355306,24.335057873415533,0.17553265520518765
1193.4097333333334,0.1679115671101742,11.965317944702274,24.38984618124642,-0.11338522908747149
1193.8687000000002,0.1678725639203097,11.952234516279054,24.461399931217166,0.581923712467051
1194.3277000000003,0.16739790012024824,11.941409262403992,24.413681853877083,0.7077803479494917
1194.7867333333336,0.16724337962476676,11.937365677448273,24.412408722722905,0.4813373911755087
1195.246,0.16696505604568887,11.919935654237529,24.420931458958336,0.4469840964794607
1195.7050333333334,0.1668304898991574,11.917316425315649,24.387642425006838,0.5296331955788739
1196.1642333333334,0.1664673578587828,11.901453635946263,24.42243297670084,0.6538632512497715
1196.6236,0.1662171184014277,11.887794709447837,24.369144114295143,0.5179798742918408
1197.0829999999999,0.16598130126878086,11.873519060424174,24.35255375403703,0.8275628120944752
1197.542333333333,0.1654406099761119,11.868139288434335,24.21841735130739,0.6484226890084727
1198.0017999999998,0.1653660918988008,11.844920197327205,24.197534985689565,0.20259151935717123
1198.4611666666665,0.16523984794344188,11.83956307988119,24.19248242152763,0.19486428105606363
1198.9204333333332,0.16517363065288906,11.828719033254728,24.168427213087575,0.6373251890327974
1199.3796333333332,0.16464376268514633,11.817970744069521,24.094434932854885,0.22574117036462202
1199.8385333333335,0.16496071652007713,11.806171971467297,24.1726761108464,0.039447198266170845
1200.2974666666669,0.16458706192760153,11.800797605153742,24.233127773656715,0.6529250509974142
1200.7565666666667,0.16433544916581022,11.790619721353783,24.23735257600017,0.300789754645488
1201.2153666666668,0.1642857153507887,11.774523506489292,24.264820148827624,0.523560939683601
1201.6741000000002,0.1638248059550791,11.762589739560351,24.135963759981514,0.6788394544010699
1202.1328666666668,0.16362369109011252,11.74721031086518,24.116770617635186,0.5102884117739293
1202.5916000000002,0.16331365940709416,11.738744047887371,24.11193964708534,0.5367965831090246
1203.0503000000003,0.1630873994847291,11.724812473465029,24.06786824971287,0.06281525939379552
1203.5092000000002,0.1632124132284354,11.709334596306029,24.169130423720162,-0.16437404245507328
1203.9680000000003,0.16318955601468804,11.69580621484229,24.251107303989066,0.2048526417018239
1204.4270333333336,0.16297176038748762,11.681297149336618,24.19314998364099,0.5692606602671986
1204.8863333333336,0.1626130611676175,11.670754133395551,24.15656580349702,0.7574822717750525
1205.3456,0.16222062953853378,11.657543200421859,24.174641117760732,0.6757374802558771
1205.8049333333333,0.16193817710414188,11.65251924711791,24.146845480780815,0.3919319796270582
1206.2642,0.16180585914883686,11.632275829171082,24.18699361179125,0.33623805866684336
1206.723433333333,0.16157344495111411,11.62314160542629,24.26016770802754,0.5741642454294176
1207.1824666666664,0.1612219355759378,11.609638783553153,24.251691559524442,0.48412813847872777
1207.6413666666663,0.16106948726635906,11.59584789729501,24.20634421446939,-0.0845426255283877
1208.100233333333,0.1612369826977479,11.583842218857658,24.265588641743342,0.29820059535311244
1208.5591333333332,0.16073665226741846,11.564187978658948,24.20823388440238,0.6923147112019458
1209.0177999999999,0.1605551926225959,11.548199135920303,24.217359383026963,0.4326925235970834
1209.4765333333332,0.16030043461086865,11.53690329099044,24.27755558106749,0.3360031483886989
1209.9349666666667,0.1602162894839033,11.519177084193412,24.264750482733767,0.38845877380788413
1210.3932,0.15991607495811097,11.516264986812248,24.289458172021355,0.5348173675541632
1210.8513666666665,0.15969489996151093,11.515324917953835,24.304128272305043,0.03522978878394335
1211.3093666666668,0.1598533014903376,11.500679132389353,24.42388599121425,0.3441712409353461
1211.7671666666668,0.15934872687688434,11.492599892170546,24.365281473799666,0.8623867418396604
1212.2249666666667,0.15902746290449157,11.474568759662372,24.341900277933462,0.5880856587325279
1212.6827333333333,0.15877320718532872,11.460539164540437,24.314433399231074,0.2897222883655088
1213.1405666666667,0.15872500670914333,11.45668882515762,24.349218554886328,0.5537385711360191
1213.5984666666666,0.1582322955863959,11.4421360537162,24.31097719033036,0.6944022668855354
1214.0563333333334,0.15807036943534353,11.424168036101365,24.23097839891594,0.22378640793937118
1214.5140333333334,0.1580097260869616,11.407853716829226,24.32094631640516,0.42724791928010397
1214.9719,0.15765990548198788,11.389246335898209,24.24534087714676,0.397359253998018
1215.4298666666666,0.15763295370947678,11.389311333154751,24.345510764109644,0.4550401626058641
1215.8877666666665,0.15724044043206672,11.389814487669259,24.306507833437255,1.0177791534417344
1216.3455333333334,0.1567011176874252,11.377269410498142,24.20958127067611,0.9367078548361903
1216.8033333333333,0.15638331827234858,11.366733147962233,24.197575036298506,0.814239606810039
1217.2610666666667,0.1559534900454072,11.359754144480451,24.11359001855551,0.9146293738517083
1217.7187000000001,0.1555415068626551,11.353264206488838,24.020927053570542,0.8592622282094722
1218.1761,0.15516499055265,11.335904601180863,24.044392059982844,0.6368395757462342
1218.6332666666665,0.15496047172234312,11.32200955620071,24.048652288695905,0.23754658969290696
1219.0905666666665,0.15495540177017178,11.31947731188807,24.10330045865895,0.18808665239369582
1219.5475333333331,0.15480146631953917,11.30413881236642,24.096455240212403,0.31702178798722064
1220.0044999999998,0.15467845529528357,11.29875515524124,24.067549635047197,0.17949292482594045
1220.4614666666664,0.15465022503176118,11.278629743565327,24.070693909505117,0.22972737117937334
1220.9183,0.1544830204462553,11.274824851895936,24.056611594615735,0.5411800795643017
1221.3751666666667,0.15417239210282743,11.269295000333681,24.05813931575696,0.7056250565076916
1221.8321666666666,0.15385684816807665,11.253437986987572,24.072200774901965,0.5413163112421293
1222.2894,0.15369585974385916,11.248963176876659,24.070549817482654,0.45671820929752044
1222.746633333333,0.15345718794530414,11.233561333359459,24.026865044105797,0.7034031899069778
1223.2038666666663,0.1530709183418992,11.212759521607257,23.910591191723086,0.8039749541003839
1223.6611999999998,0.1527397632893594,11.207983607591222,23.884010396035254,0.6755600320319827
1224.1185999999998,0.1524706389640093,11.190619482515485,23.846764005135405,0.4549188493101938
1224.5762666666665,0.15234148754830543,11.16806828199369,23.882169186593067,0.8235909296285029
1225.0340333333331,0.15173437126325143,11.156732272856297,23.739238967565367,0.6150838281129787
1225.4918333333333,0.15179131771603746,11.143666572573371,23.830243836456003,0.5611533986766531
1225.9496000000001,0.1512371445750536,11.12873841528001,23.723893444635642,0.9480219111573698
1226.4075,0.15094724074080448,11.115985771385809,23.680112256344483,0.6552760052043128
1226.8655666666666,0.1506618945921929,11.093152823468102,23.63102215087538,0.5991750804979414
1227.3235666666667,0.1504243687199489,11.085267314186483,23.585133201036687,0.4777200585011143
1227.7813666666664,0.1502548700494806,11.080450783773035,23.622755675046164,0.6476206823895697
1228.2393,0.14986875162127986,11.075374612863586,23.499001266127486,0.5877535386248821
1228.697333333333,0.14975677438550394,11.070616439669601,23.533594510080547,0.47168577939929013
1229.1552666666666,0.1494761896884161,11.05330885665919,23.477082493561692,0.5226319533965713
1229.6134333333332,0.14931168471326364,11.037527982144157,23.4212104143682,0.37808789098787154
1230.0717333333334,0.14916160084251595,11.020961808939697,23.43004367958096,0.6007759110700783
1230.5302000000001,0.14879078662654838,11.007664490363647,23.366198772372297,0.7163162026530863
1230.9884333333337,0.14853310966415648,10.993188260959364,23.347624974986527,0.7334175087873274
1231.4467000000002,0.14814750658760875,11.000856979418918,23.3240296143814,0.8792449187791522
1231.905,0.1477562140521897,10.990086980756963,23.26410707808173,0.6344831431570007
1232.3632666666665,0.14759261667794396,10.987728960930328,23.267589055728692,0.8275827733665568
1232.8214999999998,0.14701234251824302,10.970404172384859,23.14717326933998,1.1100864134556254
1233.2797999999998,0.14657884414971162,10.962238648179998,23.090702800118656,0.9121549016974677
1233.7382666666665,0.14618055582377237,10.948711788058228,23.002180242087135,1.0079369238450429
1234.1968333333332,0.14566043277506127,10.938747267660359,22.869751196662847,0.9020201653510419
1234.6554666666666,0.1453553566351172,10.91819997584157,22.851477664743964,0.523386425219097
1235.1143333333334,0.1451801896608669,10.901597968095789,22.832576529133558,0.5145899293823097
1235.5732000000003,0.1448825727817336,10.89592724867467,22.78692707719254,0.6760709341597385
1236.031966666667,0.14456005101637817,10.881804497574333,22.712524840397208,0.7307012252581744
1236.490966666667,0.14421133902810088,10.872733604363258,22.68075952350175,0.6380545271546977
1236.9502000000002,0.14397406593006995,10.865399437185825,22.684498119265427,0.7046694469550022
1237.4096000000004,0.1435640848019691,10.854921483513394,22.60505753646685,0.7069005048636825
1237.8689333333336,0.14331949195812563,10.840400360387635,22.59177365135612,0.43457682589797464
1238.3279666666667,0.14315637754455246,10.839265136249727,22.616494648566096,0.36500467224662353
1238.7868666666668,0.14297404114799658,10.827742932629532,22.603403083803304,0.7704854888868565
1239.2458333333334,0.14244450345237517,10.82847377670851,22.443568180340655,0.4149389255016134
1239.7048666666667,0.14258252819148898,10.82365992221193,22.52798683373036,0.2413797729344636
1240.1638666666668,0.14220382226367706,10.821327430656345,22.43962243365218,0.8497913326334465
1240.6226000000001,0.14178170482913618,10.830508831023408,22.331435931687,1.2060585814220972
1241.0814000000003,0.14107501569733313,10.816964073542822,22.14434275490716,1.0392383570976116
1241.5402666666666,0.1408064675313934,10.814491224032006,22.06778114115321,0.41160233361960485
1241.9990666666667,0.1406727295517805,10.803281241660393,22.084112820226675,0.3549080775943041
1242.4576333333334,0.14045574335610345,10.796201677388,22.025392237909333,0.5816923416665529
1242.9161,0.1401125281421849,10.795038255490057,21.958088085359595,0.7426693831315647
1243.3744666666666,0.1397485639562416,10.780504474058388,21.937620806522812,0.642958603520475
1243.8328333333332,0.13949707202152564,10.769873384178643,21.866076463602003,0.3433809134274648
1244.2910666666664,0.13940897967021484,10.773706731054293,21.900114242203916,0.5453129864990868
1244.7492999999997,0.13897999406642372,10.767828894758063,21.85058560334856,0.6721405302502788
1245.2075666666665,0.13878106034513457,10.74323760427541,21.822899809570256,0.31673265491147795
1245.6658666666665,0.1386771288461313,10.734120653529844,21.782621483213056,0.3387688075452617
1246.1242999999997,0.13846002209247896,10.715963916500822,21.767782376605233,0.04618716529642048
1246.5826333333332,0.13863348555491323,10.69900207222955,21.8304328785399,-0.03147510839996802
1247.041,0.1384949165686095,10.688725761800224,21.834200682165577,0.6830134514013375
1247.4995999999999,0.1380107430333466,10.675897783717993,21.722622835758308,0.8511576497015394
1247.9583333333333,0.13771427521323615,10.662814762078488,21.701275257871472,0.41204101882047406
1248.4173000000003,0.13763685874904377,10.653011745759683,21.69402247687465,0.38100959066126316
1248.8762000000002,0.13737106377994843,10.638932256703303,21.659281388587043,0.6011510236018185
1249.3349333333333,0.13708986433511128,10.63104369484684,21.589019924324447,0.24962642766229465
1249.793533333333,0.13714634637163395,10.620436639440696,21.70024119620084,-0.019246196680604746
1250.2518999999998,0.13711306396542117,10.60691244625506,21.716846021741876,0.42093542531613237
1250.7101999999998,0.13676444752719102,10.589292753943718,21.6338055429136,0.35090217284431874
1251.1682666666663,0.1367899476023094,10.583829588910678,21.652198981521906,0.22351408818450574
1251.6262666666664,0.1365635327114814,10.577895727491267,21.590822273641347,0.7346328021317804
1252.0844666666667,0.13612281347532046,10.579718707385501,21.439649489928236,0.627218000007556
1252.5426666666665,0.13599428585628437,10.56794052905121,21.41682263846469,0.36154750790593687
1253.0006999999996,0.13579604352901306,10.54533713953404,21.43491503982753,0.5082748452748921
1253.4586666666664,0.13553422608892118,10.546360712642953,21.372552756280836,0.3403110276594855
1253.9164999999998,0.13549069707461767,10.542734548904246,21.425149484452668,0.23369109404268637
1254.3743999999997,0.13532874815085527,10.519901501040364,21.433519164279808,-0.010736900278177955
1254.8322999999998,0.13550955120652744,10.516816483470171,21.526831571357633,-0.2600806783317079
1255.2901666666664,0.13557460348397457,10.498187981696852,21.6285044023669,0.042083871022950275
1255.747833333333,0.1354789172406872,10.487159407086448,21.658257137039236,0.5374100614199074
1256.2055666666663,0.13508883116743092,10.475479383932923,21.60531911277371,0.3084393768222561
1256.6632333333332,0.13520074374874902,10.449778793535142,21.700703542269363,-0.12051222379128856
1257.120533333333,0.1352103345301444,10.437708567267563,21.758583329868777,0.15086072532147315
1257.5785333333333,0.13507493366183784,10.443890228178745,21.803428462346915,0.49289125681997
1258.0363666666667,0.1347678769716079,10.42591688659439,21.718002622568765,0.16289581069027048
1258.4944,0.13493352461496225,10.41355350727451,21.761221256381628,-0.07210501011837094
1258.9524666666666,0.1348380312022214,10.408320632652908,21.731297978054375,0.3603819993240351
1259.4105,0.1346082817869916,10.397323350579406,21.70070043768796,0.5601403108734471
1259.8685999999998,0.13433234481498676,10.387479499159882,21.629807707992526,1.0089132986515548
1260.3265999999996,0.13369278885381208,10.394268071727303,21.49932012964987,0.8170442090714992
1260.7846333333332,0.13359084241156366,10.39583164789691,21.475966020265908,0.21333100705945396
1261.2424,0.13350576457736166,10.390815316448517,21.4919089328231,0.2448446371726005
1261.7000000000003,0.13337842043010148,10.398960863798484,21.468331140904457,0.41317768503005275
1262.1563000000003,0.13312104221641746,10.396099004783238,21.436248031672594,0.3222713599755859
1262.6141000000002,0.1330618614857314,10.387114725417852,21.413791191304284,0.2612114073856831
1263.0719333333334,0.13287863291525334,10.384695060359814,21.408528653516075,0.631153615831712
1263.5296999999998,0.1324811686181485,10.370644661239416,21.297476628608287,0.6539573093161023
1263.9874666666665,0.13227599925978528,10.364637157224514,21.26173027002402,0.27070375125614465
1264.4451333333334,0.13223002868084682,10.376356213717596,21.300771504200256,0.3580123336023907
1264.9030333333335,0.13195021999223702,10.356123372180054,21.30666653248114,0.665313140432166
1265.3612666666668,0.13162071572245804,10.346402465170389,21.28624238741046,0.36010658666069717
1265.8194333333333,0.13161661642685762,10.336740068958585,21.30063248635519,0.284427937614815
1266.2776666666666,0.13135791668104224,10.340611063341886,21.308549271198725,0.408712661512768
1266.7361333333333,0.13124030044385046,10.34698356431069,21.292289505031484,0.5391444377439486
1267.194633333333,0.1308641391283028,10.330633275647003,21.199065427737985,0.6499903596257669
1267.653333333333,0.13064739658427776,10.30281364061727,21.165105707465766,0.3759818206176976
1268.112233333333,0.1305223982931367,10.30386340369411,21.166163084092144,0.5233123432695233
1268.5710666666662,0.1301730988253657,10.288169664965078,21.102465817239484,1.0399751698415713
1269.0299666666663,0.1295752407827247,10.26912286174133,20.93340572376188,0.9448622209372438
1269.4889666666663,0.12931049157148916,10.26643063722879,20.87459671638497,0.2632056331301298
1269.947933333333,0.12933696222270177,10.2756320899407,20.91244742553087,0.5385866609796567
1270.406833333333,0.12882532132156094,10.273154405427244,20.743158493314233,0.8240457324355912
1270.866033333333,0.12858565983819234,10.269420124779824,20.694577992128306,0.5428224482398336
1271.3244999999997,0.12832904342859464,10.251353531319547,20.645991146491713,0.49425546555569166
1271.7829666666667,0.12813684985697224,10.26316165944805,20.621260099542837,0.5186781946382392
1272.2413999999999,0.1278555515802526,10.252780382810766,20.55343940717974,0.661614804094484
1272.6999333333333,0.12753002935143043,10.237561613600944,20.48620522350679,0.4737823949640679
1273.1585333333337,0.12741743550984808,10.223788602813267,20.502433316952246,0.2432611463522929
1273.6170000000002,0.12729910071910902,10.228709082954826,20.46975849803762,0.22904863073213938
1274.0755666666666,0.12719525889755012,10.208962847716554,20.432986170725776,0.39232211436989317
1274.5340999999999,0.12692444576530068,10.176875261277592,20.46197308377458,0.5359145200491499
1274.9927999999998,0.12668593060609123,10.183301182487124,20.43990416701303,0.6696875085829922
1275.4513999999997,0.12629216594980472,10.162345017785665,20.379053274186592,0.7025294058113655
1275.911333333333,0.1260467028773233,10.147995343576286,20.38558367143627,0.5792138011039485
1276.3695666666665,0.125783953363778,10.141622060764389,20.406954840146383,0.3155687471483796
1276.8280333333332,0.12576412966569425,10.125306344800785,20.450487229714934,0.25017815352814937
1277.2866,0.12556303836686925,10.119689385802433,20.42056546783934,0.4993468865255943
1277.7452666666666,0.12531592564250194,10.10803117927156,20.391324493967947,0.7459860327278819
1278.2040666666667,0.12488573968349938,10.094837887871478,20.297527783961574,0.5590891488811801
1278.6625666666664,0.12479915484764863,10.082770077898383,20.26235327646007,0.01391065937188195
1279.1209999999999,0.12486521059970884,10.096103510456114,20.27254135241598,0.07520510272013868
1279.5793333333331,0.12472633956209073,10.080996954304249,20.298713082619972,0.16737530368223283
1280.0375999999997,0.12470781711074853,10.069792494137044,20.301042011794095,0.1426837482250711
1280.4956666666665,0.12459096402270677,10.043582177816925,20.25493492703667,0.20154415527294475
1280.9537666666665,0.12451646887185004,10.03845459994562,20.256834797040536,0.35548875856830875
1281.4116999999999,0.12425679102641905,10.039193691080607,20.214578706105364,0.23350317151184663
1281.869333333333,0.12429033705005699,10.030055857803768,20.24847052080569,-0.10541109825525412
1282.3270999999997,0.12433347732180718,10.02471831910018,20.289394587301306,-0.11370273457390469
1282.7849333333331,0.12437332692541553,10.015682512619312,20.31262497460755,0.13173053215712008
1283.2429666666665,0.12419383347176008,10.010897466043469,20.30694380543251,0.6380495900922097
1283.7009666666663,0.12377450370980134,9.988879717796115,20.20003333260126,0.6179971158572065
1284.1589666666664,0.12361076788120631,9.97107132204403,20.19531917332955,0.3126030821383561
1284.6169666666667,0.12346831406763849,9.96937935661368,20.14844691625898,0.10919103121863945
1285.0750666666665,0.12349119671171477,9.964858372432278,20.142325558063888,-0.1005162235678874
1285.533233333333,0.12354162738816193,9.932747744644853,20.214273414482108,0.29631491267851323
1285.9913000000001,0.12320114604549345,9.924997761908056,20.122197458785745,0.4177869569201942
1286.4491666666668,0.12314232966584517,9.9180126180717,20.146629311629564,0.10606429094358279
1286.9071333333334,0.12308825575273688,9.937748806764054,20.114239787381404,-0.04798860562419355
1287.3652666666667,0.12317357653195471,9.914773969201827,20.221035491017002,-0.03882123989388108
1287.8232,0.12312260373520915,9.919167286591657,20.249699899903547,0.11961775451820918
1288.2812000000004,0.12307014340241076,9.935593602770018,20.179578482519318,-0.07529168294567504
1288.7391333333335,0.12320215045616102,9.897029458130204,20.262779220306083,-0.2736633781390981
1289.1970333333334,0.12333529181597835,9.888199520964585,20.304002898735696,0.037305842785919925
1289.6548333333333,0.12317636029708645,9.882872441261378,20.24964725355362,0.2830973255890125
1290.1127999999999,0.12307894040610744,9.8750572826046,20.242417970401476,0.4407865459688341
1290.5705333333333,0.12277709275121677,9.859436800706169,20.188990017944704,0.3336268379773054
1291.0283333333334,0.12277809464980578,9.861478693240164,20.224211988195783,0.07461011424302193
1291.4862666666668,0.12271174448431468,9.857911352705187,20.235479330810946,0.03315530030928585
1291.9439666666667,0.12275436092274027,9.841789844507732,20.257579670978238,0.1044159492244768
1292.4016666666666,0.12263221176577782,9.845932704625154,20.252166972965536,0.5511392427457015
1292.8594000000003,0.12226343298010202,9.815845506928078,20.20122704770697,0.6934975156420233
1293.317166666667,0.12200520294090099,9.791672361735218,20.134121179097992,0.4972897450640001
1293.7751666666668,0.12181490389381353,9.786542239422529,20.10806400079073,0.5646974143055123
1294.2334333333333,0.12149279606148149,9.783711740306407,20.095078735356303,0.2473517703137223
1294.6917666666668,0.1215895644198223,9.768322788112176,20.189638189663196,-0.19801491007438807
1295.1501333333335,0.12167693047596614,9.761397559568282,20.2367048884638,0.2498882639007188
1295.608766666667,0.12136643262184812,9.768912528701122,20.18730686792678,0.4971346734067128
1296.0672666666667,0.12123038382471042,9.768237437651626,20.21001325600129,0.33644153321888043
1296.5257666666664,0.12106468292509664,9.77730632273086,20.223591986404088,0.5170049313335682
1296.9841000000001,0.12076137321989065,9.755788126085323,20.146700119610486,0.25072929841666136
1297.4424333333334,0.12083446423645758,9.73691144353437,20.216418620301894,-0.1010519358271585
1297.9008,0.12085294038285606,9.731054749842432,20.246794883684576,0.23944230067331218
1298.3594,0.12061305572234035,9.732797434639162,20.22722530085287,0.7257452458263305
1298.8181333333334,0.12018369084287969,9.712174810326912,20.15346084045709,0.7337838318004294
1299.2768666666668,0.11993002308794991,9.715627233825604,20.084264347915152,0.2050176994129202
1299.7358000000002,0.1199819843931085,9.721649700045601,20.17241037337262,0.16453460726564484
1300.1947,0.11976646444153312,9.718054011978694,20.12321599077335,0.39169970012847005
1300.6534,0.1196108951224709,9.701261903184593,20.131774991976062,0.567327076973533
1301.1118999999999,0.11923057843138886,9.711178092239532,20.05727014809815,0.4882975069909644
1301.5706666666665,0.1191372565744903,9.696006968063806,20.038368528044597,0.36119331182456005
1302.029433333333,0.11886780037611941,9.67330931460937,19.99414291640043,0.47595557927042886
1302.4879999999996,0.11866773461010552,9.682458905729339,19.93428680093722,0.17828655664392415
1302.9465666666663,0.11866718930479093,9.694424393386347,19.97769628735711,0.024393081927641853
1303.4051666666664,0.11860433352201964,9.697188045679567,19.97456793235233,0.2935542763739456
1303.8636333333332,0.11835680812885413,9.704333736786444,19.845633586800897,0.36188052883652605
1304.3220333333331,0.11822910233851329,9.715392533294768,19.803347952300026,0.5156080595440418
1304.7803666666666,0.11783814546735558,9.711306095644105,19.67549762386088,0.49206931106339774
1305.2385,0.117732435004317,9.706607587727788,19.643492439093986,0.3679068475213303
1305.6966666666667,0.11745458079460229,9.703408662199893,19.555611932181513,0.5629972572658487
1306.1551333333334,0.11717691917035696,9.696837079844801,19.49358723914922,0.30092854533973434
1306.6136000000004,0.1171484027772934,9.691154173849721,19.467548812388817,0.16592270894778724
1307.0723333333335,0.11700083941607076,9.711600933883394,19.464630415637064,0.4107353815833265
1307.5310333333332,0.11674939907669755,9.691789554394015,19.398678144829887,0.24387099856815522
1307.9896999999999,0.1167563484581692,9.702098856683673,19.412393328821715,0.2751027003040099
1308.4483333333333,0.11648063278554821,9.70583296529937,19.335442565497345,0.7312777942475511
1308.9069333333332,0.11606972279925779,9.691779909928217,19.242965184497102,0.6571352878362117
1309.3652666666665,0.11586163670109302,9.677129253562434,19.197396135990576,0.6260378869770521
1309.8237333333332,0.11547894382293918,9.653914902155524,19.0815725063287,0.4362193189534333
1310.2820666666667,0.11544749252238946,9.655639604014539,19.055473902903863,0.06306620872473248
1310.7403,0.11540889477814269,9.651931415039332,19.086016995461048,0.23108808923616447
1311.1984666666667,0.11522499201393738,9.6662776099918,19.06574977111548,0.697618741464807
1311.6566,0.11476192856674323,9.666306627553288,18.965916010684918,0.4816172157843219
1312.1144666666667,0.11477860613224296,9.654369764305038,18.9875053743395,-0.023818099273244134
1312.5722333333335,0.1147739101873538,9.650141993430259,19.01840498344989,0.3819955447993833
1313.0302000000001,0.11442174157918433,9.639935710483845,18.927394670436037,0.5234520821978826
1313.4878666666668,0.11428130993848193,9.628017982868247,18.958139879971572,0.26352606718463756
1313.9456666666667,0.11416095880842761,9.630578997686207,18.9583716162989,0.4014648252727349
1314.409666666667,0.11389002290733738,9.612295833630467,18.93632933619215,0.6508513766506963
1314.8741000000002,0.11353383920190327,9.599081808498761,18.873456962722315,0.6926922722912955
1315.3385000000003,0.11322285826219196,9.603201384279789,18.82718576606109,0.5177388045398691
1315.802766666667,0.11302664329212485,9.589109235869909,18.8184098869396,0.5762771525812981
1316.2671333333333,0.11266223309345327,9.576248808483877,18.772720804605257,0.7615888921118974
1316.7314666666664,0.11229604191820294,9.542835836420767,18.701726501001133,0.7550137399216167
1317.1958666666665,0.11193701954041607,9.535583700823478,18.631013772783323,0.5641083098899372
1317.6602666666665,0.11174333495925327,9.519935526956337,18.66724855128985,0.46934908809745013
1318.124733333333,0.1114713557382437,9.495891936071864,18.64695516091135,0.18286835678752403
1318.5891333333334,0.11153917929605216,9.492321921857174,18.697906204436716,0.17430463283638203
1319.0535000000002,0.11127530852121702,9.482336868066817,18.66800934700342,0.29067366012754864
1319.5178666666668,0.11123850792714376,9.458313194464973,18.705259010577,0.07668826622829854
1319.982066666667,0.11116570313812586,9.447449764572573,18.71295831379925,0.40268787509327164
1320.4460333333334,0.11082986509020361,9.437750020844605,18.678947612561572,0.6670993998417442
1320.9096666666667,0.11051394286149598,9.410527580563848,18.597651283347783,0.5286468058974778
1321.3733333333332,0.11030456149777329,9.396688424515496,18.636596715186208,0.46889225090410674
1321.837,0.1100438976574846,9.382024838850478,18.603749097443718,0.23176117386229292
1322.3007,0.11005073719192689,9.358046522590463,18.66008621867126,0.10760822874266211
1322.7644666666665,0.10990439768257641,9.352987528207567,18.653810124581454,0.33726316716185584
1323.2282666666665,0.1097003137740899,9.317605012679431,18.597594484411164,0.4065899854142588
1323.6921666666665,0.10949056847013416,9.323531685488186,18.585926032999165,0.7992473156153378
1324.156133333333,0.10892708938635579,9.30481165816614,18.471305059925125,0.8386976385831872
1324.6201333333331,0.10867766108505894,9.30384570994279,18.38705462609088,0.3624142708169229
1325.0842666666665,0.10854890455645745,9.27551975034232,18.367558191901622,0.08508786189383734
1325.548533333333,0.10855103395207379,9.263085429832955,18.435975021849277,0.3128317225583141
1326.0128333333332,0.10821221701870111,9.248734084207255,18.380266167385216,0.4186186909901533
1326.4769666666666,0.1081249595240355,9.259871731791517,18.411284807126698,0.1986401717950943
1326.9408666666668,0.10799239850315866,9.261053998395925,18.449258678873473,0.45507894215607625
1327.4048666666667,0.10767967476950824,9.258140339917055,18.342724981375216,0.4327579960973111
1327.8689333333334,0.10757329021190117,9.228619516755144,18.32387806999338,0.46268571662603697
1328.3267666666666,0.10724501608531246,9.212512607621314,18.257402132261408,0.4264878783411201
1328.7841333333333,0.1071830566632153,9.200727693726158,18.25502597355945,0.02601848672560506
1329.2413333333334,0.10722192076659741,9.167160284777529,18.34842757261512,0.02814781321537286
1329.6986000000002,0.107157872378051,9.155398133558926,18.389077462495,0.08576086384327
1330.155866666667,0.10714514853282274,9.147703598953756,18.354195094001437,0.03372122805812186
1330.6134000000002,0.10713005097490197,9.167485819386464,18.35568721647817,0.37347488557232383
1331.0706333333337,0.10681459258559235,9.140713501862631,18.269627018689647,0.5385626176380961
1331.5279000000003,0.10665427032158786,9.126609882192264,18.2055614378028,0.19857869998529168
1331.9854666666668,0.10664912600922263,9.121607941794423,18.218408096889814,0.14865260536832864
1332.4431333333334,0.10653616304836411,9.109986170267497,18.20082289938542,0.24486907230800023
1332.901166666667,0.10643903552965438,9.098966150624205,18.188340885306303,0.29608447224626955
1333.3591333333334,0.10627676754849102,9.115716646448346,18.187665253038542,0.3324402181790684
1333.817,0.10614589317520297,9.111103407981643,18.147831566399358,0.11596095406473571
1334.2748333333334,0.10617958118654286,9.125556690791537,18.124515554034446,-0.05921827934813418
1334.7329,0.1062106101934535,9.110416883868423,18.144725246058467,-0.07921044781039377
1335.1906666666666,0.10626296350197413,9.128669576953724,18.077618668541387,-0.01623563552776713
1335.6485333333333,0.10623347679557565,9.134703000139769,18.044362543291825,0.3358578087271118
1336.1063666666669,0.10596191511637379,9.152287923208188,17.980417735883247,0.33733990164884203
1336.5643000000002,0.1059273009565944,9.159684183050683,17.9319456314412,0.1731508149500446
1337.0222333333336,0.10580554227500646,9.171222001205065,17.90764089380175,0.27368833233522616
1337.4800000000002,0.10568138388604113,9.178101600593637,17.823882436351848,-0.07822991750526304
1337.9378666666667,0.1058852679409324,9.171617496596992,17.872424130390307,-0.13872485269988322
1338.3956666666666,0.10582222473154278,9.181584675983808,17.906511704534385,0.14743767923295398
1338.8535999999997,0.10576822472915791,9.191032697306373,17.90432493002469,0.03848353329611041
1339.3114666666665,0.1058079282311332,9.195984686052428,17.885577472797433,-0.09091285850644373
1339.769333333333,0.10587307950855213,9.210663949679214,17.900650166627305,0.22153530540731617
1340.2273999999998,0.10562219488072212,9.18762766974827,17.827820392454907,0.17994766779214724
1340.6854666666663,0.10571734477004263,9.162200772301013,17.822837611227918,-0.04693081955972855
1341.1435333333332,0.10567207799749215,9.168751389735355,17.8263449095509,0.4735105407301071
1341.6014333333333,0.10529077343002535,9.186642482933188,17.769117998906264,0.27517663962420513
1342.0594666666666,0.10542086104468572,9.184603533416828,17.77973891552573,-0.3036768791548318
1342.5174666666667,0.10556483228495896,9.18996913574377,17.848505100579814,0.04522993879368295
1342.9754666666665,0.10537537347529298,9.206447202278149,17.749291359758747,0.1974166593491451
1343.4333666666664,0.10537936900719422,9.20578763369314,17.776031044988596,-0.006880979588056688
1343.891133333333,0.10537541209637509,9.202967470792597,17.828479705482472,0.2343149949274694
1344.348733333333,0.10515815672536773,9.196818817127268,17.799820234111294,-0.1346969120126065
1344.8063999999997,0.10548631128678683,9.195282860889614,17.94948783441605,-0.41799771977090594
1345.2639999999997,0.10552574714508976,9.20588379188769,18.063130214346117,0.12414614353366639
1345.7213333333332,0.10535891965448207,9.198805974474194,18.044536123184297,0.5499430986754807
1346.1786666666665,0.10500854412876878,9.195180201135122,18.002580182436677,0.3064617800560518
1346.6358333333333,0.10507217865778294,9.185858387027059,18.030880048582954,0.17648962578950078
1347.0930666666666,0.10484786880244851,9.181704530523975,18.001209726880436,0.23935756651800164
1347.5503999999999,0.10485580876796467,9.176049094554088,18.10701994894533,0.0924855618485224
1348.0078333333333,0.10476665827719792,9.171329450897446,18.15757938148359,0.14167788600995732
1348.4652666666668,0.10472965029299383,9.179775453479035,18.223227212575175,0.24619910655407928
1348.922766666667,0.1045470187517077,9.15423742657069,18.26687939327841,0.2174839463662778
1349.3799000000001,0.10453746198808958,9.139566554249214,18.319158842294936,0.3522611491147636
1349.8369666666667,0.10423190462388744,9.124238811588507,18.240552959556474,0.0642460273336823
1350.2938333333334,0.1044831244477078,9.10250154516307,18.461234766616357,-0.27413719413294874
1350.7507666666668,0.10448354469759784,9.083984235075441,18.53153803919374,-0.27674645923735125
1351.2076,0.1047348338614381,9.060217053743655,18.720241263919156,-0.08374395793238713
1351.6642,0.10455588356702916,9.063772086859014,18.678950167013376,0.20128650533144427
1352.1207999999997,0.1045435087453551,9.032203011613833,18.707713911029238,0.17257159338443565
1352.577433333333,0.10438523983990662,9.039165271776959,18.675446500883247,0.34582617107867575
1353.0342999999996,0.10421025775407386,9.01429640238737,18.662090356155037,0.28337508173495685
1353.491233333333,0.10410703222746483,8.994969071905597,18.68690793018165,-0.04554798875805697
1353.9479666666664,0.10423809470515559,8.985387270636748,18.709218508883914,-0.13505163410119603
1354.405,0.1042224481334407,8.992388489349839,18.76712358254073,-0.05062951963900888
1354.8622333333333,0.10427635987488554,8.958157449504622,18.815110964613904,-0.4232533924654438
1355.319566666667,0.10460029687519802,8.944477147902916,18.91566667887325,-0.2988062076653323
1355.7768000000005,0.10454175290641282,8.932296161463775,18.96066578801514,0.34589149738749786
1356.2343333333338,0.1042801745420693,8.930384980701383,18.89567466212881,0.21764921306887902
1356.6918000000005,0.10433907465103079,8.903743717837893,18.97329201805283,0.2772009701075592
1357.1494333333337,0.10402083224554842,8.897035645707236,18.873697789318122,0.657027171167833
1357.607066666667,0.10373155193004709,8.891360966871268,18.833960908120773,0.1311785661068348
1358.0647000000001,0.10389473629827894,8.866761448148647,18.930404101334613,-0.17117022227550233
1358.5222333333331,0.10388278084903334,8.854481041552594,18.9942442006802,-0.13616790405845028
1358.9798666666663,0.10401385950218131,8.84833080826371,19.010841884779207,-0.3111515352519736
1359.4374999999995,0.10416223851845487,8.844092636446684,19.07142987307041,-0.2231620863211793
1359.8951666666662,0.10421204059881334,8.822457212247702,19.12403944662618,0.017707722750968866
1360.352633333333,0.10413417544177073,8.828267344111435,19.1273527697778,-0.13621911311158955
1360.8100666666664,0.10431841695856252,8.825849341270047,19.215391668215272,0.0873842441347439
1361.2676333333332,0.1040344419902879,8.828567859081717,19.086171804615805,0.3815066768780193
1361.7253666666668,0.10394916144028288,8.817772948363606,19.073981042959623,0.14042574393280233
1362.1829666666665,0.1038842755624751,8.801998766296267,19.029257190963502,-0.07943861432742205
1362.6406,0.10399778034299849,8.791425899918336,19.086515163165426,-0.07620762095427547
1363.0982666666666,0.10393157525287407,8.792251851254527,19.050647631776386,-0.05810600432154586
1363.5559999999998,0.10402947037936791,8.792450537449323,19.108396654487628,0.18957974213682546
1364.0141333333331,0.10374214643881022,8.807720252736416,19.00211717887128,0.24086378251505539
1364.4722333333332,0.10379789406358934,8.8063069620168,19.10805441505097,0.14655263196695398
1364.9303333333332,0.10360002141937485,8.813268804088267,19.066137592158906,0.16422724137311143
1365.3887,0.10364005849368679,8.80697175825196,19.178509527610107,-0.13961222783147825
1365.8473666666666,0.10372162462637821,8.806054037359932,19.232024635450987,0.17113263279571053
1366.3057999999999,0.10348685911017354,8.798443626091528,19.220510885580914,0.3703117665117971
1366.7639666666666,0.10338760984146923,8.81919374162624,19.234675655618766,0.09825630698993836
1367.2223666666666,0.10340974266961796,8.796045761296522,19.315652794168635,0.20334034930160436
1367.6806666666666,0.10322483250726273,8.80072322248229,19.32832993190589,0.21102881536287518
1368.1386666666667,0.10324138225389361,8.782630801907027,19.351879972701877,-0.18906457092374657
1368.5964000000001,0.10342109449106737,8.77742116796917,19.379417485434985,0.1672899197352621
1369.0539666666664,0.10311418034589515,8.751164687742945,19.288757963460185,0.3602414165371529
1369.5117666666663,0.10312431859424877,8.75533535818434,19.321277466299794,0.00955035871915281
1369.969433333333,0.10313746383712762,8.72614955635617,19.31855490381822,0.33149665485206575
1370.4273999999996,0.10285173884870517,8.721313885728756,19.189111052333228,0.22197617639686526
1370.8852666666662,0.10296302481920577,8.728268187414256,19.213282062993233,-0.11562854069358298
1371.3431666666663,0.10298779556853996,8.73931577089617,19.227309540146532,0.20967426949198192
1371.8012666666664,0.1028032191433841,8.741421746362855,19.159845866512985,0.3957252344158954
1372.2594000000001,0.10265789970190493,8.743518841268966,19.084395588770647,0.39278747001409137
1372.7176000000002,0.10247562110192741,8.718419360860107,19.04410990333163,0.4456587745137022
1373.1758000000002,0.10228244232128544,8.733290738740147,19.01685427657785,0.4462443686343968
1373.6339000000003,0.10210067742099234,8.7319095533331,18.980998178299505,0.49434471086674897
1374.092066666667,0.10186673800712193,8.718484274927976,18.96623075943351,0.31430958363490946
1374.550266666667,0.10185020632946104,8.689931382655798,18.979069014404583,-0.012552724711233502
1375.0082000000004,0.10191523445362176,8.668967702882556,19.058033357771958,-0.05941372626808292
1375.4660333333338,0.10194186508518709,8.650531339299066,19.096801128996294,0.2429006040625574
1375.9239666666667,0.10172975532642138,8.66077980568291,19.055539448352633,0.7213171891459121
1376.3819,0.10131835085707956,8.681461619912488,18.933557760343238,0.49456511390967806
1376.8400666666664,0.10131937613594094,8.650343935583434,18.99565965100455,0.25827239424185633
1377.2982666666664,0.10112876865788928,8.629932300783338,18.94299885779192,0.3393049517460199
1377.7563666666663,0.10105672946579097,8.604579844631127,18.91780179509242,0.18033650898732662
1378.2144999999996,0.10101379167354796,8.592177276772528,18.902438734963184,0.39309522214692877
1378.6726333333327,0.10074997406723911,8.565930703804034,18.849797790213394,0.2626868104972289
1379.130533333333,0.10082881708877123,8.539327877911605,18.872670286746505,0.20139673150906065
1379.5881999999997,0.10061900937172148,8.553867891537015,18.778722464800133,0.21941891801138347
1380.0458999999998,0.1006748183892168,8.519959847734096,18.7455571378564,-0.007007238604470516
1380.5038666666667,0.10067203477085736,8.508463080193264,18.756989248756405,0.18926462488944948
1380.9616333333333,0.10054205249527555,8.514618329568709,18.6755721977988,0.17537734185036297
1381.4194333333332,0.1005427648011112,8.502267111566745,18.70402140707101,0.3593018945953046
1381.8773333333331,0.10024361828780276,8.496890357460032,18.645661083621942,0.8385019698609805
1382.3353666666667,0.09980772454105702,8.507996321069614,18.609199554089614,0.5693559708565138
1382.7933666666665,0.0997532929098197,8.515594487224575,18.630683192557623,0.41446896034641606
1383.2512666666664,0.09945005511277548,8.50456346489654,18.57103373732884,0.4340776079118961
1383.7091666666663,0.09937696466529632,8.515317423818772,18.58762800102112,0.12086637492010521
1384.1668999999997,0.0993644183526555,8.530574636859727,18.644941382318535,0.10194914125069425
1384.6247666666663,0.09931530712286706,8.530980956240164,18.70188304599521,0.10349840625367426
1385.0828999999999,0.09930127581160683,8.504264501255138,18.753831309230016,0.16148430957655258
1385.5409333333332,0.09919658229169336,8.48493350265322,18.690306307080345,0.3487774558372102
1385.9989999999998,0.09901045133001551,8.487839050538172,18.650265821651253,0.30537289344290247
1386.4571333333333,0.09894857511744667,8.484116773229287,18.66720536406079,-0.027678953541324658
1386.9152333333334,0.099067991756265,8.460585027158995,18.717931447976344,-0.07740568877641166
1387.3732666666665,0.09905288475899668,8.4442154662775,18.731257905164355,-0.01225500099114507
1387.8315,0.09912088120486727,8.465041156708233,18.784040065411038,-0.13391380081187215
1388.2897666666665,0.09922014825969898,8.460559241385795,18.824453728518577,0.011084332931633831
1388.748133333333,0.09915586526548775,8.474230913243545,18.778630901875438,0.30768368265295065
1389.206333333333,0.09898419680634817,8.484441586361438,18.77186509378442,0.558657824774691
1389.6644999999996,0.09869003210372224,8.481480213250743,18.7663354557722,0.1381758252222493
1390.1225999999997,0.09889799260135537,8.454014181116255,18.870479664445757,-0.11857268568646
1390.5805666666665,0.09882956745240558,8.449332024133296,18.927192047676208,-0.21909290547361723
1391.0385666666664,0.09912529672236148,8.449904732911598,19.05125476425476,-0.0644714054666998
1391.4962999999998,0.09891722883289286,8.439421843026892,19.046016930625328,0.436371263172109
1391.9540666666667,0.09875669460881183,8.434559303423255,19.0332596939763,-0.11790660251306344
1392.4119333333333,0.09905218387224937,8.428307676445266,19.09492612169536,-0.04198915304475198
1392.8700000000001,0.09881473146377136,8.431197523547796,19.07780479498789,0.31695105453728123
1393.328166666667,0.09877917247609902,8.420146985634785,19.16098799936974,0.15121461360017394
1393.7863333333335,0.09869375578375117,8.43892417096085,19.179531247545697,-0.08743085055269445
1394.2444999999998,0.09888195093587837,8.437555148133256,19.264281273022362,-0.052976931316799945
1394.7028,0.09876628282097122,8.420025636074897,19.252773800889294,0.3704424114970304
1395.1613333333332,0.0985619013710715,8.428012102501217,19.19570309315762,0.1460765703384991
1395.6198,0.09864743583269246,8.440910774460132,19.215499463894268,-0.25625980332246223
1396.0781666666667,0.09881044355769468,8.4121780575678,19.27698491229767,-0.471209922221018
1396.5368,0.09909208277120254,8.399147548602508,19.379811075758106,-0.3060414530051438
1396.9953666666665,0.09910760406757768,8.422331245034625,19.402787106382586,-0.08651257827044787
1397.4539333333332,0.09919155122441843,8.39570216642938,19.46715446959181,-0.2507079767339511
1397.9123666666665,0.09935953926373087,8.368521440086644,19.57572526718256,-0.10307464712572127
1398.3707666666664,0.09930706492942123,8.340242025258712,19.55683875952238,0.05429053922710404
1398.8288999999997,0.09933061312182855,8.350291434379276,19.506371610345937,0.18145255588619827
1399.287033333333,0.09915985706107419,8.361944389961922,19.52696064449251,0.1122201916412112
1399.7450666666664,0.09924018993000365,8.363899985514415,19.572136336699046,-0.17590681020213472
1400.2030666666665,0.09932895636612771,8.375462024529238,19.627452492014434,0.20096918564056823
1400.661133333333,0.0990659759010524,8.382023485070118,19.6312813099755,0.3714545999623791
1401.1192666666666,0.09899695153849221,8.383009445411341,19.641166769542362,0.22669526171322602
1401.5773333333334,0.09885985685745922,8.35112767352919,19.5751543988304,0.17455744461022418
1402.0353333333335,0.0988355060102912,8.342434772541596,19.645072408021257,0.012261335491774149
1402.4933000000003,0.09884616184509132,8.322767266647398,19.715630222352463,-0.164698698827236
1402.9513333333337,0.09898372082558472,8.290444601243362,19.727777551233935,-0.7008307853463652
1403.4092333333338,0.09948486690313994,8.261372644502638,19.894653422565256,-0.3552261954537218
1403.8672333333336,0.09930944166367008,8.270645237735113,19.896682146563105,0.23814046216163406
1404.3252000000002,0.09926955076441761,8.266649429491999,19.881443792830826,0.22453430881361203
1404.7830666666666,0.0991059993160598,8.262045984006061,19.871121984119426,-0.17380711418549286
1405.2412,0.09942889520151192,8.25643891660361,19.93440518682537,-0.1571555652216028
1405.6993,0.09925123550260889,8.27177522522834,19.810396535346086,0.19077451657531455
1406.1574,0.09925573560724271,8.28141507302307,19.87275556638522,-0.0947199640144983
1406.6153333333332,0.09934383996141706,8.27160233459135,19.841415525196208,-0.15461143034732563
1407.0733333333333,0.0994080906976075,8.262008924268281,19.84148219955813,0.08319866228757673
1407.5312999999999,0.09928124494014545,8.251303909351854,19.815015314898982,0.16065984594205487
1407.989,0.09926716422561725,8.243839468031966,19.873306959684246,0.021108755029018336
1408.4464333333333,0.09926588030506842,8.258095953071427,19.83879546553253,-0.35593815583776944
1408.9037666666668,0.09960354301609729,8.243375617752047,19.978651882354832,-0.7479477020444856
1409.3611333333333,0.09996543385378462,8.212500711151499,20.123530573113367,-0.26174319864161133
1409.8185,0.09986230746538928,8.234208390713993,20.097879005203627,0.35969411759554315
1410.2756333333334,0.09965742274763616,8.23361834773071,20.01849434659873,0.0711913817673534
1410.7328,0.09981475884751476,8.195290188584664,20.092503973122895,-0.037886530003056126
1411.1898666666668,0.09970526211368397,8.214356130719935,20.016159596869997,-0.0668768875168202
1411.646966666667,0.09988413387294437,8.221803434393339,20.110149487336486,-0.343384944965686
1412.1039333333333,0.10002714821838093,8.245141532443164,20.150627772718703,-0.2293831850174899
1412.5609,0.10010342497109942,8.234321261069097,20.19578408727225,-0.5714108234622359
1413.0176666666664,0.10056037306642691,8.217442309070641,20.405961030583793,-0.34262879972004756
1413.4746999999998,0.10042538562383456,8.214170804870847,20.392846045725523,0.1654097843921374
1413.9316666666664,0.10041483793314296,8.205903850283706,20.385344668189354,-0.09286821524661422
1414.388633333333,0.10051468379378993,8.201175798743632,20.38451905610603,-0.31612711853267983
1414.845733333333,0.10070907658364135,8.212187471098899,20.399385149508504,-0.34218762271958
1415.302933333333,0.10083145346482057,8.229665238186888,20.48703812964583,-0.11178624355505797
1415.7603333333332,0.10081638303276154,8.24890967422426,20.444506565330034,-0.022628931485987453
1416.2177666666664,0.10085874099326993,8.234285650492891,20.43483752332447,-0.20294354199243186
1416.6751,0.10100645912145702,8.231389507319289,20.52183402634481,-0.03980510718193344
1417.1325333333332,0.10089813111111827,8.22574619853673,20.4552602437457,0.2383940498236823
1417.5898666666665,0.10079562760638773,8.228703729242632,20.359820102032412,0.18646865625422937
1418.0472333333332,0.10073961551365256,8.22498959670184,20.316001747350946,-0.04706638461157071
1418.5045333333335,0.10085115795324881,8.207309808899796,20.393609249751723,-0.1154338799480594
1418.9616333333333,0.10085400389304185,8.204068275385799,20.442315703471987,-0.19468363627682297
1419.4187333333332,0.10103323116944822,8.192545195741753,20.603732933301725,0.1812061873284051
1419.8758333333333,0.10069251381046604,8.188326215844372,20.51540623595818,0.5667663813386828
1420.3330999999998,0.10052044229906516,8.191130401538649,20.578117767424285,0.1349422474310025
1420.7902333333332,0.10057124879740244,8.167907663503986,20.604966443439046,-0.4866551109022715
1421.247433333333,0.1009638988319247,8.17299785825754,20.83274553716703,-0.2679986784128605
1421.7047666666665,0.10081575969301697,8.147212223973675,20.78125800434014,0.3652375051942269
1422.1621666666663,0.1006299232231531,8.12167507560078,20.87407810377849,-0.058490432254604284
1422.6196999999995,0.10087942047875742,8.112028300329069,21.08140446003446,0.25147569718280705
1423.077333333333,0.1004178860702186,8.108341488791758,20.985780176761843,0.2865278731587705
1423.5352666666663,0.10063685201134255,8.074667709202755,21.122760150556275,-0.32396588308405194
1423.9932333333331,0.10074106195732145,8.085377128704618,21.244710408236163,-0.10874377624931356
1424.451233333333,0.10076374944161354,8.088304387345385,21.29553757042624,0.3490082666585611
1424.9092999999996,0.10044892537692568,8.087722433605053,21.311706370201204,0.7815511466829337
1425.3674999999996,0.10007837018136724,8.064167278673533,21.23712141632571,0.5166149732476681
1425.825833333333,0.1000078356768625,8.033760736227094,21.36680994267311,0.5077557446328419
1426.2842666666663,0.09964408474773184,8.019741801764154,21.42214578177938,0.7341471317411303
1426.7427666666665,0.09936429792638374,8.030542270834395,21.4083931266387,0.17063849106096246
1427.2011999999997,0.0995232549403654,8.00526622712223,21.536684589350852,-0.11334721496153681
1427.659833333333,0.09950960387067555,7.982015309328324,21.583753765378713,0.024363102823334978
1428.1183666666664,0.09954662724229119,7.951469252807322,21.698572997622826,0.10750882692412984
1428.576966666666,0.09945616483599036,7.929442597063741,21.76683667743339,0.31302407828365886
1429.035333333333,0.09930271726857481,7.8987856659571145,21.765552634402045,0.4705388008890458
1429.493533333333,0.09906696530754286,7.887967167628652,21.772789049878103,0.6334289699285511
1429.951633333333,0.09876462156072496,7.90841512927219,21.765209550303414,0.40080564350892744
1430.4098999999997,0.09874886036699701,7.921486429419155,21.755924459573446,0.4764870799079366
1430.8680333333332,0.0983895582353375,7.93771245625179,21.763502813449307,0.25974762408918073
1431.3263666666664,0.0985814853875967,7.93190937475543,21.962874312090403,-0.23001516573385042
1431.7845666666667,0.09866819249701529,7.927483083837707,22.06368811779946,0.19092991388062192
1432.2427333333333,0.09847487918151238,7.928879118917127,22.006103427406202,1.0770800998875183
1432.7011333333332,0.0977420237863903,7.9212668267139685,21.784141208281486,1.0051617422473116
1433.1594999999998,0.0975975440676688,7.916193023143545,21.68562973840021,-0.15890051826567694
1433.6179666666662,0.09792892208028195,7.895128421110594,21.8551379896395,-0.2817223092187183
1434.0762666666662,0.09789957146566364,7.878292713216146,21.89978896161399,0.1633629905956755
1434.5345666666663,0.09782566408878234,7.895029495201745,21.941770705170743,-0.1521325565408958
1434.9929666666662,0.09808875700603702,7.864991906037875,22.158597556646164,0.07540375132432159
1435.4512999999995,0.09781577978223913,7.86167591023215,22.149980638211698,-0.013816399997340117
1435.9096999999995,0.0981652950179904,7.874114030990679,22.297410315014144,0.13361999900278132
1436.3678999999995,0.09774709896048832,7.8643690513692786,22.110741850208733,0.1449790815040474
1436.8260333333328,0.09807872384330117,7.871292179606002,22.248846138411555,-0.23615907063008476
1437.2838666666662,0.09800653157696806,7.8712466965249295,22.303605503674675,0.12714823314085827
1437.7418666666665,0.09799699151669766,7.866212571195588,22.35629020752014,-0.1276178824939711
1438.1998333333331,0.09815569233886397,7.855636529054722,22.384244126325616,-0.7986374951870343
1438.6577666666665,0.09876022492423282,7.823530038232972,22.605734969008463,-0.6824316400263807
1439.1155999999999,0.09881336379255896,7.824580327686616,22.633715856147774,-0.41394874801596504
1439.5733333333333,0.09917064174864736,7.83375678438397,22.773851578530774,-0.6103146941561246
1440.0309666666667,0.09940376197727949,7.822714993253717,22.763058851824933,-0.5648510590155204
1440.4887999999999,0.09973289203743749,7.792881766557236,22.84495458057361,-0.3324447665796796
1440.9466333333332,0.09975902075139285,7.784077133351475,22.814340952279924,0.274208201907683
1441.4044666666666,0.09952824943143244,7.777665113190981,22.723989782094144,0.0779132127728514
1441.8623333333333,0.09971957082328174,7.805786773401275,22.7784259145999,-0.4249717834701465
1442.3200666666664,0.0999458438193915,7.810530162274107,22.86877115287472,-0.6883029633279296
1442.7777666666666,0.100378354273852,7.825220005663917,23.020974824290306,-0.6660587707972637
1443.2354666666665,0.10058339055003943,7.814453030730509,23.02965371956835,-0.36139982530220666
1443.6933333333334,0.1007354062803161,7.784217449270235,23.107590978225982,-0.36605787054964045
1444.1511333333333,0.10093659215324809,7.758250847957969,23.287024653655944,-0.7784754989482483
1444.6089333333332,0.10145875896175308,7.738099001361882,23.421206521670005,-0.5153347577442728
1445.0665666666666,0.10140972068465298,7.7040880627585215,23.329730610724614,0.00785459276021123
1445.524333333333,0.10145411879849575,7.715614924317212,23.365288384396194,-0.10342947322220741
1445.982333333333,0.10150445521975207,7.712746945751803,23.457704455476915,-0.836411002518887
1446.440266666666,0.10222972469599716,7.732353810164536,23.762816391628277,-0.6814408208628954
1446.8982333333329,0.10215988114609997,7.708271267342677,23.742063985838037,0.07653507559707338
1447.3563333333327,0.10220389438963239,7.720564263997064,23.717546270621344,-0.5969723359257273
1447.814533333333,0.10275376147896892,7.730464088377283,23.885985552068377,-0.9243910218357415
1448.2728999999995,0.10309826445630306,7.708198929381766,24.083794542519446,0.1979162805649834
1448.731166666666,0.10262003921133944,7.729299974299486,23.779854083726224,-0.5680613653267922
1449.1895999999997,0.10367005155851262,7.74211102220947,24.220332913810076,-1.039934062846146
1449.6480333333332,0.10362974249810065,7.731809496388061,24.201241191445927,-0.009111508162214017
1450.1065999999998,0.10373310137177301,7.734209700380573,24.29227991469805,0.2531194686082297
1450.5653333333332,0.10344991417896171,7.7207857260223145,24.25153403340874,0.2505994239137638
1451.0242666666666,0.10355293054981754,7.724022919909275,24.25150912231556,-0.3977319321455531
1451.4832666666666,0.10386579509724338,7.685781633457235,24.393203707920506,-0.15653237788318902
1451.9422,0.10375561936022515,7.685147437724468,24.46602885215408,0.21784671648122952
1452.4013666666663,0.10373670155065953,7.6921184216690355,24.525430744434843,-0.818655448884971
1452.8604999999998,0.10457153901724056,7.694045572842583,24.883042161505436,-0.3607586863854642
1453.3197999999995,0.1041167165353629,7.671556531592769,24.683065458095218,0.5889999727098656
1453.7791333333328,0.10407319055235265,7.679476819506992,24.70443605922638,0.16303111524980646
1454.2382333333328,0.10399595411032699,7.673023816204189,24.73480198750719,-0.021487594230913752
1454.6971999999996,0.10411553685184477,7.664042677110202,24.80069064164502,-0.2152875195663527
1455.156033333333,0.1042163114685188,7.654177576012283,24.88640807133608,-0.17723499982574042
1455.614866666666,0.10430381606933449,7.636309084244356,25.00817319313906,-0.01136216921042624
1456.0737333333327,0.10425132924042595,7.627673130167405,25.070448094572498,0.8554297345651409
1456.532866666666,0.1035383764111798,7.62051086881955,24.895772241258587,1.0333438009236438
1456.9920666666662,0.10331435192791667,7.607025326232181,24.945719794882393,0.31535010056711194
1457.4513999999995,0.1032579115685426,7.62199551264553,25.000707047245857,-0.05652209301913918
1457.910833333333,0.10337775728243927,7.613101681662846,25.14986676008063,0.6330195734528676
1458.3702999999998,0.10270505928819376,7.60276612404576,24.999740440457078,0.46455082437255096
1458.8298999999997,0.10299469449427888,7.620481417820417,25.130933510204613,-0.1282324152679587
1459.2894666666664,0.102868279341751,7.607133384173259,25.154334074900063,0.0956197625488542
1459.7489999999998,0.10295657784770135,7.584969319676382,25.209946028755002,-0.537345895350877
1460.2082999999998,0.10340351374441004,7.562029888499037,25.50326157127999,-0.8266675667348967
1460.6676666666663,0.10374303498949486,7.556893874953649,25.789645146768894,-0.32217427853133007
1461.1267999999998,0.10371390852296794,7.5338434422004905,25.889839703249326,0.5655283188273812
1461.5859666666665,0.10322986576156788,7.514018525722185,25.726747882968542,1.116194262352819
1462.0449666666664,0.10269227842915567,7.505148291234681,25.591457526420232,0.8667878548246726
1462.504,0.10243356321709926,7.479545873749232,25.63017899412769,0.7784098412821128
1462.9629999999997,0.10196968729649905,7.470948244218462,25.453207449349183,0.724549436721081
1463.4219999999996,0.10175513885310765,7.456211825124118,25.34055480043454,0.8558766209786351
1463.8809666666664,0.10116848125709417,7.465036467734696,25.146389812160596,0.6606515346525297
1464.3398666666662,0.10113656195129139,7.458728095498253,25.1887220429721,0.10903700728730716
1464.7986333333329,0.10105882304589535,7.459389575808182,25.22691328072471,0.3355614548218212
1465.2573999999995,0.10081439125061785,7.460260058874524,25.172550269032993,0.30578743895371463
1465.716466666666,0.10075531053992004,7.472784000701115,25.18235443749093,0.3517286766657944
1466.1754333333329,0.10045624520991364,7.452882240133365,25.091405237429743,1.5999434464897895
1466.6345999999994,0.09925373872865031,7.459377780208662,24.632604794828428,1.7654868884158992
1467.0934999999995,0.09881465276749407,7.453208932359814,24.537389085729334,0.7535267206716707
1467.5522999999996,0.09854710604821153,7.447337835015762,24.452452743513614,0.9031201829473261
1468.011333333333,0.09797106214353994,7.467707494708709,24.27638178719585,0.7575633439615295
1468.4704333333327,0.09783548923519411,7.490429318966002,24.33172197861339,-0.609364966444989
1468.9293666666663,0.09850859260935732,7.511278004083045,24.718457550171358,-0.15341827534491015
1469.388433333333,0.09795054281074621,7.485966506440888,24.470141387552452,0.2557545193682575
1469.8474333333331,0.09824626935723513,7.466212621924801,24.64541161459546,-0.3625441354581142
1470.3063333333332,0.09825002059519308,7.443647086285984,24.653036439042275,-0.174852884289016
1470.7653666666665,0.09838459797948167,7.4469095953638105,24.717101262271544,-0.6722206960705518
1471.2243999999998,0.09885212201519253,7.424617164484831,24.92619660214882,0.4414700217264975
1471.6834999999996,0.09796445629492215,7.429564483927775,24.5588344319317,0.30710215625620185
1472.142733333333,0.0985282943363999,7.425801495188654,24.763112661340976,-0.41064712036406914
1472.6018666666664,0.09828309653696894,7.402049430738932,24.749546539041276,0.22763183859816766
1473.0610666666664,0.09825731008131845,7.383953543733733,24.746184673330884,-0.09492649165378426
1473.5203333333327,0.09830772736249407,7.382832504232466,24.79945308922807,0.40049700991914855
1473.979633333333,0.09783586157137955,7.369190888751908,24.603312129638255,0.16262817317858916
1474.4388999999994,0.09811358265343886,7.371969715680818,24.665562858755244,0.29159969760148097
1474.8982333333329,0.0975227343577949,7.380554287339266,24.345160570569067,0.11516117160016663
1475.3574999999996,0.09796535794603765,7.372197021330469,24.605591265534677,-0.8036187568523857
1475.8169333333333,0.09821618556140987,7.370759868185705,24.663035455971542,-0.46618729605444337
1476.2762,0.09835172189798591,7.385197111571788,24.650937836011522,0.07510536685320542
1476.7352333333336,0.09810165708873014,7.386168035356137,24.54006887655934,0.12127183254354063
1477.1941333333336,0.09818764521258506,7.375991407990443,24.64692960300918,-1.1865507623379061
1477.6529000000003,0.09913707619458813,7.35003859059702,24.99056467362312,-1.0384337114682196
1478.1116666666671,0.0990733950713552,7.348449389970243,24.932627082197428,-0.04428501098214577
1478.570666666667,0.09911265507185762,7.330013498242373,24.913051310292364,-0.8141786242791929
1479.0297000000003,0.09976672091299346,7.345146345222879,25.244561535642664,-0.9918258958016005
1479.4886333333336,0.09997580655871446,7.336470214745215,25.30323929608465,-0.8973997056180003
1479.9474333333333,0.10053687554198784,7.3404741570453425,25.547055359080012,-0.8833583812298207
1480.4063666666666,0.10071309789654764,7.320296035211718,25.620182255849276,-0.9808725876305083
1480.8653666666664,0.10134120062957866,7.320225248109175,25.855313196375306,-1.6930883815117437
1481.3245999999995,0.10216948655232114,7.3213355789233,26.279991442987228,-1.5211422085292183
1481.7837666666662,0.10264413706017682,7.297050221037278,26.447775470474724,-0.901397288590214
1482.2431666666662,0.10291068260608444,7.2759581945045175,26.58411854827588,0.17864910922154625
1482.7024999999999,0.1024062905439869,7.278745832841411,26.354643548211786,0.20069355087290403
1483.1619333333333,0.10266141564059732,7.271410544091643,26.485661352280957,-0.5978976997740963
1483.6214333333332,0.10289249836640023,7.276741881252263,26.602721506904786,-0.40291936221544444
1484.0809,0.10297722159043782,7.2891834651858,26.640204508782503,-0.15553455480345116
1484.5402,0.102973742067951,7.278551465494242,26.6583908161688,0.23288242827614997
1484.9992333333332,0.10269600242742573,7.2675900923311945,26.544279378349813,-0.3100410388843144
1485.4581666666668,0.1031916564561493,7.251004234199449,26.763433988106197,-0.3746447386871823
1485.9171333333334,0.10298105153639821,7.241691879500656,26.703582177758378,-0.6586142071098597
1486.3762666666669,0.10374232375981436,7.236868041577411,27.07854782193809,-0.5144141002041354
1486.8355333333334,0.103392353204974,7.233267230538034,26.96762370529879,0.28241781935970806
1487.2946333333332,0.10339983412906968,7.240049157354878,27.032603200437613,0.10413628935541062
1487.7539666666667,0.10320343498302477,7.251824921674293,26.95861987991377,-0.4713566804908819
1488.2133333333336,0.10373213622780086,7.2622473423037786,27.246877234497283,-1.4308457101278755
1488.6725666666669,0.10443155679111644,7.268835564000417,27.689171119105612,-0.4031761656327301
1489.1318,0.10402398565392426,7.266982591733355,27.47397804430614,0.44833862829562526
1489.5908666666667,0.10394438467759487,7.256904243995144,27.474127974583926,-0.8065597526740433
1490.0500333333332,0.10468348256368148,7.2339901253644685,27.825123623680174,-1.4069687809473657
1490.5092999999997,0.10515241043416844,7.212895538430315,28.03029351881832,-0.9542494634800156
1490.9686999999997,0.1054778198172161,7.208748516525722,28.17508860684708,0.23608582445145548
1491.4280999999999,0.10485953459019115,7.204705649495794,27.97296603432282,-0.2564237138500406
1491.8874666666663,0.10565919936147927,7.195129865943583,28.378636208288306,-1.1924800162574152
1492.346533333333,0.10590559463011393,7.189720325353606,28.55227566463948,-0.16227065100152763
1492.805633333333,0.10575915868496649,7.167566014870251,28.486544380136007,0.26093983937225584
1493.264533333333,0.10562620278422497,7.1649981321438805,28.537279942600993,-0.12363180207186171
1493.723433333333,0.10584541229540546,7.156222050880388,28.707338267663488,-0.598580883415559
1494.1820666666665,0.10617013886831314,7.145241020652614,28.90854573362426,0.2125896380711708
1494.6406999999997,0.10567758426452539,7.154322616342899,28.78873338651224,0.639852499488011
1495.0993666666664,0.105630494901388,7.154008136364244,28.795928500916105,0.060081950799487346
1495.5580999999995,0.10567207435331581,7.1695733018137995,28.886562100068975,0.4060175354609691
1496.0166999999997,0.10530170573432959,7.15997961397034,28.784790278608178,0.8613136988391467
1496.4755999999995,0.10491807044503536,7.144208909748976,28.654465183439974,0.12014670705206942
1496.9343999999996,0.10522528910463867,7.149073080549848,28.845403004072267,0.6693153795899704
1497.3931333333328,0.10434626645510604,7.137900963401846,28.469540049650032,0.6518200678703087
1497.851933333333,0.10468243488989293,7.130100581025567,28.651933780314245,-0.3538706542436512
1498.3105999999996,0.10473652713330542,7.115088609276508,28.755392569002794,-0.23579070287205559
1498.7694333333327,0.10496624149334081,7.123954685232206,28.843050665097543,0.39730430961731705
1499.2283999999995,0.1044307420562691,7.1307937269459005,28.679642803172907,0.6045912112592894
1499.6872999999996,0.10445829594028987,7.134777825800934,28.689456072966994,0.45126387492626224
1500.1459999999995,0.10405313175596623,7.131277248192731,28.57192241145727,0.6199372699812729
1500.6044999999995,0.10393128602147879,7.152187012921237,28.561847530466242,0.7416678669086747
1501.062933333333,0.10343610582558825,7.139538169264053,28.330868837798732,1.0776334810009254
1501.5212666666662,0.10301164570818774,7.143196648307044,28.210297102115423,1.690924008497503
1501.9794666666662,0.10195415095427446,7.126923257046714,27.788914604267305,2.402568925129738
1502.437833333333,0.10085249415944644,7.104124846091995,27.281181265922676,1.527026392590188
1502.896133333333,0.10058427552705716,7.1086733021794615,27.205269717709434,0.5182817178016829
1503.354633333333,0.10040865103811325,7.136027651107613,27.206552919210235,1.263965208070352
1503.8131666666663,0.0994636254673971,7.130712960400994,26.876247694050168,2.094108917472158
1504.2717999999998,0.09852905035956108,7.124128185818816,26.54692480764548,1.9562886981064922
1504.7303999999997,0.09771123560814829,7.131902465770553,26.267872957868605,0.588253414043543
1505.1890999999998,0.09802995659441446,7.12385722343752,26.424348962777067,0.6796795903908099
1505.6478666666662,0.0971115849197057,7.126781155413689,25.992539683408733,2.0944690139482134
1506.1067999999998,0.09611847720381998,7.127850006006814,25.58325255751883,1.7975406873125366
1506.5655666666667,0.09546322249639824,7.129989117192076,25.362837395542716,1.3922755666998805
1507.0245666666667,0.09482102761036519,7.109305307458845,25.020959942996317,1.8925356989261437
1507.4837666666667,0.09370125354022124,7.113179837304181,24.555815906251002,1.7518023632302984
1507.9431666666667,0.09318958437717906,7.115837730068407,24.35148550511942,0.5295145797215366
1508.402833333333,0.09318599019980445,7.091673309214104,24.35567938099973,0.634435340139455
1508.8622999999998,0.09255934899576834,7.072366622366029,24.093347632403454,1.2677755086536489
1509.3216333333332,0.09196950444126242,7.051531648073172,23.811089146881475,0.46278157349361865
1509.7807666666668,0.09207658147554225,7.043310596879835,23.844616441971173,-0.17464378483123488
1510.2398,0.09206286852555981,7.041019155028785,23.896348607757872,0.6286291157512439
1510.6989666666668,0.09143505258286189,7.031558023310899,23.568628573916218,0.20900990713390918
1511.1580333333334,0.09179083273242929,7.029069868008381,23.785341710658113,-0.42300261620855045
1511.6168999999998,0.0917289396410463,7.008284183902297,23.81122179930828,-0.3987892176728265
1512.0759666666668,0.09206153126572025,7.00296358700637,23.93770495001644,0.07749413691473266
1512.5351,0.09155508734971833,7.011379321761515,23.742159774910146,-0.06136013303957336
1512.9942000000003,0.09202135923660469,7.00769716748468,23.918625280533686,-0.8122166530842175
1513.4533666666669,0.09221913602555938,7.008440778058502,24.072165169246787,0.8527506029195335
1513.9125333333336,0.09117040055564848,7.005430768497476,23.589071388800562,0.5608258794310433
1514.371866666667,0.09165782020758838,6.978079853529732,23.79221619420611,-1.3758498216070927
1514.8312000000003,0.09239133206536851,6.9874808682182055,24.139326953215907,-1.4740064847933145
1515.2904,0.09296955035790701,6.958914186299552,24.368042584876456,-0.7005594086597192
1515.7497333333336,0.09300171311336985,6.966486341310647,24.361758430723143,-1.3325715584431355
1516.2090333333335,0.09417084385783152,6.9558628975324215,24.93877536494368,-1.8935981195733438
1516.6684000000002,0.09472537265988003,6.9529865234599315,25.203128754287206,-0.6001193022590483
1517.1277,0.09470679295010882,6.922078765033914,25.17535949166823,-0.7303896176386432
1517.5871666666667,0.09538038678977773,6.914856271452068,25.48586349983516,-0.7446654721840306
1518.0467,0.09537476398137597,6.9081805577041795,25.496508191215025,-0.6609309081465745
1518.5061,0.0959511705598496,6.893044554007361,25.807566683647714,-0.30522138684685934
1518.9654,0.09561269694142235,6.9069213556143785,25.65459523791372,0.08825410603419202
1519.4244999999999,0.09583494411986422,6.901668576601261,25.850269699210337,-1.1415366472185138
1519.8836333333331,0.0966302471348801,6.888036831823145,26.288723500244924,-0.780001677752075
1520.3427666666666,0.09652476003034847,6.89916795875357,26.172435024818647,-0.4936429616605346
1520.8018666666665,0.09706566249508461,6.886620590886121,26.501488595903655,-0.8028692922630752
1521.2608999999998,0.09724463291967157,6.883813153213749,26.607937612173043,-0.652190860803249
1521.7197666666666,0.09764419278667097,6.876976258374433,26.83243247412612,-0.829512005383936
1522.1784666666665,0.09798542524302799,6.890154738615004,26.962113813755913,-0.945462532603292
1522.637133333333,0.09848828053098008,6.881995196854203,27.216311704804586,-0.053648056103854695
1523.0957666666663,0.0980113160816245,6.876348354003448,27.03712362530539,-0.27300075223445014
1523.5545,0.09872123761737456,6.8728677283427935,27.377520944898706,-1.1712285692240323
1524.0131,0.09907820644821874,6.855766169510806,27.558956016754532,-0.2537550353104056
1524.4715666666664,0.09895094514619802,6.865612748164899,27.539053725181418,0.23017622804485718
1524.9302999999998,0.09888113188617781,6.8791553693536285,27.49529048715543,-0.02118934145618904
1525.3891666666664,0.09899371313978281,6.876171923582237,27.579741566990787,-0.33818909581254086
1525.8480666666665,0.09921392357800976,6.879111448732457,27.709521181442874,-0.7260352911235466
1526.306733333333,0.09969906794542752,6.862824492648371,27.988526855099586,-0.07691026068056153
1526.7652,0.09933254375582692,6.851487549295512,27.87305913561886,0.4692300636947101
1527.2236666666668,0.09932331522873945,6.829204705203386,27.911431826014002,-0.3275316342067036
1527.6821999999997,0.09968226107392988,6.824774336737454,28.12340873566275,0.17810023309488776
1528.1406,0.09918889252721622,6.815937191073153,27.914970007314697,1.0274201682769488
1528.5991,0.09876257993062239,6.802191046596656,27.73704118813815,0.5150706437574524
1529.0575666666666,0.0987405806066665,6.804790165356254,27.76026307926222,0.39117518317576533
1529.5160333333333,0.09842214818847123,6.780731839607161,27.69846453586092,1.1407968868528708
1529.9744333333333,0.09771074051426708,6.778005645456839,27.35053099927134,1.0161203707179902
1530.4328,0.09750619376856584,6.7644349167864775,27.32875015230353,0.46962160101927247
1530.8910666666666,0.0972984452607595,6.760223202236487,27.216546107737173,-0.0995682408630793
1531.3491666666664,0.09761076923120506,6.75558327173299,27.415964986058313,-0.5031936636056985
1531.8072,0.09776476203155104,6.768413862962757,27.477647595574986,0.3563987443011406
1532.2653999999998,0.0973052508251436,6.768815269567036,27.19039800648459,0.7483110593645961
1532.7238000000002,0.09710543425483194,6.766044627061788,27.157192374951254,0.36340171620329387
1533.1822666666667,0.0969975104731587,6.7723290608804145,27.090656883368247,0.39532456982617387
1533.6406666666667,0.09676671147525386,6.7767647716856585,26.946176259339424,0.6074201541058067
1534.0991666666666,0.09645651388947796,6.755604484350198,26.87279659342212,0.12694208993764344
1534.5575666666666,0.09665632675729956,6.769671101704893,26.938282324537802,-0.08698055301575262
1535.0157666666667,0.09654864169552724,6.761080163504522,26.876284647320343,0.001294197846910851
1535.4741000000001,0.09668175778108991,6.757433558680711,26.921242656581185,0.0883221771098179
1535.9325000000001,0.09649783769110862,6.7366011539399295,26.91792148795257,0.195873286430145
1536.3911333333333,0.09654094924427854,6.735992248928917,26.98010280122854,-0.6294058168279523
1536.8497666666665,0.09712878571439493,6.7287065227065215,27.255692610537128,0.49980042412011144
1537.3083999999997,0.0961398027633386,6.725400952311756,26.848834949826607,1.6471883893628363
1537.767033333333,0.09567547309502025,6.7375160258596125,26.612429396432066,-0.008423381944656975
1538.2255999999995,0.0962017291231981,6.722832712459434,26.95296340928012,-0.4277477546841858
1538.684033333333,0.09611382044063882,6.723662398090782,26.922878957781535,0.8681170045058396
1539.1424999999995,0.09544329182238816,6.720406123961202,26.57207448201752,1.400083720510658
1539.6009666666662,0.09486460360400942,6.714603110466754,26.33716686367434,1.1478455424057021
1540.0593666666662,0.09442725801463832,6.715348032700358,26.12400889405985,0.4090993375268829
1540.5178333333329,0.09452400062542979,6.717396935488769,26.178208747472276,0.3824157222453123
1540.9761999999994,0.09410226741364591,6.734211946296449,25.967737682788194,0.4723857966667339
1541.4345333333329,0.09411288470326323,6.734394193729131,25.901791365366496,-0.28517759293296074
1541.892933333333,0.09438673425329187,6.74801578893141,26.068985849586486,0.2997784821722337
1542.3511999999998,0.09386910233775995,6.752451384668268,25.86958166255794,0.6587233521128723
1542.809633333333,0.09382595519345481,6.74426007714003,25.910365351546034,0.10285586922812735
1543.2681999999998,0.09381633522806643,6.750738806049913,25.86024838128698,0.025376416386642932
1543.7269,0.09384100337383658,6.753523162578286,25.923787545790802,0.3264812450134672
1544.1857666666667,0.09355609283158485,6.7465972819795565,25.788490941766582,0.43494716248469095
1544.6446666666666,0.09348228731607035,6.756115986004312,25.789421979946706,1.105932520671083
1545.1037666666666,0.09258624390992204,6.751315678737425,25.334678474958668,1.075864259161616
1545.5628333333334,0.09255075700811588,6.736133817320465,25.2773294522362,-0.30697811506129963
1546.0219,0.09292680762758417,6.7314507275402065,25.53745438456977,-0.6896511544331609
1546.4809999999998,0.09324027836548213,6.723630075746977,25.660100289549963,-0.37943176479260843
1546.9402333333333,0.09333237631986921,6.716894214446066,25.741957304413344,0.6040027752861704
1547.3995,0.09274363013757556,6.7179846934760485,25.4818575772722,0.4629961241709931
1547.858633333333,0.09296628505149943,6.7237905487102,25.58304230557523,0.7101040029437318
1548.3176666666666,0.0921650099958338,6.726885127895928,25.18546528830496,0.823562485974111
1548.7768999999996,0.09228907675325251,6.714823529459023,25.198946197066288,0.7336483615586328
1549.2359999999996,0.09156401044704883,6.722831535588747,24.833931365566933,0.6093557355804581
1549.695,0.09179570037422227,6.72944570999989,24.87573636025336,0.8394709742303348
1550.153733333333,0.0908626058825962,6.734157804704566,24.423436099585633,0.376296238014746
1550.6124666666665,0.09151407860613683,6.741281756834378,24.7135777639908,-1.0639595498695464
1551.0713666666666,0.0918890177286385,6.736377725982231,24.850818063156613,-0.549787609433239
1551.5302333333332,0.09206958981797625,6.719925442284592,24.96089635257216,0.0057991213353058525
1551.9892333333332,0.09194010520046184,6.717336036328017,24.856656728043117,-0.3205991570058985
1552.4482666666665,0.0924217355240916,6.698330196663839,25.156863084227002,-0.4759834069613233
1552.9072333333331,0.09243799142268375,6.7114395596412795,25.132792391680496,0.25273411909141535
1553.3661333333332,0.09225030983685853,6.707744535207803,25.0075380202631,0.18923860184646446
1553.8253999999997,0.09231043269025388,6.70325186667697,25.026998014633193,-0.10191903045679045
1554.2847999999994,0.09238611078640106,6.712252544417408,24.990714449229237,-0.06189527274790548
1554.7440999999997,0.0924109606918496,6.712853797331958,24.985470394360974,-0.29955497432957057
1555.2035666666666,0.09270983139709316,6.727265917143911,25.19747149787252,-0.7914622945008735
1555.6630666666665,0.09318757984961083,6.705002222310787,25.35684561290229,-1.5821904908850115
1556.1227999999996,0.09420659610464904,6.698312574573994,25.84036515230162,-1.0615247066460138
1556.5824333333333,0.09420008461611834,6.697579476319163,25.787561053975466,-0.006368209272162459
1557.0419333333332,0.09425835249869749,6.683348609666704,25.828044222801793,0.040453191464888134
1557.5012,0.09421197630153998,6.674560747408437,25.79318999664634,0.039459967818965824
1557.9602333333332,0.09427045036260677,6.676485120783989,25.84235052093242,-1.0578946861632594
1558.4193333333333,0.09523604444724391,6.658799012402013,26.3273664400669,-0.9903969509368613
1558.8783666666668,0.09522544370437898,6.677203798555846,26.34477897267303,-0.30810353378038896
1559.3374,0.09555303532328661,6.68147517291684,26.578442788434113,-0.0750727860611804
1559.7964666666664,0.09532720401816933,6.691207227387447,26.467561395575817,-0.6658284848715922
1560.255333333333,0.09618900085107616,6.674171098762355,26.939299972144294,-1.8728421052351554
1560.7141666666662,0.09706237171156895,6.670457321740396,27.318883871716334,-1.601003113744775
1561.1730999999997,0.0976660410969153,6.668421935043195,27.594179366446607,-0.6600759862659673
1561.6320999999998,0.09767028681858392,6.664433896389707,27.58752657869753,-0.5054097867005135
1562.0911999999996,0.0981253743913064,6.654785922100635,27.86723506673041,-0.9909411954650631
1562.550233333333,0.09856413783296299,6.661705805574704,28.12394259351019,-1.3132341969612973
1563.0091999999997,0.09931197505286928,6.64209788037845,28.550887162685925,-0.32722768733503654
1563.4683666666663,0.09884239086846806,6.633130980336452,28.377134205234515,-0.04808230367491564
1563.9276333333332,0.09931420799601588,6.621007054560447,28.674757092088225,0.04522900891603475
1564.3870333333332,0.09874724127003708,6.603015398691388,28.480068374294966,0.3045863469437444
1564.8463333333332,0.09899036840490694,6.6027320158411325,28.66681805191311,0.4504073097720365
1565.3057999999996,0.09828351391342478,6.595460327987755,28.339544975287986,1.0035092367419856
1565.765133333333,0.09800357557834236,6.603991670414817,28.199779916570442,0.8321679341636475
1566.224433333333,0.09745157915796696,6.594777398288306,27.90400830084218,-0.26982819570775124
1566.6838666666663,0.09818612956738203,6.585939679662171,28.333453551395852,-1.0548274901286288
1567.1434333333332,0.09835591119450657,6.59014013981611,28.440004138299372,-0.6476614961279202
1567.6028666666666,0.09871607657040737,6.588509765636847,28.662056596822598,-0.8375829201050304
1568.0622999999998,0.09905963271221112,6.588127242557022,28.930074819475543,-0.21736764258888008
1568.5220333333332,0.09884164780859589,6.571526072891376,28.878710950719054,0.3657375246389044
1568.9816666666663,0.09863452142061321,6.553117380905679,28.77147189817586,0.633338497675087
1569.4412999999997,0.09816824995879823,6.56739076647726,28.639597094435445,0.7133702714723179
1569.9009999999996,0.09788946482771076,6.56544668730468,28.52163632695606,0.8316103804435896
1570.3606666666662,0.09732545480397285,6.580228014839843,28.2595606967867,-0.33713898445471885
1570.8201666666662,0.09810778564133699,6.578431257281024,28.69401858961577,-1.019711036828064
1571.2799999999995,0.09813329663369297,6.577649169897876,28.737090735185383,-0.7317709721398035
1571.7399999999996,0.09864105768224526,6.571702247049119,29.000808218559758,-1.158264388490892
1572.1999999999998,0.09905799154484703,6.568740621596958,29.217661198127967,-0.8227009114570345
1572.6599999999996,0.09925575012081009,6.5633398624553285,29.294166133971423,0.24806240241073943
1573.1199666666664,0.09869035478556079,6.559170790227701,28.993299669101585,-0.042439612323916645
1573.5799,0.09915830622662984,6.536828658181396,29.20020383195538,-0.5928483653026825
1574.0399,0.09910784871214949,6.530635747051287,29.16200862251443,0.6974267209230905
1574.4998666666668,0.09839776525226346,6.522962975966878,28.91542399734945,0.6319781127981556
1574.9598333333336,0.0984158298939336,6.514373073138766,28.94431749851564,-0.739855817100769
1575.4197333333336,0.09897109178549442,6.5056721106418465,29.262375984378405,-0.7269773566068919
1575.8798000000002,0.09896912499559232,6.494656397913049,29.289794690613927,0.6019978289669956
1576.3399333333336,0.09829801062923184,6.491668674936058,29.004213323937517,0.6516965580943953
1576.799966666667,0.09823480544851233,6.493964608482201,28.998272540681256,-1.126862572929229
1577.2598333333337,0.09919603422326051,6.500031013581904,29.48824758203857,-1.1334580398103686
1577.7197,0.09915377887989234,6.498317377799645,29.411928098413636,0.11626451656987492
1578.1795333333332,0.09897546720075477,6.498928234460066,29.27493433451615,0.2600693710959918
1578.6394666666665,0.09880860299253104,6.496608449651731,29.195198452908315,-1.1315416854325384
1579.0993999999998,0.09991770722899355,6.490955270079623,29.73859750209627,-1.5850529034600425
1579.5592999999997,0.10018178435038035,6.477676818025079,29.851552397801296,-0.6114941095341344
1580.0192999999997,0.10040579402630889,6.470008656892723,29.947286366868088,-0.5465538306607562
1580.479233333333,0.1006093396646376,6.476168104501154,30.07277232906727,-0.19314288497040003
1580.9391666666663,0.10050314482077355,6.4626621485057445,30.03502124727189,0.246357294477241
1581.399033333333,0.10029786122621905,6.45018018564247,29.930353107453413,-0.6950696948855869
1581.8587999999995,0.10105694248982297,6.428368507013906,30.273359402231737,-1.2846396833763065
1582.3183999999997,0.1014043557996953,6.4302796792091925,30.402044614439156,-1.8542773911228587
1582.7781666666665,0.1027262783858631,6.42660435005113,31.052979664595732,-2.116491387114633
1583.2379999999998,0.10332367456089395,6.412035787456505,31.328479623326402,-0.17085237783610427
1583.6978333333332,0.10284375746607348,6.4139032751553495,31.070003767418747,0.426620132819174
1584.1577333333335,0.10286814724178577,6.391016565102492,31.09118640642966,-0.05282179697457984
1584.6176333333333,0.10282361931188601,6.407808956370553,31.09560572800126,-0.3645306886671579
1585.0773333333332,0.1031577940471213,6.396081413451692,31.27445452037144,-1.0590793901605715
1585.537033333333,0.10377036292186807,6.393445965477426,31.573060573415994,-1.3849615625819014
1585.9968,0.10440754757037342,6.40040552370316,31.892400697122614,0.01157695335735745
1586.4564666666665,0.10376273369482984,6.3760980301575065,31.560468159088366,0.3612288664006228
1586.9161666666664,0.10408729967814155,6.362017866515619,31.7625336767659,-1.370355536896087
1587.3759333333333,0.10503760601287981,6.368468648480096,32.294087426680505,-0.3276914556841435
1587.8356999999999,0.1044161672799399,6.37420427775275,32.02099734528261,0.5996834873276998
1588.2955,0.1045206008781863,6.378611594679403,32.076277481761814,0.2348063653316634
1588.7552666666666,0.10423100161596813,6.367017172446321,32.01508063150841,0.8055996485842953
1589.2150333333332,0.10380859219542574,6.373207390699164,31.88028847670057,0.6624569985213722
1589.674733333333,0.10365712968696716,6.376839253677723,31.765838756593144,-0.31883323866309005
1590.1343666666664,0.10413901132047343,6.381753324583896,32.0215515321612,-0.05716133759409516
1590.5940999999996,0.10376527870540027,6.395197455552743,31.83316759498593,1.6682759492032773
1591.0536999999997,0.10267481755299467,6.409415957775331,31.309439405772924,1.4261287666749722
1591.5133666666666,0.10252551175081466,6.420748977102198,31.30416999358858,-0.47202902048211365
1591.9729666666665,0.10317234437057808,6.438182490226005,31.689343207810218,0.12962718619153876
1592.4324,0.1024688615229446,6.4526799098751,31.34404754921845,1.9738375458176896
1592.8916333333332,0.101422212261521,6.47399820905794,30.836464531202832,1.300352189092443
1593.3510333333331,0.10134557326649134,6.478192894454148,30.839809904346616,0.7979210721446522
1593.8102666666664,0.10076480320311866,6.496638834248319,30.59756412972866,1.426320868926431
1594.2695666666666,0.10011793082542561,6.488001906775906,30.268929312336265,1.2991352085818093
1594.7287,0.09966393236095086,6.488833944893831,30.014001300862827,1.227944898876041
1595.1878333333334,0.0990907725990192,6.4937971600543865,29.77291808930346,1.4221880778450844
1595.6469333333334,0.09845598114816052,6.496509584146597,29.489248705296855,1.3379210845930465
1596.1059666666667,0.09796395640475075,6.500676715726998,29.324640954937028,2.1353557825307363
1596.5646666666667,0.09656728417968814,6.492772544711276,28.614353513866163,1.1649596009902474
1597.0231333333334,0.09694782958259764,6.493212190286987,28.826960502719103,-0.11305493018021391
1597.4815666666666,0.09670353725367936,6.482908517728582,28.728063439711995,-0.24767363234637157
1597.9401333333335,0.09721078117864558,6.490049292614444,28.9717085645228,0.07763636579656999
1598.3988333333334,0.09668887985075846,6.480810976618634,28.718040502580667,1.0694240760108515
1598.8574666666666,0.09630299428709206,6.486441934349916,28.547591312073685,1.6092757294941065
1599.3160666666665,0.09528119236578375,6.489380660695596,28.086534926480258,3.0897114185097014
1599.7745999999997,0.09352688641661731,6.499633266534043,27.248188488059515,1.0726016572426689
1600.2331333333332,0.09433697314981261,6.495244245084808,27.725382089213923,-1.069772714704936
1600.6917666666666,0.09454801686005353,6.502756095417467,27.858109189330992,0.5142344056649034
1601.1503999999998,0.09389750422191226,6.498636174260335,27.523599263812002,0.8641408939668678
1601.6091666666664,0.09377179537270923,6.502530462393503,27.54991096062921,-0.15744729492569037
1602.0678999999996,0.09404978088547455,6.488519935382175,27.66265141914315,-0.6130145111141427
1602.5266333333327,0.09434164794859362,6.490325622988651,27.7504049610034,-0.04705135478175972
1602.9854999999995,0.09410078049090817,6.471696849062059,27.614547818426335,-0.04508347602665295
1603.4443999999996,0.09439300956513302,6.478234519017532,27.796875399156235,-0.2622152241785882
1603.9031666666665,0.09435634083906302,6.460839943284936,27.745812259189634,0.3218117762128671
1604.3619999999999,0.09410501338324713,6.441259017789188,27.5781621792098,0.04628653517205304
1604.8209999999997,0.09431874534881433,6.428660326272335,27.673822750653205,-0.949487654208557
1605.280133333333,0.09498457343341885,6.4109961288190505,28.035803896775235,-0.6454493638207354
1605.739233333333,0.09493351764672966,6.398116727261916,28.02604791013262,-0.24846022279575036
1606.1984666666665,0.09522964417825079,6.375608936358539,28.210715064991387,-1.3067974934032311
1606.6578666666667,0.09614206835928565,6.361573563405655,28.658152946384,-0.6439606421774688
1607.1171333333334,0.09582166638459472,6.352309366835673,28.536919881023454,0.11511090771980277
1607.5765666666666,0.09603385531335762,6.347117833930779,28.613317361343487,-0.25677985824216515
1608.0359,0.09604730348771283,6.329018980365744,28.661830236568132,-0.642472869764975
1608.4952999999998,0.09660877412403711,6.350789303565746,28.99457160303618,-1.2592234403511435
1608.9548999999997,0.09718738071073955,6.339241240657266,29.306728644371685,-0.3934792727487549
1609.4143999999994,0.0969553887472327,6.33697284271039,29.276169908759076,-0.43862869146868627
1609.8740999999995,0.09756482686459318,6.331993521085454,29.533971409124064,-1.2441841567176246
1610.3338666666662,0.09806817658642622,6.340732460646288,29.881559489127454,0.8472892895558607
1610.7937999999997,0.09675773079595845,6.3474584023325455,29.271381443455052,0.7128906304055137
1611.2536999999995,0.09741677554521869,6.339407082952924,29.60280782891568,-0.31099118316135466
1611.713433333333,0.09706118716169837,6.348686952631407,29.47356477163966,0.5107518014693931
1612.1730999999993,0.0969598942557553,6.350720185616356,29.43423818385984,0.2528374567645328
1612.6326999999992,0.09684196235659315,6.3573263933282655,29.367234981879367,-0.2593588894022847
1613.0923333333328,0.09722072487273632,6.346963093556652,29.57344403725797,-0.32365055446189456
1613.5519999999995,0.09716060893986136,6.3403756546503365,29.582247240473183,0.264390912312747
1614.0115333333326,0.09699127835377046,6.342871425328421,29.53151022204479,0.4898393074811275
1614.4707999999996,0.09672627092918618,6.3477521288610115,29.387485927339487,1.2579430366974895
1614.9299999999996,0.09585250942284107,6.349071885427198,28.942015087789606,1.4638404034924797
1615.389133333333,0.09540252833427157,6.344439442761143,28.629467971308443,1.3488312554286677
1615.8481666666662,0.09463867588190046,6.347069607842908,28.274945613867832,1.529624339351596
1616.3069999999996,0.09402832174672746,6.358923370854485,28.050920209331164,0.755433179613884
1616.7657999999997,0.09398598453605608,6.376035801356484,28.037217782456512,0.44220160053785684
1617.2244999999998,0.09366497552374968,6.367587722533798,27.92352883683699,0.3196584830445207
1617.6833666666666,0.09373439772834243,6.3797194051322625,27.968552048612114,-0.6633675384485604
1618.1423333333332,0.09431770308768186,6.3795640117767105,28.332146242259647,-0.9069750381133642
1618.6011999999998,0.09460807796145623,6.3696680206146965,28.502287124734984,0.676430052318567
1619.0601,0.09372156459433577,6.3624462410068885,28.005903013844694,1.5928543643434558
1619.5191333333335,0.09315159869270394,6.349867685723066,27.728380434877714,1.2554176321912232
1619.9779666666668,0.09258413086740656,6.3759058220677565,27.418556237546905,0.6004338939370646
1620.4369000000002,0.09263856992929394,6.358554103779742,27.562886491325678,-0.06728026509699128
1620.895966666667,0.09268460001833856,6.370787711197107,27.56666908026714,0.057012084637960314
1621.3548,0.09260948536905078,6.374888082927478,27.551886903459717,0.1437114026187804
1621.8137333333334,0.09257476006034955,6.390380381786451,27.53333951580651,0.8497618716044254
1622.2726000000002,0.09185509911205678,6.375285239498864,27.240996219153494,0.7811358422078306
1622.7312666666667,0.09188302035659221,6.3741297238775125,27.294286238758684,0.9549029977250209
1623.1901666666668,0.09098994391944976,6.384871821097044,26.755982618113638,0.9064223922140338
1623.6490666666668,0.0910644975370265,6.394867131458848,26.861748759199227,0.14500572932366318
1624.1079666666667,0.09088629397289529,6.395612003420027,26.81769613451206,-0.006463368348671189
1624.5669333333335,0.09110522564354706,6.3921901312379354,26.929750733377414,0.14500271295722156
1625.0257000000001,0.0907819669067734,6.409961919590584,26.854082247145005,0.18563266292584416
1625.4845666666668,0.09095279803522217,6.396673110286826,26.96792107530532,-0.5400459928075106
1625.9436666666668,0.0912987355087671,6.38758980625783,27.120256370841773,-0.6047361111922916
1626.4029,0.09153299690404712,6.36887492856501,27.31187502260647,0.13521073989940915
1626.862133333333,0.09118863125567624,6.376831764287958,27.098102789398734,0.48605137313999924
1627.3213666666663,0.09110087733940209,6.359834071906071,26.976131245387137,-0.31361332866209296
1627.7808666666665,0.09150463779011762,6.360046904581219,27.16761555130185,-1.1823606285937298
1628.2404999999997,0.09222132836768974,6.346781943989752,27.513557176420193,-0.6667762138744859
1628.700233333333,0.09213906359746558,6.336151698959184,27.48444268787154,-0.9694079768866158
1629.1597333333327,0.09310124137945554,6.329978407599671,28.025872119477064,-0.9212193561224744
1629.619433333333,0.09293934618924571,6.31899139017694,27.94340784133023,-0.2719783995845899
1630.079233333333,0.09329051072763168,6.29812840288925,28.065986998237793,-0.4332160817285044
1630.5390999999995,0.0932679001995307,6.285852207681299,27.986530606821443,-0.3246175545148402
1630.9990666666663,0.09351791376899787,6.284097492662418,28.08893930023477,0.18115690862678668
1631.4591666666665,0.09302745270182061,6.264344770244545,27.85147302887507,0.8821234406353778
1631.9193,0.09263079159938649,6.264511005959769,27.62981286035652,0.3446188482700017
1632.3796666666667,0.09263740243353706,6.269335601549281,27.5917552862614,-0.4587713358940074
1632.8397,0.09299472262820042,6.271864180696535,27.823665941245483,-0.5733017085316491
1633.2997333333335,0.09311344565880761,6.270147744484629,27.902579653829108,-1.1894322426543316
1633.7598333333335,0.094024494228972,6.254175219175102,28.39398035998864,-1.080037899504471
1634.219866666667,0.09402005159123811,6.264523908311263,28.39412324391215,-1.2243988686423368
1634.6798333333336,0.09505804679052797,6.261990594127443,28.94942649367965,-1.2650407951813967
1635.1400333333336,0.09509241731163312,6.246659360082297,28.97156212489235,0.39769946632148195
1635.6002333333336,0.09459709682073407,6.230706158404029,28.735922351354358,-0.34624536709049053
1636.0605666666668,0.09530989864331797,6.225072878562789,29.070594989637296,-0.6989637998750972
1636.5209000000002,0.09514823804453403,6.2235833018877225,29.002467872151275,-0.6960970590630638
1636.9810666666667,0.09587294588919858,6.215020345217482,29.423246298035803,-1.1660273106162016
1637.4409666666668,0.09613710022934502,6.200471022948119,29.60731956146412,-0.2492872731736147
1637.9010333333333,0.09599511537348215,6.199070926122748,29.48494148543364,0.22016063677824801
1638.3609333333332,0.09582978543590139,6.187785514309594,29.39895734329917,-0.2428334529110149
1638.8207999999997,0.09611016712812538,6.17464597548887,29.509234501818696,-0.13536759800037793
1639.2807333333333,0.09582842404155925,6.170264922008081,29.36565030223906,0.29926403959742665
1639.7406666666664,0.09570774740371824,6.18588009770821,29.357761028089154,0.31241867260935335
1640.2005666666664,0.09541986011841459,6.205308387513161,29.15450676336553,0.411817725973644
1640.6604666666665,0.0952116308491964,6.200056111839375,29.107234694489367,-0.003359378913208816
1641.1201333333333,0.09530750949518624,6.206936895545886,29.22137860451974,0.7543974609927337
1641.5795666666666,0.09439987036473971,6.206543388422786,28.75478396563816,1.9209098183094704
1642.039033333333,0.09342118269785774,6.193737717259313,28.317207244291666,0.2650708796021332
1642.498533333333,0.09405320239348999,6.187931009404905,28.67828415226496,0.22027538942132044
1642.9582666666663,0.09315473670344908,6.202418456568136,28.23049682581521,0.6638598645861786
1643.4178999999997,0.0934142886153031,6.222383005479554,28.36483096894803,-0.4384096149014168
1643.8775999999998,0.09354168518794352,6.223180648015011,28.508494155487803,-0.008323021257675358
1644.3373333333332,0.09340355480310077,6.2202313598249805,28.494478898079187,0.18756947888394637
1644.7969666666665,0.09334221091476068,6.218126290610697,28.50004526695622,-0.02273634259149315
1645.2563,0.09340230174885024,6.226474742123391,28.637787565093216,0.0400811801528654
1645.7155333333333,0.09328734115695736,6.215508943824595,28.602756470964483,0.14310847331976936
1646.174733333333,0.09325436991963096,6.215206813328574,28.66991052056088,-0.11240862154346724
1646.6340999999998,0.09336945649579535,6.215572874411779,28.75396455850891,0.21819696769386313
1647.0934666666667,0.09302851639685555,6.2385783474167456,28.622160357804663,1.2737899102171832
1647.5528333333332,0.09217509739641183,6.2321081675809245,28.180381073527794,1.6321370579660606
1648.0121666666666,0.09150927623621831,6.241428593919436,27.81158531616851,1.7196013218359394
1648.4714333333334,0.09057534249804651,6.240736258637568,27.353767881709967,1.3223394846153453
1648.9307666666668,0.09027487506074588,6.251752024271392,27.237294983186164,-0.18496006540630777
1649.3901,0.09073158660452942,6.267105954714492,27.50638137059914,0.12233920857487265
1649.8494333333335,0.09015074849304065,6.273866164150018,27.222594378671122,1.0368203737853212
1650.3089000000004,0.08975759527142789,6.273202745220803,26.977048702595432,0.71554119966054
1650.768466666667,0.08947224348602272,6.277022213956117,26.881905791556306,0.6507258730282027
1651.2280333333338,0.08913914334195917,6.2864997878568225,26.769979926752363,0.3234181571617884
1651.687366666667,0.08916477025239597,6.288183408771228,26.868126028325747,0.31718322422510475
1652.1466333333337,0.08884368567869845,6.304553254256079,26.802348606053588,0.7208304263552684
1652.6062333333336,0.08852784163878213,6.316622267348479,26.629819475129874,0.42128373021888826
1653.0657000000003,0.08851204401080073,6.327127662143211,26.64101019838336,0.13835205498558767
1653.5250333333336,0.08845567707781357,6.329148767918588,26.59790156170338,-0.10461129566779513
1653.9845666666668,0.0886435078722167,6.336481386144073,26.72816941023368,0.085562957819763
1654.4439000000002,0.08840243941759672,6.358360556309763,26.558451781615616,0.433927976002818
1654.9034666666669,0.08827438117308353,6.363354959805637,26.548148814152643,0.11641159180933536
1655.363,0.08832945608477001,6.397156624953075,26.605468920861274,-0.015189677891601487
1655.8227,0.08832233905225333,6.435951052523284,26.581576713658805,0.6785944486684418
1656.2823,0.08773187418036117,6.460630795869354,26.303670047284008,1.1549420113609143
1656.7418333333335,0.08728192504530204,6.46753861220789,26.083137613502636,0.5767629087401314
1657.2014333333336,0.08723238124697058,6.463048891217804,26.100345625395626,0.30694211858004833
1657.6611000000003,0.0870320805573544,6.485290136443489,25.99445957547758,0.0624201265773893
1658.120466666667,0.08721312965811234,6.5007727603656855,26.135452727654172,0.11253086373705047
1658.579866666667,0.08697641819688791,6.523247272703349,26.029651587813593,0.5627995424495603
1659.0393333333338,0.08674152643335058,6.542453565569078,25.787605261927098,0.04719603137208623
1659.4986333333336,0.08697351574223,6.563737058376966,25.941715642446464,-0.3011401537014879
1659.9577000000002,0.08704820121804117,6.561708538221626,26.023408979789462,-0.3139630248499766
1660.4169000000002,0.08728678002877353,6.567570765293,26.15118499858419,-0.25765668999147795
1660.8761666666667,0.08730860043940628,6.547905393957417,26.115433095463178,-0.6484335018834823
1661.3356333333334,0.0879071782021918,6.552454579800073,26.429716623233908,-1.3950658321246643
1661.7951,0.08861779315969444,6.539852301807107,26.857908309212345,-1.0022077468156
1662.2545666666667,0.08885905515692985,6.524271171565646,27.019667542408943,-1.098735702910441
1662.7137333333337,0.08966132868188134,6.504679303552656,27.366686534905302,-0.7543731700102898
1663.1727333333336,0.08958133298209214,6.494606778326336,27.26695175671029,-0.5794228193682109
1663.6315000000002,0.0902154297034046,6.469325887486209,27.625518868833698,-0.6599484027737544
1664.0902333333336,0.09019730921288113,6.460845221015585,27.599670370041878,0.23998884158467643
1664.548966666667,0.09000142594129992,6.443898585487653,27.43207708847177,0.7019238340491541
1665.0079333333335,0.08956493035260854,6.425636525394784,27.06240331508547,0.2588504543301538
1665.4669333333336,0.08977142364978848,6.422341672259386,27.122230512978717,-1.1267275326741246
1665.9258666666672,0.09059876664331455,6.404906960035502,27.483874085905704,-1.2702696133568754
1666.384566666667,0.09091707666701798,6.38254504504811,27.705602441754856,-0.6953245430218146
1666.8432000000003,0.0912072642785307,6.361174543872892,27.876402097676742,-0.475426811396425
1667.3020333333336,0.09133288969778493,6.333653352770255,28.009932155923064,-0.43999663337411926
1667.7608666666667,0.0915993571572599,6.305045907642634,28.194836734726817,-0.5737985933330382
1668.2199666666668,0.09184741465413464,6.294286217124602,28.359243420698018,0.029294197658683928
1668.6791000000003,0.09155017783147999,6.269759876067176,28.16951731886941,-0.8041987478471152
1669.1384333333335,0.09255622486466378,6.235264156239348,28.77160375958945,-1.5249746359853429
1669.5977333333335,0.09291233276984556,6.210864450740217,29.02024261898779,-0.3415453216813875
1670.057166666667,0.09282338037028935,6.209768813044042,28.956811292590064,-0.14659719666074783
1670.5167333333334,0.09299460113769245,6.187396666745369,29.00445062987842,-1.0571978010887817
1670.9763333333333,0.09374303210367095,6.16973240127407,29.383059994571106,-1.3450870347246877
1671.4357999999997,0.09419276218314565,6.151886935266545,29.614594675272613,-0.9856071342853571
1671.8954666666666,0.09461137399760172,6.12780772190657,29.834963401877292,-0.604478366474563
1672.3552,0.09470756807031945,6.083582824022688,29.944943782851464,-0.48197373518517367
1672.8151,0.09501117696661505,6.0584545514047665,30.189200226214815,-0.29682026338117773
1673.275033333333,0.09494398712469206,6.05167180527304,30.17580567135512,-0.5242598043389003
1673.7351333333331,0.0954697454687281,6.043343962149739,30.448397205430346,-0.44935209337621645
1674.1949333333332,0.0953502144223548,6.031414664726553,30.418066685584122,0.19659582073760226
1674.6547333333335,0.0952838219347274,6.035321223665846,30.368810005142073,-0.23440049419012143
1675.1145666666669,0.09556681671464322,6.029892943946427,30.555125456433874,0.1732199893560446
1675.5744,0.0951368590136692,6.0407501403310375,30.264940396215156,0.6216035336381647
1676.0344000000002,0.09500657780835074,6.055710021902451,30.167030281419976,0.4979880423225437
1676.4946000000004,0.09469334557469263,6.0665892293290105,30.074850150302456,-0.03060821578045283
1676.9547000000005,0.09505290764168868,6.065631903828536,30.30163978450324,-0.6055346104289534
1677.4148000000005,0.09527012706944521,6.09444903869125,30.408639319624612,-0.4269971611776152
1677.874933333334,0.095465471802936,6.109041694820789,30.535689506100017,-0.2592970033224304
1678.3350000000005,0.09552672600954766,6.133467374323875,30.596429376306855,-0.18759314513548261
1678.7948333333338,0.09565260648234518,6.132245538874122,30.768337011338563,-0.17386645443314458
1679.2549333333338,0.09571309525890274,6.134998712465703,30.83680476255846,0.37523278049442726
1679.715266666667,0.09534272403686102,6.143764219176276,30.663234871888587,0.6462796699722486
1680.175466666667,0.09514383586198596,6.14177256151778,30.53455631114919,0.1056897201028264
1680.6357000000003,0.09526415960472177,6.165972386620311,30.595673128351308,0.0591120822696475
1681.0958333333335,0.09509685072879753,6.158590564165149,30.497101335208644,-0.1723771660173685
1681.5556666666666,0.0954205723284792,6.161104189210304,30.642200710163333,-0.47529051913887316
1682.0153,0.09553062201498574,6.145187513744848,30.729835404603868,-0.0344059008813408
1682.4749,0.09545170264792487,6.14579977790026,30.704242377256154,0.45972944155641116
1682.9344999999998,0.09510816387147894,6.1525159933195805,30.485520760392856,-0.0028378082041164254
1683.394033333333,0.09546216609556879,6.135689896548763,30.673129983139578,-0.6207507717378314
1683.8532999999998,0.09570028166398026,6.104640042192819,30.83090826758155,-0.455288712524923
1684.3125333333328,0.09591053542261416,6.095532072786441,30.995702509040065,0.3809576462066879
1684.7714999999996,0.09536247993296383,6.095213264214535,30.719992371659764,1.42782003904366
1685.230366666666,0.09459386550214227,6.102313332185338,30.27743545855624,0.9915840386500221
1685.6892999999993,0.09446322242519405,6.098941292995462,30.21155467331796,0.058862957587902706
1686.1480333333327,0.09456495503961893,6.104244570697625,30.192361753492936,0.038508858869155865
1686.6064999999996,0.09445722123856308,6.114746997995704,30.079808661036072,-0.20583835112150967
1687.065133333333,0.09478566867625417,6.102393030281762,30.240000882764864,0.6051198589713663
1687.5239,0.09391980878689299,6.103492773615342,29.794802367380544,1.42683549244857
1687.9828333333332,0.09347341714549055,6.106717956465186,29.497287802548584,-0.30142192549838653
1688.4416666666668,0.09419965266018973,6.113461843753938,29.944328201678292,0.06409297647100264
1688.900266666667,0.09342118703858077,6.118921010024652,29.538129672129777,0.9706958187626616
1689.3587666666672,0.0932999868311841,6.113185457286457,29.462039165439258,0.41516761092613064
1689.8173000000002,0.09302363751514749,6.103172152274237,29.312204861145307,-0.460008799767135
1690.2759666666668,0.09371702227380121,6.103787808463042,29.73482560319261,-0.5841052650289394
1690.7347000000004,0.09358322982871083,6.090010131692209,29.668893373536296,0.47676752972154113
1691.1937000000003,0.09331701727501145,6.086542586234035,29.533742215453817,0.7557724900782937
1691.6527,0.09293855230543512,6.105540570177606,29.38602640529221,0.4474644012046179
1692.1116666666665,0.09295018419513236,6.094417474599003,29.39031959591827,-0.005132350625083428
1692.5709666666664,0.09299170639164077,6.105167233983453,29.358466910446428,0.9114746048708934
1693.030233333333,0.09215785469669807,6.107746354845172,28.892608527545935,1.7107221595234157
1693.4892999999997,0.09146104665906472,6.117274932859791,28.445591517875126,1.2557010845845937
1693.9483666666663,0.09104976630629646,6.12859198397032,28.25791146933564,0.6983086666140778
1694.4073666666663,0.09085895320645992,6.1010228075480635,28.128370627968536,0.13648078325071564
1694.8662999999997,0.09096245665650685,6.10790489698087,28.18465794184345,0.46502968194073835
1695.3254999999995,0.09047394646197118,6.11763401492067,27.885968735936665,0.6105949449573064
1695.7847999999994,0.09044523799973674,6.108920483300811,27.824290784667735,-0.44898135474710854
1696.2439999999995,0.09093213831531097,6.106889435832112,28.056118176089434,-0.5922891959458967
1696.703133333333,0.09103626937658924,6.099909771515545,28.09923130384889,0.5731971658214663
1697.162233333333,0.09044669728771801,6.1083142214115504,27.754870226885828,0.2798390304418028
1697.621433333333,0.09081158369391427,6.112549264516187,27.896094046501943,-0.5839114142653107
1698.0803999999998,0.09101881287831713,6.106174057483899,28.023179436166792,0.21126587427689048
1698.5396333333333,0.09066740602557519,6.11852262601091,27.84816252072679,0.35856030697399577
1698.9991333333335,0.09073744137817963,6.101760819151808,27.914176866322155,-0.020287726188413447
1699.4584,0.09070674944225428,6.106322692549551,27.927249315506952,-0.6592278933589821
1699.9177999999997,0.09135100020791191,6.09922642976375,28.28827964582374,-1.0016309179843768
1700.3773999999999,0.09163241877098782,6.093033497410463,28.51873430720387,-0.6324982341433757
1700.8368666666665,0.09192558126978358,6.089739625707864,28.699220984510113,-1.243830803011126
1701.2962,0.09277150086425824,6.082047911645765,29.119293600230847,-1.1381023904514969
1701.7556,0.09296948005034368,6.066135193837002,29.250552132860577,-0.06438582107838692
1702.215,0.0928247409239216,6.042767970887048,29.18226228112198,-0.7894333072755693
1702.6745666666668,0.09368334567789315,6.038320979680358,29.609651531686467,-1.1523606942243352
1703.1341,0.09388235378182598,6.020190713308603,29.771238227024778,-0.4977843698647526
1703.5935999999997,0.09415162963548213,6.0121471614324475,29.935312577651015,-0.29311214445083394
1704.0529999999999,0.094153466707284,6.010710095033077,29.97201950408326,-0.00838989520224316
1704.5124999999998,0.09413674722887364,6.03784969039931,29.948298513224763,0.14745285260196847
1704.971733333333,0.09397837133092309,6.023908656800963,29.921550284317743,-0.09058313536743175
1705.4308333333329,0.09418147041569426,6.008464823859752,29.981021363460897,-0.42768536792678974
1705.8900666666664,0.0943460661387801,5.9976981505217015,30.143086632611382,0.04346665924531993
1706.3491999999997,0.09411510468989394,6.011871643898869,30.073375908432148,0.013717207377304723
1706.8083999999994,0.09430609981522602,5.987041086265971,30.231029009534506,-0.8030809935972247
1707.2678666666661,0.09482579283343676,5.986305050294934,30.53143477818797,-0.5379315356936675
1707.7274999999995,0.09477962459122988,5.987147391450829,30.460301420438164,0.31034434077879036
1708.1871666666664,0.09452930645822559,6.013381036013868,30.34119724729837,0.8145583346740638
1708.6466999999998,0.09402151641487572,6.02151701555702,30.076739230279298,0.5888984966112207
1709.1062,0.0939824826589856,6.0241322275758415,30.099967499296383,0.1005547053625741
1709.5655999999997,0.0939266398868512,6.044437076208415,30.16820429836028,0.22682251849013235
1710.0250999999998,0.09376954373839166,6.062786967178901,30.084763663560217,0.974692413429716
1710.4846333333332,0.09302609715525799,6.070865334775417,29.669780154591592,0.5865422113745112
1710.9441333333332,0.09322710751217933,6.076738773755392,29.734994252200824,0.6282938750837785
1711.4035333333331,0.09245345488876869,6.0821480123287515,29.335415072506436,0.9722377925966591
1711.8631,0.09233867891614089,6.1041839276005705,29.242206940019507,-0.05112726420303188
1712.3225,0.09250126046573016,6.11295883918912,29.376400612293786,-0.06391516460217052
1712.7817,0.09240180541029186,6.1330900476262125,29.36315420168997,0.5598968751722645
1713.2410666666665,0.09200509388581593,6.14945436457466,29.144299758199377,1.1886682815253027
1713.7004666666664,0.09133155544624376,6.183986048695612,28.82837147927735,1.0719910492292066
1714.159833333333,0.09104371141709554,6.179139427476803,28.677529531486698,0.5201913855546385
1714.6193666666663,0.09088714456756918,6.190800360653086,28.66897000537917,0.5737043512107867
1715.0786999999998,0.09055747568367983,6.186283181773185,28.50957601683819,0.7194969067032257
1715.5380666666663,0.09025985853303707,6.210337512749932,28.33728844727044,-0.12015014546125614
1715.9973999999995,0.09069555930217056,6.218758781213144,28.605655942514502,0.660230405563755
1716.456466666666,0.0897018242023675,6.216787379096053,28.0791022057575,1.162500505580722
1716.915766666666,0.08969721670397687,6.224831942860178,28.039368974700498,-0.5127976332076806
1717.375066666666,0.09024353797384149,6.215034070607621,28.398492462273154,0.48117683362031877
1717.834299999999,0.08933132304709403,6.217183749083579,27.7952729744686,1.411160139532722
1718.2936333333323,0.08902145804238516,6.19320647378676,27.5776852188073,0.9853693841355151
1718.7531999999992,0.08850397792484663,6.199102387273775,27.25103348591071,0.4437984656085757
1719.2128666666656,0.08869196689069578,6.205726012657153,27.41098253808463,-0.1334487011823466
1719.6724999999992,0.08870318654382091,6.1964126082914355,27.37264299496885,0.2475458354388393
1720.1322333333326,0.08853604608807074,6.179466890268974,27.256318168919297,-0.08703524735727554
1720.5917999999995,0.08884587056827382,6.180588306317205,27.4065383388795,-0.7144879968740078
1721.0512999999994,0.08925417954546624,6.154291621356496,27.681821439424535,-1.2848137834367503
1721.5108999999995,0.09008872452662649,6.129892834282267,28.187317387180165,-0.7708938339765689
1721.9705666666662,0.09003291350493182,6.094514370533339,28.141483215965422,-0.09890499860266885
1722.4304666666662,0.09026150074439089,6.082337808704874,28.25853934234604,-0.23478787596430856
1722.8903333333333,0.09033227286650615,6.062150449189402,28.294476238440613,-0.17941425349544748
1723.350333333333,0.09050973708559606,6.03825595957131,28.311550566695022,0.45120787073496793
1723.8103333333331,0.08999787235369228,6.053470377596985,27.976880066272987,0.07061409121151328
1724.2702999999995,0.090514910930668,6.0305307667869394,28.32496253035769,-0.14118337783764814
1724.730233333333,0.09020085567880817,6.025966559531297,28.228052913659,0.2859367979075407
1725.1903666666665,0.0903233733058058,6.034223783258252,28.342576591454126,-0.18082132645721485
1725.6505999999997,0.09043359590808987,6.027449570100879,28.423035391246245,-0.2669204533222491
1726.1109999999996,0.090639009215787,6.017458174986644,28.483255215417326,-0.426132180144264
1726.5715333333328,0.09089503673548785,6.006911871849333,28.588819821793766,-0.36048837608479145
1727.0319999999995,0.09103303432079224,5.999058854473346,28.674931155059898,-0.21545628193974267
1727.4925333333329,0.0911571397645211,5.961358386722906,28.78114068364478,-0.31495221572907783
1727.953133333333,0.09138717991943314,5.969686341967433,28.860651381684697,0.435301255793375
1728.4136999999998,0.09081886515124848,5.96880373285489,28.464746441069927,1.051156321266911
1728.8745333333331,0.09048108163445336,5.981011112050376,28.335267880028322,0.3373786753801017
1729.3352,0.09058382342722648,5.979334551613806,28.480588946336017,0.6853066718791044
1729.7958333333333,0.08993652012959996,5.988158672614119,28.069775773345707,0.12445200628766437
1730.2566666666667,0.09053126747411933,5.983206932442343,28.41139566679745,-0.12528554423691587
1730.7173666666665,0.0900842455504203,5.988016831007291,28.166771199573795,1.3427042266699478
1731.1779333333332,0.08932502979598105,6.015901367219625,27.713910226979728,0.6163575512210254
1731.6386,0.08954031724532045,6.006459669688896,27.930369736551206,-0.48933973198053027
1732.0991000000001,0.08979912532988366,6.020391894585111,28.152187593625687,-0.5323485126631424
1732.559666666667,0.09005437578382526,6.024571583125248,28.251405633628462,-0.16073768730969254
1733.0202333333336,0.08996976189372423,6.003967489718498,28.19323397997014,0.1126764286153148
1733.4807333333335,0.0899718677048479,6.0182733366103385,28.173980931986247,-0.41411339091322646
1733.9411000000002,0.09037622920325183,6.006569631375174,28.45025966564456,-0.7308653737838767
1734.4014333333334,0.09067619446271956,6.005594840976686,28.66068908060223,0.30059563476680917
1734.8618666666669,0.09011783285873755,6.020812870925005,28.353017537178197,1.0522068330313672
1735.322466666667,0.08972818051859373,6.0367297635935,28.110122379091717,0.4734793927868591
1735.7832,0.08970277510515302,6.055257385129423,28.14513751075253,0.015006380794325933
1736.2436666666667,0.08971147751178378,6.064578967647882,28.164610928154705,0.12662661763028665
1736.7042333333334,0.08957216915644135,6.089037309066112,28.12264484224665,0.4551793959895837
1737.1648666666665,0.08927729549704279,6.114099933766377,27.996258123393506,-0.29101602711139046
1737.6254999999999,0.0898288074073586,6.107260820863325,28.386133792849694,0.059766054103224525
1738.0861999999997,0.08922224832416405,6.1396732026397505,28.047164994409425,0.45985060279557
1738.5471,0.08940760680280346,6.1492668561879205,28.213541374843086,-0.6429682860280058
1739.0079333333333,0.08981422484924496,6.1510782101821615,28.4850421510355,0.3188244351256905
1739.4687333333334,0.08910680140431783,6.163900505296923,28.066286357865437,1.0561026282117707
1739.9292666666668,0.08880977741632631,6.1653228437175915,27.895876563160364,0.27594138606067226
1740.3895666666667,0.08881323733103179,6.176136075530087,27.917236892486848,-0.17049106455563684
1740.8497000000002,0.08892865733089962,6.1763713936097195,27.951804395993047,-0.8614496410161793
1741.3097666666667,0.08956998475032917,6.200384044096647,28.30055315817979,-0.166712918177696
1741.7698666666668,0.08903872616493988,6.193971440781762,28.081139356186352,0.5817404672668105
1742.2297666666666,0.08897258122363468,6.199436730905127,28.105840753928106,0.27768054779812074
1742.6895666666667,0.08871603354973846,6.196922578144546,27.93316659595576,-0.028518730610101555
1743.1495333333332,0.08892813940926891,6.20219842904239,27.978498781611723,-0.19230821243991392
1743.6096,0.08882233789406094,6.205890736914842,27.97478217190342,0.17229618374963224
1744.0695999999998,0.08869726567925286,6.207758113704928,27.9392634973857,-0.3730677963363763
1744.5294333333331,0.08908835500574987,6.212423768745907,28.217233645215366,-0.4485856579619357
1744.989433333333,0.08902374513280278,6.198164305964348,28.152359450022715,0.8506587890756684
1745.449333333333,0.08821786205628677,6.213885621129071,27.57758748537618,0.4660850176386623
1745.909366666666,0.08851345032935547,6.208522361605194,27.774284397090348,-0.3994879730764661
1746.3693333333326,0.0885074655352597,6.203855678752095,27.847307542886277,0.3789528635569464
1746.8292666666662,0.08808674940766294,6.208534624120011,27.634431948865053,0.2632428275911973
1747.2892999999995,0.08819000461568054,6.200492845108248,27.72922341193209,-0.046971603312372864
1747.7494333333332,0.08805325921249119,6.223527947467797,27.601094689015603,0.9988184401811149
1748.2094666666665,0.08720028193472296,6.234232117760444,27.054686170978197,0.29692547451406753
1748.6693999999998,0.08773616410240036,6.226061639086868,27.423102841971694,-0.6163525027040764
1749.1291666666664,0.08772186119443842,6.241598932425784,27.46650440800808,-0.10187775278441902
1749.5888999999997,0.08777470129931292,6.227599010556513,27.48817230364916,-0.0015143879376946386
1750.0488999999998,0.08768138933666048,6.217999260530486,27.427194848160607,0.022197202371818173
1750.5087333333333,0.08772292164412408,6.212711089676666,27.39818907403754,-0.12293977874504204
1750.9685,0.08776388863717902,6.200014103524662,27.439555750077776,-0.030141921326576487
1751.4283,0.08771951159326977,6.1865485422469595,27.417203227862174,-0.5659813337304097
1751.8881666666668,0.08825537121945586,6.175585183533129,27.714973179422316,-0.627524509366321
1752.3478,0.0882713042835729,6.160006887380054,27.67031019688293,-0.006725711996193567
1752.8075333333336,0.0882382500066194,6.156722580101518,27.60207534687417,-0.6036959510773783
1753.2672666666667,0.08880965472220223,6.154532496380155,27.94614654320036,-0.5840790748458176
1753.7271333333333,0.08877858084147672,6.152878206959578,27.934854717851294,0.08445345667368233
1754.1871666666668,0.08874099738680846,6.143081976238811,27.92262599251683,-0.011030095822076872
1754.6474,0.08879902671940676,6.146804727081065,28.021741835727198,0.6337966240384497
1755.1075666666668,0.08816368787716884,6.13473996968234,27.621680405166476,0.29739878674524467
1755.5675,0.08853927016923409,6.146249857813354,27.81471664350953,-0.7592329321915202
1756.0276333333334,0.08889790302110571,6.146158838520307,27.956772266790853,-0.5533853906044734
1756.4876333333334,0.0890886788553075,6.143891291044768,28.04006490779814,0.5930304928083144
1756.9477000000002,0.08838124144173379,6.117337338938052,27.591588036559862,1.159078901617945
1757.4077666666667,0.08804247939185454,6.09384960095856,27.365226340996088,0.10172177098935858
1757.8678000000002,0.08830303864126958,6.091579845427272,27.59882152363199,-0.31543317777336344
1758.3279000000002,0.0883483844109607,6.086766080884971,27.629625942223367,-0.6853678203245228
1758.7879666666668,0.08896247974950995,6.087929569980356,28.07075837657338,-1.9304647970127886
1759.2481333333333,0.09015539831713863,6.06775529452033,28.885884860376883,-1.262729447156506
1759.7081999999998,0.09014740115338703,6.070274708450645,28.86337806639966,-0.07763931361601831
1760.1682666666666,0.09024620783802029,6.061662478527113,28.908847615509224,-0.8716629810193172
1760.628433333333,0.09097143097601469,6.05320644141816,29.32859290366495,-0.906190985896833
1761.0885666666668,0.09110185013046362,6.055428523697436,29.3861823652754,-0.2597443849224709
1761.5484333333334,0.09123745643883586,6.019474214400633,29.49234679756283,-0.6363397102676829
1762.0083333333334,0.09171329119573307,6.001120686920032,29.732145811858373,-0.3586787836411221
1762.4682666666668,0.09158226670189731,5.9964188179765445,29.60815796502439,0.35151984662299
1762.928266666667,0.09140287632215839,5.969342049547926,29.48153093679569,-0.0015991178766715352
1763.3883000000003,0.09159693464866815,5.980871712267005,29.593075326333242,-0.8420023292272094
1763.8481000000002,0.09218004411986672,5.9723449147159,29.948115002821474,-1.3304275934531615
1764.3077333333335,0.09281708401967137,5.95065553066341,30.316993862184397,-1.1872507487867465
1764.7671666666668,0.09326908837787877,5.940793409121879,30.586083253063215,-1.0699440403677285
1765.226366666667,0.09380069004468097,5.928455545478667,30.88434290990577,-0.1441525718235588
1765.685266666667,0.09340803888760052,5.914188494283315,30.600276319140605,0.3758132070858794
1766.1444333333338,0.0934739816028759,5.915510999413442,30.63203606152419,-0.007309213311124325
1766.6036000000004,0.0934318836614834,5.900961151321571,30.614930802198252,0.05441074273913122
1767.0627333333337,0.0934409909946344,5.873885666056628,30.60293007073483,-0.374233626850986
1767.521766666667,0.09378840459507265,5.8500118078958305,30.900152861593106,-0.7772988436102588
1767.980866666667,0.09416209121002538,5.851878059599375,31.070772720959354,0.29453755314595925
1768.4400333333338,0.09351979685509358,5.842066222279303,30.586856051465237,1.1043456276464498
1768.8991000000003,0.09313496045799831,5.840145427080847,30.41621370979191,0.9449558615191715
1769.3584666666668,0.09262616850406782,5.830654578167759,30.107656368762324,0.5167737033419891
1769.8177,0.09261598560383852,5.810586743152248,30.127284672488415,-0.0031895889321141616
1770.277033333333,0.09257681268301533,5.803912426378698,30.10958488881256,-0.24068144708806066
1770.7362666666666,0.09279372588029919,5.8216220252008055,30.337010885359383,-0.5965157843750198
1771.195566666666,0.09309138672091313,5.832884099302448,30.549785388551083,0.08771455591218985
1771.6547999999996,0.09268884873933847,5.821876536204758,30.15072457074894,0.15826959705419197
1772.1141666666665,0.09292401855447711,5.821944046372192,30.304950893837727,0.36096148449153753
1772.5733666666665,0.09233456644779742,5.831676045125302,29.952561631153607,1.18762019818886
1773.0324999999998,0.09181377553206631,5.840949779302702,29.638423684974917,1.2406420866162469
1773.4914999999996,0.09117990124475715,5.8450030646523485,29.246430415236382,0.9612099827617492
1773.950433333333,0.09092328003848392,5.848424958460209,29.106787652960463,0.9840561077738929
1774.4093999999996,0.09026558180847358,5.8685873339818055,28.732520544216676,0.9957093575080254
1774.8682999999999,0.08998928036673005,5.85741252512538,28.66397233285639,0.8149367343375236
1775.3273666666664,0.0894911749092337,5.890181223625485,28.362375702992704,0.9021037802496555
1775.7866999999997,0.08913604590498776,5.918170555875157,28.27550428600937,0.6502681351283794
1776.2458,0.08886947546301834,5.928601869688735,28.16412387564052,0.5696826439068746
1776.7046999999998,0.08858780438930941,5.937462408862618,28.0014423483516,0.32943289625125177
1777.163633333333,0.08854706969813685,5.939146949039889,27.97070288170929,0.8759488332883464
1777.6227666666666,0.08777277643486778,5.958669517918174,27.515011187694814,1.53473479198389
1778.0822,0.08713038377957559,5.978831680917628,27.238500342203313,1.449434767575645
1778.5419,0.0864328261070081,5.984952152471261,26.790760285319575,1.7004458538882221
1779.001533333333,0.08555697579729629,6.003855277641612,26.32686612651619,0.25151095065051826
1779.461433333333,0.08619891043506604,6.008960528345805,26.785087569595547,-0.47109596879317
1779.9209999999996,0.08599050177195354,6.014590554166334,26.62039596275962,0.575708536838188
1780.3804999999998,0.08567670676432873,6.019127169499895,26.430637690356463,0.21088635624378893
1780.8400333333332,0.085804938612096,6.059684234921494,26.535529580073348,0.32597381918459933
1781.2997666666668,0.08539251042965762,6.083490850658254,26.270422240507934,0.8582476718451095
1781.7592666666665,0.08503562359285306,6.083802848808956,26.16281232404023,0.435441135502444
1782.2184999999997,0.08502206308089573,6.092535413332989,26.272090663352355,0.21042892116392625
1782.6779666666664,0.08489930698382318,6.107493002277596,26.16804927695005,0.18546957871867822
1783.1372999999999,0.0849218090846876,6.110775931455421,26.233053111438654,0.5331679152329378
1783.5965666666666,0.08449067247930675,6.119837958949012,25.97861854715074,0.5469630978651826
1784.0557666666664,0.08450224003613821,6.121966131131209,26.043257452665863,0.1134940487614535
1784.5147999999997,0.08447171810228948,6.136992856691172,25.965115780541996,-0.11013521062073277
1784.9737,0.08469256251779733,6.1378256829429585,26.117851947078083,-0.5676847976280159
1785.4328,0.08507847146289609,6.153274334343998,26.47640949159024,0.4498910087829252
1785.8920333333335,0.08435703812270852,6.145143528980262,26.074755915001997,0.6100775160095694
1786.3513666666665,0.08458358928125152,6.1324458509797175,26.237764084582246,0.09337392959262801
1786.810533333333,0.0843379233023687,6.115417923752568,26.058650143732063,0.3584071566463471
1787.2699666666663,0.08431804837727129,6.099453318858284,26.097139009783493,-0.2856776124959129
1787.7291999999995,0.08464948420669138,6.10580409751264,26.267994756586905,-0.5887936584744866
1788.1883666666663,0.08489950311052064,6.07773265036969,26.425302542908636,-0.3160759490395461
1788.647433333333,0.08497985503052388,6.099009283848392,26.382478747450836,-0.5369952272713777
1789.106333333333,0.08543478985243232,6.0883214844539095,26.648276970454894,-1.4714496627128668
1789.5650666666663,0.08637323942030345,6.0639853939305715,27.14175738187165,-0.6645611727960075
1790.024,0.08607813113263851,6.054730125606098,26.909514903613907,0.29533397658170835
1790.4828666666667,0.08612085500857856,6.0454214666163075,26.9852486386928,-0.3476446460917846
1790.9416999999999,0.0864143013285701,6.029900287943334,27.218919718521946,0.16757714235424248
1791.4003666666665,0.0859969638037982,6.01089525108023,26.935351879861685,0.6940275878628525
1791.8588999999997,0.0858112318794329,6.002596374872287,26.71666332257054,0.6230674557076488
1792.3174,0.08545306489602802,6.010134416476072,26.432773070452665,0.29262680556295
1792.7762333333333,0.08557446852149088,5.990544711726583,26.497219059491037,0.3287487948084036
1793.2348666666667,0.08516638085116839,5.996230749167511,26.13927063340092,-0.4041609752740592
1793.6936,0.08593375980397178,5.984370142344449,26.642545641805853,-1.1501562562616898
1794.1523666666667,0.08619178549887685,5.985021540886437,26.84285075523801,-0.8639823393216176
1794.6108666666667,0.08667604634639808,5.949396382486858,27.147516424456644,-1.3525741351148506
1795.0691666666667,0.08737497100730071,5.938619100039157,27.570238800099226,-0.8114972158332839
1795.5275,0.08736901645361345,5.934068168597314,27.498423053472774,-0.7388786406329704
1795.9860999999999,0.088007919894368,5.910000362161157,27.852653992445912,-1.6141792866016196
1796.444633333333,0.08879510332282116,5.892005734235968,28.316189459379444,-0.7792298767150955
1796.9033333333332,0.08864642418681148,5.871881224863668,28.097394811279734,-0.0081831952149911
1797.3622999999998,0.08871416427434063,5.864444359380897,28.05393982524774,0.032479087073254975
1797.8213999999996,0.08853539756996444,5.857042989004757,27.881697250215435,-0.6211691262609925
1798.2807666666663,0.0892091774139944,5.823038678781213,28.29989079332043,-0.3730205734795155
1798.7401999999997,0.0888025319631785,5.820669559728272,28.028487588344845,1.2854061574431956
1799.1995666666664,0.08795042875535328,5.805881028524386,27.446916465269563,0.13182531718747076
1799.6589333333332,0.0886219962223782,5.802535410240089,27.79524631222088,-0.9693649539032164
1800.1180999999997,0.0888075135705222,5.795561985148645,27.769219692725116,-0.3441966864937763
1800.5774666666664,0.0888958431964023,5.8075201058331105,27.924166875795997,-0.8453274697182204
1801.0368666666664,0.08954430934651804,5.802790206007724,28.321602082512573,-0.7350838066765846
1801.4965,0.0895469224003846,5.797001503250055,28.340384130949545,-0.29713044483061074
1801.9561666666666,0.08980372045785914,5.803023807660021,28.439275676590203,-0.04157439823980232
1802.4160333333332,0.08957813353194526,5.794201964590361,28.326494402103915,-0.02277441880033994
1802.8760333333332,0.08981636179562684,5.764945107471104,28.501567443358994,0.1097489059049153
1803.336,0.08946599161543149,5.765091045697457,28.260280171316186,-0.13381042286132033
1803.7957666666669,0.08993988869964678,5.7640463127367605,28.542581994381326,-1.5176761606915512
1804.255566666667,0.09087459853656694,5.7841249364685074,29.0935703887394,-0.901751152453723
1804.7151000000001,0.09078486614228079,5.790738483287896,28.968738587312032,-0.7328962362509979
1805.1746666666668,0.09155913591483714,5.80503414258423,29.385168324762134,-0.9056603244194474
1805.6343666666667,0.09162064235559499,5.797232720934643,29.39710933657506,-1.0819811019432537
1806.0938999999998,0.09255612068289244,5.792434767043374,30.04581948989721,-1.1223153254638827
1806.5530999999996,0.09265891060517055,5.789149913796208,30.126045490702786,0.020351468910571154
1807.012533333333,0.09255926197784356,5.774405286733532,30.122206357717864,1.1783232435798412
1807.4721333333332,0.0916015889507429,5.766534735138762,29.55880876495354,0.8262774250233835
1807.9316666666664,0.09183057114754532,5.759422306799993,29.70361167647689,0.6028499598807017
1808.3912666666663,0.09110555464138373,5.748982244454933,29.261049230114413,1.3491918710533692
1808.8508333333334,0.09065546453037829,5.7562913931152915,28.921090720633504,0.5879197368293727
1809.3104999999998,0.0906193890746632,5.755110602323906,28.95701890967164,-0.725551742430478
1809.7698999999998,0.09134549609919983,5.764167396069762,29.385377850330002,-0.2008284602974641
1810.2292666666665,0.09079995402341012,5.764734464200115,29.141679756063613,0.5030608389175204
1810.6883999999998,0.0908962148009543,5.768685010585688,29.258936268586023,0.14625306915797792
1811.1475333333328,0.09069808642124283,5.786130310318963,29.26554137050607,-0.007387009788727111
1811.6064999999996,0.09092493108169804,5.791345999499634,29.505204947390034,0.5783259388952182
1812.065433333333,0.09016421064678096,5.804020680674323,29.02751404103312,0.7501619567380062
1812.524433333333,0.09022495414985574,5.7985545438681525,29.06027225658486,-0.9570231268189809
1812.9835666666663,0.09104083514129963,5.7986189841878755,29.574137100747866,-0.27071447183948394
1813.4426666666664,0.09046052886111941,5.811697690764764,29.29046709423314,1.4943432953333495
1813.902033333333,0.08963148823871023,5.817460098697,28.82321627040427,0.903793731659309
1814.3611999999998,0.08958406838817264,5.806195676650009,28.780990673224267,1.1238247369265555
1814.8201666666664,0.08854151127505856,5.8197195947644556,28.09166552018876,1.1869715919424775
1815.278933333333,0.08842174538898084,5.804938355959183,28.056057730316994,0.8334023142585244
1815.7375,0.0876987422328181,5.8072768396582655,27.680093414330692,0.850419556002643
1816.1959333333332,0.08756526892651507,5.80173415159889,27.625203325697893,0.0770792830626306
1816.6543,0.08755117491602003,5.833509731211462,27.60453121751455,0.608123010283983
1817.1126333333334,0.08693002698111015,5.846399804675766,27.2170347547006,0.9020843292744969
1817.571,0.08664403658341611,5.866724998692674,27.078763833653166,1.0410695843984625
1818.0293,0.08589299963208177,5.8613938426103935,26.61779534463642,1.282597988524806
1818.4876333333334,0.085380555586808,5.86398017958066,26.377787904394545,0.8849899985275348
1818.9460333333334,0.08499136026568209,5.864913818570015,26.205931429393083,0.5548103076059386
1819.4044000000001,0.08478462529031473,5.877975560691629,26.13439945335358,0.4258102245851979
1819.8627666666669,0.08451738830619987,5.875903383542662,26.034078971273775,0.6102019489105476
1820.3214333333335,0.0841207696212635,5.8931270428200575,25.760216271182166,0.7745938839842305
1820.7800333333332,0.08368201700212034,5.89185827635699,25.53639127074631,0.18310729890590957
1821.2384,0.08382746600887653,5.903131712135229,25.649178946521072,0.08558755483483955
1821.6968,0.08348040578963113,5.922157440666439,25.431796275411973,0.23684661991364017
1822.1553999999999,0.08347755824001138,5.928509316332439,25.49189593587577,-0.01881330793716704
1822.6139666666666,0.0833600269623889,5.924008431779869,25.507291212808887,0.23737067544439494
1823.0726666666662,0.08311544929951566,5.919404613925095,25.35294377020808,1.3549184344629805
1823.5313666666661,0.08198033361670055,5.934182361386051,24.652645561716934,1.348928618997288
1823.9900999999995,0.08176495080181403,5.95842961045632,24.458354132322057,-0.18276160347170642
1824.4489999999994,0.0820386546833763,5.971448895963383,24.60514910324803,-0.8247995263771674
1824.9078666666662,0.08240982810248217,5.96400806492308,24.82441953541622,0.4980453714622563
1825.3667333333328,0.08149033071007679,5.9744025171716055,24.167505268636482,0.7538179346731448
1825.8253999999993,0.08165251931931942,5.982819933674251,24.32280089327275,0.3740407121613464
1826.284033333333,0.08107295471403606,5.994282196132319,23.985004095555507,1.2495805825483355
1826.7425999999996,0.08042271253632187,6.025654784432583,23.66132826249021,1.375118670803237
1827.2008999999996,0.07974004692502301,6.018797208372256,23.175282416656856,0.22854771445912367
1827.659233333333,0.08017212575995634,6.025049562750703,23.422490645170328,-0.6603315384295312
1828.117533333333,0.08032836764003021,6.030643296141583,23.50588418482176,-0.5660042248277346
1828.576,0.08067014700166342,6.034300522191228,23.78021281403784,0.0363532201700382
1829.0345,0.08027742167002656,6.051966160267576,23.423731853294075,0.020322057405710622
1829.4931666666664,0.08064286458639727,6.054613106149156,23.639314781531656,-0.666103074584314
1829.9517666666666,0.08087810229684408,6.068201894065085,23.792846487267123,0.3051871136628277
1830.4106333333332,0.08034645035587265,6.0585366309801465,23.488442361016713,0.6682969062848794
1830.8694666666668,0.08024512321615068,6.044491868019792,23.538547911666708,-0.3693384880120143
1831.3284,0.08066775610254952,6.031707703364476,23.794713455715982,-0.15475606674584974
1831.7876333333336,0.08036386856897099,6.034370223544983,23.590887209646368,0.21726475476020532
1832.2472000000002,0.08044301713664256,6.034061042967267,23.600656222285288,-0.06355356272048507
1832.7069333333334,0.08039199210748016,6.0438677649501376,23.593837616563423,0.2151884914033286
1833.1665999999998,0.08021687839534013,6.047560936209055,23.5547579510817,0.2636695065104098
1833.6262333333332,0.08012028005814632,6.055423307222472,23.536471756004527,-0.547546427773251
1834.0858666666666,0.08069764760604695,6.051365365323211,23.951941719218723,-0.9231867599381902
1834.5452999999998,0.08095599035767398,6.059552089548431,24.13787737891555,-0.32501447566072533
1835.0049333333332,0.08098957368917835,6.073700226835546,24.163564884460037,-0.025617431206567533
1835.4645,0.0809754511365092,6.061998599544684,24.113024626429073,-0.0032842591366737017
1835.9240666666665,0.08098787677030375,6.0760557301099265,24.07515919443739,0.012108217342989778
1836.3838666666663,0.08096556098468509,6.079342413175273,24.035391137117678,-0.0815258022118292
1836.8435666666664,0.08107682706603735,6.086388507210509,24.13252175056466,-0.528672085128406
1837.3032999999998,0.08146701878808554,6.072329645504172,24.470153550559882,-0.13108536860589765
1837.7628333333332,0.08121699850877338,6.062781308850782,24.35221254616929,0.2150744722910086
1838.2221666666665,0.08129482011565736,6.051591672651018,24.461290136807627,-0.09469917761163954
1838.6813666666665,0.08132575077786784,6.0602094276744065,24.54852310577823,-0.7606065786961741
1839.1405999999995,0.08200127421778469,6.055800788377471,24.988717554325326,-1.3211502254192766
1839.5997999999995,0.08253765017808606,6.054680633151358,25.30880539757124,-1.149742051394006
1840.0587333333328,0.08307257955729407,6.0563941878710255,25.637181622175877,-0.688120927480365
1840.5177666666661,0.08319953358431888,6.035811844659156,25.708676280130838,-1.47284103032102
1840.976966666666,0.08443730561386402,6.038035973857992,26.467660462472125,-1.5107545233214479
1841.4359333333325,0.08457993439328582,6.041357203150576,26.686534967145413,-0.3089481155831545
1841.895166666666,0.08470920727973104,6.044182686745411,26.74677999674184,-0.16771560157271123
1842.3540999999996,0.08474215029129409,6.034625306469624,26.76353156354843,-0.3094125264109517
1842.8130666666661,0.08501208714464992,6.02682721980086,27.016338331832493,-0.6094197168384385
1843.2718666666663,0.08531575325847891,6.0223843099556795,27.154214452060913,0.13590069799860466
1843.7307999999998,0.08489999410397467,6.006992412063179,26.904038087880267,0.31194120847260054
1844.1893666666665,0.08504290361361469,5.999244536247024,26.972897700589858,-0.34767924199823425
1844.6481333333334,0.08522796411526133,6.0009970400499535,27.073832939456604,0.6145328861070812
1845.1068000000002,0.08448781702140863,6.014198063665282,26.541977668783503,0.5031109356180896
1845.565466666667,0.08479805321875722,6.0122665963884,26.74214567382053,-0.30964805866241474
1846.0238000000004,0.0848199712351499,6.013915509565247,26.795069792634457,0.28335841093741726
1846.4819000000002,0.08458772595148069,5.999862541455748,26.605728602524643,-0.5483077926959875
1846.9398666666668,0.08536221055861302,5.97905315229645,27.095715106432735,-0.4223900261109668
1847.3979333333334,0.08500669675987535,5.969660616451391,26.82891992471103,1.0004130880576487
1847.8558000000003,0.0844805770967067,5.972347495043874,26.453642027895427,0.7230218981290676
1848.3139333333336,0.08438144685577889,5.96233049398123,26.353327871076445,0.20891972778878995
1848.771966666667,0.08432675898381259,5.946706287645081,26.332109507385177,0.21259365625225385
1849.2301333333335,0.08422397847412867,5.959458538525041,26.3345566745494,0.35579997849963113
1849.6880333333336,0.08404285729298225,5.96345160873406,26.28251568529924,0.9738680327153152
1850.1457666666668,0.08337617894486057,5.965414663827392,25.807384096616733,0.870449162443512
1850.6033333333332,0.08328805245536122,5.967512501789033,25.734410241161676,0.09464046603307004
1851.0609666666664,0.08333651532677337,5.978450643812472,25.683101515422447,-0.10085641581607926
1851.5187666666664,0.08341846152998661,5.9608021856784585,25.60437906495394,0.06765544208856486
1851.9765333333332,0.08330023555516836,5.970018746701226,25.49583552082868,0.5521924781569243
1852.434533333333,0.08293501430650915,5.977078929847975,25.205674578227867,0.698133899148011
1852.8927999999999,0.08268101550551797,5.977391399011925,25.093894564116088,0.9718058883101565
1853.3512666666668,0.08206618302624223,5.969267281169575,24.757186172885007,0.7129062229793228
1853.8100333333334,0.0820454886011202,5.972122279430043,24.656565177547616,0.3727409184579968
1854.2688,0.08172827911806026,5.971810932994262,24.458134480056085,0.6575292082382812
1854.7275000000002,0.0814364041367926,5.957191394358517,24.37080711058448,-0.1037363382292913
1855.1861666666666,0.08180772748721771,5.956207258832984,24.554023903730663,-0.5202809307433287
1855.6445666666668,0.08189179579995232,5.953580864155639,24.59697808222735,-0.3742511162015149
1856.1032333333335,0.08211701487897226,5.947504228069128,24.72744898433036,-0.5701958619745151
1856.5620666666669,0.08237378550233453,5.95987656415235,24.88036088614329,-0.14617212175742073
1857.0211333333334,0.0822088601009942,5.957003560957109,24.840896312560474,-0.33594683930639196
1857.4801333333335,0.08263721740041798,5.958324560254662,25.13731095625394,-0.7147666131912966
1857.9391333333333,0.08282705769733673,5.96424210489356,25.308169231733512,-0.5256868195660194
1858.397866666667,0.08308890073104176,5.9695324045132265,25.46944582262841,-0.5827947424048533
1858.8568000000002,0.08332232979099849,5.945313001213232,25.706402521330393,-0.0041272871543849895
1859.3155333333336,0.08303408734868023,5.931926237056232,25.584971469605723,-0.08693812534164995
1859.7743333333337,0.08332819334483979,5.938759005196284,25.70713267425869,-0.6441698067403515
1860.2330000000004,0.08355349963232393,5.933557631343462,25.93394387879608,0.32769347488669504
1860.6919000000005,0.08297143254908994,5.94450771533784,25.55132944834405,0.6399735913330189
1861.150966666667,0.0829215127643181,5.945651431308317,25.46319782426635,-0.08739692566549216
1861.6102000000003,0.08300621831472785,5.9513884867158815,25.523001101132003,0.28562501956730885
1862.069166666667,0.08261215870936442,5.958698475673118,25.239089325626903,0.7871184686790388
1862.5279666666668,0.0822338063611212,5.964687716807063,24.91377609786619,0.8422644429673496
1862.9865666666667,0.08178753502563885,5.960263846130332,24.654392615004276,0.28019171699160533
1863.4452,0.08191672147762223,5.947933326040855,24.661123454213275,0.04113347846666417
1863.9038000000003,0.08168861252928847,5.951930269785464,24.62576375766566,0.31437317457664377
1864.3626000000006,0.08158293465646345,5.948098767180972,24.599164599429866,0.5027059127832492
1864.8215666666672,0.08118917930726562,5.948690225854002,24.416583209358173,0.24548536819456018
1865.2806000000005,0.08132757997115529,5.970020275269326,24.553713479324607,-0.018038321080163358
1865.7399000000003,0.08118011501547356,5.97430862688081,24.4857337208288,-0.11775276400038395
1866.1988666666668,0.08140650481674361,5.948366870328971,24.616346252184634,-0.4438497766187938
1866.6575666666668,0.08155641735153103,5.9384073451677395,24.73198192026146,-0.23143671889750653
1867.1162666666667,0.08158818104702553,5.938112390169739,24.691293989916865,0.012660735576768818
1867.5748999999998,0.08151240950842745,5.929133708858287,24.779229591816687,-0.3261601661452912
1868.0334666666665,0.0818590059434741,5.9268712863344595,24.935298955835858,0.08158633070149296
1868.4922,0.0814217803046558,5.946909029495322,24.60561936412982,1.7929332879961455
1868.9509666666668,0.08020636115457537,5.934004562334566,23.807334119009806,1.7430285672613335
1869.4100333333333,0.0798327563053815,5.9399037482745065,23.55471763381045,0.8300750407867322
1869.8689666666667,0.07946848797303284,5.94027732735584,23.28571553467321,0.8831048590072357
1870.3278333333333,0.07904889319426964,5.941856350909851,23.072973500067988,1.058156323450387
1870.7866666666664,0.07852204053781242,5.945800253473649,22.708002688630817,1.0637115318997887
1871.245433333333,0.07809367916796708,5.9504397263156,22.339731855505434,1.273595939502385
1871.7044666666663,0.07736993374864602,5.9498735128539355,21.83394186144686,0.9557414797177111
1872.1635333333334,0.07722197463838575,5.948185015946438,21.75380487772521,0.942030451316306
1872.6224000000002,0.07651581818122984,5.9589060899617925,21.271162000575284,0.5868059868216794
1873.081166666667,0.07669077721832769,5.964764575231863,21.390566227925827,0.09678198550223156
1873.5399000000004,0.07642441964615944,5.966466012025121,21.2911503842227,0.13492551937251823
1873.998666666667,0.07655973964296796,5.976079548039444,21.30971468353583,0.10031993311430804
1874.457233333334,0.07632045878710576,5.984109049204436,21.207989808559613,-0.10741152134671886
1874.915533333334,0.07664788896564927,5.989927895022655,21.43061153505137,-0.5310482105134
1875.373833333334,0.07679086191955928,5.9803451226032855,21.57083107583636,-0.3292112969672153
1875.832233333334,0.07692886846762492,5.993903851985059,21.76111847322416,-0.15043606125815953
1876.2906666666674,0.07690774496059168,6.000671345971645,21.825601438032546,-0.46913339606186255
1876.7492000000009,0.07734377101007457,5.9887372983689655,22.032752570675004,0.04425396194701047
1877.2080000000005,0.07684926489675098,5.988418251940063,21.665997145891968,-0.4966338677718947
1877.6669000000004,0.07776669437723195,5.973201421319647,22.206740748866284,-1.2688293395663808
1878.1255333333336,0.07797434323501197,5.980060082693096,22.31052551081637,0.03683220770131092
1878.5839666666668,0.07769601258154478,5.989686199661492,22.082490493069173,0.3378981154738618
1879.0424000000003,0.07763201204338693,5.963779308824352,21.94556047524986,-0.13064763092748008
1879.500566666667,0.07778577776460012,5.969550917917374,22.102351774491254,0.03373434287269322
1879.9587666666666,0.07757930504915089,5.971767402528788,21.958800035479445,-0.39036041412738726
1880.417,0.0781251227580695,5.977850993360316,22.299521292783815,-0.09817157215695856
1880.8750666666667,0.07765212583406812,5.973750520684733,22.064786741207843,0.24914601280372342
1881.3329,0.07787165896889815,5.9782625301822465,22.169554233918223,-0.22456096733459857
1881.7907,0.07781873584440883,5.969599882163856,22.16046648721624,0.8653045877862299
1882.248233333333,0.07705233104330873,5.957583941466895,21.672637225046998,0.07380650868334411
1882.7059666666662,0.07775454895098698,5.977443423840086,22.187033277919397,-0.7957398292970251
1883.1635333333331,0.07778011056197577,5.9703295580341775,22.235288394046712,0.007686560518572596
1883.6211333333329,0.07773266250980387,5.98053487949117,22.238830914080456,-0.06715358860984988
1884.078633333333,0.0778226583507254,5.971704317088362,22.343815320903758,-0.5574146912597089
1884.5358666666664,0.07822921380736453,5.974787353370884,22.663979991277255,-0.6802386340543971
1884.993233333333,0.0784408290828224,5.979618119436271,22.887925408314228,-0.7195526930072379
1885.450633333333,0.07888952512201222,5.978202312021472,23.122270378796543,-0.5016827834556793
1885.9082999999998,0.0789146776403082,5.974923038995798,23.117018414898972,-0.9422312174033675
1886.3662333333332,0.07976790951301736,5.967854952039107,23.729664443421242,-0.7493890284278258
1886.8243,0.07962290137547517,5.959558366197519,23.59810371938108,0.7693414693829386
1887.2824333333333,0.0790948903634556,5.959899939403347,23.25882641411952,0.602272359557039
1887.7406666666666,0.07910311586309758,5.956008580149594,23.315892500326957,-0.22303107369842448
1888.1989666666668,0.07933024299019154,5.9400865578927835,23.470937811817166,-0.5263080096150589
1888.6572333333336,0.0796109040245679,5.923754703715481,23.665240689591922,-0.1857663023190921
1889.1153333333334,0.0795292758215011,5.919442216022248,23.490385155142622,-0.5721973909918298
1889.5733,0.0801587163150517,5.904018748114456,23.879308971751566,-1.1730672111797051
1890.0315333333333,0.08061411878177281,5.887422738136597,24.13436633349585,-0.8657629833308004
1890.4897666666666,0.08095467430871273,5.872607578224892,24.35406878060892,-0.900880180850299
1890.9480333333336,0.08144267734394513,5.874678101139698,24.769645987836007,0.2596766834061081
1891.4064,0.08072514912151707,5.875005220762547,24.258663739469316,0.7520704617576991
1891.8651,0.08075709137361715,5.842523041690091,24.2161720667911,-0.468360070942831
1892.3238333333331,0.08116007666510895,5.825826363418647,24.522385222480104,-0.056433623718840364
1892.7825999999998,0.08079795688413575,5.837288554563473,24.413376732728487,-0.13041578144762445
1893.2415666666661,0.08126763714507633,5.809654861543649,24.702281755365437,-0.8228937600030649
1893.700633333333,0.08155306454237825,5.812765126952425,24.906270393001552,0.7324069673048705
1894.1596999999997,0.08059899176407218,5.813216625665459,24.23436915300811,0.3174824484431669
1894.618733333333,0.08126131824359344,5.818816436577521,24.58952098423133,-0.3853632314643486
1895.077733333333,0.08096405155533067,5.8166151209509005,24.327820663309204,0.04898318502525358
1895.5364999999997,0.0812416730219902,5.834149316543793,24.572551686700237,-1.4582939161179607
1895.995433333333,0.08230603314658146,5.838722217112699,25.246037464610453,-0.8694049120633347
1896.4543666666661,0.08200740735322228,5.827227070274347,25.057443764355927,0.5819739826505126
1896.9132999999997,0.08172456034481651,5.829406905963022,24.87144245410236,0.35158731740602545
1897.3720999999996,0.08163993262116363,5.823026571497962,24.85582812149949,0.43917868371761737
1897.8308999999995,0.08128109377759184,5.816661804795403,24.562827523632198,0.46690978979615255
1898.289866666666,0.08117264462146322,5.820763597013074,24.404784738195488,0.3202593884094041
1898.7486999999994,0.08095210651484687,5.813753285624266,24.229864334591042,0.2675963495994725
1899.2075666666663,0.08089827180722692,5.816272444668257,24.302873880969443,0.3258182052219433
1899.666133333333,0.08062887474481331,5.815263824477974,24.118610228331395,0.5319132939280776
1900.1244333333332,0.08038755372884744,5.812215996559851,23.889381535980966,0.2939633297802029
1900.5827666666667,0.08033892581404162,5.814687447140427,23.836010245050623,-0.4791135043083838
1901.0412333333334,0.08080616312008078,5.803924955634594,24.08772323201318,-0.002396377261107656
1901.4996333333333,0.08032536663954908,5.803800447441282,23.74079434909364,0.6757791052120136
1901.9578666666669,0.08016975111637058,5.807915967762688,23.556765511602507,1.0669474365608698
1902.4162666666668,0.07933135852497991,5.8217615274071495,23.097871895944746,0.6348578371745645
1902.8748,0.07957947803012633,5.821848736140211,23.327041818337403,-0.289370616087376
1903.3333666666667,0.07959789811626575,5.817340343543571,23.265134632420136,-0.07656607100291626
1903.7918000000002,0.07966073826022169,5.831844831359567,23.345055099187803,0.32664906250617576
1904.2502000000002,0.07931193136494882,5.853056068207594,23.183368700073025,0.6721799559014242
1904.7084000000004,0.07906454622841375,5.8365215101107895,22.931896748640916,-0.6459127712958751
1905.166366666667,0.07992078244524174,5.839914538461588,23.51149090719567,-1.4833759271325726
1905.6241333333337,0.08042881215787946,5.859154799797756,23.856560724551397,-0.5843178081118784
1906.0818000000004,0.08045922678468798,5.845469627408553,23.86350641022898,-0.08013111774803335
1906.539266666667,0.0805208317230644,5.837591509644262,23.901912750321095,0.48686030302893263
1906.9965,0.08002845447583921,5.852435478358534,23.573949399204267,0.8379458847287667
1907.4535999999998,0.07975329827733642,5.864951914964016,23.411182895278632,0.09728208698074639
1907.9106666666664,0.07993855288455809,5.853154199388515,23.558553133650772,-0.08297919149566507
1908.3678333333332,0.07983290525037041,5.8639249411012795,23.573092920354934,-0.4745687711905532
1908.8253,0.08037683404437425,5.863941207190242,23.95151493900922,-0.020534820904632628
1909.2829,0.07986206856771412,5.846897089632688,23.56164648323447,1.0812933911037326
1909.7406666666666,0.07940730622458583,5.852564607562789,23.304391628936465,0.6835003684222054
1910.1982333333333,0.07926108348775289,5.840298728386896,23.22514640899529,0.1910664864429411
1910.6558,0.07926248863837622,5.84126419763381,23.275314976587644,-0.40221912725056314
1911.1133999999997,0.07965686354609329,5.830569573407812,23.501726250419342,-0.47138806232736613
1911.570933333333,0.07972208599355521,5.848598889827905,23.559428973305405,-0.22071406404762414
1912.028333333333,0.0798866662760401,5.847719562164567,23.722019470469732,-0.159677127242666
1912.4859666666664,0.07988361196689316,5.856287214521385,23.688673278995747,0.03410631023336552
1912.9433333333332,0.07985710886258678,5.8500390798242154,23.68842311762329,0.20254937543586146
1913.4007666666664,0.07969374235525768,5.856812852321311,23.54805241513423,0.39733086862158856
1913.8584333333333,0.07948811001088753,5.876763878031194,23.468917161700617,0.31367165787913803
1914.3160666666668,0.07939693088754293,5.884879688970544,23.438237881972583,0.605461462075793
1914.7735333333333,0.07892494686975038,5.885435621715888,23.147303970717186,0.4675080051485856
1915.2309999999998,0.07895515255269912,5.87670411728784,23.21205743724484,-0.752367458153171
1915.688533333333,0.07959593358323017,5.881886557936781,23.674156532597546,-1.0695593397439427
1916.145933333333,0.07991739338799903,5.879772148903909,23.80612673339022,-0.5662519647900418
1916.6031999999996,0.08009592210961716,5.878705845281267,23.958868421024714,0.3733178657216069
1917.0605999999996,0.07954926566661548,5.876035688195486,23.70077520037202,1.0054162548383634
1917.5178999999996,0.07915046065634695,5.87212527102441,23.442850326881118,0.9570886412752304
1917.9753333333329,0.07864512077593593,5.877785425683717,23.05332264210841,0.7626907255724897
1918.4327333333329,0.07842066600855208,5.888833444834016,22.92007935814905,1.0949028275293495
1918.8903333333328,0.07762128488584309,5.883608741064398,22.479867093893066,1.849966105846879
1919.3480333333328,0.07671327995068544,5.8895677729083795,21.90126383258383,1.0101355292438081
1919.806066666666,0.07668688551819283,5.909897470665433,21.90092948446476,-0.34555990984379015
1920.2641999999996,0.07702515963983304,5.90878326323816,22.192749418125327,-0.30140133078100384
1920.7225333333329,0.07696105341037074,5.904779703023351,22.231888609767715,-0.20514468352124413
1921.1810999999996,0.07721454851973734,5.894988165400744,22.41361188040644,0.06899849756752953
1921.6397999999997,0.07689827648088612,5.90033054981396,22.149790313467662,1.1513105629105882
1922.0984999999996,0.07615418450267608,5.882873051683925,21.60576408251245,1.7986219950889593
1922.556933333333,0.07523716182517978,5.873313551089447,21.017541936573238,0.7507407318562687
1923.0153666666668,0.07544571812119144,5.887680265695629,21.260315243512075,0.10717119151835926
1923.4736333333335,0.07511205097207135,5.8862084866626265,20.98089242037795,0.4825313945600141
1923.9320000000002,0.07497576053872716,5.8951851618461815,20.899813707736644,0.10894455996332629
1924.3902333333335,0.07498062578314386,5.8929876808602835,20.88989961810641,0.2188804414881228
1924.8485666666668,0.07474020981975633,5.894614373288792,20.81912968320481,0.5507735699992994
1925.3070333333335,0.07443812788289607,5.8803044822642345,20.54776823550522,0.5896056252880506
1925.7656333333337,0.07416194295364101,5.8738714776224725,20.426672806169144,0.468725435074569
1926.2241333333336,0.07398059269440374,5.856479736364257,20.390372841240474,0.1923760338507187
1926.6826000000003,0.0739591335387257,5.859435644153796,20.363037577709598,0.3596515445037816
1927.1413000000002,0.07360863565289759,5.85888288509029,20.175154474205964,0.15163333179900423
1927.5997666666667,0.07376273388039285,5.842471744028818,20.27757476593912,-0.22161889449616948
1928.0584000000001,0.07375390670430809,5.838520458396666,20.258414399872112,-0.6746089159967739
1928.5171666666668,0.07432346061359825,5.830619149477373,20.68927581880771,-1.0474498522662212
1928.976,0.07465926232281063,5.854414705783726,20.90680405967334,0.8720553430704029
1929.4348666666667,0.07348167859096733,5.847511791765017,20.196840463922832,0.527309824607749
1929.894,0.07417687317255085,5.836121543838643,20.60815254185769,0.2235053672090776
1930.3532666666665,0.07329349291726144,5.8394045168105615,20.02576178367614,0.7600985472221844
1930.8124666666665,0.07348422976808087,5.856533030224576,20.14974620808404,-0.19119104982685325
1931.2717333333333,0.07347231291961774,5.847356537955458,20.137623672969188,-0.264399295055561
1931.7307333333333,0.0737323199194198,5.830787983657935,20.26449646933706,-0.8796218529060512
1932.1896666666664,0.07428529951143344,5.825328517567956,20.602144091203037,-0.7412534748613342
1932.6484333333333,0.07441832228332261,5.824616688461785,20.690005258718802,-0.544398756178589
1933.1070333333332,0.07479134562883072,5.808949868480608,20.950443931771012,0.009380020758736285
1933.5656333333332,0.07439851197808862,5.7901691679136915,20.65722135226587,1.1095998706571208
1934.0240666666666,0.0737567699774409,5.815073394987796,20.17969405279237,0.6109702107134332
1934.4824333333331,0.07383120866292216,5.819167752539812,20.133102579304747,-0.11702072567085114
1934.9406999999997,0.0738566800945065,5.821289556774185,20.15726781321337,0.09624160508786544
1935.3987999999997,0.07374496661408249,5.816075646746682,20.113002925409766,-0.4503861045841582
1935.8567666666663,0.07427771531524646,5.826045994197007,20.48597023571927,-0.8590310091261449
1936.315033333333,0.07453546111141961,5.819996792833187,20.683353870246606,0.23207761220782225
1936.7734666666665,0.07406522163528015,5.817988090762925,20.298313340888235,0.36509454544197667
1937.2317666666668,0.07419836188419238,5.817172336695466,20.458006702334632,-0.41602071458314666
1937.6901666666665,0.07444833836307767,5.810905624442216,20.55446475773448,-0.27855651582439933
1938.1485999999998,0.07446223746570761,5.806467683163657,20.561045721336168,0.31406239795319946
1938.6070666666665,0.07416985510940852,5.8153484235756565,20.321741678123544,0.16413479760527544
1939.0656333333332,0.07432165719333073,5.808823694017022,20.449125285222514,-0.35135051107175674
1939.5241,0.07449760966186404,5.812764367943017,20.538126528033636,-0.7423583581488187
1939.9824333333333,0.0750049796019105,5.816896242051121,20.787460604887997,-0.1966166795178213
1940.4410666666668,0.07467287937345242,5.828727707378364,20.56613810262306,-0.11929665252440573
1940.8995,0.07511255500742864,5.828874752983239,20.84236153947489,-0.6447774205443721
1941.3579,0.0752755001967632,5.825623115183314,20.958391764359316,-0.5493190321290852
1941.8162666666667,0.07563387216776558,5.819163215860357,21.154125091948444,0.12753810276753239
1942.2745666666667,0.07517862694006101,5.821995738005184,20.785364646607974,0.45392157134795186
1942.7328,0.07522902417033431,5.805607300594852,20.836450233429115,-0.9868560976815841
1943.191033333333,0.07608662510886222,5.806172676971755,21.32011576019223,-0.5273989001183105
1943.649,0.07567604091310559,5.81187162224626,21.18073354612567,-0.15379899180428777
1944.1067666666665,0.07617490131323752,5.804413046396704,21.525154595745565,-0.09134337250370685
1944.5645,0.0757269961559564,5.806097505077525,21.211139039130877,0.26985529061372077
1945.0221,0.07589373503603988,5.81974265362264,21.34596361605577,-0.555615522424601
1945.479833333333,0.07619930802214886,5.816261376821351,21.705771837384255,-0.08012652414132133
1945.9377999999997,0.07592950721936909,5.825872740091994,21.64228571944298,0.6236952707323652
1946.3957666666663,0.07559166186320608,5.835686459462175,21.397383975080526,0.33521397596544494
1946.8539999999998,0.07560322773185282,5.839549883611375,21.39246166794085,0.10993464846354009
1947.3120666666664,0.07549156947532148,5.84863283357324,21.364258613148994,-0.09081746603934988
1947.770133333333,0.07568467423735019,5.833751308042127,21.513548870525792,-0.09372618711937152
1948.2280666666663,0.07556435572029241,5.8217032672930955,21.46089604122101,0.9583962492592557
1948.6859,0.07479187423049584,5.82346995587354,20.968057177157696,0.23880990424000667
1949.1438,0.07532554859438133,5.834259759306636,21.288407237064828,-0.08602690927305837
1949.6018333333334,0.07484347556161262,5.826113281015388,20.956757306218098,0.138545971150264
1950.0596666666668,0.07517468311101365,5.840164697748408,21.16246505382705,-0.5499232086218014
1950.5173333333332,0.07532405907049805,5.828616840701885,21.207173813202164,-0.23979126890256897
1950.9750666666666,0.07537603053000437,5.810431563227891,21.225269613667933,0.024407052803563787
1951.4325666666666,0.07527840512186605,5.813820129429692,21.149906925839915,0.3364752005526795
1951.8901,0.0750401842382183,5.82202633275291,20.991437397506182,0.01363838993526197
1952.3475333333333,0.07524260933561357,5.817622261582741,21.1550377509131,-0.7091060429287515
1952.8047666666669,0.07566530641098423,5.824795782157884,21.442022327376325,-0.4384299418159224
1953.2619333333334,0.07562208792844409,5.823463148488772,21.330537707072548,0.12344325106905081
1953.7191333333335,0.07553157181333724,5.82676385844959,21.30836326294011,-0.2778871212924995
1954.1760666666669,0.07586931691128004,5.80693470321261,21.421610605208567,-0.16475888424049553
1954.6330666666672,0.07568676396136466,5.7976524730435814,21.36026459589876,-0.03209766528479236
1955.090166666667,0.07590239422638285,5.798258735724315,21.438860377847934,-0.34722907712790096
1955.5472000000002,0.07600566379861513,5.802235103733451,21.634700665555176,-0.6937059958625114
1956.0043333333333,0.07653373247565973,5.805300805878692,21.951363847661092,-0.6246043065058858
1956.4613666666664,0.07657860854717097,5.801102764428618,21.98436523222286,0.4690291793385012
1956.9183666666665,0.076109789935581,5.802166792241302,21.673963304244218,0.5529711822469554
1957.3754666666664,0.07608716184660966,5.812538181866623,21.613229765945867,-0.24268450699752045
1957.8327333333332,0.07634613183798213,5.815024770808956,21.714239067806997,-0.28297244236618013
1958.2900333333332,0.07636055113831884,5.8044432189172195,21.710856500542835,1.044174652927274
1958.7474333333332,0.07540991068099974,5.808418766254942,21.143036667361525,1.3621747808751066
1959.2049666666665,0.07515758170991299,5.8215488743971235,20.922214311996317,-0.14344929861494515
1959.6622666666665,0.07560037902771824,5.809446483197467,21.17563591344764,-0.8485529778803526
1960.1196333333332,0.07598863129578909,5.81850405789197,21.38380617739034,0.6610898977366306
1960.576733333333,0.07503737969191812,5.813642319266334,20.77059546552329,1.118655220426749
1961.0338999999997,0.07501357569970621,5.809511830571081,20.756791278049647,-0.27181571023136275
1961.4911666666662,0.07534138118572083,5.809037062071203,21.026598519643777,0.04978519582720473
1961.9484666666663,0.07502657951098828,5.815269617152303,20.854805389451762,-0.02595733828522917
1962.4058333333328,0.07542457103250698,5.803048589149521,21.01214607372642,-0.6136775413688286
1962.8632999999998,0.07564503065721792,5.79785654160449,21.179768089385863,-0.9334175421882914
1963.3207333333332,0.0763426165439549,5.794041310225471,21.66096476688411,-0.303269906305188
1963.7781,0.07599448403319352,5.777163992440107,21.46523141677887,0.590233207829584
1964.2354333333335,0.07587936167910975,5.794583905891191,21.376286895950088,0.18379738518817476
1964.6928,0.07590448024909648,5.803294945041804,21.33302124313152,0.24471753565333385
1965.1502,0.07573531839392278,5.7983769913792065,21.288713085959145,-0.026857097386204322
1965.6076333333333,0.07600990397295412,5.795337586129168,21.491927584968106,-0.13623436405857997
1966.0650333333333,0.07594152106277462,5.798164132920084,21.39186417683428,0.5031501463373693
1966.5223999999996,0.07563261162931563,5.783692804130461,21.15514362395112,-0.11471049897119985
1966.9798666666666,0.07613254048916843,5.775252217835606,21.474774737641408,-0.3147837601015872
1967.4374333333333,0.0760037442008446,5.761180630343603,21.44349059472809,0.42028216855534206
1967.8950000000002,0.07582814431651906,5.781987483433198,21.418411907038298,0.19770442839213792
1968.3526000000004,0.07590496210821104,5.784706968945698,21.46670812307165,0.6130614980049186
1968.8101333333339,0.07535115475890306,5.789788054269334,21.168243437401777,1.0359399791455637
1969.2675000000004,0.07503821040502018,5.7918447867320015,20.877907807840234,0.3653621528074789
1969.7246333333337,0.0750958834582188,5.800939135815394,20.971265935116044,0.0862286527803683
1970.1818,0.07504056064212584,5.796105298954824,20.89553466520114,0.05601741805590592
1970.639,0.07512568740831121,5.802653107470578,20.909770577981423,0.08319001277702798
1971.0961333333332,0.07503812323038306,5.7879356246969165,20.800171832216826,0.043147977420426635
1971.5532333333329,0.07515857727598248,5.7952139993285945,20.986146313084653,-0.2040442085272155
1972.0103999999997,0.07529338778481287,5.785717577765306,21.060270865780268,-0.8275273993517346
1972.4675666666662,0.07598005528991561,5.756321863682601,21.433100586343663,-0.5977205994940279
1972.9245333333329,0.07588363651513605,5.754884216654789,21.328437372630244,0.2878256871440014
1973.3816666666664,0.07575060559063597,5.76672309807301,21.287035256036877,0.11274746904671357
1973.838733333333,0.07582527425167553,5.7417726024616815,21.363042027572607,-0.3761053340265192
1974.2958666666661,0.07613572514496561,5.745593161320286,21.571843173227084,-0.6819829467615882
1974.7530999999994,0.0764905948940025,5.758979100829428,21.75329263691278,-0.7553303600687012
1975.210366666666,0.07687350820386087,5.762551236845362,21.90587006746008,-0.3539945409247441
1975.667666666666,0.07686247074554095,5.753052288438842,21.84836027817989,-0.4312271121972366
1976.1249999999995,0.07731800216700443,5.752964384752564,22.19567425580856,-0.19188189057838573
1976.5822666666663,0.07708700173488765,5.758488310074288,22.027516025682104,0.3932372271031262
1977.0395666666664,0.0770050215186288,5.74837023123078,21.948141131587946,-0.038779382930484906
1977.496933333333,0.07716736072591397,5.749240682826652,22.091936959023837,-0.4749623305302528
1977.9544999999996,0.07748237406465792,5.730660063908912,22.337460840029117,-0.03330692862151677
1978.4120666666663,0.0772416416227729,5.73005327584326,22.232728563334668,0.21630903132142848
1978.8696666666665,0.07732601949259289,5.73951410614411,22.260862911695405,0.7707342928690939
1979.3271666666665,0.07658332631301955,5.737713413398017,21.79075514772992,0.6821307600429021
1979.7846333333332,0.07674882835696593,5.7264667095102615,21.95836044003834,0.00985990758944094
1980.242133333333,0.07661700156525539,5.743151840043192,21.965326829999665,1.3001717018286512
1980.6995333333332,0.0756005758420245,5.747906341024201,21.34328462956863,1.7160851036960558
1981.1569666666664,0.07509185814847658,5.752923954877153,20.988441672298986,1.2399752271295466
1981.6144666666664,0.07451370545369185,5.738653513381246,20.553363875667817,0.821664469068451
1982.0719,0.07438742545928922,5.738073168989972,20.432859244264954,-0.09281834759458968
1982.5293666666664,0.07464579752341308,5.741311109122294,20.642961757353067,-0.09196753965611455
1982.9868666666664,0.07452099469283978,5.744330738783045,20.62520737022232,0.6044291281725379
1983.4444999999998,0.07414532933236073,5.746764503173357,20.4427601092045,0.6337568093135092
1983.9022333333332,0.07399285725131277,5.75221589733413,20.377502295909842,0.3532815079281054
1984.3599999999997,0.07387204296649225,5.744626265526957,20.36087409625941,0.9039489170477095
1984.8176999999998,0.07321517901609016,5.755813277140071,19.91734569849881,1.8525175701082843
1985.2754666666665,0.07222685944297111,5.744300448475907,19.183957298089478,1.2621094469208123
1985.7331999999997,0.07210951907768909,5.7563914251833,19.109840231532928,0.21222305532399213
1986.1909666666663,0.07208524929247034,5.780273291243335,19.171966716452875,0.24450684437262366
1986.6488999999997,0.07193813111460191,5.787513166477138,19.13950418415629,0.6813815377861742
1987.106933333333,0.07151260037892021,5.777990486048647,18.893250719804144,0.9285147764828319
1987.5651999999998,0.07113183435620232,5.8035534472925905,18.688315329797785,-0.2409505288079317
1988.0233999999998,0.07176461874670652,5.824369294872501,19.138644616093547,-0.2960242942927071
1988.4812666666664,0.07141869449141305,5.813797473198419,18.965232384962526,1.3760990159714277
1988.9389999999999,0.07051579435239748,5.802960073235855,18.33995205145262,0.5970978825185216
1989.3968333333335,0.07089001322348322,5.8146461392830275,18.59229037735521,0.19300924365195604
1989.8547333333333,0.0703564105625686,5.796761030330458,18.253022924807503,0.48380752050587994
1990.3125666666667,0.0704606837056727,5.784301117950088,18.391151122362533,-0.3020264009193662
1990.7703333333334,0.07064480320379263,5.800375996921912,18.49686026814267,-0.08747769320572163
1991.2281333333333,0.07055107026063226,5.79918088617597,18.435077835584114,-0.15222084666352934
1991.6856666666667,0.070789791257663,5.797374621666264,18.54535556676903,-0.8732572837804046
1992.1432333333335,0.07135001856265108,5.78088229170536,18.921080941399996,-0.907197548276299
1992.600866666667,0.07162081470512252,5.7698656442955105,19.13771241184262,-1.1630051591471897
1993.0586333333338,0.07240935553751952,5.761986089698571,19.675920600520968,-0.9278277309433577
1993.5166000000004,0.07246310266246102,5.762914572949639,19.734693000642288,-0.13286845745826836
1993.9746333333335,0.07252802286592896,5.755391334864182,19.760810666445614,-0.3465926694148584
1994.4328,0.07277564820894152,5.749663616356002,19.94768899432114,-1.3501945486877365
1994.8909000000003,0.07375772930038535,5.756716747401066,20.60849564935088,-1.765131140044587
1995.3489000000002,0.07439299453701133,5.752375555862118,21.060571838746043,-0.8738261245392308
1995.8069,0.07456383315565279,5.744498559486842,21.216127809355214,-0.4058653555731042
1996.2649333333334,0.07477084274833944,5.7356096821724005,21.3233137447889,0.3622963501386973
1996.7228999999998,0.07424922940561546,5.737242005350265,20.991063773168264,0.37847767087062373
1997.1807999999996,0.07445116163081743,5.729093010400642,21.119489746018427,0.0240509394703937
1997.6388999999997,0.07424227953856788,5.724134714002455,20.997484514174936,0.44867457297851326
1998.0970666666665,0.07404991554576473,5.71863811256541,20.865256086286994,-0.09817081813876279
1998.5552666666663,0.07433656019356223,5.718495768776447,21.11396067782055,-0.4539767754210189
1999.0133999999996,0.07446550783761287,5.724997901332581,21.208338872085033,-0.38202572231197307
1999.4714666666662,0.0746838272814724,5.731219073841959,21.391728608349982,-0.5805647859282925
1999.9294999999995,0.07499231591713164,5.725064085932772,21.62070908178138,-0.4186118374776469
2000.3872666666662,0.07506580949375558,5.7114568012764115,21.73906609147181,0.03444687904138757
2000.8447999999994,0.0749608741110558,5.711290167904777,21.702236441939988,-0.28048464622066627
2001.3020999999997,0.07532145375075995,5.690757233962737,21.940639442126596,0.2024528728757886
2001.7595999999996,0.07477619525915966,5.676491623518975,21.579192577970296,0.2574663337066982
2002.2173333333328,0.0750854558016546,5.674219896702675,21.80611079161971,-0.5035928078810025
2002.675133333333,0.07523964244835071,5.6793153324568255,21.943790422143127,0.36206540762365946
2003.1327999999999,0.07474622472721527,5.675531752921985,21.698440284250573,0.6086258356504629
2003.5902666666666,0.07466969575753546,5.695562459337199,21.72674521207578,0.22481793160101485
2004.0478333333333,0.0745291592689809,5.700703155715548,21.70210546681649,0.6308163702463143
2004.5053999999998,0.07408379283094436,5.690245607465141,21.43403565803818,0.9595544799554122
2004.963,0.07364212610680766,5.698466621574952,21.123145341392735,0.794022180112722
2005.4207,0.07335096994397046,5.697923283275834,21.052963613871373,0.7693360408348093
2005.8783666666668,0.07293626552698945,5.706511589016416,20.729536955836558,0.8911293853375933
2006.335966666667,0.07253368766677888,5.71460513882746,20.41308857895444,0.760071432975195
2006.7935000000004,0.07223829529664604,5.711327121230861,20.184796920778474,0.31531586763596126
2007.2508333333337,0.0722415143513173,5.717744995985621,20.153733334776927,0.16714982471737375
2007.708066666667,0.07208284179238231,5.712355698455353,20.09488118726426,-0.16717402105686818
2008.1653333333338,0.07240205288287041,5.7182440682307725,20.281331345030573,0.31581107140745923
2008.6225000000004,0.07180934730223623,5.722041140354661,19.93066617289874,0.6598817499880264
2009.0799000000002,0.0718100117844218,5.726046281002296,19.9209913904386,-0.1600780706669562
2009.5373000000004,0.07196342808355342,5.725930902819833,19.99790724013266,-0.20197986775482207
2009.9946000000002,0.07200103964041207,5.7336332764579465,20.036799178658754,-0.9225562674211124
2010.4521000000002,0.07280184346137013,5.7194080423655,20.533349959342505,-0.24701673380251868
2010.9095333333335,0.0722197413361216,5.711152823668063,20.07330916933047,0.4642626382161724
2011.3670666666667,0.07240588829215615,5.710754283136294,20.13596799951704,-0.37543611099377716
2011.8245,0.07261312149182203,5.7286529239876725,20.29736166441311,-0.20942708752550077
2012.2820000000002,0.07265321266378764,5.7283366683109245,20.322396988843195,-0.2924973168652673
2012.7395666666666,0.07293974901296109,5.728562315260049,20.571595056197168,0.20149040593857864
2013.1970666666666,0.07253645554608011,5.716179223345097,20.292032602798347,0.9347853032372843
2013.6547666666665,0.07216298248456819,5.71585094182272,20.078208666249154,0.48345907939231153
2014.1124666666667,0.0721711895794885,5.7159831502263145,20.056938589756307,0.4475839346305701
2014.5701666666664,0.07182713648851344,5.72655026259139,19.85261231417456,0.809084718015129
2015.027833333333,0.07150384027394574,5.731128127487384,19.63384528866796,0.002620170300615515
2015.4853666666666,0.07190415810585643,5.728667801793282,19.94397160916608,-0.4134348322599582
2015.9428666666663,0.07196075789871001,5.725531407636389,20.021039351681917,-0.22621888937285262
2016.4003666666663,0.07218405799845865,5.721665297810744,20.265302988794918,-0.05641479727778475
2016.8579999999997,0.07208376858402801,5.730050856627803,20.187073887763944,-0.010968614162287216
2017.3156999999997,0.07226065823671786,5.717566743616622,20.244172235371263,-0.4321504607216197
2017.7733666666666,0.07254556280377128,5.712065073335062,20.405275638332544,-0.2608049223825903
2018.231,0.07256744947094568,5.721383947947878,20.488401595469902,-0.5414410496296804
2018.6884666666663,0.07310952661137625,5.726301059791553,20.820801641325037,-0.1762088070223104
2019.145933333333,0.07279479958442873,5.73138514218431,20.505743001854455,0.9346226144470079
2019.6032666666665,0.07232323637633875,5.742348353312266,20.310416661021552,0.2242150844920201
2020.0608333333332,0.07268727586323025,5.732094671653565,20.646656653835063,0.15984993909970202
2020.5184333333332,0.07229804393128257,5.734225824974893,20.401610221819812,0.941320999135413
2020.9762999999998,0.0719587250808436,5.728647429128407,20.22342750761533,0.3902327996223407
2021.4344333333333,0.07207631063141452,5.727229306595851,20.273086687041953,0.5313838196282932
2021.8925333333334,0.07159812783913302,5.723106824745693,19.977348256151696,1.0132389219583071
2022.3506333333332,0.07126696190385048,5.7063218468294155,19.713943821772446,0.8342916704528591
2022.8085666666666,0.07094928210056545,5.6979654076602095,19.56038981316857,0.5038072153329869
2023.2666666666664,0.07092681409243906,5.695346609205323,19.583115852426534,0.8274813619994654
2023.725,0.07031561326300971,5.674382608908426,19.151913056463332,1.415970563653944
2024.183133333333,0.06974731454667842,5.678417374894258,18.831735440049393,0.32335674028762407
2024.641433333333,0.07012993444992742,5.6828134386216576,19.131350154283822,-0.10754412963302193
2025.0993333333333,0.06993717621761422,5.687446967212339,19.100312144736563,0.23767668067335257
2025.5572666666667,0.0699902023129652,5.67518112561721,19.21137152032621,0.31128608926695817
2026.0151333333333,0.06972889104008272,5.664609391371338,19.0525742586909,0.4129551053951933
2026.473,0.06969354450401898,5.657179867807208,19.048194844683184,-0.39139001408517443
2026.931033333333,0.07016615838910491,5.648162878672915,19.425833551073048,-0.4525164058656264
2027.3888333333332,0.07018067741504576,5.64314601952151,19.39752383693066,-0.18913111412715744
2027.8469999999998,0.0704237400725725,5.634262178714632,19.54346678556004,-0.5137542862355566
2028.305233333333,0.07074705356655066,5.62840935695902,19.60221057852393,-0.2608937939635367
2028.7635666666663,0.07076032741455089,5.630298140729964,19.661379548120582,0.43350723407001646
2029.2217999999998,0.07045052603585268,5.632580660179029,19.44202795689195,1.013339155637438
2029.679933333333,0.0699335331509508,5.629701351860391,19.109187210413204,1.0587342390212202
2030.1382333333333,0.06957794717924226,5.634691258079107,18.878234112897687,0.3325449885718702
2030.5965333333334,0.06972547872211572,5.629939206184544,18.921664684449567,0.3065955289657145
2031.0548333333331,0.06940216758922681,5.638795720213243,18.725437673012582,0.8311836839137074
2031.5130666666664,0.06907053148513964,5.645793678291819,18.485716654592963,0.4612282115433226
2031.9713666666664,0.06908052623914121,5.629893860662222,18.5216016305867,0.21388008991205645
2032.4298999999996,0.06897688604872647,5.617107956643856,18.463531825198128,0.39944731023288454
2032.8883666666666,0.06882551467007814,5.611086483071353,18.486585112242395,-0.4045633763909052
2033.3469,0.06945485489363287,5.605859005954948,18.89117717386304,0.05100511017031854
2033.8054666666667,0.06884289927065883,5.596035961644861,18.43121895093537,0.8560863182824054
2034.2641666666668,0.06870389679367786,5.594873063796345,18.311746328748708,0.36536468420663276
2034.7226333333333,0.06852753005101819,5.598480108227258,18.130177252249016,0.267346497969803
2035.1808999999998,0.06847345135653364,5.580236846726773,18.031624159321414,-0.42122045760999627
2035.6390999999999,0.0689260918756264,5.5760593624425505,18.31457936728009,-1.03059535954495
2036.0974666666666,0.0694273572963978,5.588378974271684,18.605074547583342,-0.894749134200546
2036.5557666666666,0.06975566793627345,5.597257490207545,18.798790184608592,-0.6033158331901478
2037.0138666666667,0.0699847381506733,5.611289915653806,18.869651349818824,-0.24160897859914426
2037.4718333333333,0.06997852743068277,5.628701833939297,18.87766771808345,-0.10162890939295605
2037.929933333333,0.07008792350278578,5.614836023440309,18.818984167576808,-0.5056374547491402
2038.3879333333334,0.07044865674151267,5.608234967382839,19.01315520110385,-0.7894772659210317
2038.846,0.07081293203108117,5.596422934333828,19.1710249272274,-1.1975051677130701
2039.3042666666668,0.07155403747301244,5.591488740257178,19.535377660551738,-1.061983292625019
2039.7626999999998,0.07179507631705477,5.589046322508399,19.67332389314446,0.39686530696424605
2040.2210666666663,0.07119004540569247,5.593467157802933,19.23506128508381,0.7414040681080218
2040.6793666666663,0.07110769941922211,5.600344842630901,19.086221021730218,0.04971152402317712
2041.137833333333,0.07112634967755278,5.580848175957208,18.970562948147066,0.3573237748344403
2041.5960666666663,0.07074773104958003,5.568325991567254,18.641131714978844,-0.07392247122653185
2042.054166666666,0.07114466297652008,5.56965211292293,18.920266726400325,-0.6669533256969593
2042.5123666666661,0.07129971034016494,5.5546104277061605,18.951592422892027,-0.5348862728713458
2042.9705999999996,0.07157154890712385,5.556650811833996,19.03524904208083,-0.7594647037343986
2043.4287999999997,0.07193152540318498,5.552546442721582,19.18379052714779,-0.5621191496445553
2043.8867999999998,0.07202610638684799,5.529748421399854,19.163317342781344,-0.6612637462316412
2044.344733333333,0.0724823154694563,5.51308743399475,19.506025776644197,-0.6589677823205043
2044.8026666666663,0.07257700005266775,5.507190359053992,19.508235816966142,-0.158901294627117
2045.2604999999999,0.07257431039433192,5.495561328321246,19.519443569226617,-0.22438417759331117
2045.7183666666663,0.07272830992622324,5.496100678439005,19.500971501578604,-0.2860394607957179
2046.1761666666662,0.07278141222437806,5.490547511048222,19.543456385274162,-0.29235287566948215
2046.634066666666,0.07293546143180402,5.482338107111171,19.557279762432962,-0.46278302674280763
2047.0921999999996,0.07315133370390753,5.479868607826528,19.66830471567762,-0.6929845906440094
2047.5502999999994,0.07353219408192536,5.494714966405096,19.903543381861095,-0.8298762604799084
2048.008466666666,0.07387680916075928,5.498217166058031,20.03076063662198,-0.3091896752605508
2048.466733333333,0.0737826926085254,5.495121595243557,20.02782767578964,-0.7573821814176949
2048.9250666666667,0.07454114170999886,5.507086967936941,20.571033068144594,-0.44600779032365195
2049.3834,0.07417051312706817,5.5100801300329865,20.388343601964714,0.6981026011394708
2049.8416666666667,0.07388591330800777,5.504560098490855,20.217359083105382,0.7399462844005977
2050.3000333333334,0.07347604983468371,5.506718263453013,20.01890441315947,0.5893547550051391
2050.758366666667,0.07332428862652048,5.489552869138361,19.993257996509858,-0.39516116121474526
2051.2165999999997,0.07381612715986201,5.481345767026043,20.33100513587006,-0.038008451214243594
2051.6748666666667,0.07333214759083896,5.493455876617522,20.13015764907272,1.2851007870436064
2052.1330666666668,0.07260538401570417,5.493379709224699,19.76271309767899,0.8856051697950711
2052.5914,0.07248808405877684,5.498957918949264,19.721722796719195,0.5542978608520391
2053.0495,0.07205961852007803,5.49998552081978,19.52149078832049,0.655365134039088
2053.5076,0.07184201823873423,5.508395912446956,19.46939632647745,-0.4494972970943326
2053.9657,0.07242744193824528,5.5166751944742645,19.835801586638716,-0.2745820665817159
2054.423766666667,0.07205820732481324,5.517438698682353,19.649856447824092,0.4981649088911944
2054.881666666667,0.07194307412112112,5.533692917809868,19.60392670327108,-0.2294100900443832
2055.3395,0.07223984171400036,5.557160784743478,19.848082745198106,-0.015603984307809854
2055.7973666666667,0.07193479347225253,5.550937698759552,19.73542907457769,0.6314839472033495
2056.2554,0.0716446680891786,5.555348614575356,19.592079470010287,0.4515151368980093
2056.7137000000002,0.07150627761839237,5.54333208456007,19.597565498395973,0.4031925586859731
2057.1721666666663,0.07126415399328499,5.564509749625346,19.467913835044282,-0.09553342725503478
2057.6308666666664,0.07158184291490317,5.575491989657502,19.765352268725135,-0.22980733927274158
2058.0894999999996,0.07145998316343499,5.580897370789987,19.704157916275786,-0.3081779170148816
2058.548133333333,0.0718450167413791,5.5871304248900895,19.988547589258754,-0.04095164834438938
2059.0068666666666,0.0714822847370514,5.592727953994251,19.69371602848667,1.059622063456581
2059.4655000000002,0.07086523263789211,5.603639137373579,19.312341468461316,0.7292120334208732
2059.9239666666667,0.07080016260100207,5.609504298544967,19.271996718748337,-0.25265158166723883
2060.3823,0.07107851678730981,5.627893944588796,19.530639617361434,0.46045009017091226
2060.8403333333335,0.07035895686176924,5.621905963113708,19.044249816827243,0.6628430131186887
2061.2981333333337,0.07045912287764407,5.61038529924132,19.181696793439095,0.10970996547932237
2061.7559,0.07024041868509882,5.610374279841164,19.09205204732388,-0.053850261787226836
2062.213733333334,0.0704892188189911,5.607322768924848,19.244898780731138,0.6945171335245439
2062.6715000000004,0.06958730260028705,5.605537722649558,18.65968053455553,1.0207093277757917
2063.1294333333335,0.06953268698296362,5.6129890476755895,18.62810919320847,0.41758952535382643
2063.5874000000003,0.06918250412770714,5.612234455273922,18.4268237492836,0.48236010036504484
2064.0452666666665,0.06906690842086192,5.606595573647001,18.30854134229816,0.4113530786945351
2064.5032,0.06878717686208664,5.6172045348236,18.12185044718676,0.6353700687919317
2064.9612666666667,0.06846760165967333,5.618062307926099,17.822172871255884,-0.16973136384674578
2065.4192666666663,0.06893021030539515,5.6196141269946205,18.08597342723629,-0.28998819035542317
2065.8772999999997,0.0687310317214884,5.62565782828098,17.851142797999774,0.647690747583131
2066.3354,0.0683418031088813,5.620927167701507,17.573382898431664,0.6077410008937236
2066.7936,0.06817854735355852,5.61808699563513,17.49424836077217,-0.04058543851589855
2067.251633333333,0.06839120065278176,5.612369772508373,17.5119893142742,-0.144419969896629
2067.7095999999997,0.06832752049223839,5.5997126157214705,17.531085728821207,0.07292003012125683
2068.167666666666,0.06833834750178185,5.603902425718012,17.573097567182227,-0.017344795093336623
2068.6257999999993,0.06835616001004197,5.598794147119846,17.667940058667167,0.05587245332772907
2069.084066666666,0.06830378579059723,5.591645934431241,17.67503354282541,-0.009139310936486025
2069.5425999999998,0.06838096937514566,5.605027396059922,17.668781320226795,0.1425641818374054
2070.0007999999993,0.06820093108792388,5.607908955123714,17.530843870483324,0.5952633064395488
2070.458933333333,0.06787414765156118,5.598353424700277,17.31332338296968,0.20683583444276202
2070.917066666666,0.0680502917396625,5.581380499420893,17.43670066954861,0.23145673696405458
2071.3750333333332,0.06770486285693747,5.583894562379054,17.1984746527594,0.8197198766623791
2071.833033333333,0.06734022559055336,5.591838143144965,16.81969475834538,0.8786068982817863
2072.2909999999997,0.06694064878422427,5.583875294449179,16.566910377642614,1.712076469374856e-05
2072.749033333333,0.0673784436352916,5.583997553591874,16.87767418678287,-0.9137081993079443
2073.207033333333,0.0678153438516372,5.5837792829833255,17.220908254776813,-0.2886724664484459
2073.6651666666667,0.06768725220688694,5.588122346820742,17.115744141997702,0.15787660661166295
2074.1233666666662,0.06771936950945227,5.5806700102500955,17.060518363262652,-1.3624565824118722
2074.5815999999995,0.0689725088166436,5.577301694204394,17.919821694240213,-1.5436353682933437
2075.0399999999995,0.06914536278278367,5.581045705879228,18.02037020466057,-0.28788497272961355
2075.498333333333,0.06925234082965069,5.583857562708257,18.174982756947287,-0.10411165733462116
2075.9566333333332,0.06925835248675788,5.591173964338666,18.149467748457575,-0.27164623208621663
2076.4148999999998,0.0695154583291826,5.58684674381847,18.299864881523433,-0.0497140728745742
2076.873066666666,0.06931271086628328,5.577506910816558,18.08119226944332,0.07645067985902526
2077.3313333333326,0.0694540007001874,5.5787668723874555,18.176254344276217,-0.07238876193173888
2077.789599999999,0.06939361341786958,5.584296826027331,18.136226642453508,0.1184258361104239
2078.2478333333324,0.06936062540036413,5.581708490463243,18.11928816484919,-0.39898077830325085
2078.7058999999995,0.06977035873953659,5.580579112317177,18.408740667305455,-0.5784348170297973
2079.163966666666,0.06989679026242362,5.568384104069262,18.458397884599993,-0.28784617841103255
2079.6220666666663,0.07003964655881931,5.564227442255042,18.58284473202334,-0.8665431093634699
2080.08,0.07068716608518218,5.566407803407959,19.033060541184554,-0.20150499950680176
2080.5379666666668,0.07020746267465149,5.579056812460122,18.62745940844071,0.3384128700688159
2080.9959666666664,0.07034887926248501,5.586660322938999,18.75830311005932,-0.41680881365784
2081.4541,0.07055634147059012,5.578651322949167,18.86291301743082,-0.3939501572432302
2081.9121999999998,0.07067727640683831,5.562743489914169,18.849707097414456,-1.2036164307527775
2082.3703333333333,0.07163023523453099,5.558598701320893,19.37398849449221,-1.5633534783137892
2082.8284333333336,0.07208044567466225,5.546107558922947,19.619474978144694,0.08035601845449468
2083.2862333333333,0.07154115901731176,5.539091473083266,19.302495199149607,0.6991502294977895
2083.7443,0.0714345388020276,5.534122088351184,19.17473186473947,-0.6425588718196654
2084.2022,0.07210344654702175,5.541717855513654,19.54932639154145,-0.9342430856857278
2084.660066666667,0.07225175536877822,5.546577531188722,19.59860163968819,-0.47061462515285096
2085.118066666667,0.0724873092029563,5.5539649678407725,19.663524656873427,0.20500361907973216
2085.576233333333,0.07200921780652669,5.5600491988912095,19.53353117611811,0.25239839293302996
2086.0345666666667,0.0721977755632937,5.562454994605868,19.694649328972616,0.19489822932701562
2086.4930666666664,0.07176930391137681,5.558205766726684,19.45566921719119,0.6901041595412841
2086.9516333333336,0.07149587894532297,5.548295267949902,19.19824999359933,0.36704107183829815
2087.4102666666668,0.07136237542962598,5.541099763149082,19.148422073731098,0.033061518136484565
2087.8689000000004,0.07139419987583498,5.534609631313239,19.25489593809824,0.8522044447537295
2088.3276333333333,0.07051463635476564,5.54042836107099,18.626520307940797,1.3002647207178513
2088.7862,0.07015330217650845,5.547360615006189,18.38174058441129,0.6915196460809768
2089.2447,0.06983758607081678,5.543521140167604,18.16009300425686,0.48590915265873347
2089.7032,0.0696693276153287,5.541145794949603,18.034177627840634,0.41367200033401824
2090.1617333333334,0.06942145773451813,5.556299112855299,17.888483076515513,-0.24134098915635746
2090.6201,0.06985167192081183,5.551835284797844,18.2591201625203,-0.6258205350871068
2091.0784000000003,0.06994664565506166,5.55669544106143,18.256920932893696,-0.34985588141651314
2091.5369333333338,0.0701178170057351,5.556697404045758,18.336828975514667,0.1867862079203131
2091.9954333333335,0.06971925614070426,5.551819459638341,18.06637597229348,1.1444970860817119
2092.454233333334,0.06902125878255304,5.544014162632113,17.61192398870494,0.6015246246923182
2092.9130333333337,0.06912242444639967,5.547235114874294,17.763286374823718,-0.3365593728690125
2093.3719,0.06927863774517763,5.55234925817998,17.92790390650493,0.35463661642390787
2093.8307,0.06874466129105145,5.547145390334955,17.55997903528663,0.4646156905384041
2094.2894666666666,0.06880832083225784,5.544782863905633,17.68392134365243,0.27730507507832586
2094.7482,0.0684530203269036,5.538818553350317,17.56449433633345,0.40416412845193933
2095.2068,0.06840357979555811,5.543400787925062,17.552629223895998,-0.06608230240048488
2095.6654999999996,0.06847580282189332,5.543437117360088,17.73164113775742,1.344384429677498
2096.1243666666664,0.06712260823053182,5.5514208815065045,16.90822456567191,2.2284002846308812
2096.5830666666666,0.06636357251530717,5.5675451129877676,16.387109931979477,0.37705033077246436
2097.0418666666665,0.06668816111402644,5.555211045445699,16.555032710232357,-1.1408690383507822
2097.5004999999996,0.06730223749516967,5.559131233761766,17.089180323242367,-0.4601933448632733
2097.9591333333333,0.0670162131275515,5.561407387075339,16.982610007100288,0.785049444484572
2098.4177,0.06649786649182732,5.551541035500823,16.570538511998084,0.6514530980256876
2098.8763,0.06634067543539067,5.542966397874733,16.611333754951627,-0.48505068518668515
2099.334733333333,0.06687211832527945,5.525435920286433,16.8908899200555,-0.391687617561707
2099.793133333333,0.06663460612777801,5.52638651981047,16.739234171301725,0.25090028634519634
2100.2513999999996,0.06658110047068516,5.52897208672318,16.69542148862884,-0.013043290042041144
2100.709633333333,0.06658987555193645,5.533207389840447,16.776078170135193,-0.3140226830951424
2101.1677999999997,0.06681181143622301,5.528709183442056,16.94000608634946,0.03820397815203577
2101.6259999999993,0.06649923024195867,5.53792295209328,16.78648056574896,0.4333142373479772
2102.0843666666665,0.0663601769623741,5.542242468679649,16.74001917501371,0.20452986443146773
2102.5427666666665,0.06625570290813328,5.540413472413297,16.696018483121367,-0.47194976745467965
2103.0011666666664,0.06673683895810978,5.53994229427428,17.077158356414508,-0.8201231609268186
2103.459433333333,0.06694794467898314,5.537457308932871,17.231153528249262,-0.57250374840514
