time,V_pL,h_waist_nm,Surface_mum2,flow_fl/s
173.423,1.8691095618191387,[61.07733476],87.5155089334012,40.06453417155146
174.33899999999994,1.9058086751202774,[60.90416975],87.62666095915127,-34.1331871905135
174.79700000000003,1.8731843971950992,[61.09126134],87.83815944908358,-18.362183291564804
175.25900000000001,1.889340272390835,[60.90350807],88.52416474175334,43.853189613329846
175.72000000000003,1.9136431429115612,[61.20764272],90.93061199003868,42.408866366074434
176.18200000000002,1.9284630159705638,[60.55600567],89.61097917910355,18.94781704145343
176.64300000000003,1.9311582092818207,[60.61514379],89.3711295800843,30.79011548580901
177.10199999999998,1.9566903638121365,[60.17302786],93.97424401990114,-0.6505500005618003
177.56499999999994,1.9301062312131334,[60.47545279],90.3067858412026,18.29405398293238
178.019,1.9721164553176829,[60.88350129],95.38877218430089,34.52886580047965
178.47799999999995,1.9610478449246727,[60.31049719],91.61985311160113,-2.26622505742613
178.93600000000004,1.9699946777509472,[60.32423406],92.20016644036362,-28.32314678584691
179.39300000000003,1.93522777655535,[60.63555797],91.65612137075074,-10.293269255168713
179.851,1.9607080465299336,[60.07216891],91.39428725387549,18.82254910941139
180.31399999999996,1.952193222657327,[60.57651051],91.70911761542615,32.585163709299096
180.779,1.991151421695211,[59.94941906],95.99372314548378,11.71575473694153
181.23799999999994,1.9638777846053652,[60.19732199],93.53851233442506,-30.94051284725552
181.69999999999993,1.9628266428329155,[60.29053287],93.44468081805091,1.8514043744866093
182.15999999999997,1.9655683087547415,[59.83571521],92.96399815070185,9.530468069038456
182.61699999999996,1.9715447299578392,[60.19040774],95.81215291043668,-18.50453082394843
183.07799999999997,1.9483273874300404,[59.76408409],93.6521918506911,16.107718200565113
183.538,1.986247141174318,[59.81584009],94.9629265315633,101.31006793039532
183.99799999999993,2.0415326499259954,[60.38994657],101.63861177116881,-43.190458514471345
184.45399999999995,1.9479860092963235,[59.70287093],92.92949433027927,-65.54627568218052
184.91599999999994,1.9830473882843966,[59.99108593],94.26798209996134,60.850197902861055
185.336,2.0028618370590117,[60.12859793],96.95142550922719,-37.0602191793119
185.84000000000003,1.9332366597975543,[59.92519816],92.40361479154977,-37.66645295355353
186.29499999999996,1.9573714617072149,[59.73563989],93.22047363999928,282.522197351458
186.75599999999997,2.1947988932462006,[59.57813833],125.1755143779133,50.992443794210196
187.21799999999996,2.003508411701479,[59.56577623],97.56747281525304,-237.0531245897789
187.678,1.975529462656275,[59.78440372],93.77604312197046,-40.59990257981249
188.13699999999994,1.9661566973962428,[59.24958649],95.44286011569804,-0.9860139091029119
188.60000000000002,1.9747765069002132,[59.48058115],98.22948948896476,58.796136007774
189.05999999999995,2.020185238924334,[59.08422553],98.69825170020795,42.47343296583361
189.51599999999996,2.01413014489614,[59.44803042],102.51747239671477,-35.86404628586859
189.97500000000002,1.987233678821771,[59.05905338],97.58124917395388,-46.55768672987159
190.433,1.9714126918392405,[59.35993741],93.25048363453547,77.31559786778242
190.89099999999996,2.0580547664686555,[58.9977661],103.28622108636927,36.17618989278748
191.35399999999993,2.0031926248206195,[59.59090218],98.04907289696911,-73.18536908800954
191.80999999999995,1.990167903941686,[59.24672098],96.67598020733368,22.468521079662462
192.26599999999996,2.0236839160452726,[59.34977692],100.29428924236518,-9.44580724734756
192.72500000000002,1.981025678218789,[58.92303206],95.58904709667357,-5.570853991101465
193.17999999999995,2.0178962690855675,[59.06560985],102.97461878112149,156.4243838581474
193.64099999999996,2.1252210601838883,[59.10934634],114.62263510235908,-34.6225809294789
194.09699999999998,1.9888071719786717,[58.95250376],97.52487556046376,-160.4016217194282
194.55700000000002,1.9794080563026588,[58.43120764],95.84369857312772,4.23227475043042
195.01800000000003,1.9927544809135065,[58.96905197],99.23452573304381,39.77826148769692
195.47799999999995,2.0160222041553,[59.24220056],103.48099861800075,28.11890063497291
195.93999999999994,2.018590059541937,[58.85387647],106.19498915749897,100.6425173506078
196.39999999999998,2.108435090838801,[58.64139796],116.54937315805786,-32.17720189956097
196.85900000000004,1.9894737014219959,[58.50580888],98.93993015338887,-117.6064027600332
197.313,1.999652468458598,[58.60542861],100.22303762581684,29.082296729178392
197.774,2.016177991437221,[58.88346434],105.58603766016184,12.193257788632561
198.23699999999997,2.010824217961138,[58.64090351],102.44117450427107,2.7144617570171725
198.69499999999994,2.018536004774806,[58.65429022],107.75738803478768,0.18441596010410066
199.154,2.0109599839420644,[58.34966915],101.97937974677242,76.37403581950952
199.61,2.087862791549888,[58.32722643],116.28890132344189,-10.828745818173502
200.06799999999998,2.0003430349050197,[58.30208665],101.41057403560316,-95.32813845570809
200.52800000000002,2.0007354489389617,[58.3725906],103.7079494044165,12.547594910675919
200.985,2.0117792411184094,[58.04982083],104.56142510861365,-1.6453304134755875
201.442,1.9992316169410453,[58.38052351],104.42497334235519,-6.0683782277428655
201.90199999999993,2.0063432882729146,[58.48594571],104.32636303778649,-47.090448927602054
202.36,1.9562522433231786,[57.93172287],99.74026586443279,12.70957145984486
202.81999999999994,2.018500055723175,[58.16105908],104.02408485669729,68.28500036277107
203.27599999999995,2.0193352626045256,[58.0353157],105.18402096127608,14.127938313059474
203.73299999999995,2.031423483057215,[57.67693629],106.7307698899854,11.84327306436428
204.19299999999998,2.030107608468988,[58.2699103],112.04163053090976,-54.417313540481075
204.65199999999993,1.9815169732669236,[58.00285912],104.22312303426091,-40.162274165616466
205.111,1.9932386407849667,[58.12068369],103.05525663869737,35.43875619230219
205.56799999999998,2.013939354808615,[57.94787381],106.03883860528241,96.98608684362765
206.02300000000002,2.0814836479290832,[57.79226845],120.01266446513854,-16.64654125955156
206.48000000000002,1.9980958756420666,[57.83207369],105.61362380920596,10.190773859546809
206.94299999999998,2.0931862390461107,[57.96732875],124.91298984221453,63.82669110436146
207.40300000000002,2.057854472360669,[57.79105904],119.22404376926036,-1.7056025495190141
207.861,2.0913207386280184,[58.06014701],126.52412985492789,-36.65918384012868
208.31999999999994,2.024018301926514,[57.61162858],111.8837694306238,-92.64263506746096
208.779,2.0062747996361012,[57.65118531],108.93048804532482,86.31394031751594
209.23799999999994,2.103254499137966,[58.03870176],126.397948030237,56.422360253403966
209.69499999999994,2.0585757816173733,[57.35870885],117.37108640372149,-102.95174984886258
210.154,2.008929904865776,[57.42127582],104.49547522691016,6.881409888794376
210.61799999999994,2.066084012482701,[57.44154545],121.10881523026568,20.228410081337245
211.07499999999993,2.028990678473079,[57.66594579],111.71915808829426,-90.84020623252131
211.53499999999997,1.982725313827011,[57.50817888],105.66325463538037,-13.053575755910263
211.99299999999994,2.0166581637857117,[57.51271115],110.98590204775358,129.69672237606522
212.45100000000002,2.101527511523506,[57.40963615],131.42306194141983,113.02494868325219
212.909,2.120189016779593,[57.36967771],140.40380897315464,-78.4187937480718
213.365,2.030328351053953,[57.47753822],118.30095798230754,-36.98456054205623
213.82100000000003,2.0864590975652364,[57.47888845],129.21674498420327,17.581741288999808
214.27800000000002,2.046169225462727,[57.16893931],118.30960040091571,-26.668913737756927
214.73699999999997,2.0622768817390518,[56.74532562],117.77271549777879,190.90162956814228
215.19399999999996,2.220413241171123,[57.00820166],149.04410290000953,20.107701776015396
215.65099999999995,2.0806553211623293,[57.16189401],125.55385021326592,-124.74905137253378
216.11,2.1068689628097217,[57.08056897],129.07664373158892,80.97191931458792
216.56799999999998,2.154858899981981,[57.18178384],145.91668628190823,-38.1299554346115
217.02999999999997,2.070641119448013,[56.72592903],127.69164271924514,-34.91649668780417
217.48900000000003,2.1218194390071186,[57.06116173],137.17269896503572,-56.46482101751005
217.94799999999998,2.0188064137539765,[57.27205235],119.72335601739523,-47.452509170978544
218.40499999999997,2.077646575928492,[56.89720766],129.53374556495683,42.49010211370052
218.86400000000003,2.0573815403010878,[56.86273552],124.32645538620419,62.036122640074524
219.32299999999998,2.134595736512057,[57.10213606],142.68249879449087,51.612923976287476
219.78599999999994,2.1040317135744084,[56.80488888],137.36062236439585,36.75426641327917
220.24400000000003,2.16742429211846,[56.48884595],153.9527074853095,-61.92189255372993
220.70100000000002,2.0477734117502906,[56.93564561],127.56768831386897,-127.98602573980133
221.163,2.0511507766263444,[56.60892584],128.78894764327165,-28.61621667066183
221.61799999999994,2.022031502097301,[56.61129532],120.72178998771524,44.492014539724956
222.07600000000002,2.0924250743860897,[56.33989311],137.4403685556069,26.70909388484466
222.53700000000003,2.045812731993876,[56.42397462],128.2816125561374,-17.64028932655659
222.99900000000002,2.076310210567843,[56.79774105],136.43640866005518,70.98580403744981
223.45799999999997,2.1111609107334934,[56.40423132],144.48217722800118,-8.221663336089424
223.92099999999994,2.0680537107520744,[56.7070194],132.47513985408338,-82.4271382198023
224.37799999999993,2.0352006501607547,[56.27158908],130.72810682056553,4.9994301512255035
224.836,2.0727821335161845,[56.26934147],142.8714319391528,10.292930036625236
225.29599999999994,2.0443618823439267,[56.29369091],132.45554452278017,14.324386217416496
225.75199999999995,2.085297058182649,[56.22824657],139.78968284790207,62.52511063260524
226.212,2.101415967623502,[56.12783021],147.8745672392714,23.95840510041758
226.668,2.107331233388371,[56.3545035],151.82081213571652,-61.24420054101476
227.12299999999993,2.0457707707248396,[55.95479894],130.20459524914563,-33.06943979397437
227.58100000000002,2.0777542266364315,[56.15884212],139.22373833321825,-11.812564251874047
228.03999999999996,2.0347751801659033,[56.24245821],123.02042379456623,-30.68139988636398
228.5,2.0496840670313157,[55.99165778],137.96358129749697,22.210264272401137
228.96000000000004,2.0552086232965143,[56.08207662],136.84507447719832,41.08919633059527
229.42200000000003,2.087684876077152,[56.06486185],152.19621581078943,-21.564855164500685
229.88300000000004,2.035487782698201,[56.12648586],136.71259938040416,32.169120857131084
230.33899999999994,2.115737895460716,[55.8085992],160.00936447078632,79.9522901811871
230.803,2.107493854309185,[55.9823552],149.76659067117927,-17.865434848556294
231.26,2.0992851930719194,[55.76535625],155.10874730087073,5.510205894461606
231.71799999999996,2.1125826885952366,[55.98004863],159.84125015027274,-65.93188927443006
232.17899999999997,2.0381221263562947,[55.58977999],137.45441961620926,-107.39682521156001
232.63699999999994,2.0135613258583365,[55.68023511],135.08050712667472,64.17831003047958
233.096,2.097209502893341,[55.71670743],156.3024481962031,107.66474588106733
233.55599999999993,2.11235591426719,[55.6037587],158.35628232896084,-6.183277518649
234.01300000000003,2.091773333760607,[56.28722019],152.8512174014542,-80.21259204874865
234.47299999999996,2.0385892299154738,[55.61151959],143.27412167537008,-3.5234420201839534
234.93499999999995,2.0889740716501075,[55.8568956],157.5360661718951,6.310756548958185
235.39499999999998,2.044817847235998,[55.5823678],138.0467814415374,4.6431986379964485
235.85399999999993,2.093040119988442,[55.61220474],155.11054467469177,0.00716340118467329
236.313,2.0448244232382615,[55.59350046],139.8849310761505,-54.25974944542445
236.77300000000002,2.043277091574562,[55.62708455],148.69247646849573,-87.00888136770679
237.231,1.9652841232614002,[55.86056366],125.86965549156108,2.4421963613514563
237.687,2.0448198375490585,[55.64455217],154.7258826646563,65.61918064122807
238.14499999999998,2.02482389498889,[55.77306311],138.55959820370583,19.379654235923027
238.601,2.0622812364090577,[55.31467487],158.87256889859177,2.06995568011914
239.05999999999995,2.0262358840199557,[55.14889366],146.59272795534903,-35.34018843708342
239.519,2.0298389434238246,[55.6900782],143.38597824500812,-34.55746557677264
239.976,1.9947505050621843,[55.2774715],137.3062596229216,36.33946296604673
240.43200000000002,2.06279088180667,[55.14156419],156.7364734004534,49.115315048688934
240.89300000000003,2.038782800865871,[55.11316226],148.3790518730621,-10.39159817676083
241.351,2.0529916969107025,[55.23964896],152.40910827899276,50.438587956788794
241.80999999999995,2.08507385800756,[55.20643533],164.06052312141506,91.16695145718711
242.26999999999998,2.1368167139935843,[55.26951233],182.15099128191036,-82.68867063011331
242.72899999999993,2.009472891689417,[55.32328995],143.2713141103952,-143.56702229941342
243.187,2.004898305203794,[55.10168861],144.13360593496202,40.16091338278693
243.64499999999998,2.0462602883480407,[55.13227131],154.74385241359477,33.53169878927886
244.10500000000002,2.0354527955796216,[55.21240115],147.76836455325096,74.39814510654763
244.56899999999996,2.115790720946586,[55.35079238],172.58271179575618,13.394167229154874
245.02800000000002,2.0494044839577272,[54.86108115],148.63554008865634,-157.70280805021608
245.485,1.971387116802409,[54.87845233],135.30305523395748,16.40260290070028
245.94799999999998,2.066755046158303,[55.08485306],165.28030984483908,59.11384198273151
246.40499999999997,2.0275228050497445,[54.85641972],145.83511615118712,-27.57314439284908
246.86599999999999,2.0419111335232487,[54.83159422],162.53934086690853,-53.39391156542695
247.32600000000002,1.978516039045429,[55.03318265],138.88851626298433,-10.945083571455516
247.78300000000002,2.0311157520987417,[54.74095574],152.5754960449039,17.869817879375027
248.24199999999996,1.9944950291218069,[54.71922498],139.94344780253095,58.36348747108255
248.702,2.0850283924542983,[54.86779123],171.23028068911955,3.004836749706641
249.16200000000003,1.9972594789315372,[54.62036401],139.51428850889783,-109.9171267485035
249.62099999999998,1.9838529590907203,[54.5117172],146.64231029476935,-7.790104414943322
250.08100000000002,1.990143255636144,[54.74349426],139.74276262558766,-25.190624781314508
250.539,1.9608830883133246,[54.56288412],137.93031648273237,1.3146742627849761
251.00299999999993,1.9921429283450984,[54.53250572],144.1474861026926,33.410583646633185
251.462,1.9920588249031375,[54.80811987],140.36779952901634,-30.18402002074838
251.92200000000003,1.9643437470085932,[54.39112317],141.99764255956893,66.97328889951226
252.38300000000004,2.0539959474687914,[54.16916072],163.12075135467532,12.515358295544843
252.83899999999994,1.9776300426129785,[54.55391701],143.69902421920918,-45.898039310756204
253.30099999999993,2.0133299976994636,[54.83760789],155.00764684059712,-15.488468675227463
253.75800000000004,1.9643187313477721,[54.43723241],138.03843111982079,-76.95769015185094
254.22000000000003,1.9429104170336053,[54.36169567],133.40959672273794,23.477709932979707
254.67899999999997,1.9855241659333855,[54.03719105],149.6601127663487,25.544114182520783
255.14199999999994,1.9659213740905428,[54.39691822],139.22581728031773,-6.401040226572174
255.60000000000002,1.979271372329423,[54.21797976],151.18337680091634,53.582943384106855
256.05999999999995,2.0152084674211332,[54.22238792],160.3209753402039,-9.985136936562
256.52099999999996,1.9698986511555692,[54.2324676],139.468522659952,-74.40422619451459
256.98199999999997,1.946607770869789,[54.11550197],137.83471992022533,-31.276332376295013
257.437,1.941020079440571,[53.99701905],137.43118621234257,-27.631311288587312
257.89599999999996,1.9212294071819374,[54.14710799],130.57394624380015,46.50587799735773
258.35699999999997,1.984164759468917,[54.12492538],148.6378484250712,38.69427356380051
258.81600000000003,1.95721858976948,[53.94144147],142.07588976754016,-70.22968515206784
259.27699999999993,1.919507254974612,[53.98301266],133.80150890182205,-24.217039140085106
259.735,1.9346187373032415,[54.04279881],129.6159924994236,36.66463824690203
260.193,1.9530920636087754,[54.01972019],141.6966434848537,15.006050229330992
260.65099999999995,1.9483642793133078,[53.62005512],142.52669611383826,28.950405996146955
261.11199999999997,1.9799338969357492,[53.92727124],144.51815415300138,-50.107416304773
261.572,1.9024522679528495,[54.09790816],125.81710467461342,-27.80112872495666
262.03200000000004,1.954356858508787,[53.68789998],140.90016776432017,25.067746665206947
262.49199999999996,1.9255145948848584,[53.64087528],135.39440135438235,-40.97922690325939
262.953,1.9166584804435938,[53.91243486],141.32292843778527,87.37601936818874
263.414,2.0060752847423307,[53.68771763],159.3926061153251,8.892957999866447
263.87199999999996,1.9259379142170583,[53.59435455],139.18573758265444,-79.08029144531925
264.328,1.9334131673140695,[53.71161243],135.50043456402963,-6.9900260356376975
264.78999999999996,1.9192386267809742,[53.80409037],134.36459788372,-49.86261823087857
265.246,1.887867970627625,[53.55306682],127.55343319807761,16.41436760466375
265.70899999999995,1.9355255222381116,[53.53903549],137.09808754301145,56.882377706756415
266.16499999999996,1.940782698018726,[53.3881624],136.17690002736316,-72.62505348804504
266.626,1.8680821950088595,[53.69083986],126.63250826764926,-26.076667278892796
267.08799999999997,1.9169774697902868,[53.26431194],135.03766410119565,34.10233748524849
267.54499999999996,1.900135677484354,[53.70862342],137.23370690887833,15.644579963534078
268.00699999999995,1.9318826858039557,[53.33064772],141.93518450474716,-46.95973878897108
268.46799999999996,1.8570229406147538,[53.45122861],124.38582846796712,-36.842680529385774
268.929,1.897913734355861,[53.42468999],131.4381185573566,30.711814026135098
269.389,1.8854243723231936,[53.1739032],126.98279050032922,33.44323246264702
269.84799999999996,1.9285270086761708,[53.4421764],146.46911215719507,-17.990012317248283
270.30499999999995,1.8693921280686325,[52.99635746],127.980749083648,-41.47241642807087
270.76599999999996,1.8911618133263812,[53.22870244],127.67112121430714,-6.631453704120105
271.221,1.8639597613213064,[53.30855237],128.10091223224774,-43.00778973422248
271.683,1.8519603540467364,[53.1778871],121.19934280835999,-9.602380084248185
272.145,1.8550871621234615,[53.43831305],126.02338398330733,-15.327093821152715
272.6039999999999,1.837976240673913,[53.06065395],122.92202032357481,51.00511529833596
273.067,1.9028232263500167,[53.34455437],128.52019459105497,31.53889294509682
273.52599999999995,1.8679195049707835,[52.89911122],128.03346179843908,-13.399730333488069
273.98699999999997,1.8907465932963046,[53.14722711],139.10900374540046,-57.73855315458665
274.44499999999994,1.8154992107884422,[53.10607429],120.85070246105963,-62.24953711227399
274.90599999999995,1.834153550309313,[52.86451407],124.01620287285454,18.583050688395495
275.36299999999994,1.8327327470143677,[52.87569471],122.90803744868218,30.000041497183272
275.81999999999994,1.861573588237738,[52.88604465],128.74918203311378,-3.8034996591582715
276.28,1.8288421447055607,[52.69683441],123.00291450318765,-29.107673625754504
276.73400000000004,1.8344678935677332,[52.73209804],125.55670936651896,-19.84720614046598
277.193,1.8103974830046399,[52.80606877],122.08108434853415,5.195164337171265
277.655,1.8395995869185189,[52.88719056],124.79914722342176,5.306726637813508
278.11400000000003,1.8156312580337914,[52.81154478],121.72393449091633,-45.52101027911903
278.573,1.797811299482286,[52.8057367],117.1664913252002,-1.5549993615997515
279.03599999999994,1.8144969952581107,[52.40517943],125.49502210292275,-7.387605029169686
279.49699999999996,1.7911584805656058,[52.49742274],112.23628626576505,-9.545064679819415
279.956,1.8055515690794093,[52.60124109],122.3359164310428,7.967209451340995
280.41200000000003,1.7985883602717925,[52.26603299],115.20875405686787,-3.2239742021222817
280.869,1.802632199491124,[52.82770412],117.53854880606791,-26.938564093455184
281.331,1.7734719898681788,[52.78646249],114.37342634555166,17.45494814153914
281.794,1.8189393454909042,[52.35390375],121.53086916570776,60.23529482713208
282.255,1.8292809396342808,[52.3384825],126.8963113062708,-1.8228930629651252
282.70799999999997,1.8176579474590961,[52.38348632],126.43079960087,-35.438400085385126
283.169,1.7967323708609149,[52.60696807],115.83499024433686,-7.105535877372837
283.63,1.8111066433801581,[52.43893688],119.79855098765886,-2.6049293511785088
284.09000000000003,1.7944007287686872,[52.77359168],122.36960540550363,-27.929112473575657
284.548,1.7854342386965412,[52.661375],118.87473919728582,11.211072454640147
285.01,1.804962299503459,[52.20476188],123.73705317717919,-0.8355184651644976
285.466,1.7851811225687064,[52.24399807],121.64833742342284,-13.464256283393539
285.927,1.7929163717736865,[52.29591214],120.10949300750059,-17.86864214884187
286.38800000000003,1.7687062345074738,[52.29210651],113.98936019017887,-26.975855073225308
286.84899999999993,1.7680446333961695,[51.90084453],121.74464226792176,-16.000922918589566
287.31100000000004,1.7539082194985385,[52.16632882],116.05081825810714,12.42368609256106
287.77199999999993,1.7794257448116197,[52.20944644],119.33148302541066,0.41410150008469593
288.227,1.7549425076442517,[52.22924067],117.11879561588721,-14.166513502998246
288.68499999999995,1.766730358920369,[52.04495214],114.57924198341938,-9.494187454458514
289.14199999999994,1.7463257129059677,[52.04368706],111.65042995185792,-24.385558246178274
289.59899999999993,1.7444419586833622,[52.29204284],114.20831028052292,23.174749912368675
290.058,1.767663209748529,[51.90033255],119.53727855868408,4.069884039331839
290.52099999999996,1.7478206015028004,[51.76174215],118.59269179154452,2.3514069815750993
290.981,1.769563189092402,[51.73106158],118.8207583083854,8.013490698301817
291.43499999999995,1.7556128960755641,[51.66119907],116.75839394137203,-44.77328129614588
291.89699999999993,1.7283241511873837,[52.10846756],108.11915210249217,-34.70412256520983
292.35299999999995,1.7234640608337255,[51.89743738],112.5950162336913,-21.173347224954675
292.81100000000004,1.708929558567322,[51.86086714],111.85660038947987,44.37668448923415
293.27099999999996,1.7645069675456306,[51.88344558],120.8426420287952,16.77160343002737
293.73199999999997,1.724167881431462,[51.62649564],113.6648557936389,-36.42564895303168
294.188,1.7305966394845997,[51.4883896],111.88632924245317,8.20099641357519
294.645,1.7316435839102708,[51.50388388],110.91296335827276,-16.8979005051324
295.10699999999997,1.7148745311309992,[51.80637733],111.06087735864521,-1.7112749738090738
295.56899999999996,1.7300623658344714,[51.30388633],107.96281169496527,23.770558702233213
296.03099999999995,1.7368385273718623,[51.50955738],114.56019155844191,0.6739080614923676
296.48900000000003,1.730793821507258,[51.53364472],113.59327651311217,-36.185286776548644
296.948,1.7036105947292195,[51.37383595],108.87888842210828,-3.5623020527806304
297.40700000000004,1.727523628222818,[51.40717787],112.39226357665596,27.057327955536614
297.869,1.7283796580751187,[51.25097579],113.63280990356735,-32.164922184718
298.332,1.697702965969048,[51.17526706],111.02477752552294,12.126798156083973
298.79200000000003,1.7391039175042087,[51.5921629],117.26887227460921,-5.15557316058346
299.25,1.6933499529167517,[51.23206122],106.54618049807218,-25.108368091587565
299.716,1.7171108944346845,[50.95686439],110.5759233263995,-10.483733760783487
300.16999999999996,1.6851612710334165,[51.01846927],109.52617901919234,-24.192834044905133
300.63300000000004,1.695765559062778,[51.48270332],115.05487132254157,18.695328242723352
301.09299999999996,1.7024422258122573,[51.52714215],111.38106047757879,8.43662457333938
301.554,1.703523521345344,[51.2411303],108.981468442952,-19.3658247806503
302.01699999999994,1.6844611698570193,[51.1478592],108.04236418469822,-13.505112637383299
302.48,1.6910177870431329,[50.9096548],107.48014067623458,4.1675822168205645
302.93999999999994,1.688367615451606,[50.95744443],113.01589079975233,-11.85618017183998
303.4,1.6801101012850395,[50.89032475],109.73301912682824,-9.68577554374983
303.86199999999997,1.6794704636416475,[50.96518117],110.3465393582176,8.15288412635895
304.32499999999993,1.687670614507983,[50.69866574],110.9171516671465,-9.678808930233096
304.78499999999997,1.6707007288930877,[50.62101913],107.12190846356879,0.9637546308749467
305.246,1.6886340244367135,[50.89589398],112.40765228396144,15.175856634404683
305.707,1.6846928687100093,[51.1084707],110.06084765863443,-18.45494796799474
306.164,1.6717712848256103,[51.18930598],106.32643129107318,9.408424086672529
306.619,1.6931229484095112,[51.18764809],110.89552671554573,32.38742998124522
307.0799999999999,1.7012625486879425,[51.00436603],112.71384939101279,-15.06688077019036
307.54099999999994,1.6792312843393895,[51.35672561],109.28667796935483,-13.963938893865713
308.0,1.6882807135190712,[50.85023629],108.35942524289926,-27.332604671659322
308.46000000000004,1.6540184218714402,[51.30395152],106.76385859862789,-17.960982384846336
308.92099999999994,1.671851816137747,[50.72961356],110.13387532773747,14.996483537390137
309.37799999999993,1.6679738729781564,[50.84503506],107.12943044829458,-21.525154232707067
309.832,1.6523203808471352,[50.9854349],104.03853877988922,32.15937850939699
310.28999999999996,1.6978386821583875,[50.81366062],117.53388013410357,21.3355145601426
310.74799999999993,1.6718637121842246,[50.55282538],106.95769562824438,-35.58352852008851
311.20399999999995,1.6652310001169481,[50.44469232],107.24971336096414,-10.45658729630139
311.66200000000003,1.6623227825979843,[50.61284889],110.59303556857752,-17.602319535701348
312.116,1.6492673115969696,[50.73641329],106.30662129331952,-6.380985933900574
312.576,1.656760842425189,[50.69113989],105.29654574320995,-8.275058419819237
313.03700000000003,1.6415967987037394,[50.56528146],103.01548405145515,-6.272145341747137
313.49699999999996,1.650931010995416,[50.48947211],106.31696771240789,-18.75544495136605
313.951,1.6249198326791428,[50.83526445],105.12985627669084,16.129695604860437
314.413,1.6668909311925604,[50.31294112],97.02458578808098,39.306790533880864
314.87199999999996,1.6614296211981499,[50.34453393],110.54420371389482,-25.666148633090025
315.33299999999997,1.6432228829895683,[50.66963142],104.79832699834607,-4.2402882847809575
315.789,1.6571906514395485,[50.27475209],109.90329146108618,16.799373502290216
316.25,1.6584888331978118,[50.09131816],107.0393401337916,-18.763616039922493
316.71399999999994,1.639704407537173,[50.16579887],105.49710888445814,-32.1812397317145
317.168,1.6287821957170383,[50.26916886],106.18574045734226,1.344507387430749
317.629,1.6412930048458487,[50.04580729],103.27096237297759,28.543303724034573
318.092,1.6551618401044843,[49.97802812],108.56484610642377,18.512018803440668
318.554,1.6584394820637303,[50.37232573],108.1164681237691,67.5879065755598
319.01699999999994,1.717801771511981,[50.61294953],112.5932058766894,34.75278211582178
319.47799999999995,1.6909240833376389,[51.33339767],111.19330351340548,-25.783837047011815
319.938,1.6939898897838375,[49.74303271],110.28145437808381,15.805947594889957
320.39599999999996,1.705397458114125,[49.90322356],116.65604165324302,48.48717242428102
320.855,1.7384998380172103,[49.46411269],120.84027625292215,-36.4428393184959
321.31600000000003,1.6714348546168085,[50.16037466],99.93949735848567,-120.0781369242816
321.77099999999996,1.6282054594285804,[49.6807275],108.15143329449664,-49.464783051963
322.23199999999997,1.626675255412334,[50.09825234],108.63332807709362,-7.816410148647535
322.692,1.6210155301177473,[49.93936007],102.11055415126155,11.469785575915603
323.148,1.6369922176157496,[50.13349972],111.41969081315764,-0.5842267563171966
323.60799999999995,1.6201941619783855,[49.97021434],100.82068829544136,-26.051857881113527
324.068,1.613024508365129,[49.93630399],103.57533888191809,-4.185287580964703
324.53,1.6163810296308392,[50.03596364],108.76823540293138,7.536693050228971
324.99199999999996,1.6199884127435404,[49.72282938],104.26151960112892,17.155334738564896
325.452,1.6321609406027378,[49.65650169],109.75665146850531,-18.81066590487457
325.90999999999997,1.6029009184993273,[49.59722084],102.66607711081537,-29.741412757207762
326.371,1.6050341238427301,[49.61067058],101.61661227289132,23.823636973592688
326.826,1.62449451350499,[49.71888011],103.21416811989293,11.770695210489235
327.284,1.6155941590433693,[49.74517405],104.87375562660522,-11.625050320899888
327.74299999999994,1.6138499754848898,[49.76853548],104.78794165980233,-6.008964398371397
328.206,1.6100361448641345,[49.50435635],104.85248884471886,-5.164605643791065
328.66099999999994,1.6090601304751333,[49.62972371],103.67767071438662,-25.40498589772988
329.115,1.586989481361091,[49.90522148],101.56948324902511,-8.6947512451927
329.572,1.6013795175167749,[49.06887531],104.09090111782412,15.124511935614926
330.03200000000004,1.6007601553552915,[49.34490113],105.7739106220774,-0.24494434712574176
330.49199999999996,1.601154168717419,[49.33578055],103.57356932583014,8.922825319017225
330.953,1.6089942275585503,[49.37927911],108.47257936205541,-2.2183669666715478
331.413,1.5991494610426829,[49.22485267],104.77355861976967,-20.869642533723145
331.87299999999993,1.5897941564275255,[49.15974787],106.43189356732228,-34.70148271945295
332.328,1.5675404623495077,[49.52950041],99.58057885848034,-12.386950670524977
332.789,1.5788888664922016,[49.10176714],101.60143348123502,-13.53881222194464
333.244,1.555593799621557,[49.28627536],100.65569815562964,-11.742574736695044
333.703,1.5684731836200299,[49.11300131],101.87152812179951,10.457596032052985
334.163,1.565169087898096,[49.2181752],102.09250053378169,10.601003501363726
334.621,1.578133924195042,[48.95815171],103.12348459457877,0.44884992895721787
335.081,1.5654694542142518,[49.20655712],99.89955251882404,-10.96563918689486
335.54200000000003,1.5680677381511428,[48.87166136],101.1243767205756,-4.633811263306642
335.9999999999999,1.5612724011764167,[48.99072557],100.18840553740698,26.73846982286787
336.45899999999995,1.5926701566550534,[48.90592126],107.888652268384,-1.3682361051963188
336.91700000000003,1.5601571225214772,[49.14210593],101.59108667811681,-21.49755145850829
337.379,1.5732900711259248,[48.9499878],104.45178619626452,4.6842840840561895
337.841,1.564485401015145,[49.0348511],99.0564683337979,-23.11071191618419
338.2969999999999,1.5521227575827483,[49.00283459],99.98072019843289,-14.503695420456708
338.754,1.5512687694734795,[48.61194403],104.46186072422988,0.3414902031992906
339.2109999999999,1.5524348796284713,[48.94231511],98.86530818504782,0.1411964967181767
339.669,1.5513931380597068,[48.85194525],99.51124556718256,19.19623103865442
340.129,1.5701430903434448,[48.69453909],104.84940453698236,3.798802331071327
340.59000000000003,1.5548178307275244,[48.84758261],98.43299308827397,-7.083013272286109
341.05000000000007,1.5635673708669702,[48.91688552],99.40363326802897,-15.132810489668413
341.5110000000001,1.5408121309198464,[48.42996407],98.93276861331809,-22.836247820317233
341.9720000000001,1.5425123503766371,[48.66877207],98.43930348731251,-12.173246104236979
342.4319999999999,1.5296322595668854,[48.61881472],100.3111396477119,-15.202428646605481
342.89,1.5285054410889443,[48.69003291],99.89603694960162,32.96175317462602
343.34800000000007,1.5598252254748484,[48.69040468],103.54401284530387,10.006004992466844
343.8059999999999,1.5376709416620697,[48.34965174],100.08691171560724,-2.543609689074078
344.26699999999994,1.55776351785871,[48.498142],101.00446682569542,7.2228819158439705
344.7309999999999,1.5441332262569216,[48.45992494],98.02980320374111,-0.2871284464001089
345.18500000000006,1.5569244330180902,[48.27235342],101.67290636220031,14.79042220558524
345.6450000000001,1.5574900023588447,[48.50552887],104.63515662629894,-18.330229516017702
346.10800000000006,1.5398878901159796,[48.19230788],100.96470481093613,-18.971164760299253
346.57000000000005,1.5399036233798429,[48.26993275],101.17198422147092,-2.3885028313723744
347.025,1.5377312918869044,[48.4058519],97.1479591885928,2.1736408739363444
347.485,1.5419623664955422,[48.11708788],98.9565219472601,-5.4348608796583875
347.948,1.5326268319051513,[48.35203728],97.41095639721506,-8.195707276413833
348.40999999999997,1.5343574282436756,[48.05107902],100.07558382342383,2.351324200378535
348.8670000000001,1.5348015689355514,[48.02654725],101.64390896681776,-6.5955462359377215
349.32900000000006,1.5282200332038134,[47.94155919],96.09947531998756,-11.107337746763868
349.783,1.5245774677482478,[48.07673004],103.08448706332956,-0.07665850540394814
350.244,1.52826200093343,[47.99868648],97.24363122231397,7.694169514886884
350.707,1.5316856845505096,[48.00784908],100.83862434718222,-17.00853278708059
351.16999999999996,1.5125120995725947,[47.84265682],97.58166362373109,-36.614823338315894
351.63,1.4978615150080175,[48.04185716],95.67520854189547,12.176953727723205
352.09399999999994,1.524117344562751,[47.79443608],99.29963880789563,12.361416981241824
352.55499999999995,1.509560314449818,[47.98696342],98.30142120565606,-3.247854185018273
353.014,1.5210162476486235,[47.929378],101.19660004386205,12.131452023532718
353.4789999999999,1.5206148459824596,[47.84506818],103.54184006443204,-30.407758063461632
353.93999999999994,1.4930940033253126,[47.61227801],96.23539532763665,-28.039725579259045
354.4,1.4947270105679633,[47.79412109],96.37349789787206,10.741263848880855
354.86199999999997,1.5030262761189888,[47.59830648],98.40266338749818,14.39225077044215
355.3169999999999,1.5079743271107886,[47.91085537],99.85745170797452,34.12633220666983
355.77699999999993,1.534485662591379,[47.82467174],102.94410054907036,-8.245513535400262
356.23699999999997,1.5003884546582198,[47.64118313],97.07278157094103,-24.653547733952674
356.696,1.5117302181344554,[47.45379548],101.2080288676556,-9.353604066866916
357.15600000000006,1.4917242916518936,[47.35453625],97.53721006683462,-28.673854260515164
357.6170000000001,1.485351265152553,[47.83515081],97.4617140282157,7.9473037888275755
358.07900000000006,1.499103243588565,[47.37883384],99.31158151238448,0.5970049464756322
358.534,1.4863039935373608,[47.50595208],96.9116229400756,36.276311535422764
358.98699999999997,1.531785074548284,[47.494053],103.6532284128788,22.87407549522591
359.447,1.506094279420801,[47.32463732],98.101966942236,-16.518339439580252
359.90700000000004,1.5165882022638688,[47.39682077],102.96229438315183,-23.62127053778007
360.3649999999999,1.484595285877087,[47.5352178],96.93211245811415,-15.820776074650711
360.82399999999996,1.5021887340851892,[47.28526051],98.35639349221348,-4.793548155118232
361.28599999999994,1.4799208414633231,[47.25956974],94.80409950038486,-17.362206179872608
361.74699999999996,1.4861018111360642,[47.34603303],98.97725382486296,30.076880899470915
362.2099999999999,1.5077787005993295,[47.4310486],104.58218031777876,-5.336382177839827
362.66600000000005,1.4819223223521558,[47.39080934],103.09191857778896,-21.051225091544666
363.12299999999993,1.488630312991103,[47.45427693],95.12064737732517,22.517528089664786
363.58299999999997,1.50261808526266,[47.15024242],104.32404272791857,-28.672323830760238
364.0089999999999,1.4670956378111082,[47.26652418],98.06604679588855,-57.132572025397785
364.66099999999994,1.4560434371725892,[47.17650518],96.01970543301655,28.74082753758156
365.11800000000005,1.483814099807225,[47.05881556],96.2218029188291,6.87596061288942
365.57900000000006,1.4619225513987442,[47.20635484],95.25123513317695,-24.274865788326494
366.0389999999999,1.4614105743199977,[47.16909708],94.4450057013725,15.393851816826176
366.49300000000005,1.4757957416538199,[47.14849226],98.62009567198389,-10.962926998799416
366.95500000000004,1.450680148009846,[47.07894],95.04499905103418,-11.270149857085743
367.41099999999994,1.464935990667109,[47.16391419],96.91929920578825,18.0963960763183
367.869,1.4671674728616375,[47.06718903],95.15052258841624,-3.8374910545826424
368.33000000000004,1.4613569068986654,[46.9379263],100.24713915131694,-23.78539080391495
368.7889999999999,1.4453295408107323,[46.93642458],94.32042128200632,-12.317710557530726
369.245,1.4499510430915519,[46.79168058],94.16730289872153,3.800273940303356
369.707,1.4487416769941832,[47.06157881],95.1119756044803,-6.632100541805075
370.1619999999999,1.443925183072458,[46.75750301],94.53114292056482,27.007174397267075
370.62199999999996,1.4738312358635315,[46.9451815],101.0439788243786,32.57494864159827
371.0859999999999,1.4737638016549501,[46.81425198],99.26839934357307,-28.27606413862882
371.5490000000001,1.4476755252440128,[46.75733192],95.52844264698595,-17.659880638779768
372.0110000000001,1.4573511230423286,[46.69720298],97.23198717776046,23.664266366066002
372.47300000000007,1.4695413073662573,[46.7793699],97.01870209548626,-3.2389655923290572
372.9319999999999,1.4545452065039939,[46.70134902],96.66821179127898,-33.28518284493498
373.39099999999996,1.4389855095146105,[46.82308731],95.03764136506653,-12.179553763804973
373.851,1.4433956830508106,[46.40600295],94.67841856352808,-4.398461749769211
374.321,1.4346121837865113,[46.53495931],92.60657460182162,-2.4916309887383914
374.784,1.4408459266123712,[46.72971435],93.32782137791895,18.090088482965783
375.20500000000004,1.4502328402255933,[46.36034366],97.52880558609034,-10.48659799255236
375.793,1.4171436066544256,[46.47663367],92.72754017429084,-5.746722676933214
376.25300000000004,1.4326831340030433,[46.26867182],94.0825545810381,6.488009430695829
376.70400000000006,1.4235406614955213,[46.33521063],90.17724597243847,9.20958463171484
377.16999999999996,1.442027465266215,[46.29615742],97.0460268780696,-4.220865686411113
377.63199999999995,1.4199733280603046,[46.55478972],92.2104130402816,-16.113686814074768
378.0859999999999,1.4267657481017786,[46.47272324],99.35415632498034,-5.394833167637447
378.54200000000003,1.4149824260855848,[46.39827334],94.02602429076188,6.688061374084731
378.996,1.4327220545721588,[46.2715115],100.15159032700087,-17.589051619431693
379.45899999999995,1.3978232200334522,[46.42957624],89.82920787676453,-29.64560340132305
379.9329999999999,1.4059621318640714,[46.37056901],92.19747288721332,53.75875868103086
380.3939999999999,1.447149414985698,[46.29826291],105.81624609926777,3.2637476753840655
380.85299999999995,1.409308351229483,[46.09152208],90.49052352641431,-32.532521457407036
381.322,1.4179683063509305,[46.35678968],93.91209517306216,8.520655047480563
381.77599999999995,1.4174664672707606,[46.08537216],95.80372156490272,-6.8126341100067656
382.23300000000006,1.4117276399670429,[45.94944335],90.18502151952754,12.658219364762857
382.69500000000005,1.4293529085720993,[46.15536263],98.59038800387052,-17.5306178234802
383.15700000000004,1.3955293490981475,[46.35974947],90.2588457976336,-29.242156232861085
383.619,1.4023331562129364,[45.99808966],94.64631316730065,23.351124784433573
384.0759999999999,1.416903256760714,[45.92851765],95.19761831974829,2.0155324524588902
384.5400000000001,1.4037681279237466,[46.12833037],94.33932907267274,-15.018286972609651
384.9989999999999,1.4029091921472538,[45.91145899],95.09250975813892,9.309874388829131
385.456,1.4122513455268668,[45.97774972],96.02832797382403,-19.79021295599015
385.9119999999999,1.3849211048056267,[45.79058998],89.53580841074194,-18.331799198645804
386.37199999999996,1.3957937007269743,[45.96236977],96.6520527651684,-7.472552061537963
386.832,1.3780463569090113,[45.77024678],92.31882212194989,-12.211594871673226
387.2889999999999,1.3844379666323041,[45.97363594],89.85940531509439,20.828906435728545
387.744,1.3970150079142576,[45.51374909],94.47878006787741,9.744811874388803
388.20500000000004,1.3931480338347793,[45.97096958],91.64491663952711,-2.1000471131553677
388.66600000000005,1.3950787644759284,[45.83493063],95.0897439848062,1.1309359745461656
389.1249999999999,1.3942006972043082,[46.00069349],96.53600667372959,-29.53955614415138
389.57900000000006,1.3683839105574682,[45.83811066],90.02663366907855,-20.394209198581148
390.04100000000005,1.3761082782130754,[45.69539939],91.9310689735914,-17.531295311853157
390.4999999999999,1.3524424245886542,[45.60001164],86.08495855576544,-6.643620391619365
390.95899999999995,1.3700094346935903,[45.65285452],89.48419952377517,16.112180648402806
391.4129999999999,1.3673732402647907,[45.58743493],88.54700641658314,32.02756490461467
391.869,1.3993061887396785,[45.54634231],98.61678082467695,-15.456338059387953
392.3280000000001,1.3527160953387396,[45.54908935],86.82348205499021,-54.65443267353365
392.7869999999999,1.349133419545359,[45.40113791],88.69448697318357,15.670832131514434
393.254,1.3676061788823661,[45.46218951],92.51463561868,22.586201490202296
393.717,1.3702737657438333,[45.5757473],88.81043656946876,7.516005792079117
394.17500000000007,1.3745109701602294,[45.31684584],90.88111780784634,16.53746427563685
394.6349999999999,1.3854843652864002,[45.43358193],96.78956351059203,-20.092102742913063
395.0970000000001,1.3558098800425538,[45.10407881],89.63169510412384,-6.933334949002834
395.5559999999999,1.3787560970610715,[45.02973481],94.74196093880997,7.520964454415857
396.01599999999996,1.3626366122596694,[45.15868106],89.44962520668096,-19.57137672199538
396.476,1.3607504304768343,[45.26642194],87.57905929452325,10.032799574778428
396.93899999999996,1.371981961954745,[45.18718616],91.10199087220235,-12.008154598257326
397.3950000000001,1.350218826787679,[45.179747],87.8806340566027,-27.747445071157006
397.84900000000005,1.3466520472778243,[45.03292287],93.74240048058597,15.592381554479173
398.31100000000004,1.364879933423986,[45.12302787],93.67303213340755,2.623701238466891
398.76599999999996,1.3495697034068896,[45.11849463],86.78577670995881,-23.436389190259142
399.22799999999995,1.343532838892629,[45.21030623],91.46720742422104,12.201653981844585
399.68999999999994,1.3608440316861137,[45.14487203],92.87660170584518,8.014730622223576
400.15,1.351039987035947,[44.89800292],90.53095227712456,-15.197366799001744
400.61299999999994,1.3468536764295462,[45.08546328],91.04574609695051,3.5447949661862044
401.0769999999999,1.3543512121593504,[45.0203157],90.03901368854979,2.9766498962293664
401.5389999999999,1.3496626679260884,[45.01755056],89.21949597873545,2.096550110115336
402.00200000000007,1.3563150373438584,[45.1366473],94.80611087292293,-7.608843086968298
402.466,1.3425652692951793,[45.04361191],90.05871491763405,-29.18300617042857
402.92099999999994,1.3294878311860479,[45.22354959],87.11468418520082,0.5019122066849402
403.38199999999995,1.3433782570637547,[44.93403317],87.66653319460501,5.293603808674385
403.842,1.3344128613601527,[44.72216297],91.29037960661238,-18.91325980661307
404.30000000000007,1.326013582652919,[44.81516754],86.05256372974236,17.00435145400703
404.7599999999999,1.3501645382225178,[44.95014136],90.63697245342058,19.77089738389126
405.217,1.3443392422409233,[44.68946918],89.6105253055696,-12.12090880821104
405.67099999999994,1.3391186471674892,[44.76320933],92.33729892237119,-14.55512004730819
406.1339999999999,1.330936643706721,[44.72783114],90.69541529036456,-2.5516247659491675
406.5949999999999,1.3367005961549836,[44.58057004],90.41189415501972,-3.8805338873484363
407.053,1.3274684153164387,[44.55952903],90.331486010608,-17.52991437688589
407.514,1.320606422592612,[44.43712598],89.3119114692438,-3.123446703306776
407.96899999999994,1.3244671177696106,[44.59379785],89.81757095106235,-7.437831574588216
408.42999999999995,1.3136010345273101,[44.66904723],86.30989634578631,-2.79171885873164
408.889,1.321815800871746,[44.31421299],87.49732075637574,8.20554685628938
409.352,1.321088678516479,[44.36198706],90.41770687393935,26.776846294841672
409.8069999999999,1.3459473073092396,[44.52973426],95.9529218473756,5.86886022740396
410.2689999999999,1.3257824548342332,[44.40001965],89.3513699771548,-35.188014302211855
410.7320000000001,1.3134153300939488,[44.38654441],90.092881089963,-21.792684287995634
411.1909999999999,1.305650424532734,[44.45826168],85.41128330260965,-0.6664684617891936
411.6460000000001,1.3126767400904633,[44.35947799],88.15006111648026,-10.013923258634483
412.1070000000001,1.2961701801966525,[44.37892767],85.71494583554382,4.417529554644473
412.5690000000001,1.3168346541547635,[44.39343526],92.32319217144047,17.652547606762383
413.03200000000004,1.312444576625379,[44.3763086],92.71924378080249,-10.849166923023512
413.495,1.3067883255840447,[44.21368482],89.49406721087344,-11.511665969756057
413.956,1.301804983922989,[44.33002612],85.6563799382629,9.381140221066175
414.40999999999997,1.3150915411127069,[44.22736063],89.68960190571623,15.751664503991236
414.8739999999999,1.315991757712773,[44.26864745],89.67008314633968,-9.470923245643359
415.331,1.3065273703909401,[44.09366328],91.99036830623666,-0.3931956478095966
415.7889999999999,1.3156726613983976,[44.19457327],91.24969848026358,-0.7596505563645106
416.244,1.3059577673324432,[44.32636361],90.72138616462522,-18.48446739872678
416.69899999999996,1.2988517960655535,[44.03538404],87.54277431270815,-5.496177873764108
417.15999999999997,1.3010455253062356,[44.00270813],86.85059706653333,-12.185671213820193
417.619,1.2877086087385743,[43.92890613],86.56460392767474,0.7738529774432568
418.081,1.3019378107031423,[43.96464085],90.42541239424675,-4.044544195718647
418.54200000000003,1.284045106391992,[43.86380274],85.81064516816659,-1.531357273888423
419.005,1.3006722858667357,[43.70783393],92.04193605509214,17.124291398047387
419.4599999999999,1.300063209606299,[43.84125768],86.39810181954645,-24.055973019082355
419.91999999999996,1.278432648909811,[43.97532952],83.65984176361006,-21.471051645564955
420.3749999999999,1.2801630669772641,[43.76447464],87.9056424511073,-8.572940974194587
420.8359999999999,1.2704303430816177,[43.73537111],83.59582509554738,-8.303712344334135
421.2979999999999,1.2725243852415709,[43.76114232],85.30515165852381,19.578763514888074
421.754,1.2882242659631034,[43.55953423],86.71173348062953,12.837574211701064
422.21400000000006,1.284110109695661,[43.5519556],89.26622589778805,-10.479224565510536
422.677,1.2785426992090168,[43.66594298],85.94512946317856,-7.958400624448192
423.139,1.2767404654123213,[43.88705482],88.26223386121947,-11.491210318240963
423.59900000000005,1.2679780986644194,[43.64945262],85.2783931037655,-6.616724973673049
424.06000000000006,1.2706713525342161,[43.63814047],83.68371364178986,24.27254786239308
424.5179999999999,1.2901743478700551,[43.39237991],92.89447914453709,8.609514478263192
424.9820000000001,1.2781989731441372,[43.5951846],84.48883646758212,-5.462017931179952
425.437,1.2847920597146092,[43.39892438],88.23416010720447,-18.66272566423688
425.8929999999999,1.2611308511485908,[43.14950086],85.31535808928419,0.08516759423815579
426.352,1.2851828565589232,[43.70880815],88.40252977881592,18.166488882974228
426.81499999999994,1.2776052853879938,[43.39099053],86.62585611415327,-28.930865778410862
427.27599999999995,1.2585008865154217,[43.34444637],87.88596756292209,-8.210738935941375
427.73799999999994,1.2700933063803128,[43.26883911],86.64353843867731,18.9251883575019
428.19299999999987,1.275940963016231,[43.42372908],85.7006198320641,-2.1720490396850423
428.65199999999993,1.2679873329069198,[43.20594813],86.38765412734942,-26.986761280372917
429.1149999999999,1.2509815637039532,[43.4384788],85.59720604643292,-6.821895800068534
429.5769999999999,1.2616173286325325,[43.49216914],85.45110650697508,10.512146449708437
430.03599999999994,1.2607380608410708,[43.27718933],85.31797429838909,-11.564883227181966
430.495,1.2510007658299782,[43.26119589],86.39758534425206,-5.400139024670514
430.95500000000004,1.2558069955532338,[43.18644909],86.2679986382234,14.149005856169738
431.4119999999999,1.2639532725224745,[43.02836923],85.77693839751018,-4.562859857478285
431.86800000000005,1.2516858323358109,[43.22609017],89.87604414155648,17.3869642158353
432.32499999999993,1.2799162464677019,[43.24816687],91.25584455581104,21.579271260579567
432.78200000000004,1.2714092862679622,[43.29836342],89.34917230854325,-35.451452125149665
433.23799999999994,1.247582707154872,[42.96799188],84.24505132440521,-24.246709220839826
433.7009999999999,1.2495216336067256,[43.12247398],91.78316389881189,-18.823188083477493
434.1639999999999,1.2301524349895732,[43.16439447],83.67836045809086,7.754304531501166
434.62299999999993,1.2562761086092007,[42.9118946],88.08640650474949,-9.564540422748014
435.0769999999999,1.2220811773509077,[43.05901641],81.44807120977883,-13.493734875698049
435.5400000000001,1.2450262432138963,[42.99732558],83.81309658589475,19.995531809222644
435.99799999999993,1.2407910843938887,[42.89649451],86.98949262355053,-2.962550219668403
436.4599999999999,1.2423511927299218,[42.90291742],83.47736594766657,-9.056803416357395
436.9229999999999,1.2323886469984995,[42.9912763],85.30893761141103,-21.20828976267419
437.3849999999999,1.2227329071917707,[42.61538299],83.19790467527896,-4.1723917493274865
437.8470000000001,1.228533357022128,[42.68323487],82.57433576458635,3.9438218894614074
438.3090000000001,1.2263769986176378,[42.63745525],81.19236538028309,-11.184323647493555
438.7710000000001,1.2181990419718443,[42.83203432],82.75563298043244,-8.49401507876224
439.2289999999999,1.2184891660906325,[42.61760888],83.74138355518392,15.695751617022635
439.6829999999999,1.2323935952974663,[42.62385934],84.5211369331511,8.772596617725226
440.1450000000001,1.226172121475626,[42.6484391],85.2684074319909,2.510259140152682
440.6059999999999,1.2346786457599246,[42.61991624],89.60501286953571,0.6945509039442133
441.06000000000006,1.227054356978435,[42.53426804],85.84906962328083,-30.96382202723924
441.514,1.2065634953591937,[42.52259656],83.75803942986911,-17.18505304808371
441.9699999999999,1.211528000964932,[42.55266494],85.77467529703301,-0.030843834525562386
442.4309999999999,1.2064254338175782,[42.74164445],82.51274602893317,15.274747835134717
442.89199999999994,1.2256113184689268,[42.38601526],82.58612289093247,11.180493096229371
443.3539999999999,1.2166840879646057,[42.37184678],87.64352274485732,-14.480938147097167
443.8159999999999,1.2122309316210091,[42.66139797],80.8465389617936,-0.6868432482229903
444.27599999999995,1.2160150879032543,[42.3583841],84.37407279609279,-10.288697472816022
444.73300000000006,1.2029069245310435,[42.26505015],79.57256618276466,-11.399911994068423
445.18899999999996,1.2055724397537064,[42.31071657],81.06124911002931,-0.6354270101829318
445.6460000000001,1.2023138037480823,[42.49975997],80.4830437182521,-4.589844643520857
446.101,1.201376361076857,[42.24769638],83.79965940036581,0.700801109443816
446.563,1.2029953913216693,[42.51477174],84.18146837888705,6.939054216334339
447.02599999999995,1.2078018629807885,[42.23535149],84.32199596879778,11.757681312336343
447.48699999999997,1.2138539946144802,[42.34566637],86.21862790223433,-3.5574680546548443
447.94299999999987,1.2047056172706887,[42.19633129],81.79762787896688,-9.982708446822697
448.398,1.2047396102785048,[42.2832263],83.47450542827143,-4.235608536109492
448.861,1.2007477572528966,[42.18907498],82.00682474506931,-8.385174772527204
449.32399999999996,1.1969749384391453,[42.25455225],81.33617891233679,-7.622822022614217
449.78599999999994,1.1936955963881994,[42.0251045],83.95861952680492,-3.1009548876947957
450.245,1.1940950537264006,[42.14278367],81.99463171601987,11.91993515029477
450.70799999999997,1.2047745590318235,[42.00190094],85.7513127996317,-4.779514478774782
451.1629999999999,1.1901491368053045,[42.12571474],81.35475677944451,-9.10509960219974
451.6170000000001,1.196451996756886,[42.07139731],80.96716869383441,-0.4064394323313181
452.072,1.189751073105158,[42.03201911],80.37687781743546,-3.0464482668886017
452.53499999999997,1.1938438939728468,[42.04931108],85.60031477623508,1.422424154073676
452.996,1.1910949983895913,[41.81946669],83.61897914195737,-14.434326273195852
453.4519999999999,1.1806918716665737,[41.79594214],78.36922786216597,0.8319251737938238
453.9139999999999,1.1921443220675845,[41.85267606],83.3078286527457,-3.239488094138654
454.3570000000001,1.1788033109951275,[41.8109825],78.300956755222,-3.551107019861388
454.91999999999996,1.195810759795373,[42.00471978],86.09047063839733,10.853135632514332
455.40700000000004,1.1929425617551668,[41.94625058],85.54726418647707,-26.334943392893663
455.87,1.1717497618659205,[41.97886137],80.22582493426079,-10.113176079814545
456.332,1.1835166316802201,[41.79602245],78.69972162824696,22.55482184426727
456.8069999999999,1.1928067843464372,[41.68157536],83.00980394304457,6.993051105180337
457.2610000000001,1.1905292473246167,[41.98135408],82.10633672691414,-1.6953147757288178
457.716,1.1912723931040947,[41.76297302],83.72379616781441,-26.227984202296994
458.17500000000007,1.166332999853648,[41.65760724],83.37315405833293,3.1093298244153633
458.63800000000003,1.1946007457499885,[41.69541329],81.59863804112655,27.02715113085885
459.092,1.1917234179992953,[41.85559683],84.22294281858862,-10.297021283727226
459.5490000000001,1.1851963251025213,[41.75998865],83.3888998151586,-24.823848019336126
460.01200000000006,1.1687581510008027,[41.58312237],81.39100402974157,24.665709526028756
460.47300000000007,1.207747283224776,[41.75398666],89.45030118296584,8.622018474520043
460.9340000000001,1.1767076520343105,[41.78668794],82.8262120942544,-44.45888155332756
461.3960000000001,1.166757529576638,[41.57322311],81.72866457945065,14.208535648089216
461.85,1.189155692903087,[41.42356322],86.94722872794796,-3.165511538586907
462.31100000000004,1.1631204107239148,[41.25956481],79.87738364396314,-27.13511550003944
462.7700000000001,1.1640742790215088,[41.59869052],80.79455200736078,5.649485122722453
463.2309999999999,1.1683322535223453,[41.56264192],81.73710728596278,-10.070581195295247
463.6919999999999,1.1547892031594398,[41.44840107],82.81012688530267,-5.25777520533377
464.1529999999999,1.1634845847830273,[41.43775128],84.55308532092941,25.841356105488877
464.57399999999996,1.1770471540553111,[41.54558058],81.93101728406506,-3.0883298340216303
465.11299999999994,1.151020558197388,[41.23858224],79.11211710162482,8.249853626859815
465.57499999999993,1.1772205132395446,[41.22102712],86.42705262295952,22.27267540316835
466.0379999999999,1.1715538340379692,[41.13595173],83.96881223419493,-24.517926280910316
466.49300000000005,1.1549078216705746,[40.99818512],77.79947756449526,-11.722173679977743
466.95400000000006,1.1611166397141246,[41.14459439],82.44919490440469,14.36858751108927
467.4129999999999,1.168123328251373,[41.21343176],86.50089737078473,1.4262298501444004
467.8760000000001,1.1623204301403551,[41.14776368],82.23180040345048,-21.257690651005355
468.331,1.1487471531988263,[41.13363024],81.21618699091903,-15.450225566216336
468.79100000000005,1.1483280754437484,[41.11223901],78.631996820331,7.120564261983153
469.2489999999999,1.1552517746199078,[41.21924822],80.25936976590359,1.4961922203988731
469.70799999999997,1.1496728118597757,[41.09872001],83.08151566435859,-9.55655155914581
470.1629999999999,1.1464963926474985,[41.016863],80.14883533314669,1.9849419708024563
470.62,1.151519022092246,[40.90612527],80.92876889896323,-21.110639930958406
471.0759999999999,1.1272865103001963,[40.92831796],78.20977432944753,-17.669422115042188
471.5300000000001,1.135298270921466,[41.11125287],76.73385173664084,0.09683505260094094
471.985,1.1273393942766103,[40.97806699],78.58230512990538,-3.360023673739443
472.4419999999999,1.1322905816201247,[40.83691718],79.82355012519238,10.779760184738475
473.11800000000005,1.1395233545712162,[40.97384062],80.3579822443232,32.62328457571817
473.58000000000004,1.1615176913229737,[40.68915155],85.50839142613245,-6.376450724053795
474.0389999999999,1.1339734912741979,[40.92438208],76.96438635161519,-21.92551501484008
474.4999999999999,1.1414988839345441,[40.89058663],79.75272378141555,10.08462094981799
474.95400000000006,1.14328760842596,[41.15093766],80.54456937948119,-19.781229637589437
475.4139999999999,1.1231323052563473,[40.73323775],77.57896212986618,-19.71797339768644
475.87700000000007,1.1252329778789742,[40.69919354],77.38386539097617,4.712980421239132
476.331,1.1274509730445443,[40.69271106],78.07938201617374,-8.970020797075318
476.7900000000001,1.1169040311976466,[40.84208748],80.61949009592419,11.815173450711702
477.24799999999993,1.1382159763806157,[40.68259199],76.58119967435964,20.153345456809024
477.70799999999997,1.1352990547964208,[40.61719215],79.65974200934264,-7.979187975171387
478.1619999999999,1.1309425270249291,[40.43750238],81.0427178936593,-8.440750590795965
478.61800000000005,1.1276226024383453,[40.61419721],79.83794483063474,21.603014468707606
479.073,1.150565169445346,[40.50325876],84.68375392601787,-12.407827270826122
479.5300000000001,1.1160547874005886,[40.37436751],81.62579409090608,-23.01499816310626
479.9889999999999,1.12969389089111,[40.26888636],80.7724689326603,-4.400478514124284
480.44299999999987,1.1123764453946627,[40.44758515],78.71947723016466,-23.07261725276377
480.898,1.1087510580772133,[40.45953164],79.9576882874861,7.9235578375780324
481.3559999999999,1.1197063166888888,[40.36090791],83.68580560381596,13.110327602218863
481.81399999999996,1.1207601181608402,[40.39926651],81.72905587679566,-8.74719815595082
482.2710000000001,1.1117247024032222,[40.30787713],80.07451624162778,-7.225118935532571
482.727,1.1141385199626792,[40.54957148],76.71095258421026,2.440045365081689
483.18999999999994,1.1139268496781234,[40.31024986],80.28625116372923,-6.431658882320335
483.6450000000001,1.1083290230638645,[40.22342395],80.81627104620324,-13.146902837235297
484.1049999999999,1.1018889473371158,[40.31101777],79.11708876281332,18.91153355896602
484.56100000000004,1.1253898389731578,[40.25594449],86.17463725447587,4.687725543996324
485.0089999999999,1.1068696649663832,[40.31678419],80.44733008393732,-25.447423422323755
485.716,1.1066098670088644,[40.21377303],81.41353975081356,-1.8047434252814742
486.2309999999999,1.1051412415502593,[40.04311814],77.44061586097776,-20.163538739476515
486.6840000000001,1.0891090126131413,[40.15950997],78.2882766839467,-15.89071515844842
487.1349999999999,1.0906982051622234,[40.14739783],77.90742795122186,10.010581670780061
487.592,1.0982769810470332,[40.28497484],78.28368130136427,1.5118219984331382
488.14099999999996,1.0891667184148748,[39.86787092],77.93289496323209,-7.012052485602993
488.85,1.0929689553075472,[40.03855727],78.1203116361976,27.554162917034162
489.312,1.1123796693317627,[40.02009843],83.37524077019225,2.829888683397508
489.775,1.0955081482367723,[39.95141858],81.49490919344306,-19.96308633423527
490.2289999999999,1.093779824945147,[39.8954748],79.28195932942452,-21.663511401783573
490.6909999999999,1.0753761484478082,[40.00877719],76.30790855670412,-7.4104494124001
491.1539999999999,1.0869900781176494,[39.7559415],76.66382938949032,-10.726024444416282
491.60900000000004,1.0660976697076687,[39.86388243],74.50280811771167,-9.154765109037344
492.06399999999996,1.0786592418684078,[39.80573042],75.4656870144382,29.072235944448188
492.52599999999995,1.0927775691623138,[39.77108315],81.07485577265206,13.768069333412791
492.98799999999994,1.0913809379324808,[39.73098821],82.06111970639412,-9.646385352230835
493.44999999999993,1.083864309096853,[39.75734325],78.77865751893681,1.8288534272563606
493.908,1.0929193209748522,[39.84341424],77.72012954507821,-12.290483145252828
494.3659999999999,1.0726062265358167,[39.68253534],75.06000364729071,-4.231940039699067
494.82000000000005,1.0887402348672002,[39.42586488],78.80335564408433,-5.065743622281849
495.28100000000006,1.067398243940294,[39.40815083],76.6865902284099,-28.312912177573146
495.7409999999999,1.062628117600358,[39.34723541],74.67366434606839,11.726432626424366
496.20400000000006,1.078354751207851,[39.37728715],75.1666382424203,9.13935039649405
496.659,1.0714118487643278,[39.55574643],74.50947265144353,2.7599358570509214
497.12,1.081100506882226,[39.44208825],80.09765297087604,-17.166920991965597
497.5759999999999,1.0560495468538111,[39.51008022],73.58115858352132,1.341983259295132
498.0300000000001,1.0820970921210615,[39.56175286],80.84315746799332,21.05221533491175
498.486,1.0750614578681832,[39.37332343],75.13047647440239,-20.997196558735443
498.9419999999999,1.0629476488594989,[39.31997076],74.21645390956212,-11.8433321946958
499.4050000000001,1.0643851260928312,[39.39857087],74.87492368135318,-9.814412576349518
499.86199999999997,1.054072414159531,[39.45805457],74.10121135211607,-10.354912804439786
500.3169999999999,1.0548927077107193,[39.38233926],75.5030828313227,8.532877873704381
500.77200000000005,1.0618373330246056,[39.22627261],76.08723580296724,11.684675554233914
501.227,1.065525762465075,[39.23237165],74.55698175510382,-1.5322674121784896
501.6809999999999,1.0604637581744523,[39.30918719],75.25124253162788,-7.001490623580908
502.14199999999994,1.0591779224482323,[39.33878063],76.11411600746379,-2.5944253196374945
502.6049999999999,1.058067290094162,[39.18527763],75.75517884809662,-7.608588997075394
503.06799999999987,1.0521323690369409,[39.06402212],74.599689890563,9.052156860881455
503.525,1.0661345281944858,[39.19316117],77.95997210290841,-8.523626646649296
503.9789999999999,1.0446015514482645,[39.263296],74.41317945640681,-5.730551977691789
504.43500000000006,1.0610868889349823,[39.01545208],81.7723962244657,3.9444543998772286
504.89700000000005,1.0478335266640761,[39.18143133],74.92577007786706,7.669288287338816
505.351,1.0675352938518534,[39.06460829],79.36026203298654,2.389115182571233
505.8069999999999,1.049843232795262,[38.86057792],82.51334901988922,-17.342039697479716
506.26699999999994,1.0518223890614982,[38.78672421],76.11035483371248,-14.484101186796883
506.72300000000007,1.0367254355791509,[38.98383685],76.5505511797252,-9.606008652096376
507.177,1.042987121958331,[38.8945066],76.75375350827458,8.160856536932437
507.631,1.0441354933146847,[38.83962076],75.31125597701705,6.717399490952847
508.09299999999996,1.0492078574180774,[38.93320405],74.93709772655325,5.384744874819214
508.5490000000001,1.0491453859611082,[38.77734434],81.39219019771726,-18.848291057059097
509.00699999999995,1.031905510088802,[38.69702596],77.01982092425973,4.08587518725656
509.46400000000006,1.0528005978144763,[38.77177911],76.75609685984271,3.7384406892726485
509.927,1.0348377620379616,[38.68644449],72.94175388667279,-23.045307595630504
510.38,1.0313794717894944,[38.70854114],74.89682020378505,6.275551036047711
510.842,1.040832753834254,[38.5270422],75.87705202589343,-0.24622155518461142
511.2990000000001,1.0313591523345118,[38.67678164],73.24049830497273,-6.6837215927118
511.754,1.03468113764566,[38.83392184],74.99301157200122,0.26462782344749414
512.214,1.031530535787504,[38.55502488],74.74753983039452,-3.7017876041873787
512.6719999999999,1.0312703346057686,[38.63560067],74.7799830284287,-3.8707722118196397
513.1270000000001,1.028016271743092,[38.52727961],76.52827011876806,5.757799309034528
513.5880000000001,1.0367004152204657,[38.63074484],74.74663101523736,-1.4482260644870237
514.051,1.0265967914535157,[38.50294313],74.46398589302927,-11.59795803370045
514.514,1.0259607060812599,[38.48105686],74.50308744244633,-11.555267470031438
514.9699999999999,1.016118963193513,[38.48276423],71.96721610125049,5.877431914716125
515.4329999999999,1.0317494595978187,[38.27876089],75.82486908120343,-1.2091836143919288
515.897,1.0149280377471241,[38.52436878],72.86168850090864,-12.655890155547578
516.359,1.0199359200409752,[38.30821207],73.13129931390458,-4.7137296059338585
516.8169999999999,1.0107152942805522,[38.28212433],71.83261468218213,7.526214566526468
517.272,1.0266419459382121,[38.21127164],75.16010597490707,-1.5825706021752595
517.7299999999999,1.0090501664339848,[38.32351705],73.65047434237496,-20.117947422352067
518.188,1.0082139060993471,[38.25168905],73.38453317822521,5.556200437928149
518.651,1.0142416509538243,[38.28631205],73.97970899994455,9.707922836183824
519.1049999999999,1.0171750894618035,[38.23395891],75.40435025526237,4.369502735887654
519.562,1.0182096755851264,[38.21665369],74.32279720219113,23.72212819735364
520.0200000000001,1.0389238002442003,[38.11537042],76.23329302014551,-13.612606986210363
520.4799999999999,1.0054774286721495,[37.97133793],71.00552130837058,-24.89792585121231
520.936,1.015736470555385,[38.15937578],74.1665059939927,-6.306289017406597
521.3960000000001,0.9994694237558772,[38.12849909],71.3049149329631,-4.669195586628261
521.86,1.0116687530460118,[37.91344413],74.18385035038591,3.7447851744030203
522.322,1.0030270879488932,[37.94745188],70.97094868272573,-29.256645980919373
522.7800000000001,0.9848366872606131,[37.94410953],71.45281206495083,-7.196252014737947
523.243,0.9967263227956185,[38.01678304],73.1754772562237,15.26114357477204
523.705,0.9989740593949323,[37.83057879],72.01505261531848,-6.7552319181516385
524.16,0.9906932291305002,[37.95569723],73.2774786932441,-0.0001961373843339942
524.622,0.9992306315071002,[37.68550318],73.14863818868274,14.38311065765685
525.082,1.0039708061537211,[37.84285184],76.28762184129728,17.43714083025982
525.5379999999999,1.0151462412848564,[37.81667486],75.56156548107569,18.4709765265767
525.994,1.020816336745957,[37.79152295],76.22121272276783,-10.53497294336303
526.448,1.0056510919917585,[37.66868564],76.37484902275136,-36.18252114118236
526.9060000000001,0.9877955483437773,[37.75341227],71.26388133296,-6.1003874454892415
527.36,0.9998256033547119,[37.51583329],74.76544317548804,4.402818851535484
527.8159999999999,0.9917135384294953,[37.72704586],72.27759696388992,-9.395551516633738
528.2710000000001,0.9912494862020036,[37.6441458],74.35337658810181,-2.3821671786987686
528.7309999999999,0.9895201578891353,[37.56869447],72.39016799037302,-3.456926560378326
529.186,0.9880833900103871,[37.58177954],74.26882840465096,-14.88271625519233
529.649,0.9756685753838039,[37.59428654],69.14883353859092,-15.965745350445593
530.112,0.9732991098158756,[37.42057129],71.80795284488713,3.2797918114151337
530.573,0.9786655858534177,[37.57198375],69.08912859664261,-3.140796691229575
531.0289999999999,0.9705660150625126,[37.57490277],69.4830565964051,9.043033256804556
531.484,0.9868502374340165,[37.45498183],73.03300082561648,29.33120683664736
531.948,0.9974039951554672,[37.47024549],76.85161808562516,2.5649846138584564
532.409,0.9893435378732072,[37.67347411],74.42724625142154,-13.222690558800654
532.871,0.985207985079676,[37.34989445],71.87321406915483,6.784785289373874
533.3259999999999,0.9953465481986121,[37.28419308],73.30641466839808,-5.952429627817946
533.7879999999999,0.9793512766171064,[37.1834171],71.66959578276649,-14.275701868162738
534.2499999999999,0.9821557996724302,[37.51235997],74.0499618357249,-14.529153656687388
534.706,0.966259102999093,[37.41909772],69.13207102815154,-12.860167495149177
535.167,0.9705842423692637,[37.30970352],71.99958250360599,13.337204179882267
535.6239999999999,0.978471152722374,[37.31504254],73.4962581535714,0.5551816143800625
536.0859999999999,0.9709265122723254,[37.26218546],72.41314042149716,-7.805144309290579
536.541,0.9711953861356899,[37.36874749],71.5278815453702,14.219498844126877
537.004,0.984199986272938,[37.44571732],71.69600896393771,17.414659390178944
537.4619999999999,0.9873404414354447,[37.24017531],80.17003615830846,-5.689931704980999
537.9250000000001,0.9788334060954549,[37.12321986],73.34277768054075,-33.01641644890596
538.3870000000001,0.9568295099745519,[36.92877466],69.26701251334207,-14.953660209232389
538.849,0.9650162240621245,[37.22491505],73.0226940355707,17.362572820651234
539.302,0.9727226379872844,[37.06607893],75.03604458416098,8.697915780265797
539.7599999999999,0.9728564261510726,[36.89792426],73.67466567492218,-7.918104429623485
540.2230000000001,0.9653475134683296,[36.86445304],70.2175360130621,0.11320134320391695
540.687,0.9729940613792913,[37.00719329],74.94775357708787,4.8056759347978595
541.148,0.9698625809926811,[36.96515656],73.54454024274592,1.3673390253996498
541.612,0.9743079701151103,[37.01227473],75.09044970163393,-16.088851448575745
542.0679999999999,0.9554680079520219,[36.81381498],71.97786367981176,-32.274999821015896
542.526,0.9448448624098578,[36.93211343],70.01261905356967,14.17619553351912
542.9820000000001,0.9682758937066949,[36.90069431],76.37013831323091,11.401950691267704
543.439,0.9551747919316784,[37.01412934],71.30796631020625,-20.601838031310216
543.8950000000001,0.9494503016720586,[36.73624101],69.01574707301542,3.897031958446595
544.3570000000001,0.9589509748760721,[36.80489728],73.22668537537788,8.777144912696766
544.811,0.9576771268942759,[36.78637546],74.31373448343363,-13.94842827769227
545.266,0.9462495438370524,[36.78093917],68.19434080156717,-8.543907821072949
545.7209999999999,0.9499021707771007,[36.79879322],70.68148433135586,14.179129802974977
546.1750000000001,0.9591260835909015,[36.90812717],69.9713014766655,8.842467608481952
546.6329999999999,0.9578743006798944,[36.68355808],75.23193226098533,-14.603917979919778
547.0880000000001,0.9458636978119854,[36.83860786],73.31284601395008,-16.090534967722505
547.543,0.9432319138592609,[36.732715],70.69409166977596,-23.87629453690088
547.9979999999999,0.924136269783409,[36.80353877],67.53588247981729,14.470288770481066
548.4519999999999,0.9562726529182322,[36.65175074],71.74169983199381,32.53699847000846
548.9129999999999,0.9533680234871036,[36.82734774],71.91085062066082,-1.1999234602693143
549.3770000000001,0.9551934280459353,[36.52588143],71.4052397779758,-3.216203425490116
549.8369999999999,0.9504532070808922,[36.40497878],76.91588544050086,-16.661848638110932
550.295,0.9399232237995221,[36.59788639],70.13003392372863,-0.12261713445127498
550.7579999999999,0.9505702111141539,[36.63171712],71.22326828377287,4.831828124890913
551.216,0.9445539949826884,[36.40726494],69.49124166561116,-8.097534525238537
551.6740000000001,0.9431528694890339,[36.26345987],71.43896309829117,0.2372979075087045
552.13,0.9447577279652473,[36.36901066],70.45015655331513,-7.611017475352089
552.59,0.9360917433880496,[36.43508475],72.50602186889027,-3.186369088643559
553.0500000000001,0.9418262684036951,[36.53681482],74.01059241081161,0.351488634154018
553.5099999999999,0.9364151129314766,[36.41003587],70.81163679614188,-20.082631445798693
553.966,0.9234968426339982,[36.39084777],70.8001849591319,12.343668576224598
554.4229999999999,0.947766317954587,[36.33876817],76.1517938779717,4.275113829903088
554.8770000000001,0.9276834954274757,[36.28066914],71.63643038188951,-22.960166986946362
555.331,0.9269184863304272,[36.3415427],69.04103087560009,7.883079995988362
555.7869999999999,0.9348954550126978,[36.30862312],70.20418815194517,7.821962779786418
556.245,0.934028989916023,[36.10024302],70.75381625572834,0.5796004688376488
556.707,0.9354485453480055,[36.35048113],73.76425822703857,-20.19070697854808
557.17,0.9153060089317557,[36.18692239],69.07316342771786,-7.210560908206043
557.629,0.9285113117061374,[36.33856385],69.20823529100299,16.97790487326656
558.092,0.9308648916375735,[36.18243968],68.14397587534499,-14.331952544756943
558.5500000000001,0.9155046878565436,[36.14920122],67.39945740956956,-19.439608732168878
559.003,0.9130151980804582,[35.85277698],69.2364570590987,25.316412158617794
559.459,0.9387027905146246,[36.06952795],78.3094441944365,3.1625534354101648
559.92,0.9153806457038993,[36.08419975],69.80474848000667,-35.71570959740944
560.38,0.9057789049889748,[36.20625727],66.2685277968873,8.030198718958271
560.839,0.922702654064226,[35.92174331],71.29645464164419,20.947057563609373
561.3000000000001,0.9249863637556988,[36.01537918],72.16070484699766,1.6241345482737035
561.7589999999999,0.9242101476879632,[35.78280545],73.26541604398781,-3.0306393685861632
562.217,0.9222099436099731,[35.96850908],70.70519979844293,-14.227984293821994
562.678,0.9110752719933166,[35.92679318],69.15515203483265,-15.83203821166601
563.139,0.9076128043788165,[35.86768664],68.3711782943863,-1.8299130404864083
563.602,0.9094072050863407,[35.95938564],68.70788771923426,-3.5189808447111393
564.0659999999999,0.9043359040121122,[35.66663076],68.36646523630564,-16.792903246736657
564.523,0.8940224092544409,[35.81049407],63.928241865666536,16.52429125732924
564.987,0.920106257344635,[35.97257059],71.94554870809779,15.387253448825744
565.4409999999999,0.9089556675242509,[35.61627824],66.47754975604346,-22.134781045554995
565.8960000000001,0.8999905986967811,[35.80151576],69.69679267029431,1.7102700283471162
566.352,0.9105565980191825,[35.65843872],69.46132629710598,6.121587784041038
566.812,0.9054609791732806,[35.61657676],67.20138859796297,5.2484434704760385
567.2669999999999,0.9151965523130783,[35.60029577],70.67486990130618,3.4163020273603184
567.7289999999999,0.908340063895924,[35.79079373],69.868636391656,0.06840618971204471
568.1840000000001,0.9150521320144713,[35.66811979],67.19164836926548,13.629316958893355
568.6450000000001,0.9208109596453353,[35.54054517],74.54642294909029,-23.627485728953012
569.102,0.8936498026665001,[35.72286348],69.66979843964538,-18.588182780920228
569.5569999999999,0.9036955127738537,[35.48968566],68.9518830588695,6.8959321280872565
570.0120000000001,0.8999251009030531,[35.48915308],68.70596509274895,-10.384486061778775
570.4720000000001,0.8941726140942758,[35.47969407],68.33294628252601,-9.775234355967166
570.928,0.890949239821482,[35.43277736],69.17517431586762,1.5161878374220228
571.391,0.8956871031018139,[35.27580112],68.2676503853874,7.746129398983781
571.8459999999999,0.8980996322433383,[35.45763751],70.40459913010048,-1.1147696069060409
572.3059999999999,0.8946025660127834,[35.57635194],68.2582233845079,11.908625367825554
572.7669999999999,0.90910654050872,[35.55972773],75.93643979706644,-10.658302293441334
573.2299999999999,0.884585448080726,[35.37057635],68.81584912296451,-45.8139860537905
573.686,0.866904181025298,[35.35126618],62.913086022235895,5.906397933096885
574.141,0.889876912369866,[35.28150069],65.89645562175991,22.07826799285728
574.5949999999999,0.8870300866913818,[35.41733677],69.76582218165271,1.1159433373656436
575.0569999999999,0.8910183414850985,[35.14531516],68.19388994805422,2.8521206286117318
575.516,0.8896914599768915,[35.32324833],68.97098602957846,-12.64609583527687
575.977,0.8793448271574573,[35.24465515],66.29404885804173,-9.85057553020663
576.438,0.8806092293380408,[35.11800427],65.10113961738888,8.417632977321121
576.9019999999999,0.8871652978215372,[35.21487868],67.68627437586426,-3.48044861465735
577.361,0.8775719255226198,[35.06980607],66.58799751571334,0.4048395178544162
577.821,0.8875800026210328,[35.2821707],67.34494644821346,3.8466303755793074
578.276,0.8812697195331964,[35.28010642],67.41019471443526,-7.894746210055148
578.7309999999999,0.8803957835698837,[35.23595392],67.15880621620853,-3.150117221056292
579.187,0.8783975012852017,[35.27924593],68.63773651889483,-0.6038040827152091
579.647,0.8798730587566206,[35.04336885],66.69528913972985,-1.3540934781404168
580.11,0.8771202127890696,[35.08835547],66.74672823087687,-1.1454608834603475
580.573,0.8788123619785364,[34.85780558],66.89506231502193,1.4659055656522924
581.0289999999999,0.8784977921754054,[34.98654099],67.25165293010417,0.5046145623888165
581.484,0.8792696795430608,[34.97656822],68.3824760565725,-16.612433853924635
581.948,0.8628981460659855,[35.01725286],63.80326860574421,-11.17198420006471
582.4039999999999,0.8686089959122509,[34.92019086],68.28070265578029,17.258058435555725
582.862,0.8786909900643765,[34.9702653],68.83837636232244,-0.47943749767775934
583.3169999999999,0.868305782635022,[34.79304855],67.22526229965466,-25.508635304246184
583.776,0.8553545309850201,[35.11299615],66.17800816992455,-3.1846111905082797
584.236,0.8654292427327528,[34.76395685],65.2728549085474,19.100686524987196
584.6909999999999,0.8728595155422172,[34.87309557],65.91026660684255,-4.04443135858612
585.1519999999999,0.8614784351287743,[34.84498435],68.78301222905282,-24.209161619955786
585.6049999999999,0.8507247498974793,[34.72923756],65.74012841193117,1.9204060803902356
586.061,0.863378549395249,[34.71718208],67.85150116037534,15.72732110592967
586.522,0.865025821845669,[34.63653023],64.44865837636975,9.438737873381896
586.9789999999999,0.8719965905070166,[34.6463868],70.05121903372297,-1.3115482717008797
587.4409999999999,0.8636539540955703,[34.58520882],68.78715429553596,-19.1759231254689
587.8950000000001,0.8544491823093059,[34.63101316],66.09937369642627,-6.8878883966014826
588.3580000000001,0.8575811137624463,[34.82397982],66.14386735722088,0.5471996705824766
588.8159999999999,0.8550149898134269,[34.74715026],66.71121936413,-5.769242555095144
589.2710000000001,0.852314790151742,[34.7113428],66.01108957699768,-12.817983037619719
589.7330000000001,0.8431637893742552,[34.74405458],62.64912312317138,-5.628410920159532
590.1919999999999,0.8470462262071643,[34.49235779],65.93075177143241,13.397383965689901
590.647,0.8553696591541842,[34.56980963],68.2132171054679,-10.465662929197705
591.1039999999999,0.8373862531014487,[34.60682879],63.33114163544817,-2.2176440403999242
591.5579999999999,0.8531273166014977,[34.36742124],64.24897098467996,10.963152596809579
592.013,0.8473042890030509,[34.47310004],63.20411306274902,-1.4031234529985337
592.474,0.8519796939531552,[34.38639865],64.83337669473802,-2.7282834289017455
592.9309999999999,0.8449022394060641,[34.57488248],63.20318486553839,-14.422915981943895
593.391,0.838760284081651,[34.2804479],64.2961198650245,-5.502681978991064
593.8539999999999,0.8398705138834495,[34.34037995],66.29764070631745,4.252639642511102
594.3079999999999,0.8426268938804746,[34.28736347],64.25046011200855,-3.7852819844084173
594.763,0.8364099576419097,[34.22469977],63.612582811229835,-1.9755037564045397
595.224,0.8409585143202158,[34.34711535],64.11897628176042,-17.93168986217819
595.688,0.8196558113742951,[34.22321933],62.35253781589773,-5.151661168581234
596.1439999999999,0.8355724586376203,[34.0958911],65.65299568960288,8.015268293085075
596.601,0.8269199130374865,[34.21643341],61.953131273657604,6.337236769731303
597.0579999999999,0.841364693045143,[34.12565468],65.53443259101819,5.0161452396924044
597.5120000000001,0.8316486477941623,[34.2333759],61.34188115716193,9.023723163990137
597.967,0.8496281738237479,[34.18145625],66.64369082316696,3.989634978426748
598.4250000000001,0.8350773269801184,[33.93355033],68.59920984560257,-2.618403941444414
598.882,0.8471740938599501,[34.2508192],66.83430097709932,-7.350865187770839
599.3439999999999,0.8279818235726131,[33.93522044],65.39388599551542,-27.972037179738397
599.8069999999999,0.821327128187078,[34.05026259],61.76894675892034,4.1186231637647674
600.263,0.831509912641129,[34.00603959],63.27128366837306,15.325251732820956
600.7220000000001,0.8353075627622475,[34.31463093],67.79037892450941,-17.42928134343402
601.177,0.8157842777581608,[33.87665015],61.75644797434423,-12.847964966818392
601.632,0.8236159146424447,[33.85420371],65.31821476715427,4.278963617362352
602.093,0.8195475840260233,[34.05072713],63.94970371074757,-0.48793538647740053
602.5490000000001,0.8230855592442123,[33.84523841],62.84374862210689,2.44310166244599
603.004,0.8217838692153041,[33.95820736],65.10169280374612,1.608064163004519
603.466,0.8246232002493146,[33.9413361],64.16008454521015,-4.489360021669664
603.926,0.8176871275893132,[33.92106752],60.86060268051485,-18.09895454132726
604.3870000000001,0.8079480154789389,[34.03840333],60.83971783063687,2.226870790331792
604.842,0.8194485297600445,[34.07257995],64.14308325910389,11.702161082573381
605.302,0.8185190101172981,[33.86398679],63.948060096241065,-5.82632449147702
605.7610000000001,0.8141017405385003,[33.88612924],61.15227699394074,1.3711369092919146
606.217,0.8197078470665087,[33.91757798],67.07826949140168,-5.019655935747935
606.677,0.8093646182077876,[34.09795252],62.74087232358623,2.7121316322555877
607.1349999999999,0.8220970133657985,[33.62528291],64.34033146318565,12.985593540284501
607.5949999999999,0.8212260061108412,[33.66795049],64.94027327486701,-9.74685531981445
608.053,0.8131807453372579,[33.51720503],63.55688405201307,-1.573014960611907
608.5169999999999,0.8199688600924733,[33.52430359],65.55572875740371,-8.096453151672844
608.975,0.8059867644361973,[33.74579396],63.66760309106287,-11.114273731045454
609.4340000000001,0.8098159421092554,[33.49863581],62.738321293153795,2.5399483780844667
609.8950000000001,0.8083002564311454,[33.42778527],61.94004497185639,1.317248410930616
610.35,0.8109676404306034,[33.46792703],62.79737465691162,-13.187052412572342
610.8059999999999,0.7962487109467475,[33.39468182],60.058962650715465,-10.221329435999294
611.263,0.8016797290756037,[33.28309625],62.228603401135466,14.332947804975959
611.7209999999999,0.8093682613106574,[33.30972574],61.81308453380744,4.678723398879203
612.1829999999999,0.8058868638803303,[33.50708548],60.851306201320114,-13.076190837390644
612.64,0.7974063490953816,[33.25772046],60.85817916437936,-11.158554616108262
613.0959999999999,0.7956843229637847,[33.10312943],60.11416306677187,7.437475114401071
613.553,0.8042192161630268,[33.27998535],62.7839166432356,6.496851315503149
614.0120000000001,0.8015866159135421,[33.20400276],61.70573775134055,-12.651255356095902
614.4689999999999,0.7926582689602548,[33.27544356],61.760077927364485,-0.10126407350674604
614.9250000000001,0.801455333142792,[33.31658805],62.45956812189385,4.448334728928027
615.3849999999999,0.7966136749668478,[33.12942243],60.84274548403878,-7.305361891749906
615.841,0.7947379737935725,[33.08844005],64.51088483743789,-19.37704315800126
616.304,0.7785908408428035,[33.22587308],57.98283451592665,9.21227659541557
616.7669999999999,0.8032685419209267,[33.04803672],65.35368731224781,-1.579805063337214
617.226,0.7775713990983115,[33.02820918],58.47989346963472,0.07383489315737624
617.686,0.8034486361114235,[32.90464363],64.33456398048672,19.0032111709294
618.1419999999999,0.7952750580364685,[33.13489046],61.90977493460567,-22.65777674873892
618.5980000000001,0.7827847437165707,[33.06460978],58.71653075753965,-8.659906811101404
619.0579999999999,0.7874930896971504,[32.88748714],63.50881016063695,15.140681170773608
619.5179999999999,0.7967141703936824,[32.8770076],62.149041588503984,-9.313265051282604
619.9799999999999,0.778788567652803,[33.11955354],60.690112654984695,-12.793236736665659
620.436,0.7846599243405732,[33.00132812],61.751458914596455,10.01359264118673
620.8929999999999,0.7879252470783389,[33.0957461],63.063014604825824,-3.825361163247165
621.35,0.7811635442373606,[32.83057448],61.630606483206144,-3.9587895423421893
621.8079999999999,0.7843246524788177,[32.8574219],59.596905938146456,16.34406733389382
622.2689999999999,0.7962405801659942,[32.95057079],63.338177286876466,-4.724332508586948
622.7330000000001,0.7797706140605805,[32.84295625],61.422872439453194,-20.421667631548512
623.186,0.7771862149924458,[32.93591071],58.20675635153937,2.295791122148727
623.647,0.7819981113726895,[32.75464339],60.28679682883814,8.845420491726985
624.1049999999999,0.7853246805293483,[32.79097661],59.89753354176179,-5.772578940615336
624.563,0.7767104290630804,[32.69264936],60.298847776702154,-18.752802190676988
625.0169999999999,0.7682216820170626,[32.67932124],58.18022123193198,0.00043978309782755076
625.475,0.7768610740738795,[32.58091093],59.33352416637052,5.985585363105006
625.938,0.7736049260436759,[32.60909325],58.861102199940326,-4.1091355738948065
626.3960000000001,0.7730474822555582,[32.4329902],60.48900277228819,-11.068758518579358
626.8580000000001,0.7633425109860061,[32.59619937],58.417396733067534,6.812056291903845
627.321,0.7794043315139669,[32.63555232],62.797412207906355,11.140095147652683
627.786,0.773586113173858,[32.6329524],58.43609571897741,-9.81444833226841
628.2409999999999,0.7703216622474327,[32.59469712],64.17649432650755,-9.439272132625964
628.699,0.7649544249931302,[32.45963685],62.16186356253962,5.169796221454193
629.1550000000001,0.7749794488735924,[32.49475152],60.6654585038307,-10.610961503437434
629.6129999999999,0.7551253376001554,[32.54763832],56.52187047882145,1.4061717857387634
630.074,0.7765411347830089,[32.34284507],62.53634157278323,6.081150671484292
630.5300000000001,0.7611033026980285,[32.20612979],60.740028222164845,-14.3922104273706
630.986,0.7634154388732375,[32.32815125],58.756624007271725,14.059355976167476
631.4419999999999,0.7739254353482905,[32.27821125],60.84048800018333,6.572008458612499
631.899,0.7693826940050115,[32.06593823],58.130418348164646,-13.540678664637817
632.3539999999999,0.7615907061959084,[32.28392969],58.630803987096456,-14.680109178448753
632.8100000000001,0.7560140101948833,[32.1953743],56.06144554106481,0.7431773676885856
633.2689999999999,0.762348806172092,[32.34934429],58.49511354649556,-0.4973611717988824
633.724,0.7556733129324056,[32.11946993],59.24056440582082,-7.556029729559821
634.178,0.7554661600181569,[32.14355444],57.95883382016203,3.5579551021585054
634.6349999999999,0.7589387750422225,[32.36917639],58.50064797788259,-4.4040471062049
635.0980000000001,0.7512694579622046,[32.05586726],59.16562906065175,7.753677351176158
635.5590000000001,0.7660061106977127,[32.09480876],59.425796050990535,6.579290536304683
636.013,0.7576422342122171,[32.17301339],60.581533517478945,-2.2520653674467095
636.4689999999999,0.7640215559655705,[32.15398464],61.489224320367605,-8.776130618647349
636.9229999999999,0.749746819133845,[32.19137356],60.00842307446768,-12.16260610235076
637.3770000000001,0.7529779096246432,[32.05585908],60.71417527554245,2.988693280087773
637.839,0.7524178282849752,[31.8437623],60.380095242154816,-0.2098766489366799
638.301,0.7527839836010257,[31.88511064],60.47856002740373,-3.663570739807165
638.755,0.749132678025459,[31.95642606],59.523684594083214,-11.02885217743632
639.2130000000001,0.742701674539066,[31.99635612],57.98917346735929,-13.059068211590198
639.6729999999999,0.7371483916838104,[31.70976153],56.567867314380145,2.482005801593079
640.128,0.7448279572470029,[31.77434065],58.42449027757825,1.3644306371316528
640.5849999999999,0.7383305610986524,[31.74175391],58.852611453764275,-6.851002540293694
641.042,0.738566140925178,[31.77552858],57.61875660759095,6.243882588710448
641.506,0.7441619886354394,[31.87847402],59.334643921123835,10.010966500596407
641.967,0.7478385394944207,[31.87952529],61.31132384898478,-7.621577946205771
642.427,0.7371736749995683,[31.76135905],57.949805618001434,-10.55142279184107
642.888,0.7381459726968,[31.67811067],58.79168998378635,-2.286343694078985
643.3449999999999,0.7351098225294732,[31.69572889],57.934772330338895,-5.8468586006225065
643.7990000000001,0.7328147194272638,[31.65295028],58.47841693515349,8.433035032727965
644.254,0.7428024577406098,[31.61081075],58.13727591564466,2.4153581208480324
644.7099999999999,0.7349759963095288,[31.6262104],57.965021514406025,-2.9239816168756816
645.166,0.7401357865060256,[31.53420212],59.38248789873171,-0.32321750340658095
645.621,0.7347047967345643,[31.48934985],62.30912646365106,-6.883737633888831
646.082,0.7338913126353779,[31.51424431],59.55703518760655,10.663592539075228
646.543,0.7445366290555919,[31.54529367],62.469729387862394,0.9245500911112536
647.0020000000001,0.7348303753490086,[31.39299552],61.78778648800613,-7.735256902850707
647.4619999999999,0.7374547797109767,[31.52046463],60.22806029022638,-16.99201430495123
647.9219999999999,0.7191977221884459,[31.27106645],56.15568731161592,-8.122970265536654
648.3849999999999,0.7301472934684239,[31.49924397],57.58311882439602,13.200890644967767
648.843,0.7314596612237099,[31.4680653],60.41454423819751,-6.802844526712981
649.2969999999999,0.7240201077141408,[31.28123395],57.169660458822065,-14.564098598089604
649.757,0.7181700906247603,[31.23047394],57.29257287470448,0.7759088059526853
650.2130000000001,0.7246233628157772,[31.30519232],55.74535933157378,-3.0317352823076016
650.6709999999999,0.715330199251059,[31.39927835],56.0550432817393,-3.688750283542541
651.128,0.7212149885555368,[31.28475221],55.804663215336326,5.132529282267484
651.5880000000001,0.7199901092576542,[31.2000146],58.02923166925253,0.5827007119313388
652.043,0.7217158812738904,[30.99502341],57.592199687210474,8.89694657806539
652.504,0.7282013646519516,[31.26235762],58.38861611178564,3.201641915334452
652.964,0.7246863032094932,[31.25682671],56.74938033966855,-5.898052884548255
653.42,0.7227848617689139,[31.09157811],58.44088250460115,-2.891840369201648
653.8749999999999,0.7220492834610521,[31.16669608],56.72993489325567,-4.298660608836324
654.341,0.7187660780019657,[30.99818489],58.23354539193677,0.7206826573615821
654.7979999999999,0.7225760320877616,[31.04444003],57.787541459310546,-0.7895559237308669
655.2579999999999,0.7179871168724629,[31.10450595],56.39949933384984,-12.323637998739478
655.716,0.7112723029312541,[31.07234935],56.49110318712019,1.6671410009986287
656.1740000000001,0.7195142180293779,[31.09002925],59.76791603714446,10.83621877051888
656.6349999999999,0.7211876919235719,[30.94790339],57.2133435402675,-7.679869387141824
657.099,0.7123422582567374,[30.86602537],58.776042133182145,7.16163843681239
657.555,0.7273604153678654,[30.99782227],59.14926169191148,1.9940938008264908
658.0110000000001,0.7141608718030772,[30.93478168],60.091523533015085,-25.829681475419086
658.468,0.703784156387626,[30.55941715],55.9474385448226,-5.9281465893514795
658.9229999999999,0.7086874369108773,[30.87592008],55.67346841016814,6.8569884529120495
659.378,0.7100240158797747,[31.01796963],59.2127675455162,-1.7877446760498072
659.8369999999999,0.7070154698662764,[30.93655399],56.647717556242426,10.482401559679722
660.2990000000001,0.7197808635826775,[30.9640406],59.35034941936143,-2.3421509955287023
660.755,0.7052227141837331,[31.01823938],55.474774081401186,-8.694145940237874
661.2119999999999,0.7118896225263479,[30.83463657],57.27014912856171,-0.2138727035525534
661.67,0.7049973836826682,[30.82742264],56.945541892209775,-8.813984296946241
662.1249999999999,0.7038051699438783,[30.69829114],57.645981036802254,-11.038653246040365
662.582,0.6948963843012523,[30.71602005],56.473654324186114,-6.678234641777747
663.0389999999999,0.6977012634812876,[30.62092798],54.84784128228262,8.618387683558048
663.494,0.7027464523964938,[30.62786883],56.704843765068325,10.934443174119846
663.957,0.7077365985241004,[30.53765977],56.69403526790583,-6.236901843276965
664.411,0.6973305023372756,[30.43075012],55.27829458894239,-14.39304171019662
664.8729999999999,0.6946902204849769,[30.63208592],56.154900517887704,2.0230748576933744
665.3269999999999,0.6990609033033207,[30.42223155],60.56755650276661,2.0302832523969583
665.785,0.6964807969122256,[30.51564848],54.62262523030552,-4.35612772759153
666.2399999999999,0.6950761200336185,[30.26626725],58.12580821758564,10.058065006325778
666.695,0.7056336360679889,[30.24965228],57.12864992199754,-7.455321838744311
667.1529999999999,0.6880848528372588,[30.46278019],56.01149935722195,-17.55301544007981
667.609,0.6895073088723261,[30.38355812],55.30260978279505,15.299833833786302
668.063,0.7019590868209097,[30.48277194],59.87478252846743,12.78937136239544
668.5179999999999,0.7011035402950326,[30.37255002],60.09854721626164,2.617068148574875
668.976,0.704375543341027,[30.49272672],57.979117546332,-7.425419183478832
669.439,0.6941182386406191,[30.25629392],60.957988729789975,-10.512479870499526
669.8929999999999,0.6945280884709162,[30.31385559],58.2831576689795,9.75988380001347
670.3470000000001,0.7029802131310365,[30.21264516],60.23819117474561,-6.052016477578359
670.801,0.6890328575092854,[30.26097311],55.777252113648785,-20.854912915790557
671.2599999999999,0.6840388822753704,[30.45723066],56.87056584258147,-6.324936379818125
671.7189999999999,0.6832265659126153,[30.13491698],56.06170093449535,4.1562549701635865
672.1740000000001,0.6877904978300101,[30.32665789],56.240968292538135,7.222417344203147
672.6360000000001,0.6898099053639078,[30.409271],60.2064516534125,10.720337861450213
673.093,0.6975793386440874,[30.19874355],59.39474287716006,0.05348154762330193
673.5579999999999,0.68958568249903,[30.31056768],60.96674749691278,-21.485154819630313
674.0179999999999,0.6777482845134555,[30.09103521],55.51961426071846,-3.9925567069319934
674.475,0.6857944878614982,[30.46903919],56.59266887399698,2.9408433803942424
674.93,0.6804888682251307,[30.14283316],58.39579255864991,-1.225304237791769
675.3839999999999,0.6846598384477679,[30.27629758],57.01746777730413,3.4624145652236704
675.842,0.6836005905993788,[30.19335473],55.560780354929385,1.3379287799411
676.2969999999999,0.6858595349803933,[30.08532521],57.763606522364505,1.8171778694366925
676.757,0.6852316600578674,[29.99605357],55.68208454588066,-15.867267224182523
677.2119999999999,0.6714852205180145,[30.12469265],54.2819755206765,-9.607467141278692
677.6740000000001,0.6767122944646545,[30.07012058],57.227758660436585,1.4509424131533555
678.1360000000001,0.6728258913077729,[29.93084667],55.85170836263069,-11.77869391594255
678.5949999999999,0.6658842511808469,[30.10709013],52.901181143971876,0.33357430539615596
679.055,0.6731633937163107,[29.96546049],54.52865311118797,14.709578431715386
679.5089999999999,0.6793420943680468,[30.0615045],55.309115328629304,4.806183161747191
679.9699999999999,0.6774368551195713,[29.95661594],56.122626486359046,-7.990446007251073
680.4309999999999,0.6719749031493611,[29.95066436],55.016540743731355,-7.9259549865264844
680.889,0.6701294464751194,[29.87647923],53.37015748421796,-2.875800688088015
681.343,0.6693429845760129,[29.75231226],55.30231591382462,-2.0007478280261726
681.7979999999999,0.6683102292023457,[29.67264289],57.07991771894821,-4.6765481916311025
682.255,0.665068324442302,[29.76475933],53.950525381777275,-3.7414770054567947
682.715,0.6648994752484497,[29.71955536],55.47748098796274,12.134134455665468
683.17,0.6760467249029576,[29.73074825],57.332018685655896,-4.545060761853015
683.6329999999999,0.660258311918531,[29.80026028],53.61541290149532,-11.165265215918986
684.09,0.6655012444398766,[29.7641702],57.78938165619901,9.061768072492704
684.5490000000001,0.6685492274445406,[29.73338025],54.73126516019849,1.1688488157505228
685.007,0.6665840101572105,[29.64089168],54.94755030540114,-2.778656232861887
685.466,0.6660042274031918,[29.80563772],55.86163173959282,-12.878410818415563
685.929,0.6546167883526243,[29.67708542],53.33033376305441,-2.3972743638324134
686.3829999999999,0.6634102529225198,[29.54702091],57.51068715073165,9.395389697768874
686.8380000000001,0.6631372286698992,[29.9034392],53.99853874007813,-5.606677126051562
687.294,0.6582925458094728,[29.51848715],55.821221437708665,-3.675876501836095
687.753,0.659815629378848,[29.4720308],54.42937799183119,7.74022021629428
688.2130000000001,0.665414661732856,[29.45464971],55.30862128682014,-9.934272859310923
688.6729999999999,0.6506760983482934,[29.67305682],51.839591903536686,-9.122690370478747
689.131,0.6569485605975585,[29.54631914],57.31495247955321,-10.384434791330444
689.589,0.641163956079433,[29.46649262],53.49890766526852,-9.032996060978405
690.0469999999999,0.6486743362056911,[29.41086478],54.79156727840933,20.981485363350536
690.5099999999999,0.6605339870326756,[29.62108514],57.574046660945726,10.152788600589545
690.9730000000001,0.6580758184498318,[29.5635486],57.94649747371725,-12.920241512318187
691.436,0.6485698433922703,[29.2990959],52.48659794069786,-4.557851941204949
691.8919999999999,0.6536652152429677,[29.35370394],55.48166511525699,0.5977201123471554
692.3480000000001,0.6491149641347261,[29.3547929],54.34346709972015,0.8938094399800756
692.805,0.6545030319652958,[29.14005185],56.04165700222554,3.3634661354401407
693.2599999999999,0.6522160779608809,[29.12632136],55.57839219994218,-5.245157445421644
693.7189999999999,0.6497071992838628,[29.23474623],53.391128201880875,1.5008476025729633
694.18,0.6536247857251021,[29.13255062],58.232763006871444,19.118019910353446
694.6370000000001,0.6671729501388517,[29.13545519],58.26508867000627,-11.877687860059272
695.0939999999999,0.6427685790210268,[29.0584846],52.33394176557924,-27.1520685370773
695.553,0.6424068818357276,[29.03708029],55.21659787393739,5.1475701936068985
696.007,0.6474092780816354,[29.10133644],52.394851204384004,-4.40864201075275
696.4699999999999,0.6380837162463392,[28.94543613],52.36048968790318,-12.829328383955453
696.928,0.6355207387326939,[29.0509208],51.89985727684574,-15.707253025577185
697.3870000000001,0.62365992068045,[29.11575274],50.40122672507423,24.695877805673504
697.843,0.657815239195391,[28.8822806],58.83046625447912,25.50810048799912
698.301,0.6467763155913205,[28.90284105],55.66457802808427,-19.623932223907016
698.755,0.6398825412935893,[28.96062202],52.51774102359366,-13.349619309888539
699.2109999999999,0.6346355178081925,[28.78012297],52.32444429913982,-5.101038955283577
699.668,0.6352381179577581,[28.82262294],54.51829684789364,-3.0769364165285085
700.1229999999999,0.6318468954685792,[28.74069155],53.37008542632494,5.7865775317583745
700.581,0.6406009640133142,[28.86920901],55.13095397738743,-0.017586409664982483
701.0400000000001,0.6317924644132014,[28.74873423],53.69032729543886,-9.835058697551302
701.4999999999999,0.6315812765972504,[28.82385187],50.654662931161305,17.195826908209753
701.9599999999999,0.6476126251687598,[28.8458454],58.5120581285462,-0.1071238536156649
702.418,0.6316224644445196,[28.75479583],54.219441246704136,-18.936748906980384
702.8729999999999,0.6302278297661205,[28.77469716],52.900507199011756,5.634907139202339
703.331,0.6368195069810869,[28.7308243],56.013743284115144,23.783748383788495
703.7889999999999,0.6520137432856649,[28.69450644],56.66474088572866,-0.18757702708105395
704.247,0.6366476864242655,[28.64417588],54.85055769264173,-14.819683992876698
704.706,0.6384615952778266,[28.82281855],55.09930409085441,0.4384622140964911
705.1650000000001,0.6370501947368061,[28.62846088],56.24302833683362,-3.6751213747966416
705.6229999999999,0.6350927080188933,[28.55355343],54.175947954778216,-19.264413026675477
706.0769999999999,0.6196004497700021,[28.6170575],52.1123951642348,-6.694390356580926
706.5369999999999,0.62930536457941,[28.61606462],53.01203720022193,15.466168725274954
706.993,0.6338123162223808,[28.48295108],55.90709447166952,1.0173853535415667
707.449,0.630233220021844,[28.61621024],54.81126308193351,-6.200521366140799
707.9029999999999,0.6281632627433712,[28.5816516],54.24316510007173,-0.9733155967356355
708.3580000000001,0.6293556561665642,[28.54183867],55.6696760800165,-9.74189397844427
708.8159999999999,0.6191944937741356,[28.5517117],52.8909670884303,-7.429610499209427
709.272,0.6225060957122145,[28.53381366],56.688360065697296,7.226710945492099
709.7320000000001,0.6258138751599452,[28.54640904],54.1787565449217,-1.4200113602895748
710.1919999999999,0.6211996852607521,[28.58900128],50.736975311673156,-7.108451110208414
710.65,0.6192766528669328,[28.61079608],51.961188232976795,-6.17824038558723
711.109,0.6155302755457588,[28.54555777],52.39751298738391,-12.526653464369431
711.5679999999999,0.6077771849866448,[28.41684644],49.27396453024412,12.520243824744925
712.0279999999999,0.6270952667153895,[28.25365696],55.039604028286206,7.166368920624722
712.4820000000001,0.6147424739272829,[28.47418896],50.8332718102515,-16.046449469162006
712.9429999999999,0.6125702430306643,[28.42317403],51.023692147647104,4.212199045938392
713.398,0.6184944547939281,[28.35983267],53.03360674945258,6.240540288111163
713.853,0.6182491346928491,[28.32229017],53.10899059138256,-5.303618917108177
714.3149999999999,0.6135638207978715,[28.18713961],52.2048753467,-11.49820684605929
714.772,0.607695777527314,[28.35994754],52.514048039990094,-5.858184004944422
715.2299999999999,0.6082175620581446,[28.26441391],50.145362275208036,22.59968331214224
715.6899999999999,0.6285283158981884,[28.1285018],55.75089032306636,4.8521187840528945
716.1519999999999,0.6125336670475385,[28.20369421],54.90843136723552,-16.878889536623532
716.611,0.6128767548746876,[28.33761923],55.333855106760346,7.186960769450024
717.071,0.6191513770095324,[28.28298649],53.74309141756823,4.870023394097034
717.5310000000001,0.6173571763972573,[28.1645513],54.11870010702177,-15.755029966751376
717.993,0.6045777179213512,[28.14297844],52.85309545235228,-3.1178018885462677
718.455,0.6144763274522407,[28.07970938],54.907432409341254,-14.169959403106947
718.909,0.5921626324653552,[28.16591911],48.87458026001219,-21.036867886969233
719.3670000000001,0.595516592599177,[28.21547213],49.4695947038797,10.760300260117317
719.822,0.6019662306877255,[28.02485003],53.54050679145209,15.755653735289311
720.2769999999999,0.6098542374982879,[28.13250268],53.00633273327547,-7.670100604243113
720.7320000000001,0.5949864391378522,[27.92461979],51.12364057675261,-7.749409582153977
721.187,0.6028022747785159,[28.06178507],54.33072710173141,3.753936003370706
721.647,0.5982863157661862,[27.90979513],51.234100726340934,-2.1624200165869523
722.11,0.600852440165744,[27.95522654],54.24451270375855,-3.325982653525128
722.5690000000001,0.5952904002370807,[27.89820488],51.97248758140918,-13.467325712175793
723.0300000000001,0.5884570903827429,[27.9953847],50.0070143778181,8.253680762096316
723.484,0.6025219002468848,[27.96509039],54.38659720804177,26.038649502502786
723.946,0.6122287390566674,[27.94867203],56.19207388253623,-8.88196229080429
724.4050000000001,0.5945203852722997,[27.84319647],51.89850637042227,-19.352796877697088
724.8659999999999,0.5945012434674102,[27.84405106],52.07730758892556,5.567381152907336
725.321,0.5995532375717714,[27.81162587],53.71077004990172,-5.850761013869499
725.7769999999999,0.5891372548326269,[27.78490391],53.44421255565862,-18.50136652912182
726.2330000000001,0.5826799912972136,[27.65299076],51.297348391001535,-5.659163322689786
726.688,0.583964772684648,[27.67643734],52.74125789966975,16.679785598732067
727.1419999999999,0.5978142346789218,[27.61874027],53.838545887845754,10.057835566485984
727.5970000000001,0.593066405001181,[27.62646385],53.50379983136186,-11.36685975894558
728.0569999999999,0.5874041860943069,[27.71883518],49.78035621477395,-5.365252174770352
728.5169999999999,0.5881303730003964,[27.79148937],49.95653900886005,3.5229840789140487
728.975,0.5906305251182868,[27.44285902],54.963889920496044,0.2077339715875759
729.43,0.588351437609323,[27.89651287],53.517427838252125,-3.1816942253648506
729.888,0.5877366381705783,[27.72605737],53.989890767137915,17.368319328074588
730.349,0.6044255548059527,[27.55962135],58.01320130622983,-10.287463559909394
730.8059999999999,0.5786630452655506,[27.51027295],51.71163945457615,-17.677770481767773
731.263,0.588268072585635,[27.48627683],57.230265600588496,24.137065198131413
731.717,0.6006332560957244,[27.62747646],58.89372390937897,-3.6536656668310075
732.18,0.5843561344533373,[27.47970213],52.15587540954636,-20.65188044909183
732.641,0.5814930283050019,[27.51861533],52.88144188715774,8.404095702350123
733.099,0.5919920952954275,[27.69064839],58.391707777414894,-10.384206164904874
733.555,0.5721348047041839,[27.47019272],50.57863411525435,-11.4464743159709
734.0120000000001,0.5816057350713228,[27.34084496],51.818955540949595,5.212718919810677
734.468,0.5769250059712466,[27.46409727],52.76445859539733,-1.4648309025170336
734.929,0.5803509668447534,[27.56575303],51.453996149270736,14.084209360729849
735.389,0.5898832719754308,[27.34339336],55.6227625713546,-13.822040091921671
735.85,0.5675517039383804,[27.30643142],49.92883651274952,-16.615626571090058
736.313,0.5746580129815756,[27.4770936],51.75122140614508,-4.018124666713363
736.773,0.5639587975618529,[27.46698428],51.34772224892542,-8.791297790450404
737.2330000000001,0.5665700190143605,[27.28639143],49.92827729778885,-0.34026554308497214
737.6899999999999,0.5636827573416909,[27.2864804],48.20994723228261,4.975631715952056
738.149,0.5711729704789362,[27.28278338],49.88238112644544,17.184449006327206
738.609,0.5794769996687364,[27.27942986],52.125253413742335,-10.972258115997446
739.0690000000001,0.5610784930122178,[27.13082836],47.599716926978004,-3.5923509262250075
739.5300000000001,0.5762413324110369,[27.20986065],52.820806044233564,11.1625521181975
739.9879999999999,0.5714668260432874,[27.19673021],51.19994288663079,-9.861650426556846
740.447,0.5671993262711533,[27.2220715],51.69533527764474,-6.814566642637909
740.911,0.5652019444467152,[27.28712121],50.10066401723947,-0.5045376947150348
741.368,0.5666818460616148,[27.1541369],50.778294619609305,10.435210136636396
741.83,0.5748642654003799,[27.19427937],52.155429859135275,-6.658816393128486
742.284,0.5609689092512027,[27.00154438],48.770056728630856,-1.4856479621131458
742.7399999999999,0.5736290657798566,[27.00045325],55.51437328651205,4.5078410207091135
743.1999999999999,0.5649112303569819,[27.14445605],51.83094634190813,-3.630617754092569
743.661,0.5703159425320546,[27.02536726],53.24396320959551,-8.307500403034517
744.1170000000001,0.5574924800663719,[27.19317607],50.48648457719264,-2.235708034505013
744.573,0.5682769768045742,[27.08707174],52.07833375677913,14.358541799383673
745.033,0.5705702449683167,[26.93743757],54.53769536939789,-4.2827848054651785
745.4909999999999,0.5643823723620642,[27.08063177],49.692793655849314,-17.00648653187098
745.947,0.5550402691373786,[26.84306138],49.418306488030325,-12.591850204642373
746.4050000000001,0.5529050714044004,[26.89755341],48.99291371449394,-9.206594614633579
746.87,0.5464784718247587,[26.94284359],45.92584086839004,7.812699781300836
747.3359999999999,0.5602220081121867,[26.92091436],51.04125739060911,13.994082291976294
747.7800000000001,0.5598789229050111,[26.85975844],49.464046522257235,-5.10401961556628
748.294,0.5546781741544734,[26.61202307],50.45144312756184,3.480072693689884
748.7479999999999,0.5617110826995777,[26.76964896],54.39047007134647,8.843183593411297
749.2030000000001,0.5627033177893587,[26.83872829],53.018928554729115,-9.20702869313972
749.657,0.5533646441197705,[26.76076076],52.99094466962512,-16.122353133025456
750.1139999999999,0.5480426267256969,[26.81241418],48.24035517577735,3.5764538184372974
750.5769999999999,0.5568388448136734,[26.85095812],51.913191847481244,18.965645020587285
751.036,0.5655292116353022,[26.66557417],54.11758363112009,-8.906186554750173
751.4909999999999,0.5489203354452109,[26.6488828],51.00471906169474,-14.890180615668157
751.9530000000001,0.55217982336348,[26.81511973],54.324244807641314,-3.4322105449954288
752.4129999999999,0.5457976960397106,[26.62776669],49.56881934771947,-7.866578997362317
752.87,0.5449302422980935,[26.51348991],47.753339031863995,2.132829967640415
753.332,0.5477982970749895,[26.69145221],50.55544163852229,14.57892479322287
753.7900000000001,0.558276174900943,[26.55661823],51.29397237539296,-0.5040912312815893
754.2479999999999,0.5473365495071463,[26.35660171],50.22261950964877,-5.155029506466402
754.7119999999999,0.5537494773569341,[26.64973271],51.245821379232325,1.3653837429512539
755.1750000000001,0.5486271445558316,[26.4826196],51.81395523926716,-13.497949822998345
755.6339999999999,0.54132376025555,[26.39257143],50.14159810058172,-6.330841704966783
756.0949999999999,0.5428411763626796,[26.47895935],48.057619254170824,14.38671698624361
756.551,0.5544060300015986,[26.43091399],52.225297650012045,1.4020431432026914
757.014,0.5437916467263342,[26.6139812],52.987428942210315,-19.09437849685458
757.476,0.5367360764552768,[26.43192424],47.89022587935933,-12.751692093078804
757.9350000000001,0.5320322667713809,[26.35171456],46.37803728330146,2.4194397042699434
758.39,0.5388465467811245,[26.4646985],48.464285688952835,7.620170394438297
758.8570000000001,0.5388791852766119,[26.49607336],48.91128072348116,3.6996756323641744
759.3159999999999,0.5422148672858601,[26.2542876],48.229970525781155,-0.7042430882937545
759.775,0.5382326901215547,[26.5709605],48.862619908329826,7.522853924578965
760.234,0.5491208471886245,[26.32411359],50.54392025730258,3.195614156955462
760.697,0.5410141239883737,[26.3531123],50.47483952887359,-2.5486763942921264
761.1529999999999,0.5465707506392636,[26.3982222],51.52895425678803,-2.550952464741907
761.612,0.538591292407069,[26.34846147],52.32959344485256,-12.937419907551263
762.0679999999999,0.5347064164962246,[26.40309146],48.63697164897427,-10.16387659380069
762.5279999999999,0.5292679684534694,[26.22246213],46.77803581941663,-9.214489400736214
762.9909999999999,0.5262171431522233,[26.27240619],47.845726079880365,13.43876683913836
763.4530000000001,0.5416588149920538,[26.04339245],52.36317026503674,0.14712400045147067
763.9139999999999,0.5264194193940519,[26.27777326],46.08256266315932,-22.17144757587908
764.3739999999999,0.5212171637687754,[26.13534283],47.03987878466946,-5.157884942362023
764.8369999999999,0.5216957201435737,[25.98340612],46.500754876107116,11.617016826447223
765.2969999999999,0.5318763755183016,[26.06201776],50.94952570502394,7.746459094266744
765.754,0.528885254082025,[26.03357437],46.9711616680724,-9.809778918887346
766.2109999999999,0.5229102375864401,[26.10802514],47.59514719413137,-3.513627681082432
766.678,0.5258319703182169,[25.97374302],49.44015495850407,-6.4404164669049635
767.139,0.5170849139782518,[26.01458996],44.89070658345488,-2.4510034976100714
767.6,0.5235721450934203,[25.77403564],48.34367062973233,3.500812351801219
768.0579999999999,0.5203653817839493,[25.991112],45.64363643488394,-17.548039212014753
768.516,0.507498141175211,[25.83936736],43.7006000440424,6.630833676963488
768.975,0.5265153825760103,[25.97234598],48.83764358373649,18.203936541211995
769.429,0.5243493497171585,[25.93574688],49.29304991358004,-12.832924117425648
769.8919999999999,0.5146010381196151,[25.83166332],44.68110759728954,-1.8237016960168662
770.35,0.5224784491744654,[25.87650086],48.12526264949289,8.199904101352518
770.8090000000001,0.5221023311638839,[25.85987185],48.99960055951743,-9.761372332583118
771.2679999999999,0.5135175093731591,[25.66888803],45.38117879629389,-10.216602205266877
771.727,0.512723490339454,[25.64249213],46.205134773412965,3.4018771109574075
772.187,0.5166541091505938,[25.85697651],48.87284442184363,7.089098952645201
772.649,0.5192538040171196,[25.76073864],48.160860215178865,11.807914613854887
773.109,0.5275163364607971,[25.71469737],47.57631156659432,1.796266468018226
773.5679999999999,0.5209368692794438,[25.80881489],47.17143140616646,-6.243739970559825
774.0289999999999,0.5218045286390499,[25.7907539],50.670480822748225,-6.396935908588586
774.486,0.5151304272553623,[25.71464091],50.541865732281906,-6.278800455509437
774.9419999999999,0.5160553513203415,[25.6429851],46.53256022903162,-2.3740625044145203
775.399,0.5129540937249294,[25.54679274],46.21826467694463,5.309321255035693
775.86,0.5210264952485638,[25.70933108],48.05431282726073,12.984038141350517
776.321,0.5249253768912548,[25.63667367],48.7959397623539,-17.16654166777698
776.782,0.5051989438308729,[25.69947104],43.96527267607473,-8.094531285276929
777.236,0.517036824682515,[25.53691953],46.52008662795263,20.990721836401715
777.689,0.5242476851496378,[25.69048038],49.16529199540641,6.191801656636797
778.1450000000001,0.5226066218766657,[25.40866498],51.203160464133525,-5.205482658737215
778.601,0.51950028496487,[25.33374569],48.61009672675222,-7.787129400818604
779.061,0.5154657772390412,[25.50286864],47.27356181357793,-11.296024667326709
779.5200000000001,0.509124283517088,[25.29571762],47.22949660098872,5.1539998868370684
779.9809999999999,0.5202835020112629,[25.25740127],49.55506488687704,4.223495164225821
780.4440000000001,0.512946687449892,[25.44329744],47.696849333028695,-5.951680453602837
780.9019999999999,0.5147035928646088,[25.33560665],46.72503530736788,-14.440764551262198
781.359,0.4997699015849454,[25.59075352],43.76007120383542,-6.393306620413264
781.8179999999999,0.5089526914795868,[25.29863906],46.10229300753997,17.88581477217488
782.276,0.5161754296385762,[25.32072677],48.19335064899777,-4.252580783662641
782.737,0.5049240397706032,[25.48561721],44.51893659106833,-10.128739440908973
783.2030000000001,0.5069296399198304,[25.27074406],47.57506066131992,3.524251487054042
783.6629999999999,0.5081967917580474,[25.08960218],47.54401159197938,6.90423255419137
784.1159999999999,0.5131755524945539,[25.27912921],46.493244140478886,2.794774304837433
784.5759999999999,0.5106327920246826,[25.25608914],45.922370934285674,-7.131638788481109
785.036,0.5066144448091509,[25.07756558],45.2870490504787,1.461013408422418
785.4920000000001,0.5118898625627696,[25.17706969],46.245008887364314,-1.1046514808797925
785.949,0.5055805231141143,[25.34822281],44.96893285242012,-3.3358937572502967
786.408,0.5088761559257909,[25.16172756],44.42795665849103,-3.66912985195611
786.868,0.5021868708281293,[25.16348782],45.72241540065212,-7.0570265885959715
787.33,0.5023995820873172,[25.08568714],45.99039122819746,5.153698582552768
787.786,0.5068620124221803,[25.15146579],45.6521270801471,6.054100095391535
788.246,0.5079151513790094,[25.09294588],47.69605346778311,-2.150763187156346
788.709,0.5048501299528295,[25.10335861],46.073576015739135,0.5317921467109521
789.168,0.5083484972108927,[25.08772527],47.92359498721564,2.3346480691818217
789.6260000000001,0.5070015648477847,[25.05585108],46.062890990639,-12.515738612728256
790.084,0.4968840806416387,[25.13145723],45.29230657096666,-4.623102464381135
790.544,0.5028275792374711,[24.99640431],47.78139795127802,13.663022344063913
791.006,0.509484363191176,[24.99095048],46.654877677022675,1.533173117174047
791.4689999999999,0.5042199856015995,[25.13840822],46.2380098419209,-3.7937703679666868
791.9309999999999,0.5059599892132418,[24.94183523],48.13042212821952,-3.5761693431619612
792.39,0.5009702450681278,[24.8169227],45.9580833547674,-8.471229631343169
792.852,0.4981724318110523,[24.8546721],45.223872561390465,6.589247511044949
793.311,0.5069633176371446,[24.71223007],48.71912419130011,2.867612008303655
793.7700000000001,0.5008048996346754,[24.88639205],46.70286852797489,-5.629496155491354
794.228,0.5017855115558076,[24.98866499],46.62496803511138,-10.421785917778536
794.6829999999999,0.4913649393832049,[24.73012661],44.17342184623488,-3.812007663099859
795.141,0.4984200682632588,[24.96390504],45.651466703491,8.758648072854536
795.5959999999999,0.4994013278647823,[24.80292],44.96433241313567,2.959540515231174
796.0500000000001,0.5011086865042645,[24.79933535],47.473069945181734,-3.834777866881023
796.5079999999999,0.49584297893035933,[24.72747662],45.02594443797489,-11.819061136860265
796.9619999999999,0.49033226656685147,[24.88900773],44.36730303488459,-7.768785562745628
797.419,0.48879191798409694,[24.71214913],45.32342513916663,4.149816873545098
797.88,0.4942022248140404,[24.74435516],45.12803686953316,2.6564505856558895
798.3369999999999,0.4913028610788095,[24.64844124],47.447530029322415,-3.338817457016252
798.7979999999999,0.4911613398012624,[24.70644659],46.24965148878546,6.5539960671967545
799.2589999999999,0.49734564545276505,[24.80331974],47.78614405454865,9.925469334466918
799.716,0.5003007156224084,[24.72302227],46.38923878527465,-3.218268717867012
800.1709999999999,0.4944492376378137,[24.68760811],45.622979755742634,-8.082257050686547
800.628,0.4929488517342555,[24.5559579],46.38118479293403,2.179600953834182
801.082,0.4964021853611381,[24.70293347],46.73994867065693,-6.407423777942123
801.544,0.4868534538597704,[24.61358728],43.635247370116545,3.8581217528903533
801.9989999999999,0.49959931508580635,[24.65694975],46.379229455731235,0.9267023481051018
802.4540000000001,0.4876967529965338,[24.58987371],44.95864849487988,-8.57305748376369
802.917,0.492013104724062,[24.50165905],44.474983208694475,-1.9507807246842424
803.381,0.4858658082069536,[24.48440628],46.45416656256131,-2.7815793988995585
803.84,0.48934160184373277,[24.43612083],45.900484977419026,1.8828790915741411
804.2979999999999,0.48760377525029397,[24.45967473],45.418000712065314,-1.1028395062947505
804.7599999999999,0.48834861585921696,[24.43532633],44.67666258475245,5.495820429754494
805.2220000000001,0.49268191332739,[24.32802087],45.36679885653657,-5.8677048459780945
805.6850000000001,0.482890461601043,[24.43487768],43.98397323898687,-8.832021410265178
806.1429999999999,0.48442512838483776,[24.39534753],45.23914372111855,-2.25683412447486
806.601,0.4808232015430216,[24.37866007],45.162850241787126,10.202473286776259
807.0569999999999,0.4936780789893396,[24.44444229],45.51448293059269,-3.641889272384957
807.514,0.4774344220094284,[24.34218663],43.029088705183305,-8.471127253133703
807.9699999999999,0.4858898530880259,[24.31156646],45.136386574706414,12.31353028360882
808.4309999999999,0.4886632969555129,[24.18319434],45.865939184071905,-4.583621003074745
808.891,0.48168951468764576,[24.20279597],44.772057283487136,-3.001288848316852
809.349,0.48585958309458266,[24.2210762],45.520284009922605,-5.884628960243998
809.8069999999999,0.4762991945600694,[24.32046773],42.69220500334497,-8.188815988045661
810.265,0.4783586276495392,[24.38950649],43.50993058568523,7.743459392530183
810.7189999999999,0.48333536790944287,[24.26580422],47.66188544990705,-6.895492016655291
811.1809999999999,0.4717541200094947,[24.23790328],43.20678383556783,-4.61392857885734
811.6439999999999,0.47910843566122985,[24.19618465],45.847949706737204,-1.6225103404234886
812.103,0.470397612988649,[24.36923693],42.818608765300034,-10.807678005456678
812.5600000000001,0.4691759932111158,[24.28641315],43.438266368082495,3.7751904018619165
813.0210000000001,0.4739150500914169,[24.10170048],43.74692005219971,8.735094339776595
813.4789999999999,0.47721278388255506,[24.15683282],45.43070636870558,1.281837302039457
813.9399999999999,0.4750574315415651,[24.18150819],44.18111262186641,-5.447505186201629
814.4,0.47219717417217855,[24.12993513],44.29225189458563,3.0425462798917557
814.822,0.4770662294903629,[24.20557618],44.62582643177586,-5.278927637614228
815.352,0.46307435084631987,[24.14602577],41.91944818585673,-13.907517796808266
816.023,0.4643547169450186,[23.88706146],42.25842102539878,-3.2287703620398345
816.485,0.46122898030125803,[23.97575539],40.86477948450494,7.020929236141393
816.939,0.4705672124689074,[24.15998563],44.75248926230364,5.086754555845285
817.3950000000001,0.46579586238638426,[24.04714292],44.06219582116818,-6.1333158502147045
817.853,0.46497872045045807,[24.04636012],42.04672519264276,5.624807620578598
818.312,0.47096864507186476,[23.89680364],45.00884961992994,6.5282182843470205
818.772,0.4709650953923705,[23.95745474],44.487685143740535,-1.2413661445229707
819.2289999999999,0.46983769007741794,[23.93267986],44.310748169577,7.445745572696283
819.6840000000001,0.4777160512555413,[24.03487353],45.15677029456382,-1.73921269402727
820.148,0.46789298426911174,[23.87668434],43.19452019954974,-18.09807679580977
820.609,0.46095695585479934,[23.75121536],42.87804212881268,-2.478595679600959
821.07,0.46560771905251963,[23.89245454],45.11818465211754,5.533821261795024
821.5269999999999,0.4660732825131141,[23.87817222],44.04473934898919,-7.292183731428592
821.984,0.4589426631219904,[23.78822914],42.13173991673995,-1.9797005749288
822.438,0.46418830315210136,[23.86845911],41.845188380527645,-1.2252836357815045
822.9,0.4576140288789061,[23.73272656],40.94537000736664,-6.252378157614591
823.3559999999999,0.45835350980584766,[23.86584528],41.9710741448113,-6.576653049872427
823.8149999999999,0.4515470395987927,[23.73391164],40.58611278958901,-6.4052506301982
824.272,0.45245267899540675,[23.68427921],41.15860853081147,10.240648383083473
824.728,0.46088025175878977,[23.6189005],42.692334427987056,4.669484192237561
825.189,0.4565957184106657,[23.64050314],43.76727582929509,-1.1442149803565504
825.6450000000001,0.4597499507479832,[23.70734488],43.92710483345661,2.885681884265856
826.103,0.45921707031172565,[23.67418185],43.46731623869189,-4.157553063927677
826.563,0.45592131465166663,[23.61486059],42.41899528203295,-6.783766776576384
827.024,0.452969983777466,[23.65384166],43.37435089863636,7.389399491326609
827.485,0.46273434098266997,[23.72923505],44.50873996812692,-3.454273827527221
827.9440000000001,0.44989037847086844,[23.7944705],40.69881437823722,-13.700920511663828
828.4039999999999,0.45017178928421564,[23.58846639],40.89434954806739,4.097447331359916
828.8629999999999,0.45364896877657757,[23.50766999],42.3171044943427,1.255954014389049
829.3190000000001,0.45135878089625825,[23.3901713],42.5976290555975,-4.341401198414918
829.7779999999999,0.44968068576351194,[23.48805829],42.38976511035644,11.325011045582922
830.235,0.4616726976004166,[23.60437228],45.046274549274656,0.22414372163831464
830.695,0.4497296137002881,[23.53629264],40.74448316641209,-11.738775550503288
831.151,0.4508066783570872,[23.61548193],41.85265134892954,8.892014216182243
831.6059999999999,0.45781719291083134,[23.41144884],45.43754391265589,5.55914370452898
832.0649999999999,0.4558086007345956,[23.48557308],44.55689406836062,-15.652729157859312
832.5210000000001,0.4435623848874667,[23.61071733],39.25763628024113,-2.0383162117624254
832.978,0.4539973072980015,[23.55009629],41.68761842359345,14.041642335322567
833.437,0.45638928476990726,[23.4883601],43.80563462349433,-9.506999561455398
833.8950000000001,0.4453087931930899,[23.455644],40.7930554692757,-1.6533074350149057
834.352,0.4548314778693976,[23.38747919],41.7705531367845,4.008912898786798
834.8090000000001,0.44897293958257345,[23.34195416],41.65077742209631,-9.519960533744431
835.272,0.4461129692798953,[23.34642376],42.2550324579707,-2.891731657894303
835.728,0.44626979153791146,[23.26888911],42.036745936634226,-3.7372199697885966
836.1899999999999,0.4426329056121151,[23.34835783],40.67373986056424,-5.102360879848444
836.6460000000001,0.44155280383100115,[23.28517765],41.90134496021348,8.198783824276079
837.103,0.45013955327402055,[23.33475905],42.87060014453999,8.075882252353505
837.5600000000001,0.4489341602096474,[23.3259469],43.69004936731105,-8.70816222745152
838.0210000000001,0.4420966834887413,[23.29422069],41.64361267812143,-7.716709646376385
838.4789999999999,0.4417999521893117,[23.32922085],42.4332705964888,4.536836176766257
838.938,0.4462673430254095,[23.3053916],41.69553664117632,-3.835086623199535
839.3929999999999,0.4384027537724451,[23.22020496],40.02406338800216,-7.147473459907017
839.8549999999999,0.43985612430919985,[23.02778135],41.31189151135592,2.259729541238209
840.3159999999999,0.440490254409318,[23.14382591],40.48728117226446,2.5039302397614205
840.7789999999999,0.4421742791489369,[23.13356669],42.69648646771221,-0.6576868992209661
841.234,0.4399546223875902,[23.13740737],42.93459603068528,4.041757069963515
841.695,0.4459842758759821,[23.02124267],43.13991861158321,3.255946097297513
842.1529999999999,0.44300558644311816,[23.00851456],41.57172481846198,-13.999589456164863
842.6139999999999,0.43307353046197794,[23.15926429],39.40764144051364,1.1590901004939203
843.0790000000001,0.44426132129705176,[22.93137418],42.034176289679344,7.831503454985955
843.534,0.4405995889274368,[23.02568882],41.602637172838506,-10.295831153415481
843.9899999999999,0.43487731804007657,[23.01015578],41.36075917449831,8.374619717134102
844.4540000000001,0.4486419510432087,[22.88148681],44.46526449747939,0.5513700455602177
844.9150000000001,0.4355614533488805,[22.96496936],41.077394683194576,-15.456267820753379
845.3729999999999,0.4343603856271052,[22.91278094],40.69814884929574,-0.43392971201833275
845.83,0.435160035462956,[22.89476722],40.52720999687827,-3.020907756182689
846.293,0.4315235264193089,[22.94607157],41.84133911144754,-7.57919133698498
846.7520000000001,0.4281698302360025,[22.80771461],40.71429831270411,-2.1723202349523407
847.2099999999999,0.42952125153469767,[22.89368146],39.83253968340201,-1.7886369368379507
847.6750000000001,0.426452060557697,[22.96886132],39.56923879615367,2.31521816954533
848.1329999999999,0.4315343185973399,[22.77132876],41.36591748285875,4.635454558702845
848.5949999999999,0.43066476360394246,[22.76411208],40.479333066463376,-7.386043192202929
849.055,0.42474635467951216,[22.89398551],42.53265585021841,-2.8987440858836977
849.516,0.4280149766935649,[22.80104766],42.06007251080585,5.219959263089158
849.9720000000001,0.4295516591670627,[22.78356165],41.95134745615555,-5.098850666542532
850.428,0.4233648248856817,[22.83393647],40.184559205941596,-4.516722587307287
850.849,0.4249812450664231,[22.92206791],39.55408904452083,2.4933990693973285
851.43,0.4253506137167584,[22.7127721],41.08400657239509,-1.596399929718273
851.8919999999999,0.4237930455581137,[22.62753491],40.602588450498104,8.750433228894405
852.352,0.43337013093286947,[22.76147995],40.92992309810719,-4.114916066336072
852.813,0.4199532843214595,[22.6460362],39.12868881305522,-16.539408023823032
853.274,0.4181207967349042,[22.68936238],38.979965887640695,8.65191361317591
853.7299999999999,0.4277615044537635,[22.75257238],42.719556681971675,-3.062334485012641
854.1899999999999,0.41512121517612144,[22.61159326],39.048387910643,-10.66432878917295
854.65,0.41795032196772364,[22.67223638],38.84570377405611,20.953830996091217
855.11,0.43439873969252685,[22.61001222],43.495995377061725,6.896008116356045
855.5669999999999,0.4244465652607614,[22.59018958],40.77978837233808,-6.33204619514588
856.0289999999999,0.4287348855668167,[22.49877364],41.178666022060405,-3.296740645899132
856.484,0.42159822344050235,[22.49230082],39.568265946736844,-3.9100234677818535
856.946,0.4253155113935425,[22.46781964],40.905184415857164,6.840034778227033
857.408,0.42791841557558397,[22.51838112],40.82531730066803,-8.043988079515675
857.8649999999999,0.4180591259962041,[22.44680162],39.24919928159203,-14.61278131860022
858.323,0.41456165821434177,[22.47643501],39.961893443281056,-1.0020776879517967
858.784,0.41717815285870086,[22.37798435],38.843218758138214,15.470563800337622
859.2409999999999,0.42868561677173744,[22.52737819],44.08402888276925,6.690841004393489
859.698,0.42329358153670815,[22.30788772],41.61806481114037,-23.09921557690059
860.1539999999999,0.40761860912533976,[22.29250044],38.128520809382515,-9.812563597284052
860.6070000000001,0.4142270717551174,[22.59135559],39.3292485943871,7.16647847608054
861.064,0.4140804684880953,[22.37674289],37.76954525598599,0.030153976978197772
861.523,0.4142560996652801,[22.23174972],39.37768140206288,4.039901080028385
861.9820000000001,0.41778909767956185,[22.43546823],39.644792820873704,0.023944785555063408
862.438,0.4143238980006634,[22.49280482],37.73889284841053,-0.6089717664219951
862.8939999999999,0.4172337154285851,[22.31813234],41.3168383697877,-0.7951352108347409
863.3570000000001,0.41349192920998934,[22.3072469],40.835520495488836,-1.2790925905395434
863.8159999999999,0.41600020698345574,[22.27488162],42.17364438519054,1.7164727413938041
864.2789999999999,0.4150444009441395,[22.37549928],40.64416303883951,-2.8952536961930897
864.734,0.4133555432838122,[22.18850047],41.758066206981304,0.41732134121452713
865.1919999999999,0.41545027158161363,[22.16575416],40.273923890978864,-4.559759747284897
865.648,0.4092243767163586,[22.21164445],37.44608913089428,3.590415128986002
866.1070000000001,0.4188393039207403,[22.2447303],41.336018039416466,0.4387499577451215
866.5649999999999,0.40966768335385817,[22.17749822],38.28711803832634,-10.38788393975837
867.023,0.40932400223192666,[22.07612996],37.33689541288101,13.1234929577152
867.4799999999999,0.42164796192565335,[22.04806993],43.24722688687345,-0.16730137673504064
867.9399999999999,0.40900724615161577,[22.23631324],40.16737935493258,-13.086665962244892
868.397,0.40956141193777496,[21.9991438],38.517932193635794,1.105730454106002
868.859,0.41002233773031793,[22.34492925],38.34107813781518,13.107783188564316
869.3179999999999,0.42156125551575996,[22.06657931],42.72738309650267,0.20487713692673992
869.7789999999999,0.4101108698940428,[22.10989729],40.30593636283108,-10.898018948617306
870.237,0.4114626074855634,[22.0906278],39.73836101789021,-1.637891821153481
870.7009999999999,0.4085453014978898,[22.053503],38.995527274756554,-9.12715624088728
871.16,0.4030664878541238,[22.1356066],39.16403163249135,4.828182260126768
871.622,0.4130929736495861,[21.97127867],41.853239375772674,7.642329259957004
872.084,0.4101280000903239,[22.06461143],40.26712254310214,-14.778437956797063
872.544,0.3995006244510847,[22.21834429],40.56127152430603,-9.70973521002405
873.007,0.40124653606528193,[21.96407915],40.35868268312122,-1.8613934732222281
873.465,0.3978422995533919,[22.00377066],38.85971783155497,15.78745232735801
873.927,0.41595756566049336,[21.78246076],43.05304015519244,12.425598378100533
874.3870000000001,0.40940560909109003,[21.97589815],42.52166395078848,-23.666518189852383
874.8470000000001,0.3941843689258274,[22.10951385],38.2911066695365,-11.854262466490074
875.3079999999999,0.39853035030346895,[21.86383304],38.45037277997079,5.192275773644949
875.7669999999999,0.3989781659541094,[22.17012465],38.68520694883401,0.8581901701189554
876.2220000000001,0.39931567156952774,[21.95104143],39.60524256437948,-0.6146377280294435
876.6819999999999,0.3984021338219206,[22.08070434],37.83330111913958,1.190825177195709
877.1450000000001,0.40043392602322525,[21.79481793],39.27562674587997,-10.732853208055337
877.603,0.38866757127224405,[21.89198192],37.668444611318215,-2.8021621201083646
878.0600000000001,0.3978242205208242,[21.97466904],37.588387603469,6.948098581504414
878.5189999999999,0.3949795616820567,[21.88485699],38.04273658737972,-10.708206701407818
878.975,0.3880531871014239,[21.82070379],37.00424196508383,4.520021406802687
879.436,0.39932259626692623,[21.72636643],39.23194972679707,-0.11293242017051952
879.898,0.387899780194467,[21.82918592],36.78460091828323,-6.385301601651072
880.3580000000001,0.39336214933891556,[21.7409644],38.506661803063956,5.978281843375177
880.8190000000001,0.39339397208650595,[21.89618635],38.300021352168415,-10.911482427697406
881.2810000000001,0.383268866214755,[21.55913839],36.262306727929996,-2.857994195952951
881.7389999999999,0.3906128148822513,[21.73107357],37.15181396691096,3.085647224820298
882.196,0.3861181035025373,[21.63764065],37.23517836438474,1.728052579236139
882.6560000000001,0.392267046664621,[21.52344275],38.96823340328787,-3.076985981129987
883.111,0.3834662101576133,[21.67331499],35.95461673541099,-3.2369897848164575
883.572,0.38949650440007977,[21.92412771],38.90671201970738,4.264254460903283
884.036,0.3873575735439,[21.50672655],36.74221274405296,2.408382790157204
884.497,0.39168228572344,[21.77781239],38.95153239668352,1.5882802363569315
884.9609999999999,0.3887798233789932,[21.61015493],38.56766633205158,9.374973251295327
885.419,0.40013966039494153,[21.74744429],40.95382004286342,1.9408464990453012
885.878,0.3905138051187722,[21.75097601],38.19475125005352,-8.633466659125954
886.334,0.3921662529477694,[21.62977416],40.168912350411546,-3.3045157136614156
886.795,0.38741390131994746,[21.56813562],37.72166200526751,2.464055435268009
887.2510000000001,0.3942987560102662,[21.49174244],40.44069133217796,-8.062718879016161
887.706,0.38011503579817685,[21.42156315],35.651525533856095,-18.016783717993146
888.1619999999999,0.37791180741343744,[21.49768725],36.604707085041184,8.91932109849508
888.619,0.3882859080413139,[21.50410348],39.54564079237887,-3.486077712070046
889.08,0.37450117912538994,[21.39720546],36.012780937239896,-6.921707120893295
889.534,0.381633267321556,[21.2885549],38.042326923052514,5.786246152578167
889.9899999999999,0.37972688289831447,[21.2108316],37.38302611777429,-6.005835841453811
890.4530000000001,0.3760881557022703,[21.22060344],38.00965303810335,3.5429918070671307
890.9129999999999,0.382928873890674,[21.5151917],38.53553410823244,10.267673783351473
891.368,0.38552886155351773,[21.0109181],39.66036197662913,-1.4167392443664162
891.831,0.38151320825738877,[21.3900454],36.83945371128843,0.5515009626641532
892.2889999999999,0.38594504584733746,[21.16223162],39.583926564899116,-1.0453286921981997
892.7489999999999,0.38051061555758947,[21.18294055],37.8323972840724,-0.9501948962980511
893.2109999999999,0.3851125157566144,[21.27483262],39.44637317785262,0.20382877894281615
893.668,0.38079497617118774,[21.38886951],36.79718542728898,-3.799230934661668
894.128,0.38166262226161407,[21.37222557],37.77932035963165,5.473707840876029
894.581,0.38574262828922123,[21.30065852],40.86889654223864,-4.176057965196101
895.045,0.37753963663901646,[21.44422229],37.240068509046296,-7.92919653607449
895.4999999999999,0.37828190469544165,[21.24877099],36.89306419140142,-6.186300375364661
895.93,0.37244490520164675,[21.07847213],37.4545884035117,-3.1710810766180098
896.436,0.37703482335342764,[21.11130574],37.20597119654601,12.913589110750856
896.897,0.3846018894684121,[21.22421995],38.09574905872251,8.466746436621154
897.3570000000001,0.38484857500876124,[21.03336408],39.16445322677721,-12.762413183752653
897.8169999999999,0.3728604693393677,[20.96943677],36.96224646401941,-3.7587707695853068
898.2769999999999,0.3813905059007535,[21.15426857],38.7204815439537,5.831283643062957
898.7330000000001,0.378303181183149,[20.98272922],39.05905186360972,-13.237975966709502
899.189,0.3693174718191169,[20.98487361],36.89965269484589,-1.9554610717484322
899.6519999999999,0.3767565203960842,[21.09322194],38.28151470084165,-2.1810779727354235
900.112,0.3674134709600684,[21.00726197],35.83540681917059,-5.052755411871058
900.5690000000001,0.3720318928840852,[20.94948476],36.660661712924224,-1.536329102443168
901.0279999999999,0.3659595224597074,[20.85506566],38.64370010591089,4.667346382954629
901.485,0.3762357504889414,[20.99698192],40.12774929617798,2.190838385039806
901.947,0.3677688383079767,[20.70977764],37.0625337927774,2.790334541146189
902.408,0.3787690410096115,[20.87172379],39.88612552082424,2.57504757428223
902.8659999999999,0.3702626108368783,[20.61295212],37.51036385716286,-15.944897720854446
903.3259999999999,0.36414216023034585,[20.85932757],35.30968661541085,-7.212659654562803
903.786,0.36362696395467997,[20.44595036],37.27823134298047,-2.621265625212865
904.2399999999999,0.3617642212425738,[20.78106273],36.424154920241904,-12.253267867261886
904.698,0.3523864939413146,[20.58074296],35.14085173883753,11.704716629398426
905.16,0.3727911255673796,[20.67760031],39.215738377464334,25.462667243970174
905.6170000000001,0.375972705081252,[20.77906222],40.89395046889731,-7.039080923460006
906.0749999999999,0.3663223339623477,[20.60339942],37.86696985730535,-10.319775825686827
906.5310000000001,0.36649752025704074,[20.96298168],38.27615880969,-0.29349775287668134
906.993,0.3660447173856103,[20.8053816],39.63785355253557,-1.9302445341088936
907.448,0.36474068736993726,[20.77949633],38.60511467287423,-6.642469202199575
907.909,0.3599145991688216,[20.48080816],37.24013859205765,-0.36705751614030113
908.3659999999999,0.3643232657271629,[20.55919579],36.793582807335504,-3.287685020265274
908.8249999999999,0.35685122784543666,[20.5710938],35.678827724535005,-10.4493883217191
909.286,0.3547331975187039,[20.83651597],36.26567696036819,8.19737111940766
909.746,0.36437545080036315,[20.62187465],37.01057600272716,6.198594508118605
910.208,0.3603891219801162,[20.74139014],37.44928568190671,-10.649615936833056
910.6729999999999,0.35449109026146,[20.78155323],36.637225172303154,0.08596437688312975
911.13,0.3602658202568224,[20.33358561],38.14144930397188,11.390312352824228
911.584,0.3648751154292732,[20.7122126],38.467191088099874,-5.733973091035349
912.042,0.35490878407238335,[20.32719517],36.79215603459361,-4.987436742119655
912.5010000000001,0.36033521878340746,[20.87913478],39.201118985869904,0.399095072193989
912.956,0.35536454439612486,[20.74588028],36.91734205161605,-1.376233059990628
913.411,0.3590828466988162,[21.01582735],37.623805178919866,1.1712125960328112
913.8649999999999,0.3564431630201218,[20.5401233],38.01914155909863,8.510962956742695
914.3269999999999,0.3671101120918735,[20.12290779],40.39918323994362,-1.1504118852767586
914.782,0.3557250111607365,[20.37951094],37.46693436219299,-13.12876618247122
915.2420000000001,0.355216878856935,[20.62485967],39.048226647901146,5.473199893243352
915.7009999999999,0.36074174049159324,[20.18584485],37.82596089770571,1.297439598828165
916.157,0.3564682612913572,[20.19615988],38.33217838321003,11.675393051177318
916.612,0.37133597560110887,[20.16713905],41.95221984935079,-9.106813996024421
917.07,0.34790221497879714,[20.01398025],36.62515442417829,-23.869575696516378
917.5300000000001,0.3495331268653592,[20.13303379],37.47244476098099,6.374932116900823
917.9920000000001,0.3537912448806554,[20.56892401],37.219330130244,-1.9809851978117576
918.456,0.3476538468590477,[20.20992312],35.88718344707607,-3.791491264051039
918.919,0.3502576814950651,[20.20784795],37.436578336473495,9.098526508388272
919.3739999999999,0.3559511793993465,[20.19530232],36.94191119325237,-2.643264943939072
919.8349999999999,0.34765337424917764,[20.18905395],35.370824601325815,-0.6995611600686402
920.2900000000001,0.35510413216006376,[20.19632308],36.85097086573747,-1.7454085221312865
920.7489999999999,0.3459124680434389,[20.13693906],36.49968367139005,-6.1328296869958
921.208,0.34947419450740863,[20.18610189],36.58141754025209,3.690060053840205
921.6639999999999,0.3493132113503557,[20.1156615],34.79742670834733,4.528063135638805
922.1270000000001,0.35370434438208814,[20.54007756],38.145512859437225,-3.5077898074267755
922.589,0.34609446147513573,[20.1024956],35.91406441040251,-7.306256833527036
923.044,0.34687716403178287,[20.39957142],35.27282895233918,5.6556274741876855
923.4999999999999,0.35125461755750487,[20.12260958],38.66370007379627,3.690200144578548
923.9619999999999,0.35019338748303835,[20.28619295],37.660303231395524,4.880542031313717
924.4219999999999,0.35572582914660095,[20.38817753],37.828630443452916,7.4098990828789235
924.882,0.35701049463928747,[20.13038964],37.82327777929625,-6.568363394200416
925.3359999999999,0.34983394576892834,[20.24606038],36.619582467578205,-16.365418335726023
925.7900000000001,0.34215069479044585,[20.39188288],34.94587311893484,-4.2976362174749205
926.2520000000001,0.3461011040309703,[20.52130561],36.01456744269877,-0.44862979818682813
926.7130000000001,0.34175458860601643,[20.10020478],34.845162803508714,0.17833175726134076
927.1740000000001,0.3462655259111652,[20.31123014],37.26900131192313,2.874855631441353
927.629,0.34447033982868414,[19.85503536],35.67444303793982,1.471773737679316
928.091,0.34769156715061517,[20.20477103],37.99395894919532,0.7772139859553717
928.5500000000001,0.3452232040623603,[20.04131058],36.17172996382236,-3.956867260186292
929.013,0.3440547517053684,[20.07999507],37.78090426505604,-4.806452120907245
929.476,0.3407724293984005,[19.99239436],34.641789335559,5.369178234213234
929.938,0.34899635162551157,[19.84771592],36.66875248941256,-4.2939462505866555
930.3919999999999,0.33718962820239007,[20.12688621],35.40119590635077,0.4833327179198377
930.8559999999999,0.3499756723440105,[19.9261565],39.30220153084519,-3.1829311431628704
931.32,0.33423586810152056,[19.88548192],33.84307693779866,-8.002344935537698
931.775,0.3421594884688011,[20.04574307],37.35129715500567,8.356040030067513
932.2309999999999,0.34183008363964207,[19.45214893],36.488265694289794,-5.90372042041426
932.6919999999999,0.3366936793644194,[19.42411048],37.06843847281871,-0.5503736594041908
933.1539999999999,0.3413432947293165,[19.75416274],37.97258191883776,1.829082600537213
933.6139999999999,0.33841296230292367,[19.59447785],37.90214297311644,-4.854797611468841
934.0749999999999,0.3368750604042415,[19.71621981],37.54332323143969,-5.653763634697384
934.5389999999999,0.33316927918686157,[19.59046986],34.82178554855705,-0.32495192273740425
934.996,0.33646932574219085,[19.53409149],35.044201702381564,9.036609011791208
935.4540000000001,0.3414414114064524,[19.41173681],37.735005821907585,-1.0241939796850064
935.909,0.335605284840829,[19.68571688],34.39242045338065,-9.540464259513993
936.3659999999999,0.3327536816414702,[19.64661467],37.44536560862788,-12.625337527384705
936.8280000000001,0.32393839528084606,[20.09698402],33.37127798246095,-6.319370184075468
937.283,0.32678151395058014,[19.60532823],35.487502133909636,7.359229003211176
937.7420000000001,0.33067365457676695,[19.4043154],34.20735197585478,10.713101877796728
938.197,0.3365554989814759,[19.53611906],37.01306892457481,2.348024309340835
938.6560000000001,0.3327347439329705,[19.26579422],35.18465598658405,-6.004026898939752
939.118,0.33103975604793284,[19.34336059],35.45054933568224,6.083085080604955
939.5780000000001,0.33830442524913124,[19.86430334],39.541036780676826,-1.9052881804616506
940.0379999999999,0.32928689092191643,[19.46512827],34.74372284585997,-10.050716608845212
940.496,0.3290397399929284,[19.47254172],35.11861848979341,-3.4095596388500904
940.956,0.32614541039341355,[19.31619789],35.48475074493357,6.721531971944639
941.4150000000001,0.33519082905979813,[19.85557734],38.090467719857294,-2.1557505734360882
941.8749999999999,0.3241205028955128,[19.62998735],35.00120428588075,-7.790609011371352
942.3359999999999,0.32804826417632343,[19.30520917],37.35892880820736,3.729447513422801
942.7979999999999,0.3275531912744885,[19.48013076],35.55403613485949,-3.798449889009181
943.2610000000001,0.32452923839964326,[19.53351975],34.00767338199991,10.34121498783741
943.7199999999999,0.3369533951122207,[19.50683019],39.43138158347373,7.991295690757072
944.1809999999999,0.3318047578549627,[19.43406212],38.034006489666666,-18.22107460040323
944.6370000000001,0.320314813878774,[19.39932912],35.24018590816345,-3.2085278261094197
945.0959999999999,0.3290013211883237,[19.15720946],36.6277013206667,5.8786115456939125
945.5590000000001,0.3256300690251225,[19.16431252],34.7049491863843,-7.522528175450571
946.0200000000001,0.32205146789438754,[19.33381383],36.12380389513596,-5.236366846820328
946.4820000000001,0.32080196055642723,[19.13956818],33.562478042180494,1.0540440585302124
946.945,0.3230339839948295,[19.0426664],34.72598697177263,10.231570430552006
947.4060000000001,0.33023433523783885,[19.12865372],37.337736899285474,-5.0918376899701245
947.861,0.3186167731902696,[18.96298705],35.97282373864208,8.17985331084764
948.32,0.33798161032822505,[18.80901111],41.17589918605161,0.03804133064955195
948.7810000000001,0.31848279929888496,[18.83382268],33.844969703482,-18.540129028932263
949.2389999999999,0.32080115569962886,[18.88624555],35.85520373036797,-0.5320260700938939
949.697,0.31799546341867646,[18.92635161],34.62489084790422,-7.237307340143606
950.16,0.31412442155999,[18.83602665],33.38644210950218,-2.100154884812022
950.6239999999999,0.3160611546156623,[18.74021696],33.83374213025863,-0.7011843915414873
951.081,0.3135463683924101,[18.74338676],32.7686103286061,-2.4084671871968943
951.545,0.3138866089775653,[18.91992197],34.2931344047199,0.7984112940609411
951.9999999999999,0.3142789473269809,[18.758056],33.9944911594833,11.510776441657155
952.455,0.3243614155394791,[18.73794163],36.45673435792794,-0.6390756779896534
952.909,0.3137435741223909,[18.71610534],34.96908966817956,-8.02310088956082
953.3670000000001,0.3171678027183928,[18.80928717],35.612094687751586,0.8512705022106215
953.822,0.3145604051680633,[18.90237042],34.69260450052476,-7.102363885859441
954.2769999999999,0.31070465158226174,[18.74740832],33.787219838284514,-9.707014442963736
954.7309999999999,0.30573919199136806,[18.82359339],31.746071520006065,-5.655781835459283
955.1909999999999,0.3055990620163466,[18.64224636],31.319209510929724,1.9485859364238856
955.6460000000001,0.3074997384174363,[18.67005313],32.18596944398576,16.382572762207836
956.101,0.3205072032299516,[18.84733493],36.694652383641554,17.212633954455047
956.561,0.32313492146674333,[18.64935116],38.89619045143896,-13.791301273895773
957.0189999999999,0.30792463399174597,[18.75732974],33.495484436090486,-8.930907893925088
957.4789999999999,0.31503367737372245,[18.78203989],35.88360819563941,-1.0840582694828793
957.9399999999999,0.3068931033714828,[18.52917278],32.84207237168877,-3.102352203197878
958.397,0.312069773976272,[18.66609075],34.24328016315614,10.883690655369538
958.86,0.31690073801931556,[18.68038899],36.414051703508676,-8.934867303378557
959.321,0.30389126491356067,[18.53830377],31.585005314101963,-6.197498232765053
959.776,0.3109612780050524,[18.62343726],34.105880257394006,12.122553317049867
960.2389999999999,0.31496463338326286,[18.48222813],34.028747156293036,5.042215994655153
960.7019999999999,0.3156303700161027,[18.5161158],35.28920288547198,-3.305155643559432
961.1650000000001,0.3119040592573242,[18.54747182],35.8655889405025,-9.21783677425414
961.6229999999999,0.3071523756849033,[18.76812672],34.02293280038167,-10.067114818212486
962.0859999999999,0.3026353407092292,[18.58412423],31.525418263921814,5.215956353913365
962.543,0.31177255600083364,[18.37161304],34.419751975113016,0.7738487576523512
963.003,0.303229261160095,[18.58139008],33.307606086440394,-4.760565581071685
963.4599999999999,0.30732451670709554,[18.45297313],33.25437707684852,-5.346194123767411
963.9219999999999,0.2981722524216947,[18.66956807],31.657871045006114,-1.423482625397321
964.3770000000001,0.30576372064972834,[18.28736905],33.126130104709446,13.867422742746937
964.8380000000001,0.3108407832870601,[18.37363405],34.69726400339008,-6.5694912096799225
965.2959999999999,0.2998315108196431,[18.1883286],31.671002587703892,-14.106877015413966
965.7599999999999,0.29795419329811285,[18.32521727],31.680791482517037,-3.264172741481719
966.2209999999999,0.2968074755762617,[18.62874434],31.885065604321582,9.192859606583003
966.676,0.30623560102615444,[18.33766563],35.64913570774864,5.281576338437732
967.1329999999999,0.3015623791503814,[18.3314387],33.83372583727716,3.509160534932665
967.592,0.30950505241111775,[18.23577422],36.20952689195562,8.581710502481855
968.0559999999999,0.3093955969722474,[18.3712195],36.896033621185055,-9.53747911478059
968.5189999999999,0.30068239239274464,[18.43640358],34.7328744703124,-10.78034204689965
968.976,0.29938184323453143,[18.29244392],33.52413899790281,7.873438238921226
969.4399999999999,0.30808504824652344,[18.39125069],38.03655656097084,-4.3651767166809075
969.8950000000001,0.2957824069468569,[18.3043637],32.28125919695608,-8.109412342741262
970.35,0.30070548301461963,[18.28489648],32.561425124010825,-4.7853514650490485
970.8100000000001,0.2912468999336629,[18.27526034],31.013311505794004,-13.50326467338614
971.2669999999999,0.28828077418274295,[18.25729679],31.18556929337167,8.98651471604095
971.7309999999999,0.2997418166433203,[18.07229824],34.237047742674235,9.259501120080172
972.1940000000001,0.2968951804858359,[17.94457082],31.31470249051867,-0.7039537774198856
972.6560000000001,0.2990797825810002,[18.05376464],33.01250786057878,-0.3882155925160613
973.1170000000001,0.29654708000174906,[18.0828375],33.65839570478713,5.742078064286227
973.572,0.30420557140145027,[18.20632001],36.32012703158526,6.285845433698034
974.035,0.3021472666551991,[18.1272528],35.44539504452152,-9.192455161251111
974.4899999999999,0.2958421913691487,[17.97375377],33.841293931934736,-14.77503430315441
974.9519999999999,0.28858561320342846,[18.08110043],32.25034710624974,-11.394311764835074
975.4139999999999,0.28531384729844134,[18.02832221],29.930249957207952,0.4617733736476115
975.8729999999999,0.28896579232566316,[17.92434697],31.418844638587796,6.188667988195395
976.3269999999999,0.2909816812876226,[17.83436111],32.32563016145426,-2.6945963542802653
976.7889999999999,0.28638237818043905,[18.00061697],29.867905070179177,0.26022893633420585
977.246,0.29111923015847974,[18.07825547],34.06490357436961,3.050465968498617
977.7009999999999,0.2891935976679454,[17.92523029],30.85531910522539,-1.3368595766807823
978.1560000000001,0.2899026879437014,[17.93266168],32.001696904284735,1.2206938629765185
978.6139999999999,0.2903060580063259,[17.86795414],31.864651592103666,-7.0895524118339
979.07,0.2834546485221995,[18.0094272],29.545195177694755,3.0118352461857567
979.534,0.2933680676180931,[17.88690687],33.76505592010224,3.6803314453561775
979.9879999999999,0.2871830773289352,[17.80749582],31.196758518916642,-3.4404717709784483
980.448,0.2903464781287521,[17.7575143],33.67828541121908,-3.48534266497047
980.907,0.28400074949493626,[17.75415188],31.140267184020622,-3.007516921984532
981.369,0.28764167275296887,[17.96457611],32.8415345913694,4.069505043200527
981.831,0.28776097215485347,[17.80619832],30.474528556320127,-9.078339784903966
982.286,0.27944655681899916,[17.75190927],29.13936828825345,1.3918780298685651
982.743,0.28910919907333393,[17.64187849],32.51742748120353,3.6180605045352254
983.2009999999999,0.2827219926778472,[17.76991355],30.128732356722207,-6.176648292122167
983.6629999999999,0.28348910779588754,[17.69411964],31.82728439105123,0.2219036663596019
984.1260000000001,0.2829243734182184,[17.72246703],33.11037502566472,5.093348980816426
984.582,0.2880821805447283,[17.66521409],33.26931733885715,3.6447979711662915
985.045,0.2861657924193567,[17.66140404],32.9572403579077,-3.9160195680695287
985.505,0.28446636053315555,[17.56035278],31.844316817882355,-8.018920542630037
985.959,0.2788880546447818,[17.63361046],32.15609623000354,-12.118845243080544
986.4209999999999,0.2733682127516944,[17.5983532],29.847889117786572,4.49733398481772
986.8770000000001,0.28282054815030566,[17.6606156],31.421413096113675,2.949817236937824
987.3369999999999,0.27592738960889013,[17.5856355],30.75652396811773,0.2792506267917383
987.7979999999999,0.2831082999167987,[17.56545556],32.391426451012556,10.8481945627375
988.265,0.2859374014915281,[17.43239732],35.39184732400969,-8.854373888477651
988.728,0.27499252054083767,[17.37220882],30.8115735923084,-7.343150830746826
989.1829999999999,0.27893790717965933,[17.4902763],32.60963106172501,-4.882907682287829
989.638,0.27054907454994914,[17.45627035],29.406758437098645,-6.712878119989774
990.0939999999999,0.2728459492129729,[17.50440138],29.549132920527438,9.454751861779298
990.554,0.27924512423214654,[17.59556116],31.25424183784752,-3.8379492333465715
991.016,0.2692362088818656,[17.50850458],29.016361841462345,-12.469108579357957
991.478,0.26772366790482005,[17.45694414],29.04073288883618,2.568531429413601
991.936,0.27155272069496833,[17.41098367],29.537310232664396,2.708195305225647
992.3919999999999,0.27022151777762704,[17.52545817],28.286035466199156,6.8431780962911475
992.849,0.27782008867131874,[17.39764726],29.78158288390622,9.483476337159347
993.3069999999999,0.2788845958077314,[17.41652603],31.30407590928811,-11.431982058490831
993.764,0.26738730751924505,[17.39795811],28.009567525184217,-16.67990863436114
994.225,0.263640562685068,[17.33495241],27.182965837027247,3.213126783286502
994.686,0.2703498104134353,[17.26452532],30.984972050724057,2.3647680955049544
995.148,0.26579883936783294,[17.35416309],27.91272781291611,-2.7004754231655936
995.611,0.2678661863459495,[17.44925158],28.595642315319353,9.009431471356189
996.073,0.27412348465536623,[17.2791388],31.442858194896427,2.3296802759575908
996.5289999999999,0.270138530066697,[17.34212984],29.32917463618854,-10.097131094412292
996.9899999999999,0.2648507590233836,[17.4165555],28.21697015672339,6.116162082937193
997.4499999999999,0.27573638073088413,[17.31045946],30.995931368358054,0.20499608377100298
997.907,0.26517903783755353,[17.31357189],28.418679240213123,-10.633952546746206
998.37,0.26610373595746967,[17.27695789],28.64973301207611,6.747310083284718
998.8349999999999,0.2714595831202882,[17.17117244],29.006105860980053,5.935271580053525
999.2979999999999,0.2716339506779412,[17.2121944],32.77431663456062,-4.724129665833021
999.7579999999999,0.2671297166891694,[17.24998367],28.68800952973605,1.6450651589593468
1000.2199999999999,0.27319654771832746,[17.19795749],31.449610506822136,2.8931465027238756
1000.6809999999999,0.26982054579466225,[17.12281516],31.01682898733912,-0.6263105603975805
1001.141,0.2726063364110593,[17.14697059],29.78332292098923,-1.0243408942250398
1001.6049999999999,0.26881716527374505,[17.18873248],31.306156231385085,4.421650055982774
1002.0600000000001,0.2764454468719979,[17.12780755],30.657445684671956,-3.894684256736114
1002.5210000000001,0.26500007818644766,[17.08531102],29.435995221415425,-10.342894561532534
1002.977,0.2668169543514957,[17.06790709],29.76771024534632,10.105447156834202
1003.4409999999999,0.2743958857818524,[16.99515921],31.187775563625426,0.9426446442495351
1003.9019999999999,0.2677809496658701,[16.85465687],30.347439358307764,-12.618422479492796
1004.362,0.26277086107297626,[17.01104333],27.777122129389674,2.1548506906439724
1004.82,0.26970703065585705,[16.86540904],31.162595445501694,1.2853471619073686
1005.274,0.26405348654624483,[17.0100468],28.945156418077318,-3.7139339296824447
1005.734,0.2664180536659281,[16.96089546],28.560742153895077,3.338738452223655
1006.1919999999999,0.2671256392784891,[16.94293528],30.296663182844384,0.649318494605311
1006.65,0.2670128294069861,[16.95927509],29.69131208824705,3.469066829610845
1007.1059999999999,0.2702815373030851,[16.90348284],30.255279139433043,-3.765899131521977
1007.5679999999999,0.26342366136596645,[16.87682807],29.62975784055718,-6.49245475143606
1008.023,0.26421192199820176,[16.88528936],29.600771714524654,7.51260844717544
1008.4830000000001,0.2703558173617248,[16.8407468],31.810103349140217,5.190114002851908
1008.939,0.2690311118258886,[16.86022255],29.50649087605648,-3.5860112879617656
1009.4,0.26706059812470584,[16.88569199],30.56430820627535,0.035321662704257406
1009.862,0.2690723425789815,[16.84627535],30.412093302432016,-7.6012061274152165
1010.322,0.26010000508868036,[16.76972963],29.151042003662056,-7.001697599540835
1010.786,0.2627032359685221,[16.88159027],30.72299749102545,18.094512435781585
1011.2489999999999,0.2768486768199254,[16.80655409],31.517781702751616,7.157189832264155
1011.707,0.2695276897838031,[16.7905851],31.555499478033525,-25.818440193374258
1012.167,0.2531079278287395,[16.64767141],26.065436376876267,-7.91184257553712
1012.622,0.26201203086761476,[16.77636058],28.56516830388402,15.017920523677509
1013.0769999999999,0.26677423550528384,[16.8080416],31.52728529545147,4.290151049044455
1013.5379999999999,0.2658672057663316,[16.78707765],29.577860145962706,4.195991711035352
1013.993,0.2705442830094373,[16.63869484],31.829480863501814,-2.3153670316219954
1014.4540000000001,0.2635941971728719,[16.65489014],29.3699729727091,-14.072067974230329
1014.909,0.25764229867007415,[16.70136335],27.171777713569828,2.485557567844743
1015.3649999999999,0.26588970763595865,[16.61500587],30.337631636427858,5.643214343966918
1015.8190000000001,0.2628272874074305,[16.56155137],29.091463963352247,-3.6858608487787548
1016.282,0.26256539115275435,[16.6390941],29.728462585160337,1.1690130818609035
1016.735,0.2638637847730121,[16.62786079],31.117342292221306,4.272793635354766
1017.196,0.2664934285787982,[16.59227182],31.64084654447281,-5.5487894155111235
1017.6560000000001,0.25877583132316234,[16.5180487],28.23642695473907,-2.5820513375645615
1018.1129999999999,0.26404079323303836,[16.57598512],30.564402479163856,0.11793696002765364
1018.574,0.2587924760913439,[16.56270407],29.374938255878085,-5.4729822610599665
1019.0369999999999,0.2590074555324776,[16.4274647],28.94091190127562,7.222853742552604
1019.4979999999999,0.2654394171973562,[16.5507025],31.20010738832558,7.689609791649843
1019.9519999999999,0.266130459023426,[16.62543245],30.18753716339366,-1.347317064644693
1020.41,0.2641876074239207,[16.47084614],29.21582827985411,-3.8316703807143027
1020.8670000000001,0.2626236607937036,[16.51174223],30.16580674247435,-9.147903530429435
1021.3269999999999,0.2557645129215175,[16.44378977],28.05718055433094,-4.030188893428599
1021.7889999999999,0.25895144525990926,[16.50362815],30.340769698752485,6.145061116132333
1022.2479999999999,0.26142861790443006,[16.39240605],29.30959797770117,2.2546346081526725
1022.7109999999999,0.26100497078918006,[16.45318089],28.986009092925634,-6.125908016534343
1023.1740000000001,0.25575602708111594,[16.46154606],27.497323067715424,0.6099981636604745
1023.6360000000001,0.2615453512743495,[16.31221307],29.394722522450873,8.272851923995239
1024.096,0.2634005922992084,[16.37128387],29.87890943381164,-7.682686323144172
1024.5590000000002,0.25438370766161955,[16.45580476],27.66034578655446,-8.164009859304876
1025.0140000000001,0.2557266202950683,[16.43232197],28.938276749378623,6.847108667835167
1025.478,0.2607470157810434,[16.42604096],28.73925277106917,-3.661662184227088
1025.931,0.25268369221261205,[16.38381827],27.8983694257137,-3.579924634950271
1026.3939999999998,0.25775534200050076,[16.17250141],27.941064581975525,4.8264237622128725
1026.8559999999998,0.2571603758853296,[16.30893682],28.28692259559655,-2.0786608539093976
1027.3159999999998,0.2558419732676024,[16.39094582],27.60251330977076,0.16309233173716908
1027.77,0.25727332912344114,[16.27749214],30.088305632370837,8.838631278580255
1028.2269999999999,0.26392819426823083,[16.3006868],30.10416613792366,-6.744467374892704
1028.6889999999999,0.25086093268525594,[16.09170142],27.876846200430734,-10.243454659723927
1029.1439999999998,0.25428429049024576,[16.29824718],27.98973810838733,8.5877119300104
1029.6059999999998,0.25875087297410077,[16.08217087],28.82081105766753,6.949401926050591
1030.0610000000001,0.2606946630853641,[16.29118677],29.552251697261624,-2.103517876525629
1030.522,0.25674703914873387,[16.13230511],28.604706784604627,-4.8968669867310854
1030.982,0.25617732392637294,[16.08699813],28.825142000505938,-0.2665704924202372
1031.435,0.2564901566499374,[16.05699647],28.70140157882897,4.567985754108994
1031.8890000000001,0.2603282503763275,[16.15536591],30.254640894232008,-2.504609571037042
1032.3429999999998,0.254215971159446,[16.10166238],27.63269813162731,-3.4782170462114848
1032.8000000000002,0.25721970230504876,[16.33081934],29.109267364010414,5.546753770710344
1033.254,0.25927519941212607,[16.13459971],29.702841807382967,1.887916761947217
1033.7109999999998,0.25892370448867874,[15.98398559],29.69106720515325,0.1125260326694244
1034.165,0.2593724380218305,[16.18658236],28.97861898920071,-3.15694235633035
1034.618,0.2560686393251968,[16.01604677],30.126522137822285,5.174431302103322
1035.078,0.26427258858375074,[16.09275572],30.986435856768928,0.13412299994253196
1035.538,0.25619203248514394,[16.23012476],29.075001579278815,-1.6335873506730936
1035.996,0.2627093625864572,[16.20904698],30.57233552362784,2.855267326121902
1036.4499999999998,0.2588866366052441,[16.00544928],30.08141584308212,-5.561873221273106
1036.913,0.2576610828957918,[16.08760266],28.950178582602806,-5.64439131255301
1037.3760000000002,0.2536599302498178,[16.02527903],28.575076662572748,-7.5053807396579515
1037.8310000000001,0.25075311778048254,[15.95489105],27.035236321270368,0.178819000959618
1038.288,0.25384934058557246,[16.19968938],28.104713818110184,3.634123159383773
1038.7530000000002,0.2540530837554182,[15.96549872],28.051165131911734,8.561069541249577
1039.208,0.26156481318262026,[16.01483677],30.07302322024038,-6.237447354904891
1039.667,0.24816928304518537,[15.96216763],26.340121383625,0.489868451181541
1040.1280000000002,0.26213444687482534,[16.02369759],30.017586964546826,8.04422234515062
1040.589,0.2555860560474346,[15.90994546],28.843435207025088,-8.823011880589481
1041.0479999999998,0.25399579567909053,[15.8987827],28.697390864384406,0.6211246637092271
1041.5079999999998,0.2561650500031936,[15.99371093],28.6022643029519,-2.180507969709866
1041.9679999999998,0.25198972834695726,[15.93172164],27.78922626243014,-7.989397717607316
1042.4250000000002,0.24883226924018803,[15.92885909],28.004813550496543,2.483771064860807
1042.888,0.2543882521099688,[15.92307904],27.852547786572856,4.156561518686875
1043.348,0.2527156834673007,[15.90055476],27.534908733552566,-8.055388278798592
1043.8090000000002,0.24696039115888546,[15.86548169],27.34755211052436,2.882517421638364
1044.2640000000001,0.25517286685217866,[15.88509858],28.370040641368924,5.234069736585023
1044.723,0.25164135763011775,[15.91874678],27.458277516926625,-11.856780628928586
1045.185,0.24422771310368463,[15.86228885],26.308273023006258,-1.8839473267576734
1045.6439999999998,0.24982154062907863,[15.77879288],27.897964493531116,3.894580995656316
1046.103,0.24780293845769008,[15.66312431],26.46166945852995,-0.4603745500734724
1046.5569999999998,0.2493620586076878,[15.83533646],27.359565608310287,-0.8238358316086658
1047.0189999999998,0.2469795762473077,[15.80036393],28.168739749634447,-6.553066574544131
1047.475,0.2433629888393204,[15.67476215],26.304348253419505,4.079862038101345
1047.9340000000002,0.2507849529195381,[15.76564552],28.457235265723522,5.417928742483758
1048.391,0.24836872557929507,[15.68659554],27.417070636158844,-1.1469059366595036
1048.8449999999998,0.24971536168614045,[15.84156183],27.728598393734263,9.793264508905663
1049.301,0.2573079648558472,[15.82046225],29.422870264233513,3.464334382043799
1049.7640000000001,0.25271306249830827,[15.55829236],28.302990313050618,-7.881596643767308
1050.221,0.2500325435811795,[15.73638891],28.565957571692422,-6.159247437298121
1050.676,0.24709700138150986,[15.66976082],28.134557331786404,8.732604141028666
1051.132,0.25801834801632906,[15.75837951],30.901748725714782,0.10150685145066118
1051.5949999999998,0.24685384007040495,[15.69623645],27.43806373178775,-16.93588362029247
1052.058,0.24233571978394597,[15.65986334],26.827856157763346,2.4275681490839585
1052.5210000000002,0.24910176817645763,[15.68835489],27.233325011785286,2.673657433602983
1052.978,0.24493783431150867,[15.67459957],26.210686926974567,3.83561308757685
1053.4409999999998,0.25278691690612276,[15.67006644],29.46849832401323,2.018425241213373
1053.9050000000002,0.24677901378082223,[15.71813654],27.12286746538704,-9.365477281319867
1054.368,0.2440979620078339,[15.82504153],28.017702683219664,-2.344213396842376
1054.8229999999999,0.2445723599511359,[15.55679087],26.604243813570825,3.1381502154853025
1055.286,0.247012606937712,[15.55112758],27.237095767273555,-6.296955307354024
1055.748,0.23877078624242143,[15.50571994],25.615763847127567,-4.999520653287237
1056.201,0.24220917816896276,[15.6831831],26.370916896283347,9.225519356203748
1056.658,0.24717914861536833,[15.6384678],29.206659546281532,-6.2159182602245515
1057.1149999999998,0.236527828879119,[15.51091432],25.000548594454514,-4.0342762830641306
1057.5700000000002,0.2434229662583104,[15.6760568],27.82284057071603,4.752893076298948
1058.031,0.24075584092046398,[15.49555817],26.60446515429339,1.6314214354662404
1058.493,0.24494361821761274,[15.4981555],26.89662756227293,-0.030951322098737855
1058.949,0.24083586372612337,[15.50911267],25.557605656875992,0.7593780766087521
1059.406,0.24565648704497361,[15.59081934],29.614810432051087,2.861238057447757
1059.862,0.24346353159528572,[15.47382774],26.85955662688139,-4.802985895943079
1060.3229999999999,0.24125221058362373,[15.4252174],26.268606880801045,2.0777128947573886
1060.7820000000002,0.24534758908839177,[15.38980988],25.89225182116547,-1.7353967580914231
1061.243,0.23961292152778724,[15.39379999],26.165516066591263,-4.995760282588635
1061.6979999999999,0.24068272758130077,[15.41901187],27.421164182511426,0.8430827546180297
1062.1570000000002,0.24037138101730782,[15.34559235],26.143203390633435,2.5625718011278997
1062.6109999999999,0.24299012328705982,[15.37700046],26.686567881681476,-2.313990837961577
1063.0659999999998,0.23825178125228108,[15.52197801],26.49902850546508,-6.123385410654714
1063.524,0.2374253005939811,[15.33088599],26.41592483321252,1.825123508226556
1063.98,0.23990545717322326,[15.28208263],27.12265652904235,7.718453186027762
1064.4429999999998,0.24455071720611077,[15.21550628],27.77271247612907,1.821643439189835
1064.897,0.2417222713508118,[15.3712379],26.67595740186514,-1.4298630559968495
1065.357,0.24330180533177082,[15.24850632],28.871688261637434,-1.5308918939964111
1065.821,0.24026783726554218,[15.13554639],27.106785065483425,-7.953055383943475
1066.284,0.23593214860493267,[15.32518624],25.27684704280837,-1.9462998398878661
1066.739,0.2383634707838157,[15.4147405],25.973257150798617,5.123424662429599
1067.1950000000002,0.24059914770744906,[15.51226144],26.328653355367255,-0.18319828384993908
1067.6509999999998,0.2381963939489492,[15.41680176],26.702053144362807,-0.7418276718862971
1068.107,0.239922600870693,[15.30626065],26.374856583063895,-1.0335342629004818
1068.565,0.23723242505703224,[15.32056764],25.81845578872406,-6.71767835925563
1069.0210000000002,0.2337860112079112,[15.23012655],26.019355068384186,2.162839094002833
1069.478,0.2392265599957208,[15.06574536],26.128972346539914,1.2097422555130688
1069.9389999999999,0.23481061872216663,[15.35259705],26.32410428811931,-2.9906811314596715
1070.395,0.2364185790130579,[15.25889078],25.66175923499668,2.987350573209535
1070.8519999999999,0.23753699085748714,[15.1391421],26.488572650685068,1.3128689424806717
1071.315,0.23761271601555428,[15.19148333],26.56747799921134,-7.578676553488817
1071.775,0.2305881752805738,[15.31619091],24.798674167378188,-4.941296579036747
1072.239,0.23312995281472976,[15.2388077],25.53788191619162,-1.6856601994867937
1072.703,0.22902388261545026,[15.2895346],25.329612911185325,-5.111366179492233
1073.1660000000002,0.2283842485761241,[15.04687299],24.354257721792326,3.7997237689104124
1073.621,0.2324298456658655,[15.19307167],24.104858799981148,6.92098664746349
1074.0790000000002,0.23469124779644313,[15.1150809],25.211389072162028,5.63407181318365
1074.5320000000002,0.2375555579811603,[15.27970027],27.083308950999722,-11.643613769784873
1074.989,0.2239511919297666,[15.26383941],23.61941288637138,1.1397203191413907
1075.442,0.2383465170192502,[15.1237686],28.171316485945507,13.958526943122385
1075.8980000000001,0.2365322235007533,[15.16796898],26.30555130161069,-1.6025723575862627
1076.353,0.23688182652932716,[15.05554985],27.9195298017959,-9.607632104366603
1076.812,0.22766747496410272,[15.13431436],23.91805839077934,-2.746341091563853
1077.27,0.23432881250325333,[14.96775217],26.047746142181516,12.24451842687535
1077.7269999999999,0.2388758040764684,[15.14583952],26.564852539256712,-5.817311502240019
1078.183,0.2290491065303537,[14.91884559],24.97305467385327,-0.8380701563204251
1078.645,0.2383566312695476,[15.20628101],27.615682697261366,9.881378593306678
1079.101,0.23824258957232014,[15.06036042],26.567033739236948,-3.063158332152871
1079.5590000000002,0.23554562761037068,[14.94613352],27.06618728125881,1.176814026587314
1080.0169999999998,0.23932055122066737,[15.05648932],27.678702422694865,-2.944986364622426
1080.478,0.23277184223997965,[15.0505502],26.18054185469874,-4.370536276196935
1080.9389999999999,0.2352909167740047,[14.91516386],26.572926326602232,-4.722159666092685
1081.3939999999998,0.22856778686352913,[14.80371845],24.992991912924907,3.576124352014376
1081.851,0.23862591245756054,[14.90883619],27.060591426148065,-1.6396002942500876
1082.3049999999998,0.22721553703470887,[14.83010108],24.39006859765689,-11.50731407869754
1082.7599999999998,0.22819304531539458,[14.84265352],24.41822790312656,2.890220274100269
1083.2220000000002,0.2298763348236152,[14.73138533],25.8161089507947,5.948706606614229
1083.685,0.23370021436181554,[15.00644869],24.976206101830353,1.7341152897226708
1084.143,0.23153835073221746,[14.96402039],25.357122820020226,-2.928143644859549
1084.5990000000002,0.23101673839130749,[15.08616477],26.286280012711345,-3.379079771815452
1085.0549999999998,0.22845662998032445,[14.97908],25.45161855235106,-2.176165393971946
1085.518,0.22906534534412631,[14.83190208],25.528180521572583,-2.5798620211467393
1085.973,0.22615009161343097,[14.8700553],24.540415890307646,0.32487801214683976
1086.435,0.2294582318759723,[14.75275397],24.435168932685254,2.9836666508592513
1086.8899999999999,0.22894414627876813,[14.7197377],25.21585222980076,-6.162658901080115
1087.3519999999999,0.22373607246354793,[14.89178983],23.42878516897001,-2.9734884310240184
1087.8069999999998,0.2261021460461567,[14.97767303],24.29941922941781,-1.7880221237136784
1088.263,0.22209319258250854,[14.83229726],24.71642503354328,-1.1589743240436323
1088.719,0.2250451614626286,[14.72626536],25.023665497947846,5.955685001878957
1089.1819999999998,0.22755916041088659,[14.61720004],26.43214585673809,3.8895546813636495
1089.645,0.2286468890975697,[14.60795575],26.496067974989593,-5.061864797155868
1090.101,0.22301027871815005,[14.84779648],23.626116248398922,-12.450330872331245
1090.565,0.21719114266445722,[14.75053157],22.662218497682726,3.6733805743183465
1091.0210000000002,0.2261325913930154,[14.80488884],25.262231189928663,14.59457593654495
1091.478,0.23050595177069377,[14.97339603],26.556550496618378,6.365920327376151
1091.933,0.23195109787374313,[15.04122765],26.73971714688842,-5.251397844733968
1092.388,0.22572717973198664,[14.72061384],24.646451500082772,-9.452607569922888
1092.846,0.22334630876061412,[14.75032997],26.20141351589293,0.5550213665746206
1093.3029999999999,0.2262235299852714,[14.63799474],27.04239887872494,-4.844838952545421
1093.7620000000002,0.21886377585684436,[14.79406656],24.2240212170871,-1.4434794566498543
1094.219,0.2248430665832334,[14.57873958],26.197195679371195,10.368552477161868
1094.681,0.22836517470083767,[14.57139091],26.90658501633376,2.914233291383017
1095.1399999999999,0.22755523996759752,[14.56452654],26.322612690455234,-8.731661028849535
1095.594,0.22046245968335926,[14.74059078],23.381375500453846,0.769271425246576
1096.056,0.22852447754653565,[14.56478874],27.068373612594186,1.4740151637663845
1096.5120000000002,0.22200607558129415,[14.73540747],25.21886119524439,-4.858720934791394
1096.9679999999998,0.22409332405399823,[14.54116444],25.779500628091167,3.761541112063255
1097.4229999999998,0.22543446926177885,[14.60563931],27.008086412667343,-2.2955882007581474
1097.8809999999999,0.22196588935532957,[14.40002073],23.164787549485,-5.304573892861736
1098.341,0.22057396522121564,[14.70436834],26.61887210312271,-0.33457193490946113
1098.7979999999998,0.22164299144729188,[14.4973066],26.301838062749173,0.9536005536877057
1099.261,0.2214345410746159,[14.71018509],25.273606024530366,3.0409126839453515
1099.716,0.2243791737947391,[14.62021391],27.514097667258103,0.6215173471157132
1100.1709999999998,0.22200012186049112,[14.54595897],25.662309207690075,-1.1310910442994815
1100.6260000000002,0.22334988094442992,[14.51832501],25.412265123444264,-1.1123118487052497
1101.0819999999999,0.22097863917123728,[14.56200197],25.031771750209327,4.841052733995737
1101.54,0.22781485580089011,[14.46399621],27.130069046297876,0.7722715480318332
1101.9940000000001,0.22179568808643518,[14.50284832],26.545587457030834,-0.38356594158747703
1102.4569999999999,0.22769716405604684,[14.54342973],26.46368335639137,-2.380763631242455
1102.9209999999998,0.21955843366464428,[14.45803925],24.659333429490427,-2.2685874263345953
1103.3780000000002,0.2253956028718605,[14.5574397],28.068766561719084,-3.6166945561710575
1103.833,0.2163254227513165,[14.29592923],24.610292046511102,-1.0089244296627164
1104.2959999999998,0.22477488089701153,[14.56580989],26.808952622043215,-7.608052667872012
1104.7579999999998,0.20933963303058561,[14.39189759],23.339656023816186,-9.284093119641346
1105.2199999999998,0.21619637885446313,[14.34603015],24.71880455675501,9.332028253761088
1105.6819999999998,0.21796242713706065,[14.53730023],24.49613503044842,-6.345820166219484
1106.143,0.2103595017024284,[14.39169945],23.425895497292494,-0.21198256222904055
1106.5970000000002,0.2175422698437759,[14.5061705],25.91478888937034,6.967965440023788
1107.0520000000001,0.21667565656765103,[14.48101169],24.808767367946988,-8.676249122398005
1107.5140000000001,0.20949061768498217,[14.4264103],22.534944329304647,-1.7638508122630736
1107.973,0.2149686894820813,[14.49046257],24.548971660785824,12.95002458577943
1108.4360000000001,0.22143869756340834,[14.34307394],25.736391940536915,-0.5736461262270398
1108.891,0.21467283534918957,[14.29132945],24.66278762051403,1.9697001876413656
1109.3470000000002,0.22326681089880984,[14.36591214],26.922596773859894,8.75592348172216
1109.804,0.22264679033143242,[14.12345302],27.34766797371821,-8.186212457123505
1110.2579999999998,0.21585001381363988,[14.20563757],24.85096041897361,-7.3177848588824315
1110.7130000000002,0.2160102469287975,[14.32254001],24.02053122223421,4.93792568755505
1111.1689999999999,0.22035764572359057,[14.19000325],24.96838723225864,-0.1884361716786298
1111.627,0.21579904216353724,[14.11107166],25.0280032172766,-1.3461054500434333
1112.0819999999999,0.21907717751977968,[14.21065116],25.810006949201863,-2.075425557826749
1112.542,0.21380671669501006,[14.27656405],24.682624020651648,-5.94528624745097
1113.0059999999999,0.21362802265540382,[14.13305679],23.811316346507017,6.406706144594598
1113.464,0.21963272484077134,[14.18487158],26.77044210514045,2.7221090556868166
1113.917,0.21621118288618163,[14.11700344],24.256468350430932,-10.599757610006394
1114.3719999999998,0.209995931289142,[14.13998671],23.23178869087579,0.8188259189641223
1114.83,0.21704592965968805,[14.14524239],24.970841815089912,14.877661151071198
1115.2910000000002,0.223665399669698,[14.19554772],27.28620001361484,-1.5549749194697648
1115.755,0.21551178370323204,[13.92225781],25.228386473526747,-8.631430364821474
1116.2109999999998,0.2155826606924804,[14.00964986],25.94438727440029,3.8613695937521064
1116.6729999999998,0.219101284815516,[14.02608418],27.272135949893705,-0.5839514095155041
1117.127,0.21517782560276266,[14.19906255],24.33055208399272,-4.345141149877635
1117.583,0.2151644315847221,[14.07294492],24.511636028234346,0.5793272546678607
1118.04,0.21570797012134524,[14.15947355],24.772082812429442,-0.4996728727587052
1118.502,0.21468824946570209,[14.11722667],24.478864359531258,-1.5023402693744303
1118.9630000000002,0.21431990188376226,[13.90078169],24.58017268021366,-2.991068614456749
1119.426,0.21191571484599558,[14.06544976],25.181485308650576,-3.6382341890145167
1119.8870000000002,0.2109519693443987,[13.99578538],25.14434426701778,-0.1326739826237322
1120.3449999999998,0.211782078397716,[13.8298557],25.289304447397093,3.9008029402889113
1120.801,0.21450896811954812,[14.18199932],25.634645261749508,4.111339691625443
1121.257,0.21553162019647948,[13.8969735],25.388176192322963,-3.7511515388726213
1121.716,0.21104058330499575,[13.86714973],26.590478676489813,-8.646161015085669
1122.1779999999999,0.2075753576183873,[13.94557457],24.396026041760745,1.113223111301992
1122.634,0.2119598287801554,[13.98054773],24.88702509982407,10.929161926578528
1123.089,0.2175291988281059,[14.12404699],27.138225211783258,5.832959786257586
1123.5500000000002,0.21722542401679396,[14.11056126],25.963391575804987,-8.71186282441938
1124.0059999999999,0.2096205130619953,[13.97729778],25.321370915199708,-6.558891345068762
1124.4609999999998,0.21123005910131687,[13.87801716],26.710115171019527,1.2050913139465547
1124.9160000000002,0.2107171461576849,[13.97541688],26.310243620878023,-5.322655071811733
1125.3760000000002,0.2063176454567915,[13.78289797],25.877592923904363,8.166393861823051
1125.83,0.21796985144390335,[13.69424522],28.35693200200238,9.289984686684043
1126.2869999999998,0.21468224287498267,[13.72792467],24.19356710882069,-7.553326725902865
1126.7420000000002,0.21108265206339993,[13.87346897],27.151644007650987,-9.134261586588199
1127.201,0.20632370019176272,[13.80211532],24.73518297764245,-5.493743128097417
1127.6570000000002,0.20602672661413202,[13.72291461],25.292896004352027,4.143689032119092
1128.1109999999999,0.21007531948441294,[13.77271145],27.51401933174742,2.171135185209949
1128.574,0.2078950174489579,[13.76610313],26.372853300653734,-7.260595619129867
1129.036,0.20336436606577252,[13.81665193],25.89879241745828,2.1907158423277173
1129.4989999999998,0.2099454502124664,[13.82366494],26.03415707454111,10.628552693783988
1129.955,0.21318182286467646,[13.70133828],27.381731366060677,-11.310179088811406
1130.4099999999999,0.1996786516703421,[13.8464989],24.939405061806756,-5.60911398502334
1130.87,0.20829148784958362,[13.75903167],26.893746123485105,3.8998212324410364
1131.324,0.20341981298649292,[13.62679992],27.795922382187246,-0.41405176174341696
1131.7800000000002,0.20795605767919662,[13.64707785],28.752827093276675,-0.9685913642760169
1132.2440000000001,0.20235251284924455,[13.59368178],25.967320163718018,-4.880948847772154
1132.6970000000001,0.2033237995987262,[13.63156395],26.512228454690067,-4.873998551246567
1133.152,0.19789878771692038,[13.73735541],24.166439873787986,-2.5607293355181806
1133.607,0.20099353590340502,[13.50018439],25.305480852027067,4.064680490567629
1134.0700000000002,0.20158598800572103,[13.65967072],27.699318833306137,1.4194134320474894
1134.525,0.20229433965295557,[13.60266703],25.021991987811948,6.512042637417808
1134.978,0.20747914537959988,[13.46942671],26.402400137156164,-6.942620934360794
1135.4340000000002,0.1958728032478244,[13.69458621],23.76926658355861,-10.214787498968647
1135.8960000000002,0.1982860260393245,[13.66091584],24.396879501247383,3.516349102752919
1136.351,0.19912101339738342,[13.54042521],26.128447909926336,-1.0826291305139624
1136.8049999999998,0.19730774527937833,[13.7687096],24.516909061012623,1.1894101828724135
1137.2689999999998,0.2003177015181758,[13.80077685],26.97552943367635,3.613142156062704
1137.7309999999998,0.2006649854714599,[13.47418049],24.667031394331133,-2.5060283556137266
1138.19,0.1980291322918184,[13.55009464],24.38082258049726,-5.265502162041081
1138.6509999999998,0.19582263602952388,[13.87596664],26.50018166487155,1.2930280368456393
1139.107,0.19915437514472667,[13.61920147],24.6691117825837,0.2827978649921348
1139.565,0.19605295707693154,[13.46758717],25.159558454214388,1.2398947656687975
1140.02,0.20023848719837062,[13.63156732],25.54792973584635,-1.4531425271901433
1140.475,0.19473059737718873,[13.48276731],24.666907466366943,-5.231979142397897
1140.9299999999998,0.1954773861787893,[13.40438678],25.55280822812835,-2.6795512509592556
1141.384,0.19230351748434182,[13.50796596],23.207209916579597,-2.0303173987500642
1141.8470000000002,0.19370576065260403,[13.52941801],24.65178687272944,-1.4772778954731391
1142.31,0.1909355581531379,[13.5747359],24.272189661861646,12.908109750971008
1142.772,0.20560802043713972,[13.37598986],26.866324580180724,2.570853026279435
1143.234,0.19331102634942005,[13.37875503],24.48218108159604,-9.488062386160816
1143.6889999999999,0.1966694806097094,[13.23708226],25.087160027023273,-5.643469418829955
1144.1439999999998,0.1881754691782856,[13.32756441],24.35332617989473,-0.9664836220738271
1144.598,0.19575558255528958,[13.07528197],23.808514050127066,8.847533862660184
1145.062,0.19613880144223467,[13.36795361],26.92657888041138,5.999862536221256
1145.525,0.20130711835762016,[13.42454739],25.474279322489824,-1.942635747066379
1145.987,0.1943680456855451,[13.33096371],26.335671799726295,-1.6348745432773482
1146.442,0.19962197131168735,[13.16910657],24.409644990781615,3.5926442071237688
1146.8980000000001,0.19762501818577272,[13.20226667],26.7980486283307,-4.9010332672298205
1147.359,0.1951224776999545,[13.42255644],26.479584680207942,-0.8600877183778666
1147.8179999999998,0.19681550345769833,[13.07636464],25.699842615402787,-0.5380714530849873
1148.2730000000001,0.1946643457058737,[13.27320364],23.76107862677846,3.0070661187352465
1148.726,0.19951504795108282,[13.12505415],27.553661063350262,1.4145275710942262
1149.1840000000002,0.19585953319694616,[13.07071664],24.875775081836967,-7.4875659656340465
1149.6399999999999,0.19266944134290886,[13.19736047],24.894819661461373,-2.6426300581732507
1150.096,0.19344945458389662,[13.05705883],25.034426433128843,3.9539811332846564
1150.5500000000002,0.19625861015025187,[13.15245939],24.58064262562514,-1.6343702141471683
1151.013,0.19180854667787184,[13.00983449],24.695913188365544,-1.7321108836609034
1151.469,0.19455732451975605,[13.0393945],23.74068935836285,7.81808776684495
1151.9319999999998,0.19901862261577574,[13.1612847],26.77572920560388,-0.763828607975886
1152.3870000000002,0.19402108373735955,[13.0278395],26.43370676401356,0.8035490184526706
1152.844,0.19979871154769407,[12.9761277],26.912762745545223,3.5964838405669886
1153.306,0.1972352972497562,[13.29184882],25.735253001740894,-0.06889312873989417
1153.7649999999999,0.1997024899860131,[12.98636691],27.676715273734814,-2.055137626941095
1154.2220000000002,0.19538244757233159,[13.08058083],24.460094725370965,-5.40884188440105
1154.6770000000001,0.19475348476539933,[13.28743214],26.046372220887413,0.27032599714932326
1155.1390000000001,0.19565365175639654,[13.07700632],27.299929622410996,1.1493001670123126
1155.594,0.1958184958493836,[12.97094299],24.539554819116482,-12.894299851806984
1156.049,0.18391983889125407,[12.91947449],23.746282018226236,-3.6150439014392965
1156.5120000000002,0.1928636290339409,[12.85636491],25.42377090311082,6.979863576847767
1156.973,0.1904184749626543,[12.76199012],24.69432349569371,3.064837339701171
1157.4299999999998,0.1956104892976176,[12.85303668],24.745888095742007,3.7216578718124174
1157.8899999999999,0.19378524823998827,[13.04136149],27.700467696151332,-9.946876992597803
1158.344,0.1865903233474407,[12.84015219],24.040508731801683,-7.73573602934638
1158.8000000000002,0.18677824839029644,[12.8780581],24.3602300245964,2.1441208717085933
1159.2599999999998,0.18856825487440998,[12.79257695],24.537318651216335,-1.1387590852086904
1159.723,0.18569689487490892,[12.91000296],24.227254064647948,-1.9532332541040975
1160.1779999999999,0.1867077994686952,[12.94088998],23.406592862726,8.960225442967845
1160.641,0.19403114497217117,[12.68764853],26.41596294011457,-6.015881339085899
1161.103,0.18118672815895714,[13.04607578],25.134645719685885,-5.905900551020304
1161.562,0.1884608619028903,[12.96759238],24.66602508103292,4.964064670986063
1162.0230000000001,0.18571003792395763,[12.9163291],25.26300979099514,-3.8167362193851915
1162.478,0.18493909532073038,[12.85377588],25.810870057975873,-1.5547602410363737
1162.94,0.18428629248632522,[12.80946581],26.14131204427063,-0.5916157236297293
1163.404,0.18439455178183978,[12.80535642],24.821963184000946,-3.7262831672185968
1163.8670000000002,0.180839938657918,[12.78975608],23.385714097578564,-0.9749148194927726
1164.3249999999998,0.18342999278223415,[12.72774327],27.088138027033136,4.968623939540922
1164.7800000000002,0.18538039792064676,[12.78127577],24.411732841086742,-1.698169214494033
1165.2440000000001,0.18176058392237138,[12.75042785],23.853395029676598,-5.684645193794441
1165.701,0.1801154297325699,[12.96032579],23.4045190492,4.463038201912045
1166.1639999999998,0.18596396947850607,[12.68587934],25.633057757815017,0.9978040556447298
1166.618,0.18123779328678252,[12.58808341],23.924568461558426,-8.121437628750645
1167.0769999999998,0.17857210937088874,[12.80893038],23.462267114390126,0.42231942520823407
1167.5410000000002,0.1816902325325141,[12.90317755],23.633933161007462,4.3782551317580465
1167.998,0.18263702077153082,[12.80320471],24.902937362418974,6.36783138578037
1168.4609999999998,0.18760052884615996,[12.77472362],26.582761839608295,3.3380139058501457
1168.9160000000002,0.18581841398331553,[12.74861645],26.775845727256304,-10.788353054965338
1169.371,0.17778312756614445,[12.6619004],24.337033896706696,-4.681043774241584
1169.8249999999998,0.18153741586489242,[12.84745019],24.464290506779726,2.9127353674795744
1170.283,0.1803965004646972,[12.44172066],23.72342169986499,-1.1777254692717787
1170.745,0.18046446116412534,[12.67337614],24.766733417891086,-8.406449875715483
1171.203,0.1727306987598176,[12.62823904],23.545452136654596,-2.100421980211098
1171.658,0.17845835330857882,[12.65485118],24.13996160088097,1.9129853053646007
1172.1149999999998,0.1744325464440139,[12.69963002],23.928474104083485,-8.456214198703405
1172.5769999999998,0.17069064168215414,[12.57428364],21.67216643739274,-1.9091746352579986
1173.0410000000002,0.17268946507174066,[12.80236683],22.827171915734905,4.273279436173199
1173.4969999999998,0.17462260647422104,[12.54968994],24.669597907474326,3.3721873224571155
1173.955,0.17576816804638334,[12.65199466],23.77609066223542,0.45143631585342625
1174.4099999999999,0.17504702628982863,[12.65088918],24.3183069802689,0.5787431917251562
1174.871,0.1763244320430383,[12.48400177],23.72079433720764,0.36263724703755607
1175.3319999999999,0.17538137783159943,[12.61555692],23.63995805138845,-1.7847990383561552
1175.79,0.17468264158951557,[12.39651451],24.074479420809965,0.3836131167063439
1176.2440000000001,0.1757160257875149,[12.56449619],24.358051774625253,-2.8260972726357747
1176.699,0.17210350338236263,[12.3934667],23.527743673203194,3.9824220812733344
1177.1550000000002,0.17936788256935346,[12.34504832],24.64031506873819,3.2565947210458637
1177.6129999999998,0.17502922353587036,[12.53114337],23.546318673962148,-4.361002648810591
1178.0720000000001,0.1753790784061058,[12.45856187],24.34408838486399,3.539678052188272
1178.5259999999998,0.17823332620561533,[12.45144325],24.145562135527914,-1.591386901016234
1178.9879999999998,0.17379420498951542,[12.40568559],22.315621233119835,0.608732324758221
1179.4429999999998,0.17864957631466524,[12.36650076],26.24992369982739,-1.0061184614227614
1179.8980000000001,0.17287863718960977,[12.25001907],23.150617723876714,-10.204815645740577
1180.3539999999998,0.16935795184288494,[12.35542524],23.01587753672638,-1.8822221405448147
1180.8110000000001,0.17117185833731832,[12.40276864],23.181669825888772,4.782669967830472
1181.27,0.17374213869044183,[12.40892963],24.616918172535012,2.0528255259894546
1181.726,0.1730714056290996,[12.52469754],24.986010728638924,-3.77597176204128
1182.1840000000002,0.17028166001635592,[12.42287554],23.776181001792814,1.2577309843048723
1182.638,0.17415992198728084,[12.27055422],24.94563868671635,7.881894151911206
1183.094,0.17745153574253125,[12.33708175],25.94888224123243,-4.839320238426287
1183.558,0.16951313070583487,[12.21856492],24.377435388452557,-4.375574913170643
1184.0120000000002,0.17318284103285675,[12.33686099],24.956495697757106,-4.985765832981853
1184.473,0.16476678086118723,[12.47940689],22.61408624688739,-2.8332420177042406
1184.9270000000001,0.1703761439389796,[12.22759833],24.81437214377482,-1.9677563887537108
1185.382,0.1629494123916183,[12.36929268],21.47026138152555,2.9797446054763976
1185.846,0.17346540562025814,[12.4214607],25.290036977081172,-1.6153920564064561
1186.301,0.1618976537722876,[12.03796081],22.266261222644207,-11.061474340269106
1186.7599999999998,0.16347062036486243,[12.20436177],22.73705641887965,9.04404104969983
1187.2150000000001,0.17011916630606427,[12.09985197],23.40462500620613,11.962238074500531
1187.6689999999999,0.17434958885213492,[12.01559167],25.475118329201027,-1.2322629908495253
1188.1239999999998,0.1689779152600166,[12.39712575],23.637694685798813,-3.845651473784545
1188.5859999999998,0.17093542684936755,[12.0198508],24.964626065314093,2.4956487152567597
1189.045,0.17128682213974003,[12.17183667],23.60189469825636,2.5053707278998862
1189.502,0.17322340238322453,[11.97078618],25.34927673864834,-3.8767390547084224
1189.958,0.1677635702923066,[11.99548908],23.35635187640303,0.3277493339586268
1190.422,0.1737234752809352,[11.93679412],26.486951022380012,1.892369871898364
1190.88,0.1696389126058117,[12.2116844],25.568411311109053,-5.961908422048828
1191.339,0.16826232441421748,[11.97889745],24.87410245989751,-6.267727138844909
1191.7979999999998,0.16388513909235417,[11.99592609],25.30613425212517,7.341953427604686
1192.2559999999999,0.1749611758694622,[11.8868677],26.590320738837022,0.3380983265043602
1192.7199999999998,0.16390884678238077,[12.00609965],24.63049790934974,-9.914349904930175
1193.1819999999998,0.16572498643158215,[11.89896988],22.67926290174085,1.1978927437374665
1193.6399999999999,0.16503267861589463,[11.81654789],22.567445462541418,-3.2538005957793157
1194.1039999999998,0.16270393880214437,[11.95190236],24.562278105928794,4.066338121854529
1194.567,0.1687840232871204,[11.89182401],25.93926871316616,5.5322693409322055
1195.022,0.1679031061652804,[11.89337815],24.899358633320766,4.983105040372027
1195.482,0.17341313644041986,[11.90923125],25.350120928059283,0.38610756914975175
1195.94,0.1683038209883172,[11.83247687],25.117535636210132,-15.368588779193864
1196.397,0.15935929426540593,[11.91997211],22.176022875112487,-2.7756554739992167
1196.859,0.1659218785902972,[11.6816247],24.207534328035845,8.154882132541397
1197.313,0.16692512575842453,[12.03261114],24.433344785920905,1.375948875794425
1197.768,0.1671709465884308,[11.78557296],23.867115340109983,1.4551496069006298
1198.2289999999998,0.16826909379333224,[11.90861306],22.97492343118815,-0.21759454709621706
1198.6909999999998,0.1669649017970026,[11.85163508],24.495458725273537,-3.291558839498915
1199.1480000000001,0.16524881218533824,[11.9514724],25.264007448199035,-2.7634378360051057
1199.6059999999998,0.1644383417103671,[11.84840761],23.268736152608454,1.5056067822470376
1200.0700000000002,0.16667654139298974,[11.89413557],23.909910457570767,-2.393937811489333
1200.529,0.16230052466892794,[11.81185891],24.88366891800221,-11.81522719693584
1200.9850000000001,0.15587925230422106,[11.77509435],21.973082686003664,8.186539010027305
1201.44,0.16971397398769042,[11.89428412],25.436924394575616,5.561025712369966
1201.902,0.16062820788767992,[11.87422505],23.893376772861767,-2.8150526329031034
1202.357,0.16689844245342372,[11.94127393],23.96595504676912,0.01617574227436025
1202.821,0.16039286092850194,[11.69595299],24.645611249076484,-1.2215309422270448
1203.283,0.1657162186625708,[11.56101839],23.750610866477285,0.19976225402951187
1203.7399999999998,0.16068905631290117,[11.56721961],22.858641068659633,-8.959738800120409
1204.2019999999998,0.15750273650086666,[11.77540096],22.462858940490957,7.266573564478435
1204.6639999999998,0.1674033702864791,[11.51511167],24.941940342574203,7.413026667490219
1205.12,0.16447500575344973,[11.81818392],24.722525535039416,-6.0359099898116835
1205.576,0.16189862037576924,[11.67060469],24.58447799892357,-5.931873811697325
1206.0320000000002,0.1590651368371802,[11.56441903],24.370552331856334,12.685618886549621
1206.487,0.17341746183030565,[11.65213647],26.977733249095216,-4.325530741976641
1206.9499999999998,0.1545153486573146,[11.73773889],24.4928127860504,-17.20644283819983
1207.413,0.1574842957621553,[11.51121138],22.69418953284512,7.310258294778466
1207.868,0.1612119243514991,[11.46901591],25.386305290752446,-2.6167974292888587
1208.3290000000002,0.15495674141583257,[11.533811],22.07357704778287,0.8739138994081352
1208.7849999999999,0.16186966021628163,[11.43199529],24.32356436293075,10.03963631918625
1209.2440000000001,0.16411218594986948,[11.65524336],25.205191811563864,-0.40913757090310643
1209.701,0.1615160233173655,[11.41452964],23.79539371503593,-1.1491490677369987
1210.1639999999998,0.16310970657659515,[11.4556358],25.2138880953313,4.04002358146685
1210.623,0.16523616217787573,[11.27577326],26.66684073610296,-2.9219183921655176
1211.0839999999998,0.16039125694241113,[11.59733918],22.694625175478425,-9.556291681166812
1211.547,0.15640996999232754,[11.46928249],22.769589935791004,-4.191498738334992
1212.007,0.15649614492081992,[11.51228507],23.517182859099485,2.234749198479047
1212.471,0.15849132876524527,[11.70091648],23.66158961587605,5.222606179365652
1212.926,0.16127927352618723,[11.34416986],26.468451378512118,-1.0926202071986635
1213.3829999999998,0.15746591577868496,[11.57438089],25.463959039697173,-5.63217882063019
1213.841,0.15613126013770098,[11.48905091],23.655626002477778,0.3071453970313609
1214.2959999999998,0.15772707538156489,[11.39813233],23.52324856635073,5.244895723277631
1214.7510000000002,0.1609041152458868,[11.414924],23.75041550422225,-3.295757616417705
1215.2069999999999,0.15470406107780865,[11.30465692],23.716281674346657,-6.262397763095034
1215.6619999999998,0.1551844185430029,[11.39455977],24.167141731599376,4.973612995242766
1216.1190000000001,0.15925570210160592,[11.60239858],25.771840987984884,2.9168569985258963
1216.574,0.15786850711954176,[11.16416679],24.261458299064866,-2.795199704802603
1217.0300000000002,0.15670978288880152,[11.47365547],24.49184154510496,-4.190995558358862
1217.4850000000001,0.1540538064148994,[11.53901754],23.298744077170237,6.0278885629861945
1217.942,0.16225478236566734,[11.3360274],26.055590507767146,-2.0016700000636547
1218.3980000000001,0.15226613188288118,[11.27273446],23.18380482013659,-8.1334383596392
1218.8539999999998,0.15483708658166545,[11.27724995],24.02108965905342,2.193122503402284
1219.3090000000002,0.15427094880088474,[11.24971684],23.760471637851865,3.0190272993132483
1219.7669999999998,0.15761912255161825,[11.44890885],25.414107001513866,4.76513040343432
1220.2240000000002,0.1586361281478821,[11.21555333],25.830492312416215,-8.545441614462135
1220.6860000000001,0.14965756412574296,[11.19869836],22.092849043617832,-3.087967069814901
1221.1439999999998,0.15566499531069813,[11.0217818],25.39322705752165,1.2064129545564795
1221.6039999999998,0.15071730620228818,[10.91079449],23.118142113000328,-1.7201374708262773
1222.0679999999998,0.15414818824049928,[11.53576092],25.07867365666944,-0.8565133588272489
1222.522,0.15009426189397973,[11.44708992],23.153476442759143,-6.842533405889862
1222.9769999999999,0.1479325036106235,[11.27889104],22.29739492872954,2.0230013872632178
1223.435,0.15198204086506706,[11.09844176],23.43520668370771,2.524898373047535
1223.8960000000002,0.1502148597683531,[11.24626569],22.694337563041465,1.0283305702167844
1224.3519999999999,0.15287666669531327,[11.08107512],23.88695178655401,-1.2609040228984403
1224.806,0.14909576764225854,[11.07655102],23.39857536784747,-2.883612107269673
1225.2620000000002,0.15027440508312137,[11.05243114],22.89739679718282,7.787290843264821
1225.726,0.156344046355679,[11.43631774],25.156627957990768,3.718547317455384
1226.1799999999998,0.15387326524626735,[11.24076149],23.45623306247978,1.354552111559909
1226.6349999999998,0.1575889427985196,[11.18266015],25.60128322355587,3.0332456876397407
1227.092,0.15661900787301353,[10.97061854],25.55828727343478,-7.1392122112331755
1227.5459999999998,0.15111512257252369,[11.37490416],23.233156555796292,-9.036435854516494
1228.002,0.1484082250787295,[11.23223678],23.56908020058766,0.3115464149759384
1228.4609999999998,0.1514377972033639,[10.9392136],24.172259278572387,1.6335047415491633
1228.924,0.1498744083512834,[11.17041261],23.6667529517673,-3.724454704756769
1229.379,0.1480242645863514,[10.93250446],22.856598530293738,-2.426936423040954
1229.8359999999998,0.14766761399945771,[10.97834423],22.283625416503554,-0.10029592727628378
1230.2939999999999,0.14793385554334765,[11.02088937],23.464034428429994,1.0572479572494298
1230.752,0.1486360531282984,[10.95273171],23.37444981810949,2.4282399232948
1231.2150000000001,0.1501792639437833,[10.86248153],24.360899520900055,-5.032273846563074
1231.6750000000002,0.14404129381404654,[10.99594712],21.767683936936134,4.253543045402069
1232.132,0.1539745254664625,[10.88076345],25.913950886855584,-6.515525476549433
1232.587,0.13821189235215037,[10.82940523],20.830577904442592,-9.412932871019214
1233.0459999999998,0.14557383377341057,[10.86713752],22.44703598911716,11.801404477904953
1233.509,0.14905873809327136,[10.76392041],23.94140383744066,6.448158144625459
1233.964,0.1515103519805617,[10.97898805],24.4538238172554,-4.9017909545573115
1234.42,0.14457260401169467,[11.05420245],23.221523263902135,-8.184985786468562
1234.882,0.14408144246467577,[10.86949667],21.68059478996133,3.0024272674971098
1235.3449999999998,0.14735798912901127,[10.76804929],24.15593943159209,1.76189530594148
1235.806,0.14573064732786437,[11.01653343],23.383313161103747,-2.3848985787456867
1236.2669999999998,0.14515911263940665,[10.97366369],21.477314066954424,-2.5062115336288713
1236.726,0.1434299874881918,[10.78190585],22.56239288511246,-4.657639215202986
1237.1889999999999,0.14085761438603853,[10.69952221],21.519859467447745,-0.9413103744426998
1237.643,0.14248455089659717,[10.81197881],22.137123641468396,0.5152913861895536
1238.1,0.14130857439888053,[11.31113667],23.179090968400228,-5.6357263226531895
1238.5549999999998,0.1373569915796874,[10.75345106],21.600899278857323,4.459241161394872
1239.0099999999998,0.14536648385574924,[10.98169054],23.00185612659166,1.9943019369781378
1239.473,0.1389358215646506,[10.91657409],21.544154366329415,-4.75656188521667
1239.929,0.14086831419032492,[10.99579577],21.762118985839987,7.292497464304631
1240.3890000000001,0.14564029302034245,[10.77685434],22.94560648261018,0.1597850232124831
1240.8490000000002,0.1410153164116804,[10.67168293],21.585415910706192,-3.9617094564131374
1241.3049999999998,0.14196283837420093,[10.75848541],22.68495059822984,2.3225763494418574
1241.768,0.14315321585122018,[10.73417655],23.002046132275396,0.5754412900795536
1242.2269999999999,0.1425092908293655,[10.76909201],22.802775720341796,-3.210925401773701
1242.687,0.14019875539062,[10.74673008],21.434685847907343,-5.36336343770985
1243.149,0.1375629049380325,[10.66037767],21.90363902342999,0.3524645200633503
1243.6129999999998,0.14054942105853038,[10.75831921],22.39578328941394,-2.0987435212854177
1244.076,0.1356344217003224,[10.70655076],21.080816944472637,0.9903162199890181
1244.5320000000002,0.14129826781299523,[10.51709802],22.97593326478772,10.59795029226604
1244.9859999999999,0.14528583153658733,[10.8284248],25.102529437199305,-2.9451092370225416
1245.442,0.13857120191737088,[10.65028101],21.374936994052455,-7.910881453804919
1245.9009999999998,0.13808839459781952,[10.90268877],21.11890378297619,4.150871425007862
1246.3580000000002,0.14235263452556496,[10.68498959],23.363137506133814,-4.206158294004725
1246.8159999999998,0.13421265593905368,[10.79716278],19.796103986771698,-6.450942313064534
1247.2710000000002,0.1363952150570453,[11.03936242],20.695808778485496,-4.239859319034061
1247.728,0.13030967802647014,[10.57264533],18.84102851386017,0.10281577517726181
1248.1860000000001,0.13651615903350214,[10.98001697],20.924674851283413,10.644094917871632
1248.6460000000002,0.14006930307628923,[10.5331972],22.170545162165244,4.703254948256131
1249.1019999999999,0.14084840325869905,[10.55566236],22.3943219620718,-5.041632616225977
1249.56,0.13543419091030826,[10.98163077],21.36418858461158,-7.214209822696049
1250.018,0.13424018706110824,[10.53765024],20.863295701851012,0.485111854703818
1250.4769999999999,0.135885229446713,[10.46297315],20.4160625974881,4.329691487587328
1250.9360000000001,0.13821484384671462,[10.81452261],22.54099282550507,-6.999272566591358
1251.3899999999999,0.12961498278286332,[10.63564372],20.65126447580769,-3.289534926346205
1251.848,0.13534056276020628,[10.57339796],22.348517155051123,5.0265099375108315
1252.304,0.1342390466095877,[10.47994254],20.39254948814144,3.7981565823813623
1252.763,0.13885328124617938,[10.43698843],22.556682928356953,10.771751204443374
1253.223,0.144139725437679,[10.40771876],23.42366942436941,-2.42669367432502
1253.6799999999998,0.13671124460121314,[10.68750645],21.875153094610386,-14.142159329734532
1254.147,0.13111508696245552,[10.392015],19.598271090392164,-4.884540925793574
1254.6109999999999,0.13212128180836677,[10.27919228],20.944988574101135,9.211789470018827
1255.074,0.13964034444843013,[10.46439492],22.467367168325165,3.2535191942181796
1255.5349999999999,0.1351793667783594,[10.31179187],21.95981348364715,-6.028801698137104
1255.989,0.13407330748425136,[10.53243516],20.694931792463958,7.334812476412017
1256.4450000000002,0.14189321648629943,[10.42851842],24.77132400419907,2.7028152925771263
1256.9,0.13656443275164892,[10.25465187],22.401783789661135,-12.852984139838764
1257.362,0.1300909279116266,[10.22972844],19.904568924565623,0.0022540528689940498
1257.8179999999998,0.13639942395387336,[10.54265581],21.63262010272173,4.811958759783408
1258.272,0.13450582108815493,[10.33908218],21.134632028370874,-4.7356111261522
1258.732,0.13206425445175882,[10.8831142],20.56734592580595,0.2773348267041953
1259.188,0.13471537334628816,[10.29693566],20.690131450146062,0.059233309243650334
1259.6419999999998,0.13214112477968046,[10.22458709],21.6616758238614,-0.2509486960607932
1260.0970000000002,0.13449811132280845,[10.71569679],21.49226899973301,0.8327562344574713
1260.551,0.1329067855099486,[10.68837786],21.374005831926688,-3.2523443045605616
1261.0079999999998,0.13153674734417284,[10.35437099],20.946899173299677,3.0929805105918695
1261.4650000000001,0.13573376969663578,[10.4800948],21.640400726195118,7.5831291167831605
1261.922,0.13846772735691573,[10.42116191],23.9748597815615,1.5791584372318868
1262.3760000000002,0.13719871577766876,[10.20233996],23.06312720233536,-10.156530763652583
1262.8339999999998,0.12914582106101039,[10.20526167],20.806181234105928,1.8274879217035633
1263.29,0.13879156834985118,[10.21061306],24.22572146948108,5.65433819571029
1263.737,0.13452791050297,[10.17554345],22.59968932983347,-7.6560766186790365
1264.217,0.1318232033975168,[10.64842298],21.761416571832143,-5.931224457367573
1264.6709999999998,0.12900314313981678,[10.27532236],19.978217632160547,2.9005908172996255
1265.1309999999999,0.13458441208349287,[10.26474234],21.94782349019353,3.7604896979130387
1265.5900000000001,0.132475760377982,[10.41641172],21.45081880523358,-7.9481003457613495
1266.045,0.12734656415269408,[10.15002407],19.47462327714897,-2.194592764101
1266.5059999999999,0.13057517208603384,[10.14167289],20.429901037493888,-2.6914384288998505
1266.9630000000002,0.1249530466024387,[10.61137593],19.509042074089713,3.329379013076644
1267.4209999999998,0.13365285133376031,[10.73441374],21.174529813091496,3.969236730626824
1267.88,0.12856275193639569,[10.24152506],20.076558467108097,-5.829949829187969
1268.339,0.12830095739056027,[10.5235587],20.23765481654177,4.161798034295256
1268.763,0.13191899803790985,[10.37853915],21.504873891369197,5.980708945852189
1269.2689999999998,0.13340394485777754,[10.04226349],21.286108272597776,-4.197003120440024
1269.7240000000002,0.12857645036991006,[10.45984521],20.537055658817767,-3.7634537769688503
1270.1779999999999,0.12996928757315296,[10.00700644],21.43976325696534,2.0187044880454197
1270.6329999999998,0.1304093520007532,[10.07442675],21.329393032133307,-1.3553773980400363
1271.092,0.1287118105434719,[10.58130014],21.075805949852736,-2.6170034175183874
1271.5549999999998,0.12800516329557965,[9.93567056],21.80947095114833,-4.407065445109853
1272.0189999999998,0.12462069299478432,[10.04745497],20.521907676250436,4.420585486991868
1272.4769999999999,0.13194127558374774,[10.59324232],20.999048894147833,2.5476942980806605
1272.935,0.12695438097182662,[10.41306549],20.927634995452213,-3.6693084076949436
1273.3960000000002,0.12861263766392683,[10.41576212],21.17388283884417,-4.16390198299621
1273.8519999999999,0.12321327185637937,[10.22518813],18.695546680928075,-2.4926214219970766
1274.312,0.12640450918919655,[9.85378881],20.355214223760182,4.967911865681518
1274.775,0.1277867986099409,[10.38586388],20.978620472090984,-1.3269351689629005
1275.23,0.12525478566350545,[10.00928264],19.72948272061515,-7.916755680378279
1275.6889999999999,0.12053198607768612,[9.84975782],18.903056977233362,4.432546904361706
1276.1460000000002,0.12925623944060205,[10.12157323],21.298856981028134,10.293166870560839
1276.603,0.12993994059738895,[10.48130525],21.941702508482827,-6.433942913782243
1277.0569999999998,0.12344234131562604,[10.13628252],19.147053502981873,-2.9094339479677487
1277.513,0.1273380660019122,[10.06351504],21.142274294255675,0.7806219071936904
1277.971,0.12412471110958626,[10.10642518],20.303811202734412,-4.474214976843305
1278.4250000000002,0.12323733599114478,[10.62956621],19.23628622369418,2.1679089448231883
1278.884,0.12614546378190336,[9.95330404],19.913202719300784,-0.5276085857743029
1279.346,0.12271009351331649,[9.95984864],19.433793295045128,-2.313128071848858
1279.8029999999999,0.12396874890522375,[9.73683375],19.96146608051253,4.721044694252247
1280.2599999999998,0.1270251283638619,[10.28928729],19.449656470055213,-2.2650629602952446
1280.7199999999998,0.12183779195567199,[10.01898888],18.40587225473433,-1.56882549605597
1281.1770000000001,0.1255284573662773,[9.77178615],22.044137204555696,-0.3385354397508755
1281.641,0.12140729716011284,[10.43430269],19.41449096426166,-9.84313948520324
1282.0970000000002,0.11648801770196457,[9.89487376],18.41212803174856,3.176541117444059
1282.5610000000001,0.12455510586346732,[9.94804892],21.70078580885948,9.680177087074693
1283.016,0.12552145945141788,[9.85106501],21.927243333901178,3.712348498227047
1283.478,0.12798173942739827,[9.97037373],21.843027345874294,-1.801735968361945
1283.935,0.12393654860840217,[9.83849767],20.542110400697425,-5.456357501877923
1284.393,0.12299597026973477,[9.72468056],20.452163815991476,-8.754551784108667
1284.8559999999998,0.11580623177339544,[10.1855014],18.261904649661655,2.9899030978826624
1285.31,0.12540761822005755,[9.57363626],20.754235726103225,11.948289240169094
1285.772,0.12660236555659068,[10.44745794],20.82754995492791,2.5817521865441617
1286.2269999999999,0.1277751444552037,[10.14004563],21.78420080026752,-0.2174117307821577
1286.683,0.12639870743156123,[10.07693169],20.997502870675913,-2.928561743980096
1287.138,0.12510704502267386,[9.62945263],19.790670296121476,-5.929714194432417
1287.5949999999998,0.1209784173306773,[10.07136079],18.75254278104421,-7.110959520857996
1288.0500000000002,0.11861417382626654,[9.87596155],19.087531495704898,8.627479477375383
1288.504,0.12879317931907955,[10.11172888],21.995374913100722,8.84049292405012
1288.9630000000002,0.12654899381601128,[9.84915648],20.95720471548356,-7.66800659081876
1289.424,0.12172747418593657,[9.57868362],19.5999685964207,-2.930451097569037
1289.8870000000002,0.12387143583093815,[9.97802183],21.128421905776847,-4.8964048674918494
1290.3429999999998,0.11736004773862685,[9.8207728],18.7343883235453,-5.832368686732147
1290.797,0.11853026645777556,[9.60203065],19.005628724830576,6.252387063597764
1291.2530000000002,0.12306445159487703,[10.01275607],19.73610658213869,6.8829834347851895
1291.714,0.1248111904318743,[9.97079565],20.12017045688167,1.8170026667524986
1292.17,0.12475025628455974,[9.66624737],21.394721916240776,-9.737025142568829
1292.6260000000002,0.11593102350184897,[9.72080456],17.150924048409774,-4.171769913024731
1293.0819999999999,0.1209456021238682,[9.75029433],20.166748880359776,7.038551907449481
1293.542,0.12234653151197489,[10.32891941],18.98978035306766,9.342631591285539
1294.004,0.12958475174039666,[9.60004216],22.653527579123057,-2.5400839322046176
1294.458,0.12030860805330518,[10.1507884],19.265804521330633,-6.321995328418678
1294.917,0.12395464738232564,[10.26457563],19.94049468302878,5.508747684165649
1295.379,0.12536750877262037,[9.27737835],21.910513097864673,-3.8919886294005446
1295.8339999999998,0.12048225849648453,[9.62997565],19.64883838463698,-6.152535510306478
1296.295,0.11978716029671027,[9.78823653],20.070116453397105,2.3064326029819116
1296.755,0.12259886272204756,[9.61661025],21.710364839336993,-1.0183281131675992
1297.21,0.11892630978067806,[9.50175927],20.24018877217115,1.4130552713839117
1297.6689999999999,0.12396660556607261,[9.89975445],21.598769508229857,2.3141442101505816
1298.1309999999999,0.1210054653050017,[9.61766034],20.79018409444643,-7.510907366096581
1298.587,0.11708472492616309,[9.70185615],18.92491485468048,0.8520836304269364
1299.0410000000002,0.1217431435111842,[9.69792207],20.59185478572224,-1.4534095654676475
1299.504,0.115539001986316,[9.54484201],19.29935219717088,-1.6889960003454996
1299.96,0.12002824327917294,[9.41485127],19.771024741998055,5.668821386558539
1300.4229999999998,0.1206897360189372,[9.92302802],20.215787521458132,-4.950791821225459
1300.886,0.11544381005271273,[9.54453765],19.40111233308866,3.5906551253212795
1301.3449999999998,0.12388146808090192,[9.60969222],21.589326410250806,6.250040890785319
1301.801,0.12123515551058192,[9.66820469],20.49953245972313,-4.809615741877826
1302.263,0.11947824369553925,[10.33717795],20.513434296990027,1.4231006388703005
1302.7179999999998,0.12246752990188062,[9.82890375],21.638396357718833,-2.8472123851837896
1303.179,0.11675644719752279,[9.85075017],20.00733050850469,-8.34735304100967
1303.6370000000002,0.11477214467475833,[9.33247593],18.821665901968743,3.0918641200153587
1304.0929999999998,0.11955277823563493,[9.25447232],20.825943344287527,4.7210683405824465
1304.5479999999998,0.11908455084973021,[9.42632984],19.916916626310936,-3.962440031416353
1305.011,0.11586791177940611,[10.06503662],19.149019097187544,-7.706104919805362
1305.476,0.11193024404805443,[9.35211692],17.907236645008297,1.5758450875295316
1305.9319999999998,0.11714022363666643,[9.76982008],19.31882713998262,6.125958829056449
1306.3939999999998,0.11748986265660749,[9.90147855],19.79530481213389,-2.957277148606469
1306.8490000000002,0.11448000357660618,[9.64242368],18.690917402381714,0.2235991215647215
1307.3029999999999,0.11767945194010834,[9.82515615],19.24655038914901,4.073810285933649
1307.759,0.11817525100793497,[9.89752784],20.418382262785794,-0.16919683272756392
1308.221,0.11750895234634845,[9.69565467],18.698755919724018,-2.508869473426545
1308.6799999999998,0.11587096143119913,[9.58364603],18.613726333703926,2.0658796607895824
1309.136,0.1193655357922033,[9.55186609],20.11482963396828,5.038082049394599
1309.591,0.1204658993370471,[9.98894028],20.951122977233688,-1.535731268818008
1310.0529999999999,0.11790148681357196,[9.8711461],19.976265803253767,-5.768403230407198
1310.509,0.11517310092708202,[9.83098098],17.842334472794015,-3.0681156870450144
1310.962,0.11509513607045269,[9.83352317],18.971619737145037,-3.198770649841559
1311.4189999999999,0.11223789943134146,[9.77716132],17.763259655055368,3.0203066645698993
1311.875,0.11783415141384421,[9.4767051],19.83002855143949,-3.7860334598345533
1312.3319999999999,0.10874909863472176,[9.60588838],16.28849964730625,-5.000628661908618
1312.795,0.11341329478382398,[9.5007746],18.731113994753457,6.4086517923157835
1313.2579999999998,0.11468351019440906,[9.37435483],18.518199394358753,2.36117909141291
1313.7220000000002,0.1156013424424939,[10.02825408],19.68347283944557,-1.6755587925076365
1314.1840000000002,0.11314652583774132,[9.32868664],18.237219397242747,0.055139669229681276
1314.6460000000002,0.11565229149686213,[9.85381672],19.812567852843475,2.6537040732456383
1315.1039999999998,0.11560999790227189,[9.72171548],19.2808035105198,-7.4352119275209185
1315.5590000000002,0.10890785592186894,[9.24661303],17.725211029715773,-2.585340549537643
1316.013,0.11323566075059649,[9.89765826],19.146362841794186,2.356022664645088
1316.4720000000002,0.11098674355726529,[9.1324732],18.163687467862598,2.847344655524775
1316.929,0.11581290818103107,[9.90249123],19.224372405759556,2.847240265851356
1317.384,0.11361421234735508,[9.22123026],19.737958678684304,-1.9487922953276005
1317.8380000000002,0.11403569530947547,[9.68485817],20.217926613920497,-9.274851226276832
1318.292,0.10519264743390594,[9.42720037],16.92190381339407,2.517605738998202
1318.7469999999998,0.11636823874439794,[9.70693072],19.796700006824974,7.456954531921619
1319.2089999999998,0.11178936570137954,[9.22528379],18.834224918320015,-10.598564234649292
1319.6709999999998,0.10657516539158224,[9.46363159],16.58851774956713,1.8822627071014701
1320.1239999999998,0.11327691343553506,[9.54394672],20.717661098199937,4.84050330179088
1320.583,0.11086946967497702,[9.71925413],18.697869492201473,-3.914563621078199
1321.223,0.10955137490740144,[9.27666123],18.585281985946438,-3.4077862554051928
1321.692,0.10748973984491153,[9.50110708],18.532211058690777,-1.4244237019455375
1322.1529999999998,0.10817952415500906,[9.81924195],17.31062001988726,2.739734559116247
1322.6080000000002,0.10998451232918627,[9.16088158],18.350449960059375,0.30972921954670884
1323.067,0.10843322983205611,[9.16605327],18.744157163938013,-0.5212701365233802
1323.5210000000002,0.10948016407953728,[8.98655111],18.821293869109883,-1.3384767031095897
1323.9850000000001,0.10713081547996586,[9.65358203],17.854883956719476,-0.041240329456807
1324.4409999999998,0.10936256349219811,[9.36153577],18.92937782798968,-0.22533903327040528
1324.8960000000002,0.10693575944016581,[9.11221544],18.362818025790023,5.395651289456224
1325.351,0.1142726061655952,[9.67006089],19.291790960816375,3.2772183831041577
1325.806,0.10991802816879012,[9.17715349],18.93312282844066,-7.277104278569549
1326.263,0.10764508081252444,[8.88517818],17.405989554513532,1.4189331550688855
1326.721,0.11122915111328688,[9.1748717],18.962093091421092,-3.371336473633413
1327.1770000000001,0.10460836875674143,[9.08336252],17.497878357228373,-5.571166651041265
1327.6309999999999,0.10612367558126476,[9.21158087],17.244582963032013,2.4780190258203576
1328.094,0.10686508492606087,[8.91351195],19.405582352395452,1.8477763190308112
1328.556,0.10783237628820092,[9.41390915],18.82713932056876,9.767636384500053
1329.0149999999999,0.11581518393554113,[9.002366],20.970917147346295,-3.7106235739319953
1329.4720000000002,0.10451767064135431,[9.0948432],17.53692820702148,-9.474988702113455
1329.9270000000001,0.1071131434960009,[8.8361828],17.459893636685532,0.2762181170729988
1330.3890000000001,0.10469438443859341,[9.31027339],17.81363392550259,-8.932375250507594
1330.848,0.09890853566767932,[9.34089041],15.785743213538392,1.663730576815875
1331.304,0.10613136330844991,[9.19225181],17.210445663656902,12.339708737660327
1331.7620000000002,0.11017299945143053,[8.83507938],19.63303358824283,-0.9550589585842623
1332.2199999999998,0.1052565293023959,[9.05417075],18.974408711823738,-4.314710080936105
1332.676,0.1062037307432172,[9.27639035],18.125434372903065,4.283345478966444
1333.1329999999998,0.10917164086141162,[9.55941322],19.764784110564502,-3.999208658797521
1333.5880000000002,0.10259833476527724,[9.49909959],17.727733901970243,-5.810900403727989
1334.0439999999999,0.10389520142602277,[9.45653697],17.521650173252258,5.51013168355384
1334.505,0.10767793294676481,[8.83362943],18.13246215074645,-4.812395236939978
1334.958,0.0997031511097404,[8.79345395],16.591003853987303,-2.321851106857689
1335.413,0.10563095718199664,[9.14755967],18.46092629763204,10.589658046519915
1335.8690000000001,0.10934544725647274,[8.81221968],20.11266799155722,2.6758547644232107
1336.326,0.1080630606727937,[8.80801704],19.56994665645569,-1.418662299290205
1336.7849999999999,0.10805151447520864,[8.93521723],17.697686109131098,1.0399189370310646
1337.2469999999998,0.10902723734191397,[9.58001773],18.866057543411817,-11.531086428535648
1337.7019999999998,0.0976670638006771,[8.85041251],15.273078023063851,-4.993872291429974
1338.159,0.10455289557206329,[8.93842718],17.007410401384345,9.974178496313726
1338.623,0.10678143006920862,[8.96215723],18.748217798400347,6.893434127965115
1339.0810000000001,0.11088371733983943,[9.32140775],18.76423503568474,0.3907243749140116
1339.547,0.10700420260749816,[8.8465529],18.558662406067096,-8.81356627671763
1340.002,0.1027770413776237,[9.38769305],17.38572058648072,0.3282607770849211
1340.4569999999999,0.10730291991464538,[9.03647454],17.767082492245596,3.123041449796568
1340.9119999999998,0.10561900909693811,[9.516961],16.798397986280804,-0.3157896486551681
1341.373,0.10705454578858428,[8.75738666],17.85087372375269,3.0777840796881453
1341.8269999999998,0.1084356841816799,[9.46109275],17.392385026882998,-0.04146804944799021
1342.292,0.1069477750962465,[9.59491185],17.82945556308204,-0.795166943146311
1342.75,0.10766833355948519,[9.52991369],19.05257292508902,-3.7550863615839063
1343.21,0.1034792458479723,[9.31673099],16.082765073760097,-4.549316101149531
1343.665,0.10346038304836308,[9.18231734],16.730751507502056,-2.739907404482447
1344.1219999999998,0.10096963276963339,[9.51666137],15.300880202005471,1.6251722447070822
1344.5839999999998,0.1050250573144175,[9.14636729],17.241994034692098,3.4785786326544805
1345.038,0.10424006702676109,[9.4912672],18.23307288797925,3.754832779675213
1345.5,0.10855299937988436,[9.11852002],19.56743035295197,2.3135654195210464
1345.9560000000001,0.10644763436165433,[9.20273041],18.411984995006147,-0.4328183268594854
1346.4119999999998,0.1081582690657848,[9.71676826],18.577615187799253,-5.09009943844635
1346.875,0.10164510202651125,[8.86832482],17.57989088539243,-2.7515795303424544
1347.33,0.10545283144489256,[8.73629267],17.578250465160504,0.9954542168282843
1347.786,0.1025371982495085,[9.65305549],17.626869122941873,-10.10310912514123
1348.2420000000002,0.0962387959227611,[9.37036223],16.415654831407295,1.1376217962370816
1348.699,0.10360577954955152,[8.73228547],16.909631352571253,15.043754456513417
1349.1529999999998,0.10995009439019404,[9.30852774],20.52391184925454,0.12245350806447397
1349.609,0.10366168296649345,[9.30656167],17.136255766925256,-1.8897468522406506
1350.063,0.10818292662983103,[8.78822998],20.372137213351188,4.710266868825849
1350.518,0.10793280715063505,[8.85061234],19.271145923947348,-6.195960298434722
1350.975,0.10250957621169329,[9.39555812],18.006273402276506,-0.4607292203333696
1351.4319999999998,0.10751170064325047,[8.80433382],19.763106032206583,3.505151941319007
1351.8870000000002,0.10573597132115117,[9.25645511],20.416681799286344,-6.290137402823443
1352.3429999999998,0.1017766053509781,[8.74982271],18.19039506354565,-5.880474526289314
1352.801,0.10037245156844024,[9.21263455],17.505556813256188,7.6951639334968815
1353.2620000000002,0.1089132384779232,[8.56689848],19.407658390455367,-4.914401648721103
1353.719,0.09604774571759034,[9.26307736],16.49561093540519,-1.5577774447701058
1354.1770000000001,0.1075411188801306,[8.86681147],20.941389154192425,7.529201589880949
1354.6349999999998,0.1029444943739351,[9.37537169],18.315180962428716,-1.7915593734982167
1355.096,0.1059443062624614,[9.01076674],19.820308656500277,-0.05785253663551093
1355.5520000000001,0.10295673794309601,[8.69495194],18.701950447979907,0.819986756186053
1356.0059999999999,0.10666107218770288,[9.15478568],19.397839033577817,-4.838483025600887
1356.462,0.09850161263342108,[9.07008141],16.694396442935194,4.885367291848533
1356.9160000000002,0.11101584056258329,[8.664613],22.703219285556575,5.6021805428494025
1357.373,0.10347299054506373,[8.62679804],18.839849684823587,-2.6616294513503727
1357.8269999999998,0.10850830768484152,[8.80364593],20.96197694376798,-4.1649027944418435
1358.2820000000002,0.09965654848214966,[9.25301828],16.003261127518698,-5.072335265260463
1358.7359999999999,0.10386882237653897,[8.54419494],19.095985208455,4.616280138085474
1359.199,0.10380493221642942,[9.32738783],18.59940804857228,-2.8840719113061573
1359.6619999999998,0.10119817178667215,[8.45666433],18.011300653159854,1.4407143534520828
1360.12,0.10506150326751343,[9.13694834],19.32214240859758,4.777592676344061
1360.5769999999998,0.10557697635723406,[8.58087079],18.24920824646044,-0.06647017004828004
1361.0409999999997,0.104983434293446,[8.94632923],19.31540267486497,-1.5372092170373302
1361.5029999999997,0.10415455049285399,[8.62612429],19.06649058513716,1.0756070596518175
1361.962,0.1059569059321355,[8.95995318],19.432326259187676,-2.5957937477662645
1362.4159999999997,0.10184946048599547,[8.36685587],18.259604626827922,-4.297176695071486
1362.879,0.10210274345988773,[9.25119231],18.574178072664612,3.9697220376230384
1363.333,0.10542868623533802,[8.50732379],19.464776444645853,-3.676299563401056
1363.792,0.09863565446536038,[8.58698782],17.384310351309924,-6.6845191629823635
1364.2469999999998,0.09925439768559488,[8.68037198],18.079039488026865,9.579497853395221
1364.7039999999997,0.10740510725864941,[8.65757256],20.899569198691715,8.609734431136745
1365.158,0.10715303716588215,[8.43592162],21.678309012574296,2.455082394807448
1365.616,0.1096683309155903,[9.07194811],20.91461232225674,-1.0406284670177457
1366.0719999999997,0.1062279758391853,[8.62267755],20.008034712281717,-8.520157994213143
1366.531,0.10186651397919419,[8.56357182],19.0838440199293,0.46906966133243577
1366.9859999999999,0.10657728376664516,[8.74120243],19.50705808500385,-0.2965965728443515
1367.442,0.10157499122134409,[9.19053727],19.136777888529167,-8.265878162160108
1367.904,0.09902186983189212,[8.948367],17.064793246208414,-1.2944713924173123
1368.3669999999997,0.1003860778737842,[9.05152437],17.949458112743162,5.4408686148582905
1368.824,0.10399772992822845,[8.53754128],18.478593096616805,6.538078211171222
1369.281,0.10636188135879734,[8.37776595],20.419689614037555,0.7230569549916549
1369.7359999999999,0.1046749194839699,[9.17956422],18.321813091906606,-5.381531524582775
1370.194,0.10143846642823681,[9.07604199],18.4268671242724,-2.545205101902606
1370.6599999999999,0.10239612234585233,[9.12270446],19.514835017066112,4.063659331502503
1371.116,0.1051454192884371,[8.58439932],22.017966770214233,0.16770506509267147
1371.5699999999997,0.10257212835840723,[9.01250119],19.704472257006053,-4.695141076626566
1372.033,0.1008576607115079,[9.06410691],19.374419191054784,4.042848810877228
1372.496,0.1063158063572811,[8.51666331],20.701438443681425,-4.70606568073019
1372.9519999999998,0.09676196673028911,[9.09907549],18.25399555247009,-8.859445922788755
1373.4069999999997,0.09822069372554315,[9.0791678],18.436243754295457,9.602378139107845
1373.8719999999998,0.10572548811197538,[8.44250893],21.75145656509365,1.625071406994083
1374.326,0.10002967148657763,[8.72119462],18.629522378578038,-0.29712415188640207
1374.781,0.1054799266923721,[8.40355661],20.021903898744668,10.46559237156132
1375.2349999999997,0.10954591760806662,[8.46983528],19.892615967130357,-9.615027660118445
1375.6889999999999,0.09674948157696861,[8.17225877],16.7125405999438,-8.38433865182299
1376.15,0.10215360793660416,[8.49197599],19.23518971201616,6.2235550394685175
1376.609,0.10249710074625326,[8.37561826],18.492501198217546,-5.688666846364349
1377.0719999999997,0.09685693658266478,[8.36225367],15.581460900096161,-0.3906852097450425
1377.5279999999998,0.10197423358037822,[8.79561687],18.10944067110995,3.4436223497310845
1377.984,0.09999752016562044,[9.01179948],18.499863802625846,-0.17958645217172609
1378.4469999999997,0.10186781450397367,[8.72075182],18.87565898968523,3.028205483419338
1378.902,0.10279345392150735,[8.49883447],19.41480068030409,2.543215326861567
1379.362,0.1041999729162646,[8.3189637],19.706041759086187,-2.626767602006072
1379.8179999999998,0.10043261241992674,[9.06881889],19.190365909668323,-8.537725817833977
1380.274,0.0964135669704014,[8.52213626],18.008161071579018,-0.9739406056381295
1380.7309999999998,0.09955910135053275,[8.33844408],19.06403551902412,5.104457244110836
1381.1879999999996,0.10107904089151748,[8.3339505],19.521925537661385,1.5399910882241823
1381.6419999999998,0.10097271355671358,[8.31945661],19.433723547229672,0.11135865428817115
1382.1019999999999,0.1011849968207442,[8.49843347],19.11249124947314,-3.6285612950609227
1382.562,0.09763443716525727,[8.84499527],17.24074267730699,-7.814419341329412
1383.0189999999998,0.09401974727854276,[8.99822038],16.760238973755587,7.525619212078672
1383.4809999999998,0.10470567784981125,[8.24603369],20.18486981174601,1.7072500654518734
1383.94,0.09572024208668639,[8.46369295],16.84704332789347,-4.976181827027512
1384.4029999999998,0.10023494658290358,[8.36213077],18.758923136081137,8.832712614263299
1384.8599999999997,0.10385728552114648,[8.21232228],21.557074966337165,-6.2150563296953925
1385.3139999999999,0.09465760016914154,[8.225104],18.12524391451245,-0.7828887271355695
1385.77,0.10322295135747109,[8.26602213],20.060594087048187,5.881551180522276
1386.2259999999997,0.10002157484578847,[8.95286372],17.883003785290178,-5.246731275799873
1386.683,0.09843623725514855,[8.08183418],17.25903574415816,-2.066661224313135
1387.1459999999997,0.09813718517476011,[8.73426477],18.779207081295553,3.714222234290243
1387.605,0.101826019844521,[8.62716642],19.30894503636542,2.041689898166679
1388.06,0.1000510406616476,[8.35065808],19.482998656744254,-5.81486073423465
1388.518,0.09650553129311906,[8.24225399],18.271094195272642,-3.9104098864089636
1388.9759999999997,0.09646910520569463,[8.80301418],18.798770081160583,-1.5406476899844368
1389.429,0.0951165326398491,[8.40020376],17.35704975398413,-3.7377283365200578
1389.8869999999997,0.09305647402527747,[8.16104532],17.44570605515274,5.635295612504115
1390.346,0.10030438732187846,[8.69823703],18.990329108985957,3.7076701433893797
1390.804,0.09648054720344051,[8.81997006],17.300862339018654,0.17683180033728485
1391.2639999999997,0.10050089668672516,[8.80780645],19.81769058141015,3.3971443996416855
1391.728,0.09957658082781334,[8.21030583],20.05831169967003,-1.9191635518580745
1392.1879999999996,0.09872700890656905,[8.14082186],16.969908925194982,-2.5905889044003927
1392.6439999999998,0.09720952507117261,[8.58600091],18.213586117431316,3.8453521986907964
1393.1059999999998,0.10234368653919929,[8.20729538],20.214228031372336,7.3647878075207425
1393.5609999999997,0.10401511158447632,[8.36286651],20.712148427134903,-7.045923760781364
1394.0149999999999,0.09596035705235165,[8.03104943],18.407954787219282,-2.928461239196128
1394.478,0.10159899472665007,[8.96321479],20.647500326424662,8.75422123873265
1394.9359999999997,0.10405705253646891,[8.19949304],20.73433543088756,-2.8099529240809966
1395.393,0.09904422373037688,[8.72960676],18.0590387479355,-8.786621837351335
1395.848,0.09603494304655594,[8.80475366],18.90951700674268,-11.157785558713135
1396.3069999999998,0.08880949608647953,[8.75615407],17.074853536940306,4.800040645243836
1396.7619999999997,0.10025856220753704,[8.17423941],19.884565233962302,15.228074539339955
1397.2199999999998,0.10265292338131754,[8.10556898],21.886241308659592,4.722856659066591
1397.6799999999998,0.10459212018536349,[8.48087421],20.568924825249983,-9.614826827235037
1398.1349999999998,0.09399290989884518,[8.04764408],18.60178812719813,-6.192567444900959
1398.5929999999998,0.09904125879871598,[8.06644609],21.174357866866405,10.413279640859779
1399.0499999999997,0.10352227807226777,[8.03755519],19.975236746084132,-3.0604122111849152
1399.5119999999997,0.09609937910313066,[8.35271754],19.546954285824203,-4.886655046938721
1399.971,0.09895480521561789,[8.62134758],20.378499916745575,-0.2746380476866539
1400.4279999999999,0.09587373648471334,[8.64514974],17.815333189436842,5.0927027002729135
1400.891,0.10378303973857664,[8.69319409],21.321707845595565,2.680604657213412
1401.3539999999998,0.09835597639730587,[8.10128105],18.963720872373464,-10.660890386248234
1401.8159999999998,0.09391959716465645,[8.59025207],17.770877424793962,0.9161145005212867
1402.272,0.09907156514174761,[8.62921415],18.86498531737203,8.159681323419877
1402.7269999999999,0.10135933695576116,[7.94103268],20.643333533262727,4.907855876972233
1403.1879999999996,0.10356570904508472,[8.00928849],20.441834657797088,-8.692782412996273
1403.6439999999998,0.09352211291653187,[8.85655621],18.13498697388715,-0.9505706295367677
1404.103,0.10282280202710031,[7.89936467],20.92135000526272,8.633532097294477
1404.5569999999998,0.10152018838281382,[8.00454827],20.557986266741064,-4.25216808790961
1405.016,0.09892666665743588,[7.95942401],19.251095351604764,-1.323811190943075
1405.4719999999998,0.1002830266000326,[8.5117881],18.54429722437681,-5.7340240516308985
1405.9319999999998,0.09360432708393798,[8.49041053],17.58757994959237,-0.5136179770507815
1406.3849999999998,0.09961951113905658,[8.64466877],19.568856883627276,12.489162253991173
1406.846,0.10500667962292129,[8.55415655],21.873712690833983,-3.9414920677603438
1407.3029999999999,0.09612569763221701,[8.55971032],20.82701296596694,-12.160486190435693
1407.759,0.09388962617554594,[8.06062824],18.70451857422528,1.4143189082784642
1408.2199999999998,0.09748615429566093,[8.00676164],18.667129205065613,10.318355751822702
1408.676,0.10332652712142842,[7.93870601],22.83187570661322,2.058930349472507
1409.132,0.0993638987743804,[8.13958159],20.17577317787171,-3.477820807781029
1409.589,0.10016171246135816,[7.8350737],19.27393687318684,4.92617703686074
1410.0439999999999,0.10384387841313614,[7.88399537],22.081129676879858,-5.568097051535465
1410.502,0.09499580502344121,[8.45241721],19.9454269538979,-2.5729251891207228
1410.9589999999998,0.10145619640374376,[7.98569473],21.42909069669131,5.131041259507252
1411.4159999999997,0.0996855767346296,[8.34277085],20.259270563907886,2.3354158627381105
1411.879,0.10367978646240805,[7.87943206],20.500284208376414,-6.69211391381766
1412.3359999999998,0.09371146783162473,[8.52653535],17.45409832248787,-0.024622813047742165
1412.7929999999997,0.10365728121128243,[8.32675063],21.846007677258147,5.504422206509471
1413.25,0.09874250972836077,[8.05833539],18.60675305015378,-3.0899110569539006
1413.7109999999998,0.10088232730133173,[8.33354527],20.38050014760329,-7.408940826733726
1414.167,0.09206836376085126,[8.32399929],17.02132664966249,2.7688671906385687
1414.6219999999998,0.10336061830273102,[8.46926085],23.07045718915345,6.8671373846045105
1415.0769999999998,0.09831745878084036,[8.52897561],17.928376047821935,0.6505169397554023
1415.536,0.10404947849552268,[8.14864201],21.966569929463077,12.676400886722769
1415.993,0.10992829027236736,[7.70296695],23.211346040128003,-6.426453778666352
1416.4479999999999,0.09826554530390075,[8.59226306],19.873786495970556,-13.735263610142406
1416.902,0.09741916751249136,[7.9915872],18.06029489965018,-0.037700338150578605
1417.359,0.09824219591288996,[7.70671144],20.355275769612167,2.321766723575522
1417.815,0.09953790001217683,[8.47134293],18.63101871767566,9.503242822707398
1418.27,0.10688634116062584,[8.22796738],23.377682980735724,4.0430736355563655
1418.725,0.10321709702053253,[8.65956695],20.46544391307137,-4.74386398938896
1419.181,0.1025713291815874,[8.18717996],19.89898666098332,4.526805101711481
1419.6349999999998,0.10731276994376272,[7.98404197],23.892888248938597,-7.377078689316432
1420.096,0.09556988786128626,[8.54652365],19.175407337879147,-2.751995269374377
1420.5549999999998,0.1046902489021729,[8.30614791],21.648671364748946,3.8068479214022064
1421.0119999999997,0.09912107345162585,[8.41786878],20.80224460346719,-5.462719091853724
1421.4719999999998,0.09972140987108888,[8.39097841],19.150501376299527,2.1961340338854662
1421.9359999999997,0.10115746073103749,[8.53109465],21.2967186091854,3.406314376887043
1422.3979999999997,0.10287441415965723,[8.51603909],21.555928777139435,-0.6157890125996074
1422.855,0.10063463758963229,[7.70086087],19.885701917704754,1.9316175074123032
1423.3089999999997,0.10459325630697058,[7.7481894],21.883831963796926,0.032023992545787694
1423.7669999999998,0.10059403810297374,[7.71469611],20.083916198906625,-13.914071761703935
1424.2219999999998,0.0919206998815246,[8.54114313],17.082222702499177,-1.0151633820371375
1424.6799999999998,0.0997758336216884,[7.87427076],20.114540056247332,12.137092485481254
1425.1349999999998,0.10303184992251732,[7.81237721],22.58749563593119,4.386440722832771
1425.5919999999996,0.10376516465619923,[7.78218605],21.961477819984314,-4.314621223954748
1426.049,0.09908828612381637,[8.18084296],22.29661521737999,-11.301317521204584
1426.5059999999999,0.09343576044181678,[8.20018123],19.19620675695183,-6.062383613798864
1426.9679999999998,0.09358036438633438,[8.14246096],20.488098994136873,9.864812960276511
1427.4249999999997,0.10240652225145025,[7.63686313],21.185960428046123,11.23897992326449
1427.8829999999998,0.10384786479651995,[8.47670513],23.854699461501966,-3.7908257840437583
1428.3419999999996,0.09891644413549852,[7.69569182],21.52583120434687,-12.129948123608111
1428.799,0.09274236468492507,[7.76286115],20.712979030972427,13.362355063220338
1429.2619999999997,0.11153439616365221,[7.85923876],28.186360617142075,3.377417003600433
1429.7219999999998,0.09608225801620285,[7.5923626],20.3426175419495,-7.478019057945263
1430.1859999999997,0.10483452353761927,[7.58204968],23.983185709803628,4.579549077142267
1430.641,0.10054546589185828,[8.31286979],21.71880263004678,-6.49436354319273
1431.0989999999997,0.0989228204416526,[7.79452919],21.880090635314634,-11.410794563660717
1431.5569999999998,0.09009317807154119,[8.45388432],19.116082710924477,-3.473043578023777
1432.016,0.09576968529387263,[7.52131273],21.140134364471006,11.991158838614332
1432.475,0.1011010618853909,[7.74737067],24.356099703493506,-4.478087130944178
1432.9339999999997,0.09165880130766736,[7.76661193],21.559061834171434,-2.2649365115371687
1433.3899999999999,0.09891916530331936,[8.30805604],23.480308594718036,9.528180531088601
1433.8489999999997,0.10033859828073562,[7.78824233],23.02415121924365,5.767575911300601
1434.3139999999999,0.10428071681147727,[7.60862038],23.060746645584718,-0.32446161214394476
1434.768,0.10023177460009515,[7.50148708],24.246821570790566,-7.957090814877568
1435.23,0.09700753768206363,[7.73017874],21.198411770616428,-3.969323506900407
1435.687,0.09655403370857085,[7.61138672],21.258197318245106,-1.3191273012745641
1436.1439999999998,0.09580185532869899,[8.19148414],21.773021241421155,-5.502494083784767
1436.598,0.09156432518509527,[8.31429972],19.658316930464046,8.910317300001012
1437.0569999999998,0.10412042049513226,[8.14032841],21.60527924189804,-2.2384190994244877
1437.511,0.08981497415318819,[8.20147691],20.31126681518233,-7.411888087141258
1437.9719999999998,0.09767851444930092,[8.36705068],23.06336766173198,13.677720312653797
1438.426,0.10237704690424629,[7.74148203],23.1389542275193,-0.49125990295291466
1438.8799999999997,0.09723245045742959,[7.85425827],20.859954924133326,-22.19806485737412
1439.344,0.08177950280253639,[7.55381728],15.302611246242757,-2.157070494748545
1439.7999999999997,0.09475389456217168,[8.02862886],19.34127112094176,23.62055029418507
1440.2599999999998,0.10337710082021148,[7.56824317],24.281454294130484,-2.3777298852076245
1440.7169999999996,0.09269984594778521,[7.63738973],21.82762815337162,-3.4877460341553035
1441.174,0.10018930094501087,[8.13896659],22.445412734748707,20.703846337361636
1441.6349999999998,0.11174065231416055,[7.57557746],30.359505005764643,-10.616915020000285
1442.0919999999996,0.09072712742156186,[7.59621194],21.267323651312854,-9.45334358395826
1442.551,0.10322782175746303,[8.13600478],25.135869335045893,8.9392630932167
1443.0079999999998,0.09898851443859014,[7.56688937],22.58630667297971,3.036644528562449
1443.466,0.10603100450058839,[7.80005645],24.48574618803415,3.9561255060786977
1443.9209999999998,0.1026687555476264,[7.58068518],25.62596666769718,-6.319670035986019
1444.3809999999999,0.10025926408374616,[8.16184603],23.299343745410642,1.1486199258521483
1444.8379999999997,0.10368384510664161,[7.47724793],22.718708199478996,8.719793817131173
1445.295,0.10822915563260704,[7.49068959],25.760807991409926,-6.959219232843386
1445.7509999999997,0.09736385134365677,[7.55282142],21.979560978650245,3.936672078301867
1446.2069999999999,0.11181940056804283,[8.02266437],28.56017137498355,1.4128912532606064
1446.663,0.09865240816663082,[7.4353582],21.235280032996144,-3.628845565755295
1447.125,0.10879306710805955,[7.41305924],25.937180457178318,2.5559917580133815
1447.5839999999998,0.10112245969939687,[7.52410334],22.105742370433042,-12.432013143320278
1448.049,0.0973575772126646,[7.41625977],20.350211540011397,5.564388061901002
1448.504,0.10597141635557386,[8.34513689],25.879905545963247,7.129459072412373
1448.962,0.1037957275653569,[7.87248041],23.908768918861046,3.930611888833077
1449.4179999999997,0.10952934734238544,[8.05208202],25.824307460712696,-1.9864530771945415
1449.875,0.10195294361432149,[7.8684749],22.033388099762504,-14.642262448636478
1450.3339999999998,0.09612479709339536,[7.40723228],21.996434690193002,9.050058657424032
1450.7909999999997,0.11015599668309167,[7.36133037],26.988289504796928,10.134109752533746
1451.245,0.10547997840833775,[7.59692151],24.3367228556041,-15.306110323260528
1451.701,0.09620736613629824,[7.34672253],20.31909033337034,-2.0179602024807117
1452.1589999999997,0.10370899031952904,[8.08728787],24.205687437666825,2.847262076519641
1452.62,0.09874254309511939,[7.76821891],23.63243705655483,-0.20861897847372635
1453.0819999999999,0.10353758708988933,[8.14202322],24.4559693307836,-6.806175944428297
1453.5389999999998,0.09265858806525654,[7.30615257],18.71869894723457,0.881273400386004
1454.0029999999997,0.10469749812618392,[7.93703307],23.54592283762976,17.827492460476392
1454.4629999999997,0.10919585862788098,[7.93438446],26.880806596782513,6.334814543145121
1454.9249999999997,0.11052439026503488,[7.47101182],28.37968244828078,-12.9653727346601
1455.3829999999998,0.09739389496525193,[8.2086088],21.241291241967957,12.362414356752977
1455.8449999999998,0.12222749783675702,[7.98054338],34.4816885538284,4.702837341622343
1456.304,0.10201854994510427,[7.826959],24.563117664121386,-21.985413547301242
1456.7649999999999,0.10208928064876109,[7.63889549],25.317468370543388,-4.830284774550872
1457.228,0.09753538871624949,[7.39733722],23.263369749354787,4.031726846912679
1457.6889999999999,0.10575924667330087,[7.677801],25.625219334901804,13.130270645793487
1458.1509999999998,0.10964520050652171,[7.01460743],27.550181313559058,-6.087366702018773
1458.6059999999998,0.10037857299609454,[7.45822206],24.90346252648616,-2.5115790138013767
1459.0699999999997,0.10766162134563816,[7.69981911],27.542864759832927,24.13584572814262
1459.525,0.12240897534108768,[7.61063595],32.70790349076795,-9.800230796683337
1459.9859999999999,0.0981747261117132,[7.34799314],22.560870272676993,-27.079868519599287
1460.4429999999998,0.09734662867632285,[7.67296683],21.87639806693111,9.15022015804648
1460.8979999999997,0.10647597384729013,[7.21946914],26.848158305602613,8.091553042434988
1461.353,0.10470994194493029,[7.25466917],24.082401994567864,-6.618015383257111
1461.8139999999999,0.10038081571288505,[7.12030674],22.92173443074325,4.422812469682638
1462.2689999999998,0.10859655438004458,[7.80908213],29.532859200052723,2.1532741539529443
1462.728,0.10222112269810031,[7.61340179],25.777015961864258,-22.073145224433933
1463.192,0.08814076246500155,[7.83721418],20.58403186129542,-7.323875067949626
1463.6509999999998,0.09523220911642766,[7.46390862],23.531814708476702,6.897548562059471
1464.114,0.09443158631217295,[7.85633787],23.64605226109702,20.206224465011566
1464.574,0.11375136809999215,[7.09451544],31.463080889840043,-10.552140241626457
1465.029,0.0852990385809725,[7.28685479],19.83293326689761,-10.252047850851028
1465.489,0.10489642231885195,[7.87818134],24.254882425796502,15.76553698673458
1465.946,0.0999165357436926,[7.68684687],24.907704378530287,-3.8683032579847483
1466.406,0.10139149827362984,[7.10329697],25.30079567220295,18.780350758518207
1466.8609999999999,0.11694566399115028,[7.45384028],33.255435606533275,1.8734741970923008
1467.3199999999997,0.10284422541780165,[7.15207216],27.3102062119017,-14.253525245721002
1467.777,0.10382370413037656,[7.24552009],26.551759532042677,-8.803585460284937
1468.2379999999998,0.09467457578587925,[7.33963696],21.988051988358997,-10.185163762618021
1468.6949999999997,0.0943967702926684,[7.20490479],24.320971751831355,-5.483180508815702
1469.154,0.0896324386035598,[7.44053628],22.402935273191698,15.013754763029768
1469.6149999999998,0.10831122021875064,[7.7226145],29.172542210473114,6.318649478453301
1470.074,0.09558209664336172,[7.38486643],21.183538196682058,-25.925229075027868
1470.5339999999997,0.0844895527683568,[7.90363477],19.492518722325013,1.0264678152322877
1470.995,0.09657780954216642,[7.20808605],24.533336673699925,20.580162667869356
1471.4519999999998,0.10342707951141958,[7.69764541],26.770956467479998,6.334537219758074
1471.9139999999998,0.1023122466481963,[7.04072192],25.91929096280753,-5.194146225975582
1472.3779999999997,0.09860615167516024,[7.83394031],25.197587580224194,-3.889816145163774
1472.839,0.0986896614454462,[7.1027663],24.814388757997285,-13.31059736657722
1473.2999999999997,0.08633378090318797,[7.80550215],18.94389021272851,-14.766534054466637
1473.7529999999997,0.08500214727702583,[7.1629277],19.704398999704175,3.278936512727565
1474.2069999999999,0.08932022709784627,[7.49683391],19.32830780045957,4.662416289776816
1474.6689999999999,0.08919465670714312,[7.83055893],21.566029616069606,12.458258212008896
1475.1259999999997,0.10064275469455546,[7.93632389],25.74260773709421,34.38983392893844
1475.5819999999999,0.12057391693778115,[7.74576729],34.523801577482274,-9.255588263319723
1476.0409999999997,0.0918550604217108,[7.0497372],22.08337432148561,-10.121909687442088
1476.498,0.11109291909276776,[7.02078525],31.035122773154544,-3.524185579642791
1476.9589999999998,0.08825329960374045,[7.16024811],20.81277659469967,-12.954612603022566
1477.422,0.09926953064508527,[7.56178389],25.453759405354887,21.818582915505548
1477.8849999999998,0.10845730738349887,[7.18756495],29.91891245741512,-13.20449706889991
1478.3469999999998,0.08712139649188057,[7.24293502],20.442215783326475,-6.521104277517592
1478.806,0.10221417982530528,[7.17396512],25.961280149175963,11.280430447757103
1479.263,0.09754048833592299,[7.16561941],23.847898756805556,-3.382831782132528
1479.7219999999998,0.09914294207417816,[7.14397026],24.80684840721851,5.808446649573806
1480.1839999999997,0.10290401670889848,[7.06966579],26.898848149118525,3.9176457113302283
1480.6399999999999,0.10278969025771514,[7.04459182],27.371206818838612,9.009539299309088
1481.098,0.11117585787958094,[7.23543697],29.177728085411488,-18.122670978407765
1481.5569999999998,0.08609825526105781,[7.50305724],16.939690886457512,-3.510429680245508
1482.016,0.10795328343316164,[7.08891898],29.80097283732734,17.378234090958554
1482.478,0.10192159875383533,[7.16179019],26.04429746493721,-15.606124332753977
1482.9319999999998,0.09369852870084103,[7.87365358],22.040006674391194,-1.2250251241996968
1483.386,0.10080927594107748,[7.75174221],25.84647342690759,4.933655507743246
1483.841,0.09816174035900936,[7.07956761],24.389359990177343,13.30944877141553
1484.297,0.11297248222844873,[7.12505024],29.801570840743256,-3.4170437108583114
1484.7579999999998,0.09466737584517834,[7.16041003],22.795208930929114,-9.244298346712851
1485.2219999999998,0.10460487952649247,[7.14456866],26.18368331032811,29.43134561866949
1485.685,0.12193422188227124,[7.49470733],35.86459772331651,0.13527191969664454
1486.1459999999997,0.10487872104679027,[7.5736564],26.957920393483835,-6.7226018506717775
1486.603,0.11552173094364707,[7.22288456],32.12887064785814,-13.731837098222607
1487.0679999999998,0.09162045153998205,[7.2001585],21.137697115806365,-11.841107862446021
1487.5229999999997,0.10384522926795656,[7.16080409],26.75832721548499,24.645410329164633
1487.984,0.11416880478012041,[7.53014384],32.06865519881726,-0.49596889969895364
1488.444,0.10343417194281332,[7.1019982],26.599550440694536,-6.134089386161223
1488.908,0.10863912107178403,[7.3035631],29.832900071128982,1.9884419945856298
1489.362,0.10544215507485469,[7.82939644],27.63955157555935,-9.916921512860458
1489.824,0.09950881332002384,[6.82967854],26.01390844356077,13.835827831967935
1490.283,0.11802540086685465,[7.18072536],34.54692741186938,-9.373535706402356
1490.743,0.0907949963248685,[7.53349563],21.937266651031127,-20.376156825382367
1491.201,0.09916514497048073,[7.2428239],25.999348626943974,10.166073423117524
1491.656,0.10012511816774125,[6.85872375],26.49556932284546,3.083206945914019
1492.1149999999998,0.10199101735358793,[6.74535928],27.016854076017932,-4.582993283431564
1492.5749999999998,0.09589603223277232,[6.89459448],24.165725838741356,19.799514500437432
1493.0369999999998,0.12037865503840751,[7.02090427],35.096868082197005,-7.708834989304261
1493.5,0.08864382542896775,[7.03594592],21.47912490803959,-18.096510937341492
1493.9569999999999,0.1031284444317686,[7.27312359],28.848233003283177,9.266091611459151
1494.42,0.09689771587636811,[7.39786475],25.151707203123333,26.274328394697857
1494.879,0.12703689522286338,[7.54810959],37.82544872291689,10.661999910702047
1495.3339999999998,0.10708087216052538,[7.70070389],30.208507424707314,-34.34051601509988
1495.7929999999997,0.0957261493173961,[7.03332981],23.345180593343173,-8.167209726892096
1496.25,0.099533569463954,[6.85943976],26.048795373270867,22.040827096336077
1496.7069999999999,0.11587146528343956,[7.18623002],32.569876147278535,16.787245723999977
1497.1639999999998,0.11487711205568596,[7.1189046],32.00157028105188,-8.647924016277258
1497.623,0.10792402185043908,[6.95515695],28.733212631040253,-22.4006098665286
1498.0789999999997,0.0944239254177004,[7.00376423],23.737893665015427,11.358242438186576
1498.5389999999998,0.11865731898382174,[6.87313652],34.965314149893736,18.837390725508385
1498.9939999999997,0.11199673758553189,[6.98228244],31.39286700086335,-1.4749353390071385
1499.458,0.11754114352784806,[6.83007802],33.89265918821222,-12.56104279151686
1499.913,0.10089004402454399,[7.49661992],28.479987267433348,4.814547392651747
1500.37,0.12209801627906197,[6.95960213],37.23062039973293,0.5166353420883174
1500.8269999999998,0.10136224872721258,[6.87072759],27.173921094629517,-36.17622350704792
1501.2819999999997,0.08906859115432395,[7.43325196],23.16395680212449,11.827524486659428
1501.7439999999997,0.11275612388599819,[7.52070944],32.28450863093312,16.897147560956753
1502.2059999999997,0.10468155550064763,[7.56895316],29.31855841528063,-16.512156926005677
1502.6659999999997,0.0975280625021971,[7.01575246],26.779745427304995,-11.670442906759698
1503.129,0.09393309639602763,[7.35627531],23.729798720513255,12.318088240751868
1503.5879999999997,0.10872537310812352,[6.97560367],31.742043062529653,-2.639232344169101
1504.045,0.09165472138087594,[6.84556185],23.27103877920235,-8.848676354812499
1504.507,0.10088004936847507,[7.29948415],27.409078570957572,9.794564838036424
1504.9609999999998,0.10078791227285534,[6.79246475],29.103112287600435,6.62367488196966
1505.4209999999998,0.10701654896880372,[7.12470603],29.125312205687916,-15.909643428767161
1505.884,0.08592603424143609,[6.95053053],22.1146182182789,-10.80160033269073
1506.3419999999996,0.09672264875339542,[7.01411745],24.460123932564045,24.399334590428243
1506.7979999999998,0.1082237295086983,[6.91588694],31.57085823690545,-12.76903684095458
1507.2549999999997,0.08498845339434498,[7.66323887],21.17687847830869,-21.748428845163552
1507.71,0.0882730385550528,[6.89365828],21.918872223257985,-0.8128768113083579
1508.17,0.08416391235435274,[7.50761912],21.534555132623975,7.875612569800516
1508.625,0.0953120526054648,[7.05990785],25.183973787473374,-10.687347588265006
1509.085,0.07403116831568489,[7.01675156],14.97650727436851,-8.074240038913368
1509.542,0.08767959034571743,[7.1697835],21.067834146945906,22.095130516763053
1510.0049999999997,0.09426483479563702,[7.68007023],26.087291418294903,-0.3296776117240052
1510.4629999999997,0.08752069816195533,[7.0267893],22.66071939247645,-8.11706555805422
1510.9229999999998,0.08683985882060533,[6.92136136],22.121883688911172,-4.513317435307279
1511.3809999999999,0.0833895793080553,[7.18838535],20.36165713773398,18.640448655359894
1511.8399999999997,0.1039855550056854,[6.76240696],28.4321738122693,8.615457147768554
1512.3019999999997,0.09110616874255922,[6.96085448],22.011035768843616,-23.606291981213722
1512.7619999999997,0.08220350610895988,[7.01434796],19.11425322416626,7.4329144600631665
1513.221,0.09788350230519577,[6.89425135],27.28020432892891,-0.4030891731371805
1513.683,0.08162419744355266,[6.87610563],18.22366369104132,-10.19325657413614
1514.1459999999997,0.08850479417474377,[7.07583802],23.276299297373395,4.738635412963668
1514.609,0.08601217383594749,[6.95046438],21.044009060682143,0.49240999821495435
1515.0719999999997,0.08896076583308545,[6.70831933],23.289773078533837,8.679901674121874
1515.5279999999998,0.09395688776491466,[6.94150883],24.4145561730447,-2.1030574944690823
1515.9859999999999,0.08698621886547005,[6.94390393],20.850803849621226,7.637661128795256
1516.44,0.10074037353059194,[6.76912093],27.78556427999594,7.452317842985903
1516.9,0.09352170789655471,[7.28753206],25.28176369411428,-11.780098776722495
1517.3629999999998,0.08989089482718582,[6.69176971],21.910442047279947,9.949343914350942
1517.817,0.10232812586789752,[6.77091719],29.772432881459167,10.111699345461286
1518.2729999999997,0.0990232566269852,[6.67591363],28.185481230462738,9.068162881964714
1518.7329999999997,0.11076566101307392,[6.63284684],32.89760680884513,-7.66482575565712
1519.1949999999997,0.09182323148874622,[7.37717807],23.258956952499094,-11.744015330137984
1519.6569999999997,0.09991419084802668,[6.8400659],27.408583386985047,11.724095268648593
1520.1169999999997,0.10265595242203637,[7.03642577],29.066320593957077,-25.54968308968429
1520.5729999999999,0.07676166541137158,[6.82558665],17.078044823518695,-4.011295136299872
1521.0349999999999,0.09961104295254168,[6.84271142],27.27122264047523,36.35184218598053
1521.4899999999998,0.11027839428845641,[7.17568873],32.33219499355197,2.1318230842782975
1521.946,0.10151046113050785,[6.65061866],28.39602408244039,-15.32779971420735
1522.4049999999997,0.09627693526935074,[7.2870725],24.995449162873925,8.27301690523749
1522.864,0.10910509064953476,[6.69804825],32.28701530098462,8.756556794992889
1523.3229999999999,0.10431545440717273,[7.08349227],28.998435827251694,-16.70923400266583
1523.7839999999997,0.09370744350250079,[6.75283748],25.25421353972568,3.578431849663846
1524.2469999999998,0.10772851335202231,[6.81011449],31.97583963748422,-7.688789921692599
1524.7089999999998,0.08667117456855258,[6.72108995],22.441224430307205,-7.0253543564309515
1525.163,0.10068177666226426,[6.73430524],29.69341191071458,7.9691630163684355
1525.6189999999997,0.09383134645286807,[7.17871101],23.84303044024962,-3.1888076386629853
1526.0749999999998,0.09777358409581499,[6.80327111],27.881269607741984,13.287430616367446
1526.536,0.10606259655943574,[6.60539561],32.26786725520389,-3.413134623930003
1526.995,0.09471888916924698,[7.22818516],23.791550066140744,-8.993850655883387
1527.4559999999997,0.09785127138563665,[6.49968459],28.095270823591523,-0.9164666560599194
1527.917,0.09387390691235271,[6.99161489],26.469769785455046,0.2182824691688845
1528.375,0.09799896984592983,[6.74535753],27.77885491927443,5.812044335635563
1528.833,0.09919773952379586,[7.10367374],27.180213267427707,12.158417490702552
1529.288,0.10904254640347724,[6.69672258],32.040492904504795,-28.85749178945221
1529.745,0.0726772853848028,[6.77449864],15.475161464645456,14.218242012713128
1530.2019999999998,0.12203801960309363,[6.66470216],37.99748386779534,34.399152352673376
1530.658,0.10423077282188023,[6.77448529],30.72481584978907,-39.3043047941313
1531.1169999999997,0.08607305576656464,[6.98716707],21.313373300086397,-4.568593986306949
1531.5789999999997,0.10023372806729099,[7.17719583],28.459535740679534,17.65266643049268
1532.0389999999998,0.10240069423513544,[6.58641026],30.719013625523385,18.578155512655265
1532.5,0.11737197415988215,[6.7210326],36.79099524240782,3.970560103673054
1532.955,0.10637756251127911,[6.88856939],31.629127162200458,-31.217766243427537
1533.411,0.08891846516000844,[6.4999576],23.944551802563193,-4.660114462609554
1533.871,0.1023790966094123,[6.36794044],30.21750130581146,-1.646832152641886
1534.3289999999997,0.08753004076708434,[6.6926756],23.437352112981092,-19.180251155347605
1534.7869999999998,0.08480998655113145,[6.57759705],21.018060790033598,10.872244130518697
1535.245,0.0974890163906413,[6.76330439],26.99433041825566,17.502308819863185
1535.6999999999998,0.10085048141183159,[6.72859222],29.092680816162545,-11.610935896756727
1536.1589999999997,0.08672396272349238,[6.56532273],23.1414928608349,-14.21563420507567
1536.616,0.08776286042341039,[6.61626242],21.849009203297257,12.496852279039295
1537.074,0.09817905203613586,[6.67637041],28.345010418217527,-0.31427091170430077
1537.5319999999997,0.08747498826831032,[6.62648604],21.888092202734924,20.6541271061344
1537.9899999999998,0.11709823246538906,[6.67091658],37.9584059871184,4.419972760585978
1538.4499999999998,0.09129095857893235,[7.10600769],24.29170271580742,-32.81312659363613
1538.9089999999997,0.08689644047004093,[6.74634744],21.075924238002642,-3.7882064355352214
1539.371,0.08783684934351794,[7.09559174],22.84686149424954,8.358472656176078
1539.8289999999997,0.09453587064561894,[6.99180413],25.885204860251818,12.329745007681053
1540.288,0.09913862662229053,[6.73846694],27.933448534339142,-9.776002152318997
1540.75,0.08541296159596966,[6.59337654],21.590160088621523,5.420491269161512
1541.208,0.10384565742028425,[6.92168311],30.059842757062057,5.501212632541969
1541.663,0.09064335505918254,[6.73388675],24.609839468931114,-2.42996005671102
1542.125,0.10199245241281024,[6.63595939],29.127595197099733,3.201204957748352
1542.585,0.0936801368243572,[6.4787016],27.0805782085692,8.931884211092742
1543.047,0.11033589299857496,[6.67845543],33.905932302783796,-4.099118691709299
1543.504,0.09031237948829449,[6.55592686],23.742855743903142,-19.657945215728777
1543.9609999999998,0.09236853107140358,[6.56553504],25.79175404647984,-0.022486604608379368
1544.417,0.09030088277232991,[7.1379375],23.632649247952777,10.36404834509351
1544.8739999999998,0.10186073661190004,[6.54666767],31.529393685528095,8.011137195878911
1545.3319999999999,0.09759646759051259,[7.2020864],27.557002195721925,-21.223276345208085
1545.7929999999997,0.08228483568761581,[6.48872203],20.194879352603,2.619154032510715
1546.254,0.10001132760852013,[6.54694219],29.74376669211251,11.537705446821727
1546.7069999999999,0.09325719483014606,[6.91091706],25.234388073765846,-9.055380097062956
1547.165,0.09182074348375259,[6.56142468],25.57054740493596,-3.859606004162436
1547.6219999999998,0.08972710025589611,[6.87239077],23.903369365289066,-4.3459343852845365
1548.0789999999997,0.08784855945560356,[6.69814302],21.45896259033011,3.5466505326432336
1548.5389999999998,0.09302547305199095,[6.9862449],26.03389531663327,-6.676438122637143
1548.993,0.08196005892468387,[6.89637226],21.01220480739947,6.7339627216440325
1549.453,0.09955606708267727,[6.482853],30.31619148580531,5.065088589785619
1549.9159999999997,0.08643536376184074,[6.7596846],21.637983753063295,-11.891250619831137
1550.377,0.08850290479651526,[6.69979312],23.755184138411924,3.4637074202345657
1550.8399999999997,0.08963173576858395,[6.468594],24.286112297490803,-3.5682484358410123
1551.299,0.08526082280287549,[6.91204716],21.91602334813869,0.5245663605426415
1551.763,0.09021693028093952,[6.52690736],24.316100837477236,5.322020605869976
1552.2219999999998,0.09022635152474782,[6.65055185],22.57123203413329,8.672144633051355
1552.681,0.09817795905408958,[6.60585474],28.879672208009893,7.69198474562062
1553.1439999999998,0.09724097148045678,[6.86097218],26.526238643655237,-0.9481090330405034
1553.6059999999998,0.09729880927723104,[6.78972829],28.340915306153256,-17.173291194682307
1554.0659999999998,0.08147624115348129,[6.77118131],20.13045672010504,-5.545802618863685
1554.524,0.09209260901368609,[6.7675522],24.62570193771227,-1.9927450940206426
1554.9789999999998,0.07980740575031492,[7.01452049],18.132532238953974,2.0974581416305926
1555.44,0.09436535778174457,[6.37203879],25.0142667317709,0.26746367575332386
1555.8979999999997,0.08024046322669909,[6.87619957],18.177150252119077,6.929983737093595
1556.355,0.10063083463956037,[6.67712683],28.334728049162035,2.028427051596435
1556.8089999999997,0.08234305824979266,[6.81981827],20.336924482751947,9.796123394758368
1557.266,0.10985656119451324,[6.76964542],32.447105676058094,23.549728420799998
1557.728,0.10361670474645321,[6.41841412],29.908963021454202,-15.4476448176976
1558.183,0.09571804545246221,[6.64436899],26.93499793041925,-6.303553577962834
1558.6439999999998,0.09797619808646787,[6.46898549],28.402204949656625,17.80308554611504
1559.103,0.11204537729940531,[6.63191121],36.563192881238585,-16.56174884654535
1559.562,0.08277251264538019,[6.88200292],19.47275857620794,-19.242371749071438
1560.0209999999997,0.09438088003376417,[6.43609146],25.986135549590667,13.442570964170258
1560.4849999999997,0.09506088043200693,[6.776137],25.818187904868424,-0.32065112796531015
1560.9469999999997,0.09409108636816808,[6.83144502],24.482040442817354,-5.060318735428989
1561.4009999999998,0.0904725974193525,[6.89042835],23.746047719241183,2.783856662165421
1561.8629999999998,0.09681468061291014,[7.13050662],27.818995695676414,18.30387013778231
1562.324,0.10735792662752155,[6.31833406],30.815118767526343,17.045407768887006
1562.7849999999999,0.11253054657582968,[6.69568283],35.51779098937936,-8.88601080552591
1563.2419999999997,0.09936072242675671,[6.46086005],28.732068536020677,-26.589606331429913
1563.701,0.08818340023921518,[6.3327586],22.852478817853093,-13.295892641942656
1564.1549999999997,0.08711161888178925,[6.43615725],22.70955735374834,3.4935041296122322
1564.6109999999999,0.09138595760058764,[6.5263252],25.760928026073213,29.352391183625745
1565.0719999999997,0.11422864534198966,[6.38146391],36.46650092217315,-1.5003656962492977
1565.5339999999997,0.08989890799499138,[7.07905095],24.83847681566106,-15.146781908824208
1565.993,0.10005410009197722,[6.77869308],29.58114650696574,1.6812222014751104
1566.453,0.09140301990057108,[6.89781638],25.553230422261,25.41465570993297
1566.9099999999999,0.12309487646766154,[6.34988832],40.678395940709564,35.26229957786639
1567.371,0.12349993509201491,[6.67831498],39.72843229331454,-25.32846093939371
1567.8339999999998,0.09958632271387124,[6.71011971],28.389321562013254,-33.77361644322792
1568.2939999999999,0.0922199806637448,[6.64791104],24.426118305240003,-6.63273108098425
1568.752,0.09346003293198962,[6.72508126],26.523786879940285,16.66340040456707
1569.2109999999998,0.1075282610314423,[6.5796353],32.71549253516425,9.936253720640359
1569.667,0.10267557982388753,[6.28796181],30.985487327391017,-22.650211551694234
1570.1299999999997,0.08654330910752377,[6.40811983],23.122139325619727,-6.345934458207192
1570.587,0.09649757207622774,[6.4561005],29.26561108836333,6.996784017029856
1571.0479999999998,0.09284755941514873,[6.22989575],26.6064441422605,15.769008279968716
1571.507,0.11091051879254914,[6.40991263],35.511453349998696,-19.82227370254637
1571.9669999999996,0.07451241070799776,[6.42621835],17.116805631665393,-22.89661138706131
1572.424,0.08957804803399476,[6.72492577],24.209253188130297,22.943324623465184
1572.882,0.09548548468814354,[6.35548304],27.690044409390637,16.498135049596602
1573.3449999999998,0.1048090249278321,[6.61687136],32.35611609281806,4.307607083554904
1573.808,0.0994743288475007,[6.56210526],29.182653156696244,1.2275911441489984
1574.268,0.1058658417090309,[6.72722577],32.479761660565245,5.376991591347996
1574.73,0.10439777062228021,[6.81996932],32.52258712240578,-23.66677706091351
1575.1929999999998,0.08393305031089575,[6.39239326],22.205131656546506,-14.70929835466811
1575.652,0.09060088897342995,[6.57824586],24.60182411938056,10.27584094669684
1576.1129999999998,0.09336978277307173,[6.74653563],26.858874655313905,14.644454554970086
1576.576,0.10416699264320546,[6.63736046],31.978967964997924,-12.433214074664065
1577.0319999999997,0.08244042171461938,[6.90429988],20.869799630939834,8.472874615519336
1577.4859999999999,0.1116533253601392,[6.27885587],35.886215602725095,7.181268929257717
1577.9499999999998,0.08787694865246876,[6.41269463],24.001721720836702,-5.14469781103559
1578.411,0.10661878905715637,[6.34791751],33.67245252730431,42.147193674158395
1578.8719999999998,0.1267366612200425,[6.29261515],42.97209030921952,-11.567270007265027
1579.3339999999998,0.09583166527388325,[6.91702817],27.133624890964793,-47.26968132485743
1579.792,0.0830922400344988,[6.65362091],20.555152560870628,10.39628264351479
1580.2509999999997,0.10544156313264266,[6.22755242],31.76035530787492,41.926918299295956
1580.71,0.12158115103325137,[6.16410099],39.53253965748107,-3.4459530089068076
1581.17,0.10219743129543366,[6.44813185],32.33089353836507,-23.365002695645646
1581.6329999999998,0.10012826196397571,[6.45242262],29.256126596998943,7.381401453739805
1582.091,0.1088778374105697,[6.38688216],33.96787288112284,-7.019084895800567
1582.554,0.09340102923492671,[6.39460987],27.346348067005845,-23.205855162649545
1583.0149999999999,0.08739483004062784,[6.49000361],24.148051534872028,8.445291846818359
1583.4679999999998,0.10077942440230284,[6.35683982],30.80726382970328,30.706562379014493
1583.926,0.11538017234996871,[6.59011198],37.82139056633921,-6.148070451772999
1584.3829999999998,0.09522991177518284,[6.40469142],26.976026579615333,-30.494892674377454
1584.8429999999998,0.08749820904102149,[6.24822145],22.496631225336024,11.454862644185216
1585.3049999999998,0.10590459254583708,[6.34031909],33.1193769017637,21.92605799330953
1585.7649999999999,0.10778553780187305,[6.25662297],33.41877710730398,-9.291274846236181
1586.221,0.09750036167559824,[6.3265722],27.597900059281166,-6.263439194312062
1586.6819999999998,0.10220577496600013,[6.12543821],30.56206348139425,14.549926683395261
1587.143,0.11091539407769299,[6.80165479],36.120694958793564,-6.294721287155788
1587.6059999999998,0.09628848353157911,[6.15692658],28.050120702834835,-11.957414239280235
1588.0639999999999,0.09970733387239618,[6.35276689],29.33971746601094,33.61980127223284
1588.5229999999997,0.12717020853039773,[6.16561896],42.812775965755506,-5.9796774061919304
1588.9809999999998,0.0943554496070656,[6.44972843],26.06568802276901,2.3798328777284716
1589.4449999999997,0.13025856655846402,[6.46798598],44.12987562407777,18.142260826450055
1589.908,0.11129166802399693,[6.30947875],35.12387341723411,-43.72471572338576
1590.371,0.08976947979859194,[6.69338509],24.224692287768253,-30.35738939432242
1590.8289999999997,0.08317211498598757,[6.21769857],21.505278801267075,22.856132509331953
1591.283,0.11031748746314698,[6.78262761],36.018795249873115,16.532535680035057
1591.741,0.0979021907095275,[6.06086834],29.367185491942124,15.691763233766823
1592.2019999999998,0.12499585529955946,[6.26885407],42.630634118640955,51.92365884679828
1592.665,0.14585220067520294,[6.50140189],52.552294020418024,-53.46342548544279
1593.1239999999998,0.07648724900757553,[6.18780336],17.175648749937288,-57.75923871615539
1593.583,0.09282921953385029,[6.231216],26.617118091196765,62.34381474241607
1594.0439999999999,0.13395075317479044,[6.42107588],47.706967805313056,10.646995862937658
1594.5029999999997,0.10293798904505405,[6.33616987],31.33983721554404,-31.26720129926211
1594.964,0.10533043924282584,[6.58035135],33.989297632741305,-12.41868903576454
1595.426,0.09144028409743053,[6.10458996],27.420221089396666,-9.74239704383917
1595.884,0.09620555479429822,[6.57258871],29.924108236887704,-2.7248053939128574
1596.3449999999998,0.08885715398116918,[6.50356576],23.912856463783125,6.23285195288431
1596.804,0.1018512790458157,[6.63742574],31.81943480191361,0.5951348147485158
1597.2599999999998,0.0895674459501081,[6.76016375],25.15574571444533,-21.056556224906682
1597.714,0.08266633777780069,[7.01666705],22.10954488994901,1.1163450240761623
1598.1729999999998,0.09075073770978263,[6.744682],26.817944214085102,26.449840940335104
1598.6309999999999,0.10690318763392448,[6.77122684],34.051827651985256,-6.594823556024351
1599.0879999999997,0.08480010711683265,[6.77524168],22.76050714401055,-33.400252795474984
1599.542,0.07638605995916482,[6.89617194],18.19128656683555,10.913285855521218
1600.0029999999997,0.09520119182470836,[6.45241277],27.698261253594712,8.809494314121661
1600.4589999999998,0.08478267306482001,[6.6788164],23.294690242855665,-4.302067220058118
1600.922,0.09150922274690103,[6.54254697],26.261650437021753,-2.479151476817126
1601.3799999999997,0.08266852959733678,[6.18188773],20.402280358631703,-9.821704948107177
1601.8379999999997,0.08251254101444629,[6.50166334],22.107221119229823,27.792505903161512
1602.2959999999998,0.10812646500463738,[6.24699169],34.30269444555734,-3.4516676086307765
1602.752,0.07959470730477237,[6.57474238],21.127455511974198,-21.54320806040222
1603.2059999999997,0.088358399806586,[6.23086085],22.82125239195185,47.25414627266472
1603.6619999999998,0.12270803011128151,[6.32266811],41.50208308282217,-5.384279788271912
1604.1239999999998,0.08244070993104331,[6.38427491],21.257780397555035,-26.318828329337713
1604.5859999999998,0.09838943273497404,[6.43192182],28.814632545591238,13.096832565043723
1605.0439999999999,0.0946604476265333,[6.50547813],28.408753391609086,-13.221095626393398
1605.5,0.08632562379953627,[6.22979707],24.253709776732634,-0.5037863707308271
1605.96,0.09434179766030978,[6.35701586],28.798942550838092,7.5105881763304625
1606.4209999999998,0.09322302220020971,[6.80898007],27.401900867795828,7.049867352568157
1606.8799999999997,0.10078985100343454,[6.05613272],31.49145678456962,6.511992442272768
1607.3419999999996,0.09916053084107766,[6.45657151],30.598931094708842,14.82360113132089
1607.8029999999999,0.11443537403055262,[6.29747824],37.67167003974337,0.14980121387871137
1608.266,0.09916672356896303,[6.45299851],32.129188120060334,-0.6195556324853496
1608.7259999999997,0.11367000462578546,[6.16003554],37.37151138815939,1.2483274498890362
1609.1879999999996,0.10019629599100238,[6.15876058],30.05282734520423,-26.721291733810673
1609.65,0.08897953106373505,[6.01372549],25.848393959575624,-2.783841756566055
1610.112,0.09762402620791459,[6.69969586],29.382683885680127,12.746804397442371
1610.567,0.10075121726371589,[6.11558846],30.287540602915648,-16.925675196995144
1611.025,0.08202762227563108,[6.17273598],20.12624331505028,-12.790798993682268
1611.484,0.08907829674481653,[6.6387063],24.97936203325102,30.98957070549446
1611.9469999999997,0.11072558024791827,[6.21475608],37.67737859774589,17.32869222870047
1612.404,0.10537151403324885,[6.38484479],33.75914805270678,-18.504497786773904
1612.8649999999998,0.09368390306246645,[6.10000795],28.30052178977372,-1.6501346772505725
1613.324,0.10375878539021095,[6.47511075],31.614423008613933,-8.971819681251644
1613.781,0.08558913258398033,[6.17448687],24.061269292778373,-13.962652182796493
1614.2419999999997,0.09114834092770675,[6.52307041],25.58661465245667,6.854655758800912
1614.7019999999998,0.09191266797755739,[5.99958136],27.717036693761088,9.091638868867186
1615.1619999999998,0.09951264868706522,[6.83499742],30.384521352673186,8.680812169477873
1615.6259999999997,0.09987073861551977,[6.15522146],31.47193235929492,1.8201808750898523
1616.0809999999997,0.10116670609943186,[6.17893975],33.385932377179074,-2.0971850470328235
1616.5429999999997,0.09787785082558646,[6.42536273],28.861500522923805,2.6234558970659183
1616.9989999999998,0.10345889146157722,[6.49302904],33.24889479205352,-15.490057115539829
1617.46,0.08339465639724807,[6.52444637],23.19674171265015,-1.35232001376151
1617.9209999999998,0.10221205240885071,[6.14273533],31.200571961373893,4.397626077668332
1618.3779999999997,0.08772178122936479,[6.71031791],24.937340827310642,-11.555456973878705
1618.8339999999998,0.09162166044824101,[6.56647512],27.228955758214536,-5.4836652852475885
1619.288,0.08278766682467203,[6.4279833],22.243613717318432,14.862104014273694
1619.7489999999998,0.10570467314460466,[6.04611687],34.98521421219607,9.439338128118772
1620.2109999999998,0.09141954421396112,[6.6113569],27.665996964252205,-10.5913766506711
1620.6659999999997,0.09570993342070756,[6.13100584],29.96934623171777,-0.25145941277864015
1621.12,0.091210308103549,[6.60299262],26.278202253549743,-8.21951074516998
1621.5789999999997,0.08822252884019953,[6.33707094],24.30754485324694,-6.027119789970989
1622.04,0.08566729091187787,[6.31402523],22.7527746256255,2.83071880942902
1622.4969999999998,0.09075443105465238,[6.2389405],26.735840664941172,-4.175465067798825
1622.953,0.08188567193581175,[6.51437348],23.332065209104165,-3.4955569416793146
1623.4139999999998,0.08770941474359452,[6.52709841],25.437321153335965,6.613105615714765
1623.873,0.0879937558387221,[6.4462535],25.9720155170944,16.423097922242448
1624.333,0.10283388340149822,[6.47953894],31.638236956169408,12.565105447797292
1624.7939999999999,0.09952678305581411,[6.16807418],31.034069124476147,-5.4825740037381525
1625.25,0.0977895429580477,[6.34182657],30.083588507511152,-16.51258200746347
1625.714,0.08413017923430437,[5.99810269],22.78585527103713,-10.164037132046195
1626.1749999999997,0.0882725369842939,[6.00748813],25.433470683697568,-8.381395822206928
1626.6299999999997,0.07665986830354517,[6.88115204],19.00579586984956,17.99937747037418
1627.0919999999996,0.10539195724683215,[5.9545592],35.944330621977095,11.059605089770038
1627.5529999999999,0.08697003525531925,[6.54149509],24.174746961022226,-17.69142267484504
1628.007,0.08889490144907342,[6.64608157],25.143149348234036,4.253676219376307
1628.4699999999998,0.09087090871652069,[6.46435033],27.160615064164876,-12.089875200702163
1628.9279999999999,0.07792282023828238,[6.38214315],21.61422245308276,10.739593051375715
1629.386,0.10070837595158263,[6.12055599],33.07063294745068,-3.392833790425848
1629.848,0.07437441298515846,[6.50120267],17.23682375782773,-0.6427668817032134
1630.31,0.10011445935288889,[6.72522204],32.034484755491334,25.46595578377704
1630.766,0.09811278453764077,[6.5153752],31.92731605143865,-10.94598418536981
1631.2289999999998,0.08996260651680138,[6.4217902],26.558379678610716,-5.89630245293829
1631.6839999999997,0.09251429030564076,[6.67588898],28.930517374401646,3.1787275786096525
1632.1439999999998,0.09284671508282805,[6.31165363],28.352505672119992,10.214902698121946
1632.607,0.10199978465458862,[6.293976],31.79901462430807,-3.542961733704164
1633.065,0.08981550868307218,[5.86653697],27.99217327025934,-7.336301518477334
1633.5259999999998,0.09537370369347824,[6.28482194],28.572047215964105,-1.0858808690989292
1633.9879999999998,0.08878692672573658,[6.10142613],24.00685064390431,13.398564403391669
1634.451,0.10782274694217389,[6.13739082],35.713875409159044,25.810959585170462
1634.9089999999997,0.11271102543071279,[6.2050438],36.65645100709995,-23.68704318674729
1635.371,0.08575458573347465,[6.01816359],23.43411019678734,3.0518331003929062
1635.8249999999998,0.11453262437157657,[6.12882649],38.99565757379128,1.3850601865047774
1636.288,0.08589757534835732,[5.90932997],24.261912320536076,-23.65269376393536
1636.7469999999998,0.09242060808739064,[5.88848386],27.009439916331118,1.341573522638112
1637.21,0.08703109890056535,[6.15881255],23.053629410845424,3.3551497993048462
1637.672,0.09549416292273696,[6.39361205],29.044276319494248,1.2498640279936386
1638.136,0.0881200513861807,[5.88695727],24.514248815378462,-8.463890512460438
1638.598,0.08762694998279016,[6.17306125],24.38426406891969,10.642563767223127
1639.0609999999997,0.09798786798256438,[6.48656444],28.941861284657477,7.589123517456803
1639.5149999999999,0.09484978507420543,[6.07396007],29.74317492055963,-6.728125952916941
1639.9759999999997,0.09183422790250939,[5.95599505],27.800882061206195,10.102520201473537
1640.433,0.10399132540847657,[6.40197628],33.74781705463547,14.717547175878378
1640.893,0.10525867811481542,[6.26501988],35.94861713968256,15.390434163906008
1641.3519999999999,0.11810989123401527,[6.46549567],40.83384445404722,-16.472164878673244
1641.8129999999996,0.08992601708222818,[6.18614455],25.80721828461515,-45.62853162571005
1642.2759999999998,0.07601129398954896,[5.98575428],20.09142185802512,10.228469801657022
1642.7379999999998,0.09930687491579983,[6.21314476],31.654401601570928,21.321146034913905
1643.196,0.09585855798806438,[6.07586869],31.02681942286997,-3.478836014786851
1643.6529999999998,0.09611564832509437,[6.24431397],29.860176534363447,13.455140664890925
1644.107,0.10803908955728259,[6.28874237],37.55668265834087,-2.0362453395005726
1644.5679999999998,0.0938532388617551,[6.47337229],28.255973770524268,-25.029421483925688
1645.0259999999998,0.08500270838937847,[6.08322785],23.97885541457662,7.993520237739596
1645.48,0.10092574107236071,[6.28170281],32.23883212998747,-0.04524806870945253
1645.942,0.08439442248584447,[6.18022203],24.044979684731032,-2.8240464298121966
1646.4049999999997,0.09837948551935807,[6.76243127],31.562336399810903,-3.9376007240619626
1646.862,0.08117889012396266,[6.44938567],21.894545328550564,-10.318273119406058
1647.3229999999999,0.08912682561693228,[6.12725367],27.15388514967926,11.369432277506656
1647.7779999999998,0.09166328610543178,[6.30784964],27.431167944815442,-9.334140793786611
1648.234,0.08059357302877818,[6.12558561],21.71603624271172,-9.184411134331633
1648.6929999999998,0.0833503954242537,[5.82087366],23.529149366705063,25.98812497447282
1649.156,0.10471517660244223,[5.84396235],34.26641743598611,4.395697805817292
1649.6169999999997,0.08757865367034937,[6.56344991],25.5620377802988,-11.922474068440964
1650.0769999999998,0.0936841327039777,[6.50826644],28.29193661452081,9.415390620692508
1650.538,0.09624250526660359,[5.91241313],31.319335512524166,-11.561024286674131
1651.002,0.0828871873552826,[6.07033391],22.63317168858689,-2.5216252049438115
1651.4609999999998,0.09365384627253467,[6.33045997],29.211267385805286,7.559038672256824
1651.9159999999997,0.08992277640886745,[6.13741081],28.646517759488336,-10.348416194791183
1652.375,0.0841781322260037,[5.84408731],23.333331245057646,7.551744972216001
1652.837,0.09699873086277258,[6.47750052],30.9564827725493,15.25463636335389
1653.2959999999998,0.09830238235913687,[6.0849419],32.26479605900063,-16.646293630036848
1653.757,0.08160602493431526,[6.64615924],23.846756040078812,-21.56526807422607
1654.214,0.07838875539516453,[6.20787089],20.494438526329546,3.9671327434120665
1654.6729999999998,0.08528404330900934,[6.54463267],24.884744418904038,12.76650624780963
1655.1299999999997,0.09009187908886099,[6.44472561],27.0993214202909,-4.554309762055412
1655.5929999999998,0.08091199396320985,[6.51661751],22.313031328901005,-0.40954512506045926
1656.056,0.08971264030305486,[6.44637219],28.16401348041439,1.0094915822216195
1656.518,0.08188173157113664,[6.41595104],23.140791843730412,-6.113288921399562
1656.98,0.08406396133968179,[6.05596612],23.660449140599304,6.15953920895658
1657.44,0.08755509476293911,[6.35889803],27.005889203189643,15.399600463861047
1657.8939999999998,0.0980460852353766,[6.57306959],34.19890671422255,7.782986136491865
1658.348,0.09462204617485902,[6.52388092],31.200356817725858,-24.842373495825186
1658.804,0.0753701711784531,[6.57432321],22.00553274641173,-4.115895826165311
1659.268,0.09145041987487107,[6.64377321],27.06295820227603,8.941152815381951
1659.7259999999997,0.08392049364640256,[6.49538387],24.380701382335577,5.663903827186817
1660.185,0.09668847752974329,[6.82306444],30.269077299411503,3.351299795539525
1660.6479999999997,0.0868138139560559,[6.66936421],25.802580784459536,-16.0235007240328
1661.103,0.08189477197833324,[6.78362878],22.06235629113737,0.9184817320150029
1661.565,0.08782153877003669,[6.45768175],27.122078920926274,0.19135073201786978
1662.02,0.08224582037937248,[7.13963556],23.435639443970643,-5.236373043303544
1662.484,0.08313688444875286,[6.98470649],22.81238315063098,5.174601177671531
1662.944,0.08700123044567756,[6.58435465],25.929217444742235,-9.89472907495688
1663.4029999999998,0.07408017961857528,[6.7706844],18.94606476685772,5.4228990101825305
1663.8649999999998,0.09219781875403382,[6.37357481],28.80817697131047,17.510014325494996
1664.328,0.09023348457811793,[6.57965049],28.142754014982955,-4.225364526594361
1664.783,0.08831866037802123,[6.53481263],26.862966253884515,-4.024947319733643
1665.243,0.08655250243580155,[7.00469534],26.03723319058798,-5.949021689118483
1665.6999999999998,0.08287602350274756,[6.7135996],21.38512798289347,5.119689137533051
1666.154,0.09113781149238634,[6.48259209],27.95664266063852,18.001830524423223
1666.609,0.0992392951371078,[6.41664492],33.407282892839355,15.639322497808555
1667.0719999999997,0.10545974668110758,[6.26080871],36.098076622842406,-18.33548367579181
1667.5349999999999,0.08226063725329696,[6.0561981],22.77419894644843,-9.841963717465942
1667.998,0.09634608827873031,[6.34434646],29.922944359451556,26.366102650647523
1668.4569999999999,0.106602492034089,[6.16656433],37.730494998257065,0.9807636885377086
1668.9139999999998,0.09732973900592348,[5.9772917],31.95209841618891,-1.658471079210175
1669.368,0.10498019971175505,[5.92886147],32.72360110379167,-10.740421112064997
1669.826,0.08731276930937906,[6.14419643],25.171970134564,-4.239018937040748
1670.281,0.10090463321051059,[5.65752432],33.897805207432675,-3.6975214192332544
1670.7419999999997,0.0835203466239777,[5.80154613],22.884994176844693,-20.838578121796345
1671.2019999999998,0.081678596615503,[5.85049896],21.97809075608653,1.5415506899267017
1671.663,0.0849512175746349,[6.02520779],23.108693512633398,21.075187528061882
1672.118,0.10081684509025717,[6.42503533],32.99517275452333,16.72496611430317
1672.5719999999997,0.10019046098423544,[6.05128184],32.8548399342214,0.1903665943172178
1673.029,0.10099972058597387,[5.97291576],33.71480887775057,-8.307199294669887
1673.4849999999997,0.09262612199178338,[5.85426884],29.504691059992272,-0.9330281215748637
1673.9499999999998,0.1004572401073702,[5.99742871],34.2749790468011,2.2883944548703488
1674.413,0.09480783774030502,[5.81114086],31.349718148572062,-12.009441925265222
1674.8759999999997,0.08933649688457525,[6.46083806],26.99455687027342,-17.17430199773666
1675.339,0.07890443409039719,[5.72189151],21.430295866068136,25.196139097191843
1675.7999999999997,0.11242723137488587,[6.10476397],41.498232665571855,16.386903600843286
1676.263,0.09382012160420651,[6.25271533],30.27154893258113,-30.328278251447127
1676.7269999999999,0.08433265845899118,[6.55148552],24.026277652810585,-15.74317282557608
1677.19,0.07921680264066867,[6.09952001],20.37524488550839,32.74091714302356
1677.6529999999998,0.11465074773338892,[5.84364685],40.166457912091055,26.14669133457216
1678.112,0.103725386962359,[6.04428651],35.0887944360282,-15.009761539774278
1678.5729999999999,0.10087701481170286,[5.81243622],33.47402805202486,-15.458810354057453
1679.0349999999999,0.08943832461733367,[5.6779484],29.336644619813278,-9.624160627800165
1679.4969999999998,0.09198429039161571,[5.95975142],28.71282128379387,-0.4349150165868232
1679.9519999999998,0.0891221162346966,[6.27910971],27.554806014847728,24.825016753154877
1680.4119999999998,0.11501204545818959,[6.16680962],41.585028915095904,13.392091168928047
1680.866,0.10187381528990831,[5.90292979],35.188161027455806,-37.713921099206374
1681.3289999999997,0.08026886262447458,[6.17339487],21.296498533186867,3.087925730365773
1681.7929999999997,0.10483593167620492,[6.18149807],35.51240789820555,14.137488144262536
1682.252,0.09370376100486824,[6.49228022],29.02494319169567,-12.470742639925897
1682.714,0.09342130284636983,[6.42608815],29.01479497233353,2.049993660258459
1683.174,0.09558323270201138,[6.2552377],29.958197170266004,5.1174666310249
1683.629,0.09809963131926096,[6.11547667],31.97565916058743,13.00877290241427
1684.0839999999998,0.10742121604320648,[6.52203836],37.10779126107376,-9.053644896773406
1684.5459999999998,0.08938068862870158,[6.23932581],26.69649977110675,-25.869582857451874
1685.004,0.0835162228138526,[6.58326935],23.80028686229181,-0.6095650556817295
1685.458,0.0887276317585607,[5.98855272],28.265922563584525,20.663386806991728
1685.9209999999998,0.10263150838698369,[6.50763053],35.049205291120394,0.25198906647601327
1686.382,0.0890793243229837,[6.31424704],27.64774321412527,-7.94104009001742
1686.835,0.09503307533972216,[5.91316603],29.854452055568522,7.910499201412777
1687.292,0.0962358342738577,[6.58026359],31.338195576055913,0.4643010134205011
1687.754,0.09543797382964304,[5.77597404],31.31782525252113,9.233071903480827
1688.208,0.10451948573075479,[5.88654961],35.70269939721265,-2.922041331620079
1688.665,0.09263798747977195,[5.9833378],29.62359770348954,-30.400840545462618
1689.127,0.07653685307857061,[5.74025944],20.66250504563664,10.372078824059273
1689.5879999999997,0.10212106808150784,[6.30625043],34.93658415967289,30.26392109365912
1690.049,0.10444018832690215,[5.74793242],35.89982561498281,-11.790889345435678
1690.5049999999997,0.09147612551133524,[5.61998989],28.75962618606977,-20.70703460196334
1690.9669999999996,0.08552441539968582,[5.82628093],25.319072129263894,7.653526381075235
1691.422,0.0982090830438786,[5.83408259],31.895153790681928,-5.259180450536999
1691.8779999999997,0.08066695403771247,[6.25728855],21.812087042922645,-1.9226815279651395
1692.341,0.09695772250325589,[5.71127505],31.497604494876352,12.522822077806126
1692.797,0.09249030305008005,[5.83704674],28.76085702506248,-9.013537666237761
1693.2509999999997,0.08875227635994029,[6.27482424],25.336228510087874,6.89550128313314
1693.7109999999998,0.09897553936542927,[5.90849067],32.36057266671145,0.4962704503686105
1694.1749999999997,0.08903624877735448,[6.19980192],28.22907345356641,-11.25937783538808
1694.634,0.08848206604783544,[5.99968527],26.262724082497048,14.133801439202328
1695.094,0.10205592806544983,[6.37571148],34.707710507078154,-7.8775213287159005
1695.551,0.08148196302793648,[6.34527306],23.32645201175012,-13.060597124487233
1696.007,0.09006775478296809,[6.32021364],26.742227990980123,4.19510359517003
1696.4699999999998,0.08513082336527175,[6.125689],24.519765843515025,28.30528598105643
1696.9339999999997,0.11638477546162304,[6.27370738],42.636819431685076,8.840360588879035
1697.391,0.09408585796654954,[5.70214637],29.99769227089803,-18.817410940100142
1697.8539999999998,0.09943483943222514,[6.418012],33.05325651859935,-17.423793707475987
1698.3159999999998,0.07802673954141182,[6.80926533],22.265025466258535,-16.620340191241603
1698.7729999999997,0.08386517950476945,[6.24957648],23.929082581073676,12.968337499209309
1699.237,0.08997329765381264,[6.3110455],27.31034199942912,-6.8348218578875715
1699.699,0.07761595753870246,[6.58500416],21.07345380410571,-23.725437573099654
1700.154,0.06817508319398335,[6.60010438],14.237232924001065,5.709592158147231
1700.607,0.08269466475667452,[6.25267756],24.224050599383755,24.63227174052826
1701.062,0.09051144127876169,[5.7531883],27.451970335042894,17.319137514321362
1701.522,0.09854307733105079,[5.98243672],33.00644466876854,-0.6233950572198388
1701.984,0.08986417989468463,[6.17842315],26.742023220009127,-7.288999222117135
1702.444,0.09177673361273858,[5.72193185],27.773259165421642,1.3864484456698327
1702.9029999999998,0.0911438625457976,[5.67932801],27.61732678828756,14.671314060022908
1703.362,0.10524499991985597,[6.0968605],36.22997799245645,-4.700669759361745
1703.8219999999997,0.0867530256607658,[6.00006592],25.568993306090952,-2.9901452840457865
1704.281,0.1024227176972226,[5.74704118],32.996340774553154,5.20547873925005
1704.7359999999999,0.09174129093177186,[5.63502471],29.131633819209387,-16.201792275190794
1705.199,0.08766687746162001,[6.20453965],26.64464632748185,-9.678013431450152
1705.663,0.08276801461584572,[5.75443434],23.792517410783567,9.442759466907132
1706.1189999999997,0.09603696442549517,[5.84813125],31.889777970420404,31.691027092923193
1706.5789999999997,0.111817826019809,[5.62415885],39.59176693456615,1.2585530725240797
1707.0389999999998,0.09719483325221741,[6.08903627],32.24986835149182,-4.178479232096896
1707.495,0.10777041432930203,[5.80967452],37.775172985898685,18.836247516401116
1707.955,0.1144138366115939,[5.9690505],40.831251925188475,-14.43123021217696
1708.4159999999997,0.09442144163039903,[5.52230374],30.200480061388827,-18.077695641990964
1708.8759999999997,0.09771375427278735,[5.6746948],32.6590149549202,13.873903257199574
1709.3379999999997,0.10724010564708272,[6.21186332],36.148129528684855,-2.172775516024253
1709.7929999999997,0.09603799790095363,[5.77630565],31.589828851129507,-15.442186135617458
1710.2549999999997,0.09320909897495583,[5.88438244],29.44199636230211,22.165119218638882
1710.716,0.11643988761567928,[6.23059539],43.73802722465252,0.29869311142131927
1711.176,0.09358427361423863,[6.51633423],29.286062545143242,-23.492693374226505
1711.6309999999999,0.0946835624937084,[5.99978099],32.250809651388685,-10.282714068393982
1712.089,0.08411971208454731,[6.34595034],24.049157840553168,-6.507273214460859
1712.5499999999997,0.08880305119734512,[5.92657628],28.791040655588187,-1.1662233159539792
1713.011,0.08304445418722742,[6.73625031],25.219020274052117,-5.942338301847122
1713.475,0.08334581129866485,[5.84008743],25.803046837176463,0.7785084561362232
1713.9379999999996,0.08376587374030571,[6.57802331],23.249405983604962,-2.24489157895949
1714.3959999999997,0.08130961749046776,[6.2779478],22.090049866889647,-0.816004553645458
1714.8519999999999,0.08300189728863289,[6.54019763],23.87884514084905,2.1927176974631535
1715.308,0.08330937603055474,[6.22651611],25.072704158196427,6.146400084665451
1715.7689999999998,0.08869316721798125,[6.25687951],27.438871290521515,7.361314515342262
1716.2259999999997,0.09010145044870686,[6.33107731],29.820363137338543,-2.401585948156912
1716.6879999999996,0.08643097809201127,[6.22982474],25.114107744285683,-7.7647827881646005
1717.1479999999997,0.08294160242584582,[6.33921153],23.780472723397782,6.9438363022944065
1717.607,0.09278333636840574,[6.17626909],27.52541623436783,-4.242695195323817
1718.0629999999996,0.07921313899490345,[5.90931834],21.00896538372153,-5.112838786136359
1718.5229999999997,0.08829801175293815,[6.29610217],26.33538984460143,14.499159428799924
1718.9809999999998,0.09254432394929805,[6.46778699],30.670456495710262,-9.294376419475988
1719.4389999999999,0.0797843629526966,[6.3583706],23.395125092669147,-9.27160172632592
1719.9,0.08413561869121731,[6.33906076],25.324144665702537,12.82788490233204
1720.3609999999999,0.09161167283264399,[6.66010938],30.113918566905387,4.75887004140696
1720.8199999999997,0.08855951237777043,[5.94363763],27.724609917772224,12.375510678140161
1721.281,0.10307340884351122,[6.15950252],37.518387202672756,17.23085854671669
1721.7349999999997,0.10452377009491362,[5.83353514],36.04943226895917,-18.805006876950163
1722.1969999999997,0.0854929271111162,[6.24393367],25.031852974356266,7.111715922943504
1722.656,0.1107847773467925,[5.92733285],40.71003981224225,-9.537513273550763
1723.1099999999997,0.07742805265299106,[6.15272126],20.351517425974915,-17.24087851653326
1723.5719999999997,0.09589977294923484,[6.01764256],30.397831919419403,34.81675802803462
1724.0339999999997,0.10959873707089429,[5.59044627],40.21570098948186,-7.654114786201108
1724.493,0.08907343981325533,[6.29508574],25.641442590515773,-27.600806065950778
1724.9559999999997,0.08428832347297278,[5.79701597],22.758429875304145,-10.718970712310288
1725.4179999999997,0.07915915896755206,[6.1766584],22.451257664491045,5.964413487414194
1725.879,0.08975938106002174,[6.5446591],28.84762940577073,10.810141789266813
1726.339,0.08913964079109914,[5.64717415],27.64085436211479,-12.59605941458955
1726.8029999999999,0.07803024051472238,[6.22787877],21.7292754925655,4.095094182036324
1727.2619999999997,0.09264054570475685,[5.87372991],30.309651935982583,19.60209094163819
1727.723,0.09601514305607847,[5.78912276],31.507898999955977,14.864882017922785
1728.1839999999997,0.10634596692527516,[5.54598418],37.254928299558586,-16.2336030374509
1728.6419999999998,0.0813275666377927,[5.47884372],22.50382000440678,-17.966947363753842
1729.105,0.09016699321432685,[5.86121925],28.584387949614925,10.222886405514636
1729.565,0.09081633088143908,[5.65125873],28.51697817335865,5.700105841276434
1730.0259999999998,0.09542537702140441,[5.61424262],30.33259298497091,-21.320249675069373
1730.4879999999998,0.07107503613489755,[6.68625728],15.073992731624683,3.6530305975390336
1730.9469999999997,0.09845275973511787,[5.6510232],34.22294664593885,13.297760373769258
1731.4049999999997,0.08336167881261106,[6.03934287],24.618127733407125,-17.05630046767949
1731.8669999999997,0.0828886678048321,[6.15703505],24.44467571757524,8.889904944806307
1732.33,0.0916046898214605,[6.09287578],28.74915383836498,17.082133234750955
1732.7929999999997,0.0987067231802119,[6.16804514],32.47705122084265,-4.518024614815541
1733.2549999999997,0.08746518854372211,[6.0419815],26.562063283962303,-11.2409158481101
1733.714,0.0882755462503493,[6.10347024],27.907484663686617,8.476922077980579
1734.1769999999997,0.09533483614450924,[5.52909534],33.30020442445174,7.743748055087013
1734.638,0.09546071702513222,[6.19347629],30.109930858969705,-10.132093467533423
1735.098,0.08602396579797177,[6.13302425],25.641238984229773,-1.2447934174893982
1735.56,0.09439026459105973,[6.19975651],32.165075437710904,2.60832249965412
1736.0169999999998,0.08857518089431017,[6.19363686],29.39148496358716,-3.3261239720265707
1736.475,0.09136567841799655,[6.19205648],28.38564462253284,7.288126694192432
1736.935,0.09527047298857169,[6.00416905],30.600114229527154,-9.748752000795848
1737.393,0.08248911523826384,[6.16193952],23.059097902709745,-9.222935099171298
1737.8509999999997,0.08682226443771644,[6.42698236],26.629871811659882,14.136285477266572
1738.3129999999996,0.09553206329343757,[6.01183482],32.13522787766014,5.570112430095891
1738.7709999999997,0.09205256600986884,[6.21498271],29.412965587538707,-9.428707291831929
1739.2349999999997,0.08681667258579998,[6.30204905],25.42779886457426,-5.183911273189304
1739.696,0.08722096435699103,[5.9265363],27.10247979602106,2.6077183115165994
1740.154,0.08920281512480936,[6.07634955],27.063262922597993,3.2076351712666815
1740.614,0.09016108546684064,[5.87676761],30.017637502314873,13.597653668155838
1741.0719999999997,0.10163950348878821,[5.8444862],36.62253438471273,-11.341739314882387
1741.536,0.0792642949366185,[6.24566366],22.27775269723507,-7.683453930013961
1742.002,0.09465639672096071,[6.02349096],29.968073556964278,1.128220169884342
1742.464,0.08056540423457133,[6.03467237],23.554273954231213,-4.212757003977844
1742.9189999999999,0.09042806541324998,[6.14086673],29.168590471680126,6.874279300435812
1743.382,0.08663708022116638,[6.38500897],27.257995596116963,-4.156477509502474
1743.8449999999998,0.08657916723944731,[6.36612136],26.54099141937658,1.0656130179598489
1744.3069999999998,0.08762039344437131,[6.4810839],26.77026281531029,-6.870431838899418
1744.768,0.08025598723928155,[6.62339466],24.053882692730724,1.295223912998897
1745.232,0.08892243317179409,[6.32715248],29.609419146416815,16.028266197027783
1745.692,0.09508720919807727,[6.21137567],32.58969900334768,-19.96387668980458
1746.154,0.07038198647364655,[6.47754463],16.186480043263042,-5.036212557831446
1746.609,0.08979600354046612,[6.21071529],27.364757379690463,18.886812649717406
1747.0639999999999,0.08756898598488665,[6.36637846],27.202873163756838,2.152057670379168
1747.518,0.09173814624638421,[6.11052978],28.944509768872564,29.205679371796855
1747.9789999999998,0.11457465872739564,[6.24947486],43.76266729005398,-13.098353630067477
1748.4409999999998,0.0795229594634535,[6.00109819],23.527516799166662,-32.58569503086863
1748.895,0.08403961755881546,[6.29698295],26.382280916482454,7.877004166571291
1749.3539999999998,0.08669383437417333,[6.12433193],26.984850698540583,11.794300851900793
1749.8159999999998,0.09493835668022346,[6.35191238],30.751450533266,1.587560482867803
1750.277,0.08819163296175737,[6.30282572],28.274146331283738,-3.6500051914939573
1750.7349999999997,0.09151830654432944,[6.06019036],29.534553993995527,6.612167401784413
1751.1879999999996,0.09422179503317438,[6.30190917],31.39820233759971,-6.95739925040452
1751.6509999999998,0.08488396824930403,[5.99919848],24.683645955880305,-24.84104793386155
1752.1099999999997,0.07135557099795727,[6.48347427],14.892068938264064,17.107325573206072
1752.5719999999997,0.10092021420192926,[6.05408493],35.31387293896364,16.53848242962193
1753.0339999999997,0.08663712876292756,[6.16204857],27.618493238452235,-28.537136372191686
1753.4939999999997,0.07459948052908773,[6.06690466],20.716211975384347,6.079019390489076
1753.955,0.0923004713653368,[5.83509618],29.90700681460903,12.514068098373784
1754.4179999999997,0.0860587233711603,[6.56782068],26.173775814820317,-17.77604763664879
1754.873,0.07605018515574129,[6.16561131],20.230278843590565,9.715049655129024
1755.3339999999998,0.09534075996694008,[6.0005493],33.33025282703992,19.714885386530366
1755.795,0.09422730948210267,[6.48960976],31.270120538056005,-14.306022327705378
1756.2559999999999,0.08215060738080616,[5.61467471],24.204310823463587,-7.223657949379583
1756.719,0.08762870653367645,[5.85287423],27.33926680702358,6.16293159115043
1757.1769999999997,0.08788304944507448,[6.22636384],26.387822372425,0.19763192400333585
1757.638,0.08780817703109549,[5.98521178],27.781991700583692,-1.7183227045941134
1758.1009999999997,0.08628908212709406,[6.07711706],26.099687148842225,9.204750533215567
1758.5639999999999,0.09633177602486383,[6.2944939],32.986981239534956,3.1415191820762383
1759.0209999999997,0.08940042509530537,[5.85980359],28.269529670235336,-2.595697724076043
1759.484,0.09409558088947233,[6.11284645],30.542653503084818,-2.0547695173690346
1759.946,0.08752412794113158,[6.41184212],26.508615933048727,-5.624718844778262
1760.4049999999997,0.088863787118701,[6.16108661],27.026002619218517,-1.169163295867595
1760.8649999999998,0.08644148234483888,[6.07249153],26.836011403723056,5.016564245251945
1761.3249999999998,0.09347902622433316,[6.22221231],31.91798506518352,9.860877775981061
1761.7839999999997,0.09551449346025863,[5.88753214],31.760824373232165,-3.0064185112713275
1762.239,0.09079042822541097,[6.34639483],29.318603949458314,-0.8867434627656823
1762.699,0.09479860311496426,[6.29425237],30.643949614922075,1.70157791895989
1763.154,0.09241710940022695,[6.0563055],29.483629928759207,-22.598175650482847
1763.618,0.07371523427301227,[5.55529382],17.297144396117677,-15.393891781421114
1764.0789999999997,0.07802877146537954,[5.59819358],21.483295464370386,28.07070872736364
1764.536,0.09933508402678119,[5.99209769],36.542409473072546,19.126815864666067
1764.991,0.09558216812390753,[6.15749623],32.32233489534108,4.140640026130265
1765.453,0.10330682840578148,[6.03410315],37.917618986380695,12.51186136678642
1765.915,0.10714312802681791,[5.87824601],39.3458634523692,-2.9247349224823944
1766.3739999999998,0.10068029928938167,[6.12966735],34.63866911964699,-19.014221576592718
1766.8359999999998,0.08960132930192516,[5.90368167],28.98257971173919,-4.716426350092701
1767.299,0.09635617466892,[5.81322355],33.30857062005615,7.114859536814539
1767.759,0.09621304599880391,[5.90175865],31.634690662922466,-6.879329930857075
1768.214,0.09012691262232783,[5.4891914],29.358708783443284,-6.478187876292424
1768.67,0.09032522786265772,[5.61500548],27.4242492724569,1.3852218563321916
1769.132,0.09141002515186693,[5.85949323],29.610617422020333,-1.5910735213929965
1769.5949999999998,0.08884559808993485,[5.67730671],27.47130969119501,-3.712453392715531
1770.0569999999998,0.08797235717609889,[5.96056459],27.550642509590254,17.988438391136548
1770.513,0.1051219906696339,[5.5970703],37.99045710167052,20.815689517929002
1770.966,0.10699424643921378,[5.57568232],37.454188153312785,-4.097673415989115
1771.4209999999998,0.10136830777731756,[5.68934813],35.85467342694821,-5.237523957164661
1771.877,0.10223713213116063,[5.70698115],35.047476854118706,-18.56899352310952
1772.3309999999997,0.08455224131245014,[5.86648236],24.46498351658,-12.457454185206911
1772.7959999999998,0.09137870655356665,[5.89947875],29.222321941742855,8.897974887834073
1773.259,0.09283264264769808,[5.67635101],30.02949572330667,-3.9063681988767
1773.7199999999998,0.08779734793566152,[5.59957756],26.148593989146118,7.234612242925251
1774.176,0.0992861951318484,[5.44487087],35.94268634496691,10.922793206910587
1774.638,0.09765208079342035,[6.12847909],31.95460718471042,-27.13852765743459
1775.1,0.07421019557637944,[5.92785719],17.400484980360048,-14.433364459033662
1775.556,0.08396940154740035,[5.82990828],26.64155412303233,1.7752744725470226
1776.02,0.07552666960749645,[6.06166937],20.061883718570726,11.958721282549794
1776.4759999999997,0.0944931161080851,[5.69221732],31.232798726704754,17.300476687182986
1776.9339999999997,0.09124192177553142,[5.856076],28.95263641848352,-15.47341990580446
1777.395,0.08022263019152799,[6.08658178],24.11992429252249,-4.718861662812338
1777.8579999999997,0.08695859668379721,[5.9360558],27.866530560121312,7.543798518747355
1778.3129999999996,0.08725894457954124,[5.6618708],24.57058493900834,17.010164630406013
1778.772,0.10263726257806664,[6.15952154],36.94912458800455,-1.9401165969901157
1779.2289999999998,0.0856232652053904,[6.32606311],27.345941105857094,-12.287900044133258
1779.6889999999999,0.0915194005548846,[6.15645804],29.921725067008577,-4.515391575304006
1780.1439999999998,0.08166407067010721,[6.25126591],22.87887102749083,-10.631258460957776
1780.6039999999998,0.08190269311372848,[6.00633848],24.793296843461654,-5.401810100457011
1781.0679999999998,0.07662522776860936,[6.41809481],22.080557357742595,6.7652620447905685
1781.5259999999998,0.08792400274649817,[5.56651439],29.578244322113896,-1.4561512357420259
1781.9859999999999,0.0751837488974367,[6.47225235],20.310809887532717,-9.093199253656383
1782.4499999999998,0.07967135773527999,[6.45468545],24.81810676295687,8.940291209970475
1782.9049999999997,0.0834129118927843,[6.17243264],26.26920511095488,0.8264912152521481
1783.362,0.08039546587866718,[5.94312289],22.59086387252732,3.495039036953154
1783.8249999999998,0.08675031644092167,[6.0111008],26.62845851032099,1.5929602800237168
1784.2869999999998,0.08189319277156232,[6.18274737],24.31970628123622,1.0521107570626853
1784.7489999999998,0.08772246678044757,[6.18054721],29.158862788567763,-1.5386726837417624
1785.212,0.0804415776002933,[5.87296228],22.422471720436256,-12.767856546541958
1785.6659999999997,0.07596162283980655,[6.2740749],21.13065209001723,24.899053574021586
1786.1279999999997,0.10381028044554287,[6.01963988],38.21162680896063,9.220753398103728
1786.583,0.08512644666019144,[6.06837952],24.28157373666498,-22.506160281106663
1787.0439999999999,0.08341879241895375,[5.81244947],24.336747551211985,7.03829721895527
1787.5059999999999,0.09164430336867976,[6.81628952],29.29535068065264,3.781988354700949
1787.9679999999998,0.08691334965869735,[6.15906934],27.989466158004575,-5.0454223729047145
1788.4229999999998,0.08694547568928361,[6.13783903],28.726309690679344,-14.454331567154643
1788.877,0.07380338021765939,[6.18983412],20.67883515972371,-7.682998028878119
1789.3399999999997,0.0802867186352244,[6.27863595],23.5203125309632,2.524054745904461
1789.7999999999997,0.07620173263342907,[6.16015724],22.011998753228777,1.5277711871219957
1790.254,0.0815590179466592,[5.96407814],23.59976179806747,16.886621208215658
1790.71,0.09158894848047477,[5.91992117],30.89180358393701,-2.4693484326926
1791.1659999999997,0.07930697217606629,[6.53738355],21.775674128806525,1.990016118653251
1791.625,0.09358392914903256,[5.96104059],32.44861555620393,21.27028612896585
1792.0859999999998,0.09883621293250362,[6.12533034],35.327311274372946,-13.517109561922203
1792.549,0.08099426237243935,[5.91559738],24.89951729035737,-6.74571181378944
1793.009,0.09241979996168063,[5.94513277],32.23618619326457,3.213207548374966
1793.464,0.08414942118839991,[5.64562022],24.54830684150304,-12.466388386915577
1793.9269999999997,0.08106782291718477,[5.77232776],24.033537009033758,8.691284613310021
1794.3809999999999,0.09184576799633157,[6.19686184],29.918969247563986,3.691671278900202
1794.8429999999998,0.08412579488348702,[5.5759514],26.799790947394502,-1.4162692382576476
1795.2979999999998,0.09033456034659577,[6.20481339],28.293530458379916,5.17142711121292
1795.7529999999997,0.08883179355469002,[6.15161837],28.284756577654477,18.940433809588306
1796.212,0.10782484477141409,[5.72460274],39.622519105459574,-15.266363487535322
1796.6729999999998,0.07455966326283638,[5.89477459],19.30193076322253,-27.970363266079325
1797.1279999999997,0.08167718215686902,[5.66386312],24.862875924894194,22.78439771715794
1797.5899999999997,0.09555370604066749,[5.54546544],33.63859090519531,-13.863693373357092
1798.047,0.06937306702840551,[5.61259626],15.812671121428364,-14.741402608195619
1798.5049999999997,0.08215050904948815,[5.93158092],22.598206069833452,0.590131280914355
1798.9669999999996,0.0696965680981468,[6.09910352],13.905764156900007,-2.854637042200986
1799.431,0.07960373160369229,[5.68638376],23.06403176116847,23.815393896657973
1799.8869999999997,0.09156765033586797,[6.190221],27.47317402625692,31.208046500577623
1800.3449999999998,0.10814781524429305,[5.71256132],39.3798239888131,-0.12630185147775863
1800.8069999999998,0.09115956326610573,[5.83199143],30.345900954176646,-1.5469202892468976
1801.261,0.10617212879431673,[5.74753477],38.435320757211606,18.439742228497938
1801.7169999999996,0.10788108948577611,[5.83575086],40.67113742728202,-21.277729951351716
1802.1729999999998,0.0867668390786653,[6.00131109],26.57183729188578,-16.63288882316405
1802.6349999999998,0.09297048344029636,[5.46779993],31.305763328917852,18.576021350181367
1803.096,0.10390222148881896,[5.73879711],37.42637653896922,-22.52442755069127
1803.5609999999997,0.07174135855313919,[5.55642196],15.448159310237454,-21.60362925788113
1804.0229999999997,0.0835912205725334,[5.74097218],22.296112217107613,15.666752739568274
1804.4829999999997,0.08622594734918909,[5.69788005],25.724526332967983,17.140097967334817
1804.9469999999997,0.0995203674969646,[5.51725424],34.32148042195641,-5.454440464791058
1805.408,0.08138456562455601,[5.88996702],24.30651940693636,-28.482515798715482
1805.8669999999997,0.07327311669774696,[5.68167441],17.88017758211448,21.09031564574955
1806.33,0.10114128638318656,[5.81522883],35.349412698896806,26.28999631893117
1806.7839999999997,0.09798532040600126,[5.73593002],31.455387608391657,-15.541840473908234
1807.245,0.08679930996480283,[6.00436384],29.196722333629417,2.567535109817748
1807.7089999999998,0.10052180742065701,[5.63043077],35.95659321053108,5.383974722060938
1808.17,0.09192415961232887,[6.02320076],30.48243070067313,-9.44692957647901
1808.6329999999998,0.09182973660772309,[5.75662053],29.76653731661422,-9.082950635981899
1809.094,0.0835669525691791,[5.9401581],24.910092223791203,4.607427728029051
1809.5529999999999,0.09597864146513779,[5.27391266],33.53694781530703,14.964734068430644
1810.011,0.0973137393655537,[5.72898088],32.38390094417534,-7.959583624548239
1810.466,0.08877657578929507,[5.8634326],27.770985455176593,13.545608868827594
1810.922,0.10971847726447377,[6.26622183],41.39252775563654,4.306647470023087
1811.3759999999997,0.09286173421208237,[5.74387184],29.89363686237418,-18.92934085943884
1811.8339999999998,0.09260116020509589,[6.04146604],28.305563244931456,-9.55847996314213
1812.2959999999998,0.08399570227222321,[5.69753827],22.956436424221195,5.8797546066285395
1812.7529999999997,0.09776091791707035,[5.95516491],33.367068756564414,-1.644610336582114
1813.2069999999999,0.08268742927203566,[5.58783816],25.470811785335826,-10.46460993457564
1813.67,0.08857819151605786,[5.74788219],27.358000036709303,-3.5311067395004807
1814.1329999999998,0.07941762443127325,[5.47644477],22.477896205883237,10.435072705215973
1814.5929999999998,0.0980290291701784,[5.61861858],34.6899882998772,5.155903665033559
1815.049,0.08442163360946918,[5.4343329],25.15844736633735,-3.9505151066820954
1815.504,0.09437838615561296,[6.05502532],30.47238214285472,1.5604340753681833
1815.9629999999997,0.08568457540721265,[5.96588736],27.649682963029758,22.77125555463147
1816.417,0.11475369417639503,[5.73950374],44.156531548668745,2.834322886190954
1816.877,0.08753595921512787,[5.75580915],30.115433710977566,-43.64110652714081
1817.335,0.07462918187946499,[5.67493835],18.965854685909736,-10.899396165094846
1817.797,0.07764736918118932,[6.26433117],22.49426527470905,20.275955107969423
1818.252,0.09303128716284548,[5.85435073],32.91443363948682,-0.4312904931835504
1818.7149999999997,0.07669875444945237,[5.89749468],19.99075323124904,-10.6095210000747
1819.1779999999999,0.08320687071679947,[5.72598291],25.289265873488578,22.73303670799415
1819.641,0.09774954644106372,[5.68360762],33.29612290700459,0.5010559963646299
1820.103,0.08373209797778007,[6.20759003],26.83931250345517,-26.661736696253836
1820.565,0.07311410173372575,[5.90880226],17.43786289352553,2.1746464363129743
1821.02,0.08537671444867526,[5.66643118],27.92995441822936,-4.0333950481996474
1821.478,0.06924509402723426,[6.03614831],15.276838619465947,3.4895690715832925
1821.933,0.08833118302999732,[5.5797636],29.414197004520172,1.1601487540395667
1822.3899999999999,0.07013964192284042,[5.82677504],18.487607837025212,-9.593467888305451
1822.8469999999998,0.07956275338008845,[5.77387746],23.26338956480726,27.807635916229422
1823.304,0.09555582115028662,[6.22718005],32.916784569806694,-0.9665777482099208
1823.761,0.0786793013182571,[6.11568309],20.75900705975687,-16.778423194263663
1824.2169999999996,0.08019686385847395,[6.47318842],23.622857823753584,9.376051215108635
1824.6709999999998,0.08718736872444324,[6.10628715],27.56347308513407,-2.939204653767222
1825.1259999999997,0.0774884128538692,[5.82146195],22.693413655117954,-7.0011011595207115
1825.5859999999998,0.08092530057131854,[6.06947521],23.149868994887544,0.3469107645057562
1826.047,0.07779365301120264,[6.08939054],20.81047714303617,9.749757097250761
1826.504,0.08974380839362478,[5.89299959],30.357454294170154,-7.1763620663426035
1826.9669999999996,0.07078886872394462,[6.10454794],17.254930782587515,-15.39636798678612
1827.4279999999999,0.075415612941763,[5.7098192],20.643250023633552,14.213490812849145
1827.884,0.08378109463395944,[5.81464784],25.861526479126123,13.360665027348062
1828.3449999999998,0.08761722259281665,[6.18939043],28.16850816660434,0.6181317126695424
1828.8069999999998,0.08433620712087658,[5.62488917],26.961437180251355,3.719282728842116
1829.261,0.09085244782693809,[5.91999879],30.934240450848186,-6.125085426078675
1829.7239999999997,0.0783472455210154,[5.82777283],23.019259685005537,-10.755177215926087
1830.1779999999999,0.08070022369194216,[6.18283616],23.147585293934462,3.0140173501617267
1830.6389999999997,0.08107447476853184,[6.48322663],24.28669082913128,2.3096001469290197
1831.1019999999999,0.08284029832633334,[6.06551692],23.369703813688883,8.361741522068991
1831.5629999999996,0.08878257175436534,[6.04110624],29.072378239754844,-19.409391827213295
1832.018,0.06544636539068378,[6.1661843],13.20700563609478,-8.104467389510205
1832.475,0.0815644127267319,[6.15001717],24.649621970337044,0.783795675279253
1832.937,0.06581993255829857,[6.06985079],15.155361941971107,-3.533159403615524
1833.3979999999997,0.07824228110963787,[6.62478526],23.585847915045623,-3.2650866512824175
1833.8519999999999,0.0632521296388147,[6.00186274],12.257937128454605,7.735391994069571
1834.315,0.08607646678172592,[6.09637289],24.854109748929805,28.84102402297262
1834.7689999999998,0.09006397085089105,[5.83424318],30.43176060777224,-6.863214456253541
1835.232,0.07949847487623028,[6.14586509],23.50669749594842,-14.581154278349898
1835.6879999999996,0.0765494230808918,[6.10973274],18.719768182207368,1.6410836369693955
1836.15,0.08110292941396147,[5.90618342],24.955095684152514,10.99928607139529
1836.605,0.08661988469349241,[6.18154109],27.869340736871273,-1.3310697311848392
1837.0699999999997,0.07960626292114349,[5.93722216],23.78466078229443,-11.859871526871471
1837.5259999999998,0.07563948712659802,[5.6943402],22.262173579256626,14.350638634643156
1837.9849999999997,0.09287585045043921,[6.08966348],31.307824145231724,2.9385785771236934
1838.4479999999999,0.07807074271708764,[6.18616275],21.448685703045594,-14.099829298948874
1838.913,0.07986286988401657,[5.81218653],22.98648403428558,1.4234483649000067
1839.3779999999997,0.07939454969644662,[6.36367687],22.945310823231548,-8.015350859208652
1839.837,0.07254024164700161,[6.20018568],19.638087178584545,8.295326644038315
1840.2929999999997,0.08684585827781013,[6.12887072],29.808868441854866,17.160115962167225
1840.7559999999999,0.08810989516096321,[5.98280969],29.719029679013463,-4.12715802183794
1841.2109999999998,0.08316589549057422,[5.95542093],26.22131981453834,-3.731677715474807
1841.6729999999998,0.08478859457909062,[6.23909196],26.632151645460727,4.378753693723328
1842.132,0.08719354601274218,[5.83834161],26.652300425675385,-0.05186344942727239
1842.594,0.08470897613471347,[6.04660309],25.825474220500876,3.2575084344522027
1843.0549999999998,0.09018297425837764,[6.01859928],29.74119873125683,-3.316064839434099
1843.5149999999999,0.08168522796158326,[6.03915565],25.933178088414888,2.6592112715712184
1843.9699999999998,0.0924059753533878,[5.76107031],33.27653929379114,-8.91358414551352
1844.4249999999997,0.07357386638916724,[6.19677653],20.748460697413538,-8.07519507997817
1844.882,0.08517494653285285,[5.72982783],26.642031532838978,17.654951019148434
1845.339,0.08971049162067975,[6.29963889],31.689367308872967,0.5678302053227502
1845.795,0.0857120685881894,[6.03392512],26.41283909250778,8.711842012182863
1846.2509999999997,0.09765569153577294,[6.11641252],34.252257267714505,-4.358449545478871
1846.705,0.08186781393453861,[6.12125743],25.006648680110246,-17.381793121024753
1847.1689999999999,0.08205090192038227,[6.00731497],25.730687653694467,20.27651643393723
1847.6279999999997,0.10038529052516891,[6.06858662],35.02746259869326,8.872796784082412
1848.0839999999998,0.09035533016437992,[6.19600977],31.420344889128536,-7.213168209176183
1848.5459999999998,0.09394215744424783,[5.91900769],32.23911149566504,-11.10018987656683
1849.0,0.08048676522312212,[5.85914368],24.009244500146067,-10.330246533202692
1849.4569999999999,0.08464752868156655,[5.87579014],26.303971230729335,10.641299349794005
1849.9139999999998,0.09021291282883129,[5.77289612],29.091379291005047,-11.360326373716006
1850.373,0.07414711005836461,[5.71978416],20.3640498114519,-6.612285045404717
1850.8269999999998,0.08389354821034414,[5.70478588],25.850449163582066,7.928741987253574
1851.2889999999998,0.08119130217599725,[5.74691531],25.290230745259006,-14.515725208516308
1851.745,0.07067143763485793,[6.48569419],15.352166025038745,6.281237091793443
1852.208,0.08737782863754538,[6.12821873],27.453725854156374,10.282940529466252
1852.663,0.08052041037579698,[5.86165393],24.574207598703335,-16.366745723094947
1853.121,0.07242719118637071,[5.94208782],17.265075119937098,16.93463524979348
1853.576,0.09577477986097138,[5.575904],34.33768229582729,4.517793646487703
1854.0349999999999,0.07618044431568037,[5.84709465],21.80501299020373,-25.523977462891242
1854.4919999999997,0.07232630526590354,[6.06341604],18.460692774545276,4.194577676019495
1854.955,0.08019198826273981,[5.65491089],23.211895109968772,11.691387394733521
1855.4139999999998,0.08314795842010207,[5.77036577],25.995600734722764,4.268535839819412
1855.877,0.08411013072222455,[6.22090914],26.725715440602134,-4.3480531168485905
1856.3309999999997,0.07927534070032065,[6.1663952],24.264244542996167,-15.284533192018321
1856.7869999999998,0.07018262381472654,[6.07749093],15.487251070781662,-0.2134987312800013
1857.2419999999997,0.07904143327660254,[6.10209079],23.743962424763154,25.933472163884474
1857.699,0.09385986149575246,[6.08921457],31.737277521614217,-3.0486776900390393
1858.1589999999997,0.07603225248556417,[5.66732278],18.38678718335837,-13.13055081711749
1858.6149999999998,0.08162816728830549,[6.00632466],23.385725209081098,3.118839937097648
1859.0789999999997,0.07875385416090379,[6.51144439],22.984539030848584,-3.8104124244098534
1859.5429999999997,0.0780921045584536,[6.04329919],23.05943866915434,0.5016823373184959
1860.0049999999997,0.07921071715750104,[5.87268898],24.151005530782157,3.4085404144461457
1860.4679999999998,0.08124698118087764,[6.20690737],21.98801881998846,-7.176833985384976
1860.9319999999998,0.07253461742858391,[5.99797457],19.77776672894846,11.732867740528688
1861.3889999999997,0.0916290410871392,[5.63000046],32.40764151454514,31.710763178109584
1861.844,0.10149503067713346,[6.1664857],36.91684868351399,5.283169566244944
1862.2979999999998,0.09646420682628598,[5.84021585],33.52773685056556,-15.481084312821233
1862.7599999999998,0.08724333759372055,[5.6768446],27.92337156323644,-4.45190416001269
1863.2219999999998,0.09235064738243436,[6.24696022],30.891328285117332,-2.0794128567188235
1863.6859999999997,0.08526515078862136,[5.68670603],27.907442083520625,-5.667084847246873
1864.143,0.08699782904107815,[5.75941414],29.256489122255804,4.75230817114243
1864.5969999999998,0.08958875711790658,[5.88231222],30.976197427969225,2.2563481784952515
1865.051,0.08904659318714847,[5.9056243],30.128528472105913,-12.802487523351294
1865.513,0.07767430943355996,[5.75911209],22.460866986098225,-11.078786565720602
1865.9699999999998,0.07873055536799782,[5.72661581],23.81079430241627,12.767265675084197
1866.4269999999997,0.08934359026058385,[6.06663697],28.239043738292484,0.3502047188660984
1866.8809999999999,0.07918637981089531,[5.78604661],24.069411256058725,-12.22126319901791
1867.3429999999998,0.07831276736395153,[5.90440652],22.859249382266253,-4.850609846902013
1867.8069999999998,0.07468285077252491,[5.88140613],19.16106426787274,-3.7028619529359124
1868.2689999999998,0.07486747177819633,[6.23552771],20.254791080515005,-6.996080680964536
1868.7239999999997,0.06837020010183682,[5.87421056],14.694541844815689,-3.3534160786183738
1869.1779999999999,0.07179738797280487,[5.95004301],16.23620390190136,2.6141566111700794
1869.6349999999998,0.07072199065775434,[6.08819302],18.944210954744786,12.51412866242374
1870.0899999999997,0.0831509342598216,[5.79647959],24.466169719266247,-8.11278603627008
1870.545,0.06333935536471383,[6.19739924],14.426460174353121,-8.410689614579386
1871.0059999999999,0.07587109709185226,[5.98714571],22.94598767768935,20.28349001768631
1871.4679999999998,0.08204720101981725,[6.10695833],26.259835819463383,4.66793864762162
1871.9299999999998,0.08018427240225454,[6.30722427],22.500695282351472,-5.224840138875781
1872.3939999999998,0.07720421861785326,[6.13497521],21.34633245420687,6.110273224704269
1872.848,0.085545548199005,[5.73319169],26.902914971523582,5.972497954142439
1873.304,0.08258948060207605,[5.74451344],26.528508711459203,-5.87070939432012
1873.766,0.08016362802233595,[5.86384033],22.93036762044426,-3.9143832197821165
1874.2269999999999,0.07897383502293512,[5.93754694],24.626086876983027,2.9877930662768337
1874.6889999999999,0.08293251047998364,[5.9301019],24.459847649523763,-0.4995271648748495
1875.1509999999998,0.07851227192259078,[6.23113276],22.517253763363822,-19.629645540729975
1875.607,0.06503245617472021,[5.77935169],12.968291329913699,6.780311188289284
1876.0699999999997,0.08525606135047004,[6.01719143],25.94924229458501,11.907521481416813
1876.5279999999998,0.07631528762326094,[5.68805197],19.853308589119152,-6.042798706627786
1876.9879999999998,0.07976280401953816,[6.29433093],24.509067246960758,-7.33095679001336
1877.451,0.06945957109490494,[5.8050231],16.958317740405466,-5.833741100728929
1877.906,0.07414698794571803,[5.89859832],18.208364128494285,-1.544224056935453
1878.368,0.06787639453827478,[5.86532582],15.802497606211988,11.791981972035472
1878.8229999999999,0.08460781987933987,[5.85496939],27.72441896045633,-12.391156671309162
1879.279,0.05648961571888235,[6.08074431],7.981580671600438,-0.42205263088179734
1879.7329999999997,0.08397932648093363,[5.90237037],27.392921122932485,27.46798571466763
1880.1889999999999,0.08135286309553715,[6.11768008],25.256568427198548,-0.7941012972424999
1880.6439999999998,0.0832459797151505,[6.07445269],24.626340235452734,-11.183095611271607
1881.1,0.07113434168808605,[6.14529156],19.80750313297973,1.3813337869287983
1881.556,0.08450575612882993,[6.0559715],25.839716062625406,9.00623872206452
1882.018,0.07915666039549663,[5.94804453],24.461377304064676,-13.051188087350077
1882.4759999999997,0.07251039654380609,[6.28097244],20.403163766449786,-8.716673149890052
1882.931,0.07116368276180733,[6.15306782],18.170692846152992,12.17507665528117
1883.391,0.08380277214224141,[5.73017159],25.158744934018586,-2.887492077842446
1883.8539999999998,0.06831575086011352,[5.7869082],13.463506975775255,8.113848855297077
1884.312,0.09086223977914311,[5.74089433],30.648768263582507,14.755174539255192
1884.7649999999999,0.08210056282525302,[6.19290555],26.059530536191886,-18.886356400344432
1885.221,0.07369728141580138,[6.39574184],19.4187852870476,-4.364038585554911
1885.683,0.07826425625751941,[5.53001754],18.39279474777201,8.831532253164479
1886.1389999999997,0.08181719025424888,[6.30812348],26.050071431448785,1.178814010699067
1886.594,0.07935136673552849,[5.79968623],22.59636280116939,18.695340664144855
1887.051,0.09896401186963434,[5.92702116],36.75014643059028,-14.636374653432982
1887.5079999999998,0.06597372030229426,[5.74082615],15.888331073165077,-14.333910768602575
1887.962,0.08555982906783582,[6.07290722],27.76911165829443,17.199002470426493
1888.4229999999998,0.08134481674530437,[5.67022246],24.187215248464184,-33.195493818499706
1888.877,0.05552012788958788,[5.87065453],7.8823758982866226,4.115296832356605
1889.339,0.08609899340506698,[6.37513616],28.400172916085587,32.86670132770036
1889.797,0.08602290968013408,[5.80377545],27.39689577840449,-12.195270213051126
1890.2559999999999,0.07489184605810391,[5.99421162],19.95958419013128,-3.797594232775106
1890.7129999999997,0.08246267924718394,[6.02941405],27.658599451659743,7.376876289482414
1891.1679999999997,0.0816562347940788,[5.89751419],26.563257851610388,-2.1490228168882934
1891.627,0.08049544620945405,[6.0435213],24.926726639603455,-0.36480228835023
1892.0899999999997,0.08133727571396954,[5.82285159],22.83284672068147,5.255884685488724
1892.5529999999999,0.08536239542821938,[5.7565912],27.566860043529335,0.8252963471214736
1893.0169999999998,0.08208657190015735,[5.8687017],26.360961527268504,-6.2073183001480485
1893.475,0.07962908235466759,[5.65347279],23.446099401727558,-18.093929219655287
1893.933,0.06551253273495007,[6.12792727],15.078249269351822,4.2179719975344865
1894.391,0.08349274470440989,[5.95771191],26.33832282167586,13.576007386392295
1894.8489999999997,0.07794815550090488,[5.66763089],24.458862477685898,10.479641864427833
1895.304,0.09292558716012045,[5.56601588],31.668802395868177,-1.2100124968144887
1895.761,0.07670781430349279,[5.8186699],19.215711270585622,-1.4582554271679453
1896.2149999999997,0.09139361135032428,[5.81826841],32.070878264718125,9.309421455746204
1896.6779999999999,0.08482575676344108,[5.65518753],25.82241369848153,2.9559498198140357
1897.138,0.09401943795043846,[5.28571679],31.749818347410596,-1.8339761522574856
1897.6019999999999,0.08295584191708563,[5.84902389],25.93082319258781,-26.70285707239514
1898.0629999999996,0.06933639310630114,[5.75070791],15.319300812581847,-0.016638811292546407
1898.5259999999998,0.08305883038825537,[5.21844018],24.78478035584533,17.726559580671484
1898.9829999999997,0.08578684016055509,[5.8948415],28.605179957717816,-16.72183200227463
1899.446,0.06740066282832362,[5.87388327],15.122540055223562,11.050996985027997
1899.908,0.09590759808246611,[5.47911269],34.71722211055723,21.953153367362283
1900.366,0.08791418865458603,[5.89299419],28.71602193025292,-27.96368115509322
1900.8229999999999,0.07034182852045232,[5.94056613],16.593109230787004,-2.1886390875818647
1901.279,0.08584351468793205,[5.90882048],26.542886009861636,6.751459628622891
1901.732,0.07664182841995282,[6.00686775],19.918102030630717,4.168609975738424
1902.1859999999997,0.0896734607450902,[6.19624833],31.529145950195083,12.022819215796718
1902.645,0.0874509316273257,[6.00784155],28.086949235593153,-13.551373289282173
1903.107,0.07714021960429156,[6.03028175],22.74236190844979,-10.674665513715057
1903.565,0.07753749942796047,[5.86917052],21.81685647079739,-5.283670255716507
1904.02,0.07235301434851783,[5.80280158],19.491154212045107,-6.425335222122866
1904.4769999999999,0.0716975139400301,[5.83847105],18.868581515641047,6.544943107126361
1904.937,0.07840276011022085,[6.02056796],21.821974288509164,2.2504892247141584
1905.3919999999998,0.07387930301096376,[5.83321196],19.67911453147009,1.2150888759477203
1905.8559999999998,0.07972223448537064,[5.89842636],25.023133112033516,3.509229016814594
1906.31,0.07728048355581142,[5.7263326],22.03895046438792,-5.3575563140625535
1906.766,0.07484694142118149,[5.77726687],19.484100756755723,0.9311806242881943
1907.225,0.07817024491049254,[5.72761631],21.844960673817152,5.09837580300232
1907.687,0.07952965191612481,[5.80505253],22.6296388782285,-10.083541813883809
1908.143,0.0690688502884589,[5.95397667],15.930456334089609,-6.7692570878013365
1908.596,0.07327968980554993,[5.7910965],18.937997352951907,-1.255408076037856
1909.056,0.06777380941840055,[5.98138267],17.90199392613544,11.752675484774668
1909.5169999999998,0.08415139945788502,[5.82128616],26.09080894236524,26.26859817069027
1909.9719999999998,0.09194621393450676,[5.68301663],30.213662687200063,2.9252851032124108
1910.431,0.08671096108211951,[6.09032216],28.220027701511512,-9.140504185458726
1910.8899999999999,0.08355523109225249,[5.9220539],26.899226373967288,-12.199902954114938
1911.348,0.07553428782103307,[5.35298714],18.3866646496246,12.839924743523841
1911.8019999999997,0.09502347961114102,[5.85249876],32.70712556922453,25.10725586380838
1912.259,0.09829972176738716,[5.79564802],35.136874876517,-9.245183989949348
1912.7129999999997,0.08669927896481038,[5.48428632],28.81355052804529,-31.847432713189974
1913.17,0.06924881097961638,[5.63753974],16.274730257987187,-5.958745638280985
1913.625,0.0811362806657107,[5.92443176],24.878321577052308,11.420585916367257
1914.0789999999997,0.07965950269950217,[6.26848729],23.833026812484004,-5.743767222652601
1914.5349999999999,0.07589946673710272,[5.58663466],21.014216381951158,3.219199266710479
1914.9939999999997,0.08267408566230194,[6.23194273],26.979079610986545,18.499147019469532
1915.4559999999997,0.09295969224006774,[6.00735573],31.27076259025929,-9.452408532839199
1915.9139999999998,0.0742304964452862,[5.6849248],19.83309227695258,-21.032027144454236
1916.3779999999997,0.07380806133347691,[6.17786709],20.36930360665317,-1.6175826088363627
1916.8339999999998,0.07275353749930304,[5.66230538],20.365005310214457,4.098350945662882
1917.292,0.0775796539466605,[5.8981346],23.321913498567962,12.51489815508862
1917.748,0.08418426158002917,[5.48196286],26.283492426996204,-4.350267169818775
1918.203,0.07365418736388793,[6.37935055],20.599663202222885,-0.9752768412659013
1918.6589999999997,0.08334016858476836,[5.99418813],26.699689203439043,0.4193811205654152
1919.121,0.07378767373655538,[6.09024153],18.678728787250567,-4.598414248333224
1919.5769999999998,0.07892714135617894,[5.71098232],25.015628270859747,-1.5440629392602796
1920.033,0.07237948833593864,[5.92954577],17.827829389716026,-11.201001109634372
1920.496,0.06867797109007735,[6.37579764],17.110043153747394,3.440956946561713
1920.9539999999997,0.07543487121015459,[5.97109064],20.9245822819762,-3.6553183228973247
1921.411,0.06537013138234853,[5.82173051],13.9016215405665,-5.944938106067596
1921.8669999999997,0.06997502077692161,[5.69203153],17.87306032991924,29.827006811251362
1922.3219999999997,0.09250312072148087,[5.94656972],32.800970213533134,8.260348371685295
1922.7779999999998,0.07741760356146637,[5.91795039],21.861099949915634,-3.346545763842357
1923.2349999999997,0.08950726110642891,[5.78929706],30.673059571400042,-1.9184967446591872
1923.694,0.07554652064445626,[5.60291192],22.470866067619205,-16.03766657029028
1924.15,0.07474681077406338,[5.97300964],20.482281496784417,-7.690675778564748
1924.6129999999998,0.06839503467992168,[6.09185854],15.213395830785942,-6.367965483032714
1925.0699999999997,0.06880064479951732,[5.68442772],14.389366130843863,2.8735616848180463
1925.5299999999997,0.07104204592987154,[5.69575765],19.500757641545,2.455357514282483
1925.9899999999998,0.07105957371265739,[5.97441897],17.778777037239948,15.949733308142783
1926.4539999999997,0.08590744599003253,[6.09417726],28.80352008447332,8.823430459437981
1926.9139999999998,0.0793970346288226,[5.60411352],25.029328267804193,-7.283503010164575
1927.375,0.0792130937818418,[5.80432495],26.052497326323905,8.532886498574463
1927.8359999999998,0.08726435598050034,[5.97474116],29.284724931645716,-13.968062655315805
1928.2959999999998,0.06641130557156655,[5.74690619],13.09956937378784,-29.250162693581284
1928.7549999999997,0.060351326316000375,[5.70821779],10.658292682330243,-0.9201959458815939
1929.2089999999998,0.06544901191517867,[5.72057072],13.62409821208279,21.98402936414151
1929.667,0.08048718532563627,[6.11592624],27.11629148511767,-1.7249409343169515
1930.1259999999997,0.0637980468598742,[6.13371372],11.986618912629357,-12.878388700086008
1930.585,0.06866482449897712,[5.93160563],17.932643930975388,15.305955983563518
1931.0389999999998,0.07772561127916157,[5.83221017],23.024490809660918,9.216821709344721
1931.498,0.07697178267840274,[5.53076363],24.160394379948354,-14.30706102515407
1931.9569999999999,0.06459172925807993,[5.95005382],12.458819771235115,-2.1402384999284347
1932.417,0.07505462070711653,[5.80119799],23.06682632335689,4.045786826969863
1932.8759999999997,0.06834716595943731,[5.5684893],17.589729839390316,3.6920677883822832
1933.3309999999997,0.07828336668583767,[5.79965956],24.195570364933523,-6.562328258852168
1933.7939999999999,0.06186455176109536,[5.912963],12.191336284607017,-4.960454728491048
1934.25,0.07330091791493537,[5.88346341],20.182651905742,14.638523735416923
1934.7129999999997,0.07517005592761154,[5.85255207],20.349771299966093,9.934382322120808
1935.174,0.08245674866105333,[5.58469124],26.827464108634377,5.240289982015825
1935.632,0.08004907205329302,[6.40589822],24.3989075558882,-27.758149048847365
1936.0879999999997,0.057175608766181885,[5.7394823],11.502062341017826,18.602713925564924
1936.5519999999997,0.09827344100897217,[5.57624296],34.200462287961415,5.767587958117771
1937.013,0.06300585344774655,[5.88778624],13.201336825953467,-18.01629214505239
1937.4699999999998,0.08126862616903943,[6.11676732],26.190398799856236,12.501021341180849
1937.9279999999999,0.07438930532016927,[5.69771488],20.11860544333873,-5.494428421703515
1938.3829999999998,0.07619524467398316,[5.59480191],19.019579721822197,12.088711252481996
1938.8379999999997,0.08539003255992612,[5.52064374],24.518794786823143,-1.2774896565234672
1939.2929999999997,0.07503272908654698,[5.67440278],22.13659266701795,-3.450284046199875
1939.748,0.08225027407790073,[5.50441437],25.591937228806245,-0.6636299999769751
1940.212,0.07412243646776982,[5.53075624],20.006842699319105,-24.183165037513554
1940.667,0.06014477460939116,[6.35124033],10.70350928359916,7.675386788146055
1941.1259999999997,0.08144625434627943,[5.92715568],24.654753121695194,30.372614590102987
1941.5839999999998,0.08802849892803026,[6.03839529],30.00968194890432,-20.3659325780773
1942.0389999999998,0.06305990115884672,[5.59048889],11.771622739679728,-12.851331403420582
1942.4939999999997,0.0763337873509194,[6.00732821],21.847311991615413,11.339151190378011
1942.9569999999999,0.07318138580037288,[5.53909468],19.54560724790277,-10.7492292758775
1943.42,0.06638000104145268,[6.05566518],15.565075604366495,-5.7154489313415855
1943.875,0.06779225432724109,[6.1092411],16.777419756021374,10.555069100667696
1944.337,0.07616411886553588,[5.74360426],20.826385592970887,11.182030020801093
1944.792,0.0781425843580598,[5.69907193],23.22191971771169,-8.561745703983242
1945.252,0.06820031198943009,[5.79718584],16.9812730835696,-9.809233014716353
1945.714,0.06914579177574588,[5.75431193],16.280327984204092,13.324320760382536
1946.1709999999998,0.08033319476311596,[5.91941821],25.73686360769057,15.77602223928172
1946.6259999999997,0.08356826416083081,[5.69244552],25.06975214502114,-12.680182570547634
1947.0899999999997,0.06832035983209565,[6.15460352],17.555895296985458,-8.881929068654648
1947.547,0.07505482078038193,[5.91737437],20.478039390161886,10.803968312107948
1948.002,0.07818927359497224,[5.78591427],23.663558652274745,11.774772082958323
1948.464,0.08592121505768353,[5.65875509],26.221771127639975,-10.371331724777722
1948.9229999999998,0.06879939182991579,[5.66966691],15.76465074842026,-4.551214075396756
1949.379,0.08156098896149154,[5.9142451],25.931475160522442,15.465181022038713
1949.835,0.08290363692201914,[5.75644359],26.01202814391131,4.818997998666711
1950.2909999999997,0.08595591513627296,[5.74721132],30.018995865964637,-5.440409291302906
1950.746,0.07797166545170443,[5.66402897],23.53396831455039,-19.889960724069816
1951.2019999999998,0.06783147145060577,[6.16730108],16.7699321014155,1.6650614476580172
1951.656,0.07939147172267368,[6.10706933],24.16334275108557,19.269695969446136
1952.1149999999998,0.08536243425725262,[5.49036361],29.813826361676625,-2.175958696016389
1952.5769999999998,0.07729600847653287,[5.80898463],22.614211248584834,-22.392143502734065
1953.0319999999997,0.0648973684016571,[5.96881436],14.789540336144329,5.2041547968077335
1953.495,0.08259725013730362,[5.6203171],25.44426801461608,6.094749825080167
1953.9539999999997,0.07077268877182993,[5.80324474],19.160751055563395,-18.16060160242686
1954.4089999999997,0.06593791747025181,[5.90479457],15.182217004903046,7.7626484205467055
1954.864,0.07783669883454655,[5.56571445],23.075168242551594,-1.1910585012558235
1955.319,0.06485405423413351,[6.09139594],15.224516027004993,1.221657772500162
1955.7759999999998,0.079070132075411,[5.91418299],21.38212453689368,-3.106226998028622
1956.2349999999997,0.0618715963678584,[5.76293386],11.897814066213485,4.601964777678338
1956.692,0.08311761228240387,[5.96063718],25.71683967617137,9.90484611728447
1957.15,0.07086127982598454,[5.70922946],16.906338385619996,-15.019407122918576
1957.607,0.069351398112431,[5.56368277],17.320293769994432,2.6291194494837273
1958.062,0.07323535662138593,[5.84526125],18.565504958130358,1.819985588327619
1958.518,0.0709959578486267,[5.94525803],18.467833867699703,1.1233586145392853
1958.975,0.074273064911288,[5.66506371],21.88928368577712,11.873099971204045
1959.431,0.08182670403686584,[5.96951755],24.88986527810076,5.204037726997665
1959.886,0.07903664028691186,[5.8794392],22.392324998577365,-1.0801735472674712
1960.3419999999996,0.08085278070762525,[5.79146682],24.404518821047883,-0.6402713997011311
1960.7979999999998,0.07845271277038035,[5.55972886],20.95331556503918,-12.275776180214763
1961.257,0.0695782322829203,[5.63890746],18.63765911086769,6.824131743436851
1961.7149999999997,0.08465818154551817,[5.80410215],26.021432110750055,21.228714438251583
1962.1749999999997,0.08901930222465206,[5.77804613],32.096979758857124,0.022975837260588716
1962.6369999999997,0.08464145214125347,[5.76163797],25.264546211597715,-6.624264756095524
1963.0899999999997,0.08290727110682862,[5.78830386],26.92151669737543,-17.343823553292893
1963.545,0.0688390785743203,[5.78836442],16.699970304552053,2.300737911413081
1964.004,0.0852770724671328,[6.058353],28.196989717014173,18.429261386031374
1964.464,0.08574076519287811,[5.73862664],26.564247370384262,-18.68132266301002
1964.9209999999998,0.06826405046070688,[5.84985452],16.668455083490688,-38.14935141114562
1965.3779999999997,0.050872258003100176,[6.22633575],7.1287477556462635,9.72969213101116
1965.841,0.07779256512464996,[5.88426685],23.18915570072051,42.992763688685166
1966.2959999999998,0.09057992801069055,[5.4459129],30.216859292124486,-1.2390331247718462
1966.7529999999997,0.07654493644378246,[6.2405416],21.034648254425363,-40.08513147170176
1967.208,0.054059702021174244,[5.47446494],7.04794665860451,-7.632209855623392
1967.6689999999999,0.07005856900547265,[5.67933008],18.74662543135419,23.553526317316503
1968.127,0.07577208205069044,[5.89055151],23.27643425272696,-1.8853787612103239
1968.583,0.06839264859256988,[5.75269111],17.92137433679108,1.0812175221171922
1969.04,0.07679379987969503,[5.7247651],19.944736555244695,18.853263865008145
1969.5,0.0856839208167393,[5.75842157],26.410785006677056,6.485973026555264
1969.958,0.08279917296996792,[5.64847692],26.33371439116078,-14.302464298814765
1970.413,0.07267363695956261,[5.45431764],19.844839173014286,-16.900247306758693
1970.87,0.06740760920347112,[6.23182687],14.238002760756446,-2.826332443676291
1971.328,0.07010495521203328,[5.82501395],16.022324185437366,0.8015149355289491
1971.7839999999997,0.06816050096617525,[5.69772264],17.23626024295908,9.967224579513767
1972.241,0.0792335252195668,[5.85407587],24.56426883796867,4.4046766147105565
1972.6969999999997,0.07222157760590292,[5.74986011],18.887381441762166,-7.308435340674436
1973.152,0.07255942103309637,[5.53537768],17.788248691606118,23.73985708625474
1973.6099999999997,0.0940345060824955,[5.62622161],31.98125840928597,4.92202428664415
1974.069,0.0769888920579108,[5.36931919],23.46599453364831,-22.692249259409007
1974.525,0.07318471624061378,[6.18393445],20.200954934345447,-5.59844397531864
1974.9849999999997,0.07188276603367988,[5.72049203],20.086545591868212,-5.636580344946573
1975.4409999999998,0.0680439610662782,[5.95653471],17.067491540653972,8.542360004032231
1975.8959999999997,0.07963097160816586,[5.8397481],23.38691087201091,20.140310627403124
1976.3509999999997,0.08637164373721211,[6.03446844],28.06529002987189,1.7497402447178012
1976.8049999999998,0.08124758662404015,[5.64328875],24.649578599928365,-16.43748651155902
1977.261,0.07139288155988108,[5.98479868],17.127047687960566,1.4855600697794151
1977.7179999999998,0.08265014712928832,[5.61682852],24.909027344076303,19.630522446729415
1978.1769999999997,0.08935438656086087,[5.95697788],32.143481796419,-11.265557084580754
1978.636,0.07230836572561831,[5.56496188],18.89219166435918,-19.444855686410037
1979.0929999999998,0.07147228315618265,[5.34446433],18.31363937254804,2.835488135279951
1979.5499999999997,0.0749000018812635,[5.84113744],20.049259289318023,16.426375089544283
1980.0099999999998,0.08658900027568862,[5.80107934],28.974795794323455,4.013313418146786
1980.4649999999997,0.07878499627496868,[5.49202673],23.314851400497098,-25.419547379504763
1980.922,0.06337322881987728,[5.58908171],13.311981028238746,1.5441185264286754
1981.386,0.08070466147657931,[6.08090826],24.190109341925012,25.75394871652989
1981.8449999999998,0.08725948134644103,[5.99771559],27.85375716914597,-13.92545333552904
1982.3019999999997,0.06806152484297223,[5.46772265],16.19608065838545,3.398194660291967
1982.7599999999998,0.09045974252359962,[5.72212799],30.364155884104726,11.672907216442624
1983.2179999999998,0.07875390785323563,[5.92413933],21.366038102883444,-11.067600503890093
1983.6769999999997,0.0803397664822021,[5.34493455],23.952467568336086,-1.3419659978064353
1984.134,0.07754381317811809,[5.48043119],24.15871399609094,-3.814758878765659
1984.5969999999998,0.0768580093657895,[5.6744083],21.603719190914866,-16.07599450093837
1985.0549999999998,0.06288298195548317,[5.8068103],12.88035588460394,-6.686963862759409
1985.5119999999997,0.07069183706077463,[5.98154755],18.080290693781244,-6.665533266916198
1985.966,0.05695272983236621,[5.80005509],10.461035919004251,7.062782599496317
1986.4209999999998,0.07718663892429448,[5.41245899],23.915540211014715,12.859690232929392
1986.877,0.06860461728178012,[6.0359316],17.997240390445842,-14.969496740921558
1987.3319999999999,0.06354173438556877,[5.76885664],13.319992396355053,-7.555377769377994
1987.792,0.06172736125147313,[5.51984761],12.820705815559092,-8.408952962413723
1988.25,0.05584013539707218,[5.75582121],7.148621035410353,6.95087876651422
1988.708,0.06809436620160132,[5.7030817],16.47140664978222,21.797904154944653
1989.165,0.07579512298999366,[6.05367292],23.37056693329738,8.516835765877973
1989.621,0.07588688669096688,[5.93033699],22.85427925808847,-0.7515894074564544
1990.08,0.0751016829228405,[6.10748138],22.591872199337196,0.8699098104886643
1990.5369999999998,0.07667342419260116,[5.80683058],22.69184420108856,-8.023227469996897
1990.9939999999997,0.06776845301526525,[5.75710972],16.62820169844753,-15.034462203808705
1991.449,0.06294422861722558,[5.95243887],11.60317541125843,-8.82653714508784
1991.9099999999999,0.05970479936728966,[5.61159302],10.141829784139045,6.446686611043403
1992.368,0.0687881547671573,[5.92769118],16.668679667662637,12.051736061494566
1992.826,0.0707441895996207,[6.06092031],20.177433920146484,1.8669744638210028
1993.288,0.07048645654521071,[6.0583337],19.075383320420578,3.3201342871377744
1993.7509999999997,0.07382307820523798,[5.51539893],21.587191863758996,-3.400683742752944
1994.2129999999997,0.06736201559343163,[6.25891557],17.166789700306396,9.664411779218145
1994.6679999999997,0.08235676053500313,[6.21355713],26.821859617111517,3.1963314909719402
1995.1219999999998,0.07032693381777534,[5.76375361],18.98774240799441,-24.409750591394165
1995.5769999999998,0.06017247717597406,[5.67259359],9.095347163848684,9.444580668058158
1996.0369999999998,0.07928809097554426,[5.81830463],23.766230435463168,15.520853826288928
1996.4969999999998,0.074451662696161,[5.18557473],20.18613230767358,2.9489589108249032
1996.953,0.08188210214635855,[5.55034195],25.509884029534447,12.5074171388673
1997.4099999999999,0.08586335142579986,[5.82718092],27.12374194174016,-7.778427229215776
1997.868,0.07473182488330715,[5.44457787],22.30524101933422,-1.8724642750314324
1998.3229999999999,0.0840196392767117,[5.62022037],24.91205112646235,5.555098612567893
1998.7819999999997,0.07968980110512562,[5.31204041],24.15211712353289,-5.668755927882573
1999.241,0.07881572133491825,[5.65104813],24.579234807060004,1.0086950592105155
1999.699,0.080608954804276,[5.56366845],26.607281579354634,0.007459753381358625
2000.1599999999999,0.07879905267253931,[5.44031349],25.678712214654322,-10.98908797162329
2000.618,0.07055222338581843,[5.81023446],18.780770364545766,-8.557770382223856
2001.0769999999998,0.07097049467594521,[5.59702508],18.926342232620755,22.552678608808343
2001.5349999999999,0.09118979399478776,[5.73144154],32.64490546645121,4.039144778291787
2001.9899999999998,0.07489809249585166,[5.62558546],20.710906717265313,-19.788271698646458
2002.4479999999999,0.07321952476084548,[5.46677181],21.138085768057397,7.759081085960864
2002.906,0.08200541077059312,[5.7870066],26.58614499630793,-14.528015405476074
2003.3599999999997,0.06023848640924742,[5.97930669],12.886780109469376,-1.2370290294142494
2003.817,0.08115964967889952,[5.86301153],26.444651384842096,11.502711752495564
2004.2799999999997,0.07040696142511507,[5.65808168],19.031687245783782,-20.761936475240482
2004.739,0.061997533231170035,[5.59221168],12.661348861809312,1.3708995297095767
2005.1949999999997,0.07154356805115054,[5.94816856],19.06431315726502,1.8476415733798268
2005.654,0.06357322868880884,[5.80665699],12.973175612073524,4.288155017772036
2006.1099999999997,0.07533773808294357,[6.11432635],22.170371755611022,18.007907969984167
2006.567,0.07999884866939781,[5.87627068],27.04684812308855,-2.991613989698369
2007.0209999999997,0.0726912638439288,[5.65011516],22.626093611133374,-10.271627208433262
2007.4769999999999,0.07067501672424482,[5.51039993],20.48230237780447,6.047262015108676
2007.9319999999998,0.07817940478455608,[5.64292755],24.318879705904504,-4.823713793675507
2008.393,0.06599900578699432,[5.78558882],15.978453692422603,1.5459276660446526
2008.8539999999998,0.07960475009262385,[5.69560181],25.79528881747683,-1.5779763437631518
2009.3109999999997,0.06479807657685757,[5.82545666],13.2257360795512,-16.525165797081687
2009.7669999999998,0.06448555934148123,[5.70479725],16.405726298686574,8.124040985484818
2010.221,0.07215579360576652,[5.78649592],21.035280142429734,14.463196032308348
2010.6799999999998,0.07766600748972169,[5.70456285],24.770691671755827,0.32746397950832173
2011.1369999999997,0.07250235828470358,[5.51345448],19.081647678390855,-17.640570520488716
2011.596,0.061481823159205945,[5.69120829],12.978531519970927,3.093504720249274
2012.054,0.07528495439159583,[5.60392022],22.80659930082144,6.295682790905269
2012.5119999999997,0.06724866859569506,[5.56968958],14.449317382488386,-9.322556262966089
2012.969,0.0667383855286015,[5.89385462],15.085783500596511,4.940433630082467
2013.4249999999997,0.07174718370029094,[5.46532793],19.758531834075505,13.35012671355837
2013.8799999999997,0.07889562431267715,[5.63284973],24.746804634607983,-6.544106684065673
2014.335,0.06579204661776891,[5.64855553],17.015205939165686,1.471944991003407
2014.795,0.08054682739058788,[5.77367618],24.51984696561019,8.063125834878518
2015.25,0.07340862657576203,[5.8453537],22.124950302496195,-6.28297557912523
2015.712,0.07491802696141898,[5.74573968],20.420663243461256,4.810522921003021
2016.17,0.0778220137347944,[5.46331046],23.445561258879053,9.01613499859684
2016.625,0.08313375747635293,[6.01807781],27.752903152090763,7.089276584512638
2017.085,0.08426260103798883,[5.55254966],27.783303529981943,-21.503215037972062
2017.54,0.06369658592144382,[5.61535497],12.643427684481225,-9.83566940806517
2018.0059999999999,0.0759913701061513,[5.64612547],20.911452151380825,4.429026001058004
2018.462,0.06821452922114654,[6.12917091],17.50315880869146,-3.60937117433871
2018.92,0.07274630321011905,[5.93868089],19.81537289016757,4.339748453572822
2019.3809999999999,0.07216931916401195,[5.8134264],20.44911763269288,-10.53147666634334
2019.835,0.0632389340765137,[5.74283359],13.783498153646393,-3.9909389489770075
2020.2979999999998,0.0687946568240407,[5.86642223],20.632130026612646,10.548172725650812
2020.752,0.07293747669153801,[5.65408141],21.98799131634783,-9.195372865581017
2021.208,0.06035342399499323,[5.8274133],14.352514110352198,-4.79776148642809
2021.6619999999998,0.06848051834752482,[5.7802635],17.7558689407064,19.370222637759895
2022.1189999999997,0.07800854074431532,[5.71177905],25.28224330736617,14.027577742861869
2022.5789999999997,0.08130274387823112,[5.60150998],28.107321092951963,-7.194454630376324
2023.036,0.07149707956931692,[5.70947337],20.553645192941275,-21.619288559933725
2023.496,0.06147687690856228,[5.95636401],14.058853267757327,6.760655492019901
2023.9519999999998,0.07746248318646179,[5.41197253],22.748230570649298,27.09865142908832
2024.4099999999999,0.08621314450132427,[5.53951274],29.603793760594225,-4.812902170662562
2024.866,0.0731589582999353,[5.79302071],21.57542639251153,-9.221486703076016
2025.3199999999997,0.07774413737212327,[5.83872165],22.950532895625024,-7.863462557971824
2025.7779999999998,0.0658431435831702,[5.75644269],13.354840116703944,-27.02925985317428
2026.232,0.05310177235299551,[5.89858591],8.589527157501353,11.989669635683542
2026.696,0.07765957013534618,[5.58624417],25.17298328500187,6.87138799185201
2027.1529999999998,0.06007022574186113,[5.52926252],12.407138873618045,-10.094005087512958
2027.616,0.0687160587995077,[5.46549786],19.40132320847355,9.988539301326496
2028.0789999999997,0.06931961313489668,[5.60601185],18.50498132196444,-2.762585609175167
2028.538,0.06620134362214283,[5.65000172],15.647694038902419,-6.3925272350219
2028.993,0.06347364851728579,[5.34180437],14.22281727111868,-0.9145580339617876
2029.4499999999998,0.06538763286286756,[5.49504651],15.8140429853449,14.725056574599188
2029.913,0.07714797349100334,[5.38474651],24.127342436617848,-0.6940894013975213
2030.375,0.06479773259347264,[5.3891578],14.816819273194644,-10.565399465121708
2030.8289999999997,0.06721363954804997,[5.67359264],18.177975037563773,11.27519966301753
2031.2889999999998,0.07517518301891354,[5.74723688],21.631869111514238,3.0913566895542086
2031.743,0.07020862313675515,[5.78513133],19.980311864963003,-5.927598308133233
2032.1999999999998,0.06980531208167597,[5.76119566],20.83494007638094,-5.81765343214688
2032.656,0.06490696502364478,[5.62152886],15.051455041108312,1.289677969725775
2033.1169999999997,0.07110892308210016,[5.59054069],20.31773521246141,13.598876918067687
2033.576,0.07741735062909136,[5.47232392],25.11265934534231,-2.1571471955634527
2034.0319999999997,0.06923022760226605,[5.71591645],19.782838602340853,2.6466139734967475
2034.4969999999998,0.08022935641734052,[5.38756619],26.366279775229255,0.5433222976709562
2034.955,0.07005282881433773,[5.65182864],16.1148278992689,-12.383576254588691
2035.4119999999998,0.06887873378753141,[5.83692701],19.53093802860588,-1.4618082032466924
2035.866,0.06871449938336911,[5.78025463],18.70169557050704,-3.367379904160778
2036.3229999999999,0.06579295733117516,[5.51513073],18.12209869858962,-8.55630713188979
2036.7849999999999,0.06082950041806062,[5.85917056],13.625052267475745,0.16638895354677274
2037.245,0.0659028231947665,[5.81380246],15.361770414313796,7.5391392802045685
2037.701,0.06776314919979394,[5.67766795],16.861420227539814,11.361006780648552
2038.1569999999997,0.07626406137870917,[5.74945148],22.41216320800573,6.285762000448974
2038.6149999999998,0.07345880091998228,[5.31602619],22.651975672323776,-1.8010430541380296
2039.076,0.07463493165968116,[5.45514453],21.208438733967874,-13.430479167596667
2039.5319999999997,0.06130200222372059,[5.57579848],14.04643872803195,-2.9089392544605905
2039.9879999999998,0.0719819790596376,[5.7417616],20.72728900612064,-1.6773849611531748
2040.453,0.059300901446124654,[5.29155284],11.374236597171794,-17.281048251510597
2040.9139999999998,0.05590015143243171,[5.49437559],8.822960208018111,4.627643934760228
2041.37,0.06342505651971785,[5.57370919],13.954250913482772,12.929084888431385
2041.8269999999998,0.06769725230036039,[5.05871401],15.548388534136375,17.894423058218813
2042.2839999999997,0.07978055919492555,[5.52467719],24.13635027766264,11.888719823026708
2042.7439999999997,0.07851161114042775,[5.71139272],22.937672680216437,-4.989944794293905
2043.199,0.0752369520591367,[5.76140198],21.6255120961023,5.9820575442872395
2043.656,0.0840200799229986,[5.80571927],26.25317739292486,-11.545295039127629
2044.114,0.0646114109937567,[5.91151535],15.057310321133324,-14.764801541307355
2044.5719999999997,0.07049552171114021,[5.25761833],16.417468522364537,23.395456023703062
2045.029,0.08599718018072053,[5.5492052],27.457000117325595,11.606551024710948
2045.4849999999997,0.08113688182381068,[5.43077033],24.716403648669512,6.3132387456279195
2045.9479999999999,0.09203847533961385,[5.61316984],31.765522076111093,-9.883309684788413
2046.4089999999997,0.07213813034491488,[5.54825633],19.189842018890047,-42.475780017952175
2046.868,0.052957995741230904,[5.72316575],7.16985697064181,3.262714083754406
2047.3249999999998,0.07494697103498005,[5.67865447],20.647451444734443,18.59362912698189
2047.786,0.06978973535218666,[5.13101645],16.313096394846394,-6.581753550841146
2048.2439999999997,0.0688707975781577,[5.01190065],16.48334278018255,13.480709679500116
2048.698,0.08196078662253954,[5.69161229],24.48887824191337,5.40734937952414
2049.158,0.07353015469687717,[5.38567645],20.470708923356906,-5.423819788015094
2049.613,0.0768696563921363,[5.84146616],21.211394146171266,3.369973021730796
2050.069,0.07659225221300901,[5.39199966],22.578343250598273,-14.476673754585084
2050.525,0.06366692992795092,[5.17522992],13.010856736482266,3.140726851159348
2050.9829999999997,0.0795890956730155,[5.31397283],25.643023430199456,7.470260362870462
2051.439,0.07060368669613755,[5.5007557],16.92772143719809,-3.6409878501530715
2051.892,0.07618337162863402,[5.40058056],22.748395775820008,8.2502484894348
2052.3509999999997,0.07807878687672262,[5.33220669],22.097813642883363,0.048615441934171666
2052.81,0.07622800060432589,[5.28854951],22.48298524483465,-13.241076721383735
2053.269,0.06592347844649914,[5.32951636],14.461140042795922,2.203965277739167
2053.732,0.0784581472227427,[5.66767662],24.058037603460384,5.228661955882882
2054.196,0.07072671278665937,[5.7369436],18.43139658267602,-13.17429815643363
2054.6589999999997,0.06623860379744934,[5.59944158],12.639477850844749,-10.992953621820497
2055.118,0.06060155995270096,[5.48084207],13.866262088512558,26.37486007314571
2055.5769999999998,0.09045072534456512,[5.41767519],31.844550304785006,8.55319132539753
2056.0339999999997,0.068661701707005,[5.61447205],18.655666292266233,-22.434591920866982
2056.4919999999997,0.06997361656861587,[5.54579177],17.808137114436498,-6.245255292127702
2056.95,0.06294104785941498,[5.82614693],15.671871997724862,10.499803426150992
2057.406,0.07946724367810128,[5.29075744],25.48378489343655,17.990182447468904
2057.861,0.07936656699400232,[5.66530228],25.18972450193951,-25.47938284132241
2058.3199999999997,0.055976134640448844,[5.62092162],10.392043918444326,-16.297821124032428
2058.775,0.06419427292667691,[5.54692018],16.433663575513595,23.59141954216699
2059.2349999999997,0.07761788311599112,[5.59811663],23.486694619875685,16.25245801391889
2059.691,0.07918450917864941,[5.64399789],25.75856182414996,-12.915327880399882
2060.152,0.06561012190460123,[5.80056807],17.627008163598756,-9.329907083949568
2060.611,0.0705207067265625,[5.97154421],18.162014775479822,-1.9847428316240867
2061.067,0.06386993263201872,[5.70155959],15.069097280295807,-4.588780137205414
2061.5229999999997,0.06633573924142294,[5.61864303],14.935204058255957,15.245496417226182
2061.979,0.07777382536453499,[5.71593666],23.808024037993338,7.066526507402915
2062.4339999999997,0.07280933937010406,[5.50491971],21.109268123300872,-14.00528856581064
2062.899,0.0648263932046596,[5.51800393],16.170220786334706,-0.024755478854887603
2063.362,0.07271794226854904,[5.48097026],21.3759749977419,4.819650368091885
2063.823,0.06932854345978762,[6.02732961],18.688793350047533,0.48510582364515165
2064.286,0.07319759757649605,[5.50469712],21.934009746907794,7.16894421169055
2064.7419999999997,0.07593330312897043,[5.47613427],23.80719285671902,9.821377695134665
2065.198,0.08215469403446045,[5.68774732],25.459411626687224,-11.657775910267842
2065.654,0.0653014114988031,[5.56850643],13.90344895265748,-24.7669628645943
2066.1099999999997,0.05956722390194413,[5.65954219],10.656576842122771,9.960916343005403
2066.564,0.07427589949762461,[5.46450434],21.272642753445243,16.214831731259622
2067.019,0.07427410403573174,[5.88120574],22.220427001188867,-19.189084877405367
2067.473,0.056871349456525916,[5.48803718],9.466343587434713,-0.8431257325504093
2067.93,0.07373169326290427,[5.39132368],22.554805881031598,3.419693272747354
2068.392,0.05967747802109154,[5.599111],9.950135467388213,-6.086146803824022
2068.853,0.0680655639694695,[5.38929674],18.451664090730237,3.923838213792594
2069.31,0.06339323878344334,[5.3641238],14.288002919516787,-1.2325745021398993
2069.772,0.06702323318730227,[5.83801181],17.70852605185441,-4.340997848208031
2070.2309999999998,0.05946813091092158,[5.523154],11.769573796690388,-8.188372542464254
2070.6859999999997,0.05947317665405817,[5.65698048],12.123399788161683,12.630014076266294
2071.144,0.07107529691484289,[5.60902628],19.883058040094618,11.269672744547002
2071.603,0.06977931092160289,[5.69103548],16.19939722401334,-1.3263398621620874
2072.06,0.06985439401210342,[5.66747619],18.306060597856472,-12.690116328772108
2072.516,0.058218915409474575,[5.72823121],9.38874469841812,-4.538948595989634
2072.978,0.06594102473777834,[5.45619681],15.153897632832312,17.45095041460111
2073.437,0.07428683651896621,[5.55879273],23.384525694365053,6.5344653018887815
2073.893,0.07198972088129836,[5.62905138],18.159236768659724,-6.214871142527653
2074.35,0.06861030191026114,[5.59182951],18.73490721189003,-8.504942832160662
2074.8089999999997,0.06419474291832208,[5.82725389],16.32945243112648,-1.8808353807676093
2075.267,0.06687011448922658,[5.46539467],17.78047880280424,13.048978964594212
2075.727,0.07620259878119338,[5.50149028],24.02082856274064,9.016879435329361
2076.19,0.07512484690655727,[5.90636355],20.921701445342357,-18.55639334902738
2076.645,0.05942524458800656,[5.6044507],12.03209729403065,-13.605729216919189
2077.1059999999998,0.06291443917766762,[5.19430434],14.850360372332549,16.472474527995494
2077.567,0.07461286610282693,[5.51814185],22.39011194741541,-0.25352125199362696
2078.025,0.06283473109474533,[5.58011901],14.787229243231403,-10.47894997925919
2078.482,0.06499418513744709,[5.71444169],12.4437960242984,8.054767046552447
2078.937,0.07016738984458815,[5.44886186],17.875880205604318,14.699917415244942
2079.395,0.07843525703082281,[5.57217421],23.22636322686513,2.6447967375848314
2079.85,0.07267423039231209,[5.65299407],20.953598881941087,-8.790155642779546
2080.308,0.07043315015511689,[5.59479626],18.11771937007202,2.818359539456361
2080.765,0.07523762311269155,[5.65763565],20.56365363913724,26.42091079330068
2081.22,0.09446552867226567,[5.38698769],35.245443516761625,4.592237843893732
2081.682,0.07891731224710638,[5.50364403],25.5712611936422,-34.252818594164545
2082.142,0.06288681942710178,[5.6834667],14.588512035989663,-11.599346265673798
2082.602,0.06824591368268564,[5.60878879],17.686213836038895,8.949875456340461
2083.058,0.07110641405618495,[5.23430719],18.799916911492527,-7.890539278489178
2083.517,0.06094080930032275,[5.55781682],11.148347689451064,-8.125940430216014
2083.979,0.06370682592804457,[5.56095285],14.621436041677345,-3.7231892887413243
2084.4339999999997,0.05766155818452383,[5.82287909],10.922568733480373,6.905576135001409
2084.891,0.07008565638967926,[5.53137621],19.374903711965185,26.791871176957237
2085.345,0.08207131109677683,[5.65715413],24.88297229770134,4.0572812996343135
2085.8019999999997,0.07364733969871406,[5.30162594],19.79577711669254,-21.40777548733505
2086.259,0.06250460430134529,[5.60353136],13.122150121118462,12.821959332583482
2086.716,0.08536661052866429,[5.52160764],28.660371907668814,-2.5001928810989282
2087.176,0.05989573420304539,[5.938263],11.216491712049661,-9.663070785379743
2087.633,0.07623221851630406,[5.85715669],22.084547817218052,16.44177936927202
2088.094,0.07483416815341398,[5.35155951],21.873204433034914,-9.190702524598956
2088.5519999999997,0.0678227910057678,[5.3500189],15.933274830635503,22.409152824518802
2089.011,0.0954588793200066,[5.34105101],33.50892071513687,23.84109039142457
2089.47,0.08970891198513148,[5.12675601],31.385423072315096,-40.29440546771916
2089.924,0.058946247186042605,[5.69588098],11.412308075489735,-37.12021968032622
2090.3869999999997,0.05622663812948256,[5.45536916],8.199197261726619,26.645543822604452
2090.843,0.08298167152749185,[5.42217736],26.088196176392042,25.22300094397737
2091.303,0.0790621307555208,[5.66393212],23.86836939181768,-14.162375067979932
2091.765,0.06990134612008796,[5.80174211],16.734919758788518,-30.74749730623668
2092.227,0.05065144324455878,[5.89696862],8.543991601638796,6.632923830953513
2092.687,0.07582412254759839,[5.52103573],22.709424791239584,16.42492232342537
2093.15,0.06558110747331657,[5.44469737],16.056959873422283,-12.211381168843225
2093.607,0.06447148141069668,[5.35567911],13.231022174185297,0.9017369883100312
2094.067,0.06642804468420747,[5.37893111],16.622881774025007,12.837746150510768
2094.524,0.0761923564989618,[5.46293169],23.757869570151602,1.8466229947833313
2094.982,0.06807862304018485,[5.56154959],16.394174612038352,-8.84957043502993
2095.439,0.06807728689939027,[5.71161165],18.227869487756944,-15.990466355058297
2095.897,0.05341533625635182,[5.56828246],7.939084631356819,-5.431031463006497
2096.357,0.06319816001804308,[5.53752843],13.908752543552096,11.116990026081915
2096.814,0.06367031763186855,[5.68890672],14.429080371738857,11.7598504062221
2097.268,0.07384723488913365,[5.42390197],22.267460269594608,3.408445947706465
2097.728,0.0665560379555389,[5.70675754],14.55545915287922,-12.002128898859127
2098.19,0.06279669870472694,[5.82293798],13.319810012109436,-9.193686545103386
2098.6459999999997,0.05812883043875401,[5.38503788],11.26131361532951,-1.9394551678847267
2099.109,0.06113139035223973,[5.42299522],11.24941279004531,20.346455141316138
2099.566,0.07668230961411353,[5.39825451],24.336648700255775,6.73474443950485
2100.025,0.06719100326468413,[5.75695566],18.060676071554884,-7.913920346204126
2100.48,0.06934731690487864,[5.36549161],17.622625771119846,-5.799565104533818
2100.939,0.06180552043923712,[5.86738721],14.934760963023587,-4.043752321577387
2101.395,0.06557320335567754,[5.67822738],18.501737597648567,12.636007768063617
2101.852,0.07335095221304913,[5.48902655],21.517251059911413,4.9166904009737555
2102.3129999999996,0.06998948179582389,[5.35110878],21.30363224647827,-19.904849137820666
2102.777,0.05486304157916154,[5.58056394],8.806423552571607,-2.6793852571769388
2103.2309999999998,0.06693784052839244,[5.61048295],15.751984061542018,15.246093148033351
2103.6879999999996,0.06868390514762053,[5.32585895],16.449991423076135,8.41736139337118
2104.1459999999997,0.07464892956377973,[5.57297481],24.223625652027028,6.225273017979177
2104.602,0.07440094049894645,[5.49046196],22.891086692129626,-12.134282736457974
2105.06,0.06351173168379547,[5.36794158],11.506224538751464,-10.154484674213412
2105.5229999999997,0.06518561442698863,[5.54450298],17.95877704739491,3.347616190134503
2105.98,0.06659472994122179,[5.37105429],16.93067655475491,3.8320318022041637
2106.439,0.06869875662255524,[5.54955372],18.159752328626467,-2.852714793781727
2106.8979999999997,0.06397593776053112,[5.52226438],14.742579393235735,-4.293073877226106
2107.354,0.06473473384823529,[5.4827382],15.65072261937587,9.931118779903075
2107.812,0.07308612121280426,[5.24398492],21.540719260453024,2.2709463130954206
2108.27,0.06681492067103106,[5.73934475],19.1521039521365,-10.006684781094913
2108.7329999999997,0.0639070246526483,[5.69113508],15.000332889980948,-1.9860392475346407
2109.191,0.06494306527216498,[5.65674176],16.90784873098676,4.303922601526122
2109.649,0.06784941775564696,[5.55414711],19.37328083015089,5.01417034115767
2110.105,0.06953133164424423,[5.46297887],18.528607698594644,3.6884076504315555
